// 4.26.0 0x565b80db D2 AY R0 FARGB8888 U565 N0 SExtFlashSection
// Generated by imageconverter. Please, do not edit!

#include <touchgfx/hal/Config.hpp>

LOCATION_PRAGMA("ExtFlashSection")
KEEP extern const unsigned char image_control_center_button[] LOCATION_ATTRIBUTE("ExtFlashSection") = { // 191x191 ARGB8888 pixels.
    0x00, 0x00, 0x00, 0x00, 0x00, 0x00, 0x00, 0x00, 0x00, 0x00, 0x00, 0x00,
    0x00, 0x00, 0x00, 0x00, 0x00, 0x00, 0x00, 0x00, 0x00, 0x00, 0x00, 0x00,
    0x00, 0x00, 0x00, 0x00, 0x00, 0x00, 0x00, 0x00, 0x00, 0x00, 0x00, 0x00,
    0x00, 0x00, 0x00, 0x00, 0x00, 0x00, 0x00, 0x00, 0x00, 0x00, 0x00, 0x00,
    0x00, 0x00, 0x00, 0x00, 0x00, 0x00, 0x00, 0x00, 0x00, 0x00, 0x00, 0x00,
    0x00, 0x00, 0x00, 0x00, 0x00, 0x00, 0x00, 0x00, 0x00, 0x00, 0x00, 0x00,
    0x00, 0x00, 0x00, 0x00, 0x00, 0x00, 0x00, 0x00, 0x00, 0x00, 0x00, 0x00,
    0x00, 0x00, 0x00, 0x00, 0x00, 0x00, 0x00, 0x00, 0x00, 0x00, 0x00, 0x00,
    0x00, 0x00, 0x00, 0x00, 0x00, 0x00, 0x00, 0x00, 0x00, 0x00, 0x00, 0x00,
    0x00, 0x00, 0x00, 0x00, 0x00, 0x00, 0x00, 0x00, 0x00, 0x00, 0x00, 0x00,
    0x00, 0x00, 0x00, 0x00, 0x00, 0x00, 0x00, 0x00, 0x00, 0x00, 0x00, 0x00,
    0x00, 0x00, 0x00, 0x00, 0x00, 0x00, 0x00, 0x00, 0x00, 0x00, 0x00, 0x00,
    0x00, 0x00, 0x00, 0x00, 0x00, 0x00, 0x00, 0x00, 0x00, 0x00, 0x00, 0x00,
    0x00, 0x00, 0x00, 0x00, 0x00, 0x00, 0x00, 0x00, 0x00, 0x00, 0x00, 0x00,
    0x00, 0x00, 0x00, 0x00, 0x00, 0x00, 0x00, 0x00, 0x00, 0x00, 0x00, 0x00,
    0x00, 0x00, 0x00, 0x00, 0x00, 0x00, 0x00, 0x00, 0x00, 0x00, 0x00, 0x00,
    0x00, 0x00, 0x00, 0x00, 0x00, 0x00, 0x00, 0x00, 0x00, 0x00, 0x00, 0x00,
    0x00, 0x00, 0x00, 0x00, 0x00, 0x00, 0x00, 0x00, 0x00, 0x00, 0x00, 0x00,
    0x00, 0x00, 0x00, 0x00, 0x00, 0x00, 0x00, 0x00, 0x00, 0x00, 0x00, 0x00,
    0x00, 0x00, 0x00, 0x00, 0x00, 0x00, 0x00, 0x00, 0x00, 0x00, 0x00, 0x00,
    0x00, 0x00, 0x00, 0x00, 0x00, 0x00, 0x00, 0x00, 0x00, 0x00, 0x00, 0x00,
    0x00, 0x00, 0x00, 0x00, 0x00, 0x00, 0x00, 0x00, 0x00, 0x00, 0x00, 0x00,
    0x00, 0x00, 0x00, 0x00, 0x00, 0x00, 0x00, 0x00, 0x00, 0x00, 0x00, 0x00,
    0x00, 0x00, 0x00, 0x00, 0x00, 0x00, 0x00, 0x00, 0x00, 0x00, 0x00, 0x00,
    0x00, 0x00, 0x00, 0x00, 0x00, 0x00, 0x00, 0x00, 0x00, 0x00, 0x00, 0x00,
    0x00, 0x00, 0x00, 0x00, 0x00, 0x00, 0x00, 0x00, 0x00, 0x00, 0x00, 0x00,
    0x00, 0x00, 0x00, 0x00, 0x00, 0x00, 0x00, 0x00, 0x00, 0x00, 0x00, 0x00,
    0x00, 0x00, 0x00, 0x00, 0x00, 0x00, 0x00, 0x00, 0x00, 0x00, 0x00, 0x00,
    0x00, 0x00, 0x00, 0x00, 0x00, 0x00, 0x00, 0x00, 0x00, 0x00, 0x00, 0x00,
    0x00, 0x00, 0x00, 0x00, 0x00, 0x00, 0x00, 0x00, 0x00, 0x00, 0x00, 0x00,
    0x00, 0x00, 0x00, 0x04, 0x00, 0x00, 0x00, 0x00, 0x00, 0x00, 0x00, 0x00,
    0x00, 0x00, 0x00, 0x04, 0x00, 0x00, 0x00, 0x00, 0x00, 0x00, 0x00, 0x00,
    0x00, 0x00, 0x00, 0x04, 0x00, 0x00, 0x00, 0x00, 0x00, 0x00, 0x00, 0x00,
    0x00, 0x00, 0x00, 0x04, 0x00, 0x00, 0x00, 0x00, 0x00, 0x00, 0x00, 0x00,
    0x00, 0x00, 0x00, 0x04, 0x00, 0x00, 0x00, 0x00, 0x00, 0x00, 0x00, 0x00,
    0x00, 0x00, 0x00, 0x00, 0x00, 0x00, 0x00, 0x00, 0x00, 0x00, 0x00, 0x00,
    0x00, 0x00, 0x00, 0x00, 0x00, 0x00, 0x00, 0x00, 0x00, 0x00, 0x00, 0x00,
    0x00, 0x00, 0x00, 0x00, 0x00, 0x00, 0x00, 0x00, 0x00, 0x00, 0x00, 0x00,
    0x00, 0x00, 0x00, 0x00, 0x00, 0x00, 0x00, 0x00, 0x00, 0x00, 0x00, 0x00,
    0x00, 0x00, 0x00, 0x00, 0x00, 0x00, 0x00, 0x00, 0x00, 0x00, 0x00, 0x00,
    0x00, 0x00, 0x00, 0x00, 0x00, 0x00, 0x00, 0x00, 0x00, 0x00, 0x00, 0x00,
    0x00, 0x00, 0x00, 0x00, 0x00, 0x00, 0x00, 0x00, 0x00, 0x00, 0x00, 0x00,
    0x00, 0x00, 0x00, 0x00, 0x00, 0x00, 0x00, 0x00, 0x00, 0x00, 0x00, 0x00,
    0x00, 0x00, 0x00, 0x00, 0x00, 0x00, 0x00, 0x00, 0x00, 0x00, 0x00, 0x00,
    0x00, 0x00, 0x00, 0x00, 0x00, 0x00, 0x00, 0x00, 0x00, 0x00, 0x00, 0x00,
    0x00, 0x00, 0x00, 0x00, 0x00, 0x00, 0x00, 0x00, 0x00, 0x00, 0x00, 0x00,
    0x00, 0x00, 0x00, 0x00, 0x00, 0x00, 0x00, 0x00, 0x00, 0x00, 0x00, 0x00,
    0x00, 0x00, 0x00, 0x00, 0x00, 0x00, 0x00, 0x00, 0x00, 0x00, 0x00, 0x00,
    0x00, 0x00, 0x00, 0x00, 0x00, 0x00, 0x00, 0x00, 0x00, 0x00, 0x00, 0x00,
    0x00, 0x00, 0x00, 0x00, 0x00, 0x00, 0x00, 0x00, 0x00, 0x00, 0x00, 0x00,
    0x00, 0x00, 0x00, 0x00, 0x00, 0x00, 0x00, 0x00, 0x00, 0x00, 0x00, 0x00,
    0x00, 0x00, 0x00, 0x00, 0x00, 0x00, 0x00, 0x00, 0x00, 0x00, 0x00, 0x00,
    0x00, 0x00, 0x00, 0x00, 0x00, 0x00, 0x00, 0x00, 0x00, 0x00, 0x00, 0x00,
    0x00, 0x00, 0x00, 0x00, 0x00, 0x00, 0x00, 0x00, 0x00, 0x00, 0x00, 0x00,
    0x00, 0x00, 0x00, 0x00, 0x00, 0x00, 0x00, 0x00, 0x00, 0x00, 0x00, 0x00,
    0x00, 0x00, 0x00, 0x00, 0x00, 0x00, 0x00, 0x00, 0x00, 0x00, 0x00, 0x00,
    0x00, 0x00, 0x00, 0x00, 0x00, 0x00, 0x00, 0x00, 0x00, 0x00, 0x00, 0x00,
    0x00, 0x00, 0x00, 0x00, 0x00, 0x00, 0x00, 0x00, 0x00, 0x00, 0x00, 0x00,
    0x00, 0x00, 0x00, 0x00, 0x00, 0x00, 0x00, 0x00, 0x00, 0x00, 0x00, 0x00,
    0x00, 0x00, 0x00, 0x00, 0x00, 0x00, 0x00, 0x00, 0x00, 0x00, 0x00, 0x00,
    0x00, 0x00, 0x00, 0x00, 0x00, 0x00, 0x00, 0x00, 0x00, 0x00, 0x00, 0x00,
    0x00, 0x00, 0x00, 0x00, 0x00, 0x00, 0x00, 0x00, 0x00, 0x00, 0x00, 0x00,
    0x00, 0x00, 0x00, 0x00, 0x00, 0x00, 0x00, 0x00, 0x00, 0x00, 0x00, 0x00,
    0x00, 0x00, 0x00, 0x00, 0x00, 0x00, 0x00, 0x00, 0x00, 0x00, 0x00, 0x00,
    0x00, 0x00, 0x00, 0x00, 0x00, 0x00, 0x00, 0x00, 0x00, 0x00, 0x00, 0x00,
    0x00, 0x00, 0x00, 0x00, 0x00, 0x00, 0x00, 0x00, 0x00, 0x00, 0x00, 0x00,
    0x00, 0x00, 0x00, 0x00, 0x00, 0x00, 0x00, 0x00, 0x00, 0x00, 0x00, 0x00,
    0x00, 0x00, 0x00, 0x00, 0x00, 0x00, 0x00, 0x00, 0x00, 0x00, 0x00, 0x00,
    0x00, 0x00, 0x00, 0x00, 0x00, 0x00, 0x00, 0x00, 0x00, 0x00, 0x00, 0x00,
    0x00, 0x00, 0x00, 0x00, 0x00, 0x00, 0x00, 0x00, 0x00, 0x00, 0x00, 0x00,
    0x00, 0x00, 0x00, 0x00, 0x00, 0x00, 0x00, 0x00, 0x00, 0x00, 0x00, 0x00,
    0x00, 0x00, 0x00, 0x00, 0x00, 0x00, 0x00, 0x00, 0x00, 0x00, 0x00, 0x00,
    0x00, 0x00, 0x00, 0x00, 0x00, 0x00, 0x00, 0x00, 0x00, 0x00, 0x00, 0x00,
    0x00, 0x00, 0x00, 0x00, 0x00, 0x00, 0x00, 0x00, 0x00, 0x00, 0x00, 0x00,
    0x00, 0x00, 0x00, 0x00, 0x00, 0x00, 0x00, 0x00, 0x00, 0x00, 0x00, 0x00,
    0x00, 0x00, 0x00, 0x00, 0x00, 0x00, 0x00, 0x00, 0x00, 0x00, 0x00, 0x00,
    0x00, 0x00, 0x00, 0x00, 0x00, 0x00, 0x00, 0x00, 0x00, 0x00, 0x00, 0x00,
    0x00, 0x00, 0x00, 0x00, 0x00, 0x00, 0x00, 0x00, 0x00, 0x00, 0x00, 0x00,
    0x00, 0x00, 0x00, 0x00, 0x00, 0x00, 0x00, 0x00, 0x00, 0x00, 0x00, 0x00,
    0x00, 0x00, 0x00, 0x00, 0x00, 0x00, 0x00, 0x00, 0x00, 0x00, 0x00, 0x00,
    0x00, 0x00, 0x00, 0x00, 0x00, 0x00, 0x00, 0x00, 0x00, 0x00, 0x00, 0x00,
    0x00, 0x00, 0x00, 0x00, 0x00, 0x00, 0x00, 0x00, 0x00, 0x00, 0x00, 0x00,
    0x00, 0x00, 0x00, 0x00, 0x00, 0x00, 0x00, 0x00, 0x00, 0x00, 0x00, 0x00,
    0x00, 0x00, 0x00, 0x00, 0x00, 0x00, 0x00, 0x00, 0x00, 0x00, 0x00, 0x00,
    0x00, 0x00, 0x00, 0x00, 0x00, 0x00, 0x00, 0x00, 0x00, 0x00, 0x00, 0x00,
    0x00, 0x00, 0x00, 0x00, 0x00, 0x00, 0x00, 0x00, 0x00, 0x00, 0x00, 0x00,
    0x00, 0x00, 0x00, 0x00, 0x00, 0x00, 0x00, 0x00, 0x00, 0x00, 0x00, 0x00,
    0x00, 0x00, 0x00, 0x00, 0x00, 0x00, 0x00, 0x00, 0x00, 0x00, 0x00, 0x00,
    0x00, 0x00, 0x00, 0x00, 0x00, 0x00, 0x00, 0x00, 0x00, 0x00, 0x00, 0x00,
    0x00, 0x00, 0x00, 0x00, 0x00, 0x00, 0x00, 0x00, 0x00, 0x00, 0x00, 0x00,
    0x00, 0x00, 0x00, 0x00, 0x00, 0x00, 0x00, 0x04, 0x00, 0x00, 0x00, 0x00,
    0x00, 0x00, 0x00, 0x04, 0x00, 0x00, 0x00, 0x04, 0x00, 0x00, 0x00, 0x04,
    0x00, 0x00, 0x00, 0x04, 0x00, 0x00, 0x00, 0x04, 0x00, 0x00, 0x00, 0x04,
    0x00, 0x00, 0x00, 0x08, 0x00, 0x00, 0x00, 0x08, 0x00, 0x00, 0x00, 0x04,
    0x00, 0x00, 0x00, 0x08, 0x00, 0x00, 0x00, 0x08, 0x00, 0x00, 0x00, 0x08,
    0x00, 0x00, 0x00, 0x08, 0x00, 0x00, 0x00, 0x08, 0x00, 0x00, 0x00, 0x08,
    0x00, 0x00, 0x00, 0x08, 0x00, 0x00, 0x00, 0x08, 0x00, 0x00, 0x00, 0x08,
    0x00, 0x00, 0x00, 0x04, 0x00, 0x00, 0x00, 0x08, 0x00, 0x00, 0x00, 0x04,
    0x00, 0x00, 0x00, 0x04, 0x00, 0x00, 0x00, 0x04, 0x00, 0x00, 0x00, 0x04,
    0x00, 0x00, 0x00, 0x04, 0x00, 0x00, 0x00, 0x04, 0x00, 0x00, 0x00, 0x04,
    0x00, 0x00, 0x00, 0x00, 0x00, 0x00, 0x00, 0x00, 0x00, 0x00, 0x00, 0x04,
    0x00, 0x00, 0x00, 0x00, 0x00, 0x00, 0x00, 0x00, 0x00, 0x00, 0x00, 0x00,
    0x00, 0x00, 0x00, 0x00, 0x00, 0x00, 0x00, 0x00, 0x00, 0x00, 0x00, 0x00,
    0x00, 0x00, 0x00, 0x00, 0x00, 0x00, 0x00, 0x00, 0x00, 0x00, 0x00, 0x00,
    0x00, 0x00, 0x00, 0x00, 0x00, 0x00, 0x00, 0x00, 0x00, 0x00, 0x00, 0x00,
    0x00, 0x00, 0x00, 0x00, 0x00, 0x00, 0x00, 0x00, 0x00, 0x00, 0x00, 0x00,
    0x00, 0x00, 0x00, 0x00, 0x00, 0x00, 0x00, 0x00, 0x00, 0x00, 0x00, 0x00,
    0x00, 0x00, 0x00, 0x00, 0x00, 0x00, 0x00, 0x00, 0x00, 0x00, 0x00, 0x00,
    0x00, 0x00, 0x00, 0x00, 0x00, 0x00, 0x00, 0x00, 0x00, 0x00, 0x00, 0x00,
    0x00, 0x00, 0x00, 0x00, 0x00, 0x00, 0x00, 0x00, 0x00, 0x00, 0x00, 0x00,
    0x00, 0x00, 0x00, 0x00, 0x00, 0x00, 0x00, 0x00, 0x00, 0x00, 0x00, 0x00,
    0x00, 0x00, 0x00, 0x00, 0x00, 0x00, 0x00, 0x00, 0x00, 0x00, 0x00, 0x00,
    0x00, 0x00, 0x00, 0x00, 0x00, 0x00, 0x00, 0x00, 0x00, 0x00, 0x00, 0x00,
    0x00, 0x00, 0x00, 0x00, 0x00, 0x00, 0x00, 0x00, 0x00, 0x00, 0x00, 0x00,
    0x00, 0x00, 0x00, 0x00, 0x00, 0x00, 0x00, 0x00, 0x00, 0x00, 0x00, 0x00,
    0x00, 0x00, 0x00, 0x00, 0x00, 0x00, 0x00, 0x00, 0x00, 0x00, 0x00, 0x00,
    0x00, 0x00, 0x00, 0x00, 0x00, 0x00, 0x00, 0x00, 0x00, 0x00, 0x00, 0x00,
    0x00, 0x00, 0x00, 0x00, 0x00, 0x00, 0x00, 0x00, 0x00, 0x00, 0x00, 0x00,
    0x00, 0x00, 0x00, 0x00, 0x00, 0x00, 0x00, 0x00, 0x00, 0x00, 0x00, 0x00,
    0x00, 0x00, 0x00, 0x00, 0x00, 0x00, 0x00, 0x00, 0x00, 0x00, 0x00, 0x00,
    0x00, 0x00, 0x00, 0x00, 0x00, 0x00, 0x00, 0x00, 0x00, 0x00, 0x00, 0x00,
    0x00, 0x00, 0x00, 0x00, 0x00, 0x00, 0x00, 0x00, 0x00, 0x00, 0x00, 0x00,
    0x00, 0x00, 0x00, 0x00, 0x00, 0x00, 0x00, 0x00, 0x00, 0x00, 0x00, 0x00,
    0x00, 0x00, 0x00, 0x00, 0x00, 0x00, 0x00, 0x00, 0x00, 0x00, 0x00, 0x00,
    0x00, 0x00, 0x00, 0x00, 0x00, 0x00, 0x00, 0x00, 0x00, 0x00, 0x00, 0x00,
    0x00, 0x00, 0x00, 0x00, 0x00, 0x00, 0x00, 0x00, 0x00, 0x00, 0x00, 0x00,
    0x00, 0x00, 0x00, 0x00, 0x00, 0x00, 0x00, 0x00, 0x00, 0x00, 0x00, 0x00,
    0x00, 0x00, 0x00, 0x00, 0x00, 0x00, 0x00, 0x00, 0x00, 0x00, 0x00, 0x00,
    0x00, 0x00, 0x00, 0x00, 0x00, 0x00, 0x00, 0x00, 0x00, 0x00, 0x00, 0x00,
    0x00, 0x00, 0x00, 0x00, 0x00, 0x00, 0x00, 0x00, 0x00, 0x00, 0x00, 0x00,
    0x00, 0x00, 0x00, 0x00, 0x00, 0x00, 0x00, 0x00, 0x00, 0x00, 0x00, 0x00,
    0x00, 0x00, 0x00, 0x00, 0x00, 0x00, 0x00, 0x00, 0x00, 0x00, 0x00, 0x00,
    0x00, 0x00, 0x00, 0x00, 0x00, 0x00, 0x00, 0x00, 0x00, 0x00, 0x00, 0x00,
    0x00, 0x00, 0x00, 0x00, 0x00, 0x00, 0x00, 0x00, 0x00, 0x00, 0x00, 0x00,
    0x00, 0x00, 0x00, 0x00, 0x00, 0x00, 0x00, 0x00, 0x00, 0x00, 0x00, 0x00,
    0x00, 0x00, 0x00, 0x00, 0x00, 0x00, 0x00, 0x00, 0x00, 0x00, 0x00, 0x00,
    0x00, 0x00, 0x00, 0x00, 0x00, 0x00, 0x00, 0x00, 0x00, 0x00, 0x00, 0x00,
    0x00, 0x00, 0x00, 0x00, 0x00, 0x00, 0x00, 0x00, 0x00, 0x00, 0x00, 0x00,
    0x00, 0x00, 0x00, 0x00, 0x00, 0x00, 0x00, 0x00, 0x00, 0x00, 0x00, 0x00,
    0x00, 0x00, 0x00, 0x00, 0x00, 0x00, 0x00, 0x00, 0x00, 0x00, 0x00, 0x00,
    0x00, 0x00, 0x00, 0x00, 0x00, 0x00, 0x00, 0x00, 0x00, 0x00, 0x00, 0x00,
    0x00, 0x00, 0x00, 0x00, 0x00, 0x00, 0x00, 0x00, 0x00, 0x00, 0x00, 0x00,
    0x00, 0x00, 0x00, 0x00, 0x00, 0x00, 0x00, 0x00, 0x00, 0x00, 0x00, 0x00,
    0x00, 0x00, 0x00, 0x00, 0x00, 0x00, 0x00, 0x00, 0x00, 0x00, 0x00, 0x00,
    0x00, 0x00, 0x00, 0x00, 0x00, 0x00, 0x00, 0x00, 0x00, 0x00, 0x00, 0x00,
    0x00, 0x00, 0x00, 0x00, 0x00, 0x00, 0x00, 0x00, 0x00, 0x00, 0x00, 0x00,
    0x00, 0x00, 0x00, 0x00, 0x00, 0x00, 0x00, 0x00, 0x00, 0x00, 0x00, 0x00,
    0x00, 0x00, 0x00, 0x00, 0x00, 0x00, 0x00, 0x00, 0x00, 0x00, 0x00, 0x00,
    0x00, 0x00, 0x00, 0x00, 0x00, 0x00, 0x00, 0x00, 0x00, 0x00, 0x00, 0x00,
    0x00, 0x00, 0x00, 0x00, 0x00, 0x00, 0x00, 0x00, 0x00, 0x00, 0x00, 0x00,
    0x00, 0x00, 0x00, 0x00, 0x00, 0x00, 0x00, 0x00, 0x00, 0x00, 0x00, 0x00,
    0x00, 0x00, 0x00, 0x00, 0x00, 0x00, 0x00, 0x00, 0x00, 0x00, 0x00, 0x00,
    0x00, 0x00, 0x00, 0x00, 0x00, 0x00, 0x00, 0x04, 0x00, 0x00, 0x00, 0x04,
    0x00, 0x00, 0x00, 0x04, 0x00, 0x00, 0x00, 0x04, 0x00, 0x00, 0x00, 0x04,
    0x00, 0x00, 0x00, 0x08, 0x00, 0x00, 0x00, 0x08, 0x00, 0x00, 0x00, 0x08,
    0x00, 0x00, 0x00, 0x08, 0x00, 0x00, 0x00, 0x08, 0x00, 0x00, 0x00, 0x0c,
    0x00, 0x00, 0x00, 0x0c, 0x00, 0x00, 0x00, 0x0c, 0x00, 0x00, 0x00, 0x0c,
    0x00, 0x00, 0x00, 0x0c, 0x00, 0x00, 0x00, 0x0c, 0x00, 0x00, 0x00, 0x10,
    0x00, 0x00, 0x00, 0x0c, 0x00, 0x00, 0x00, 0x0c, 0x00, 0x00, 0x00, 0x0c,
    0x00, 0x00, 0x00, 0x0c, 0x00, 0x00, 0x00, 0x0c, 0x00, 0x00, 0x00, 0x10,
    0x00, 0x00, 0x00, 0x0c, 0x00, 0x00, 0x00, 0x0c, 0x00, 0x00, 0x00, 0x0c,
    0x00, 0x00, 0x00, 0x0c, 0x00, 0x00, 0x00, 0x0c, 0x00, 0x00, 0x00, 0x0c,
    0x00, 0x00, 0x00, 0x0c, 0x00, 0x00, 0x00, 0x0c, 0x00, 0x00, 0x00, 0x08,
    0x00, 0x00, 0x00, 0x08, 0x00, 0x00, 0x00, 0x08, 0x00, 0x00, 0x00, 0x08,
    0x00, 0x00, 0x00, 0x08, 0x00, 0x00, 0x00, 0x04, 0x00, 0x00, 0x00, 0x04,
    0x00, 0x00, 0x00, 0x04, 0x00, 0x00, 0x00, 0x04, 0x00, 0x00, 0x00, 0x00,
    0x00, 0x00, 0x00, 0x04, 0x00, 0x00, 0x00, 0x00, 0x00, 0x00, 0x00, 0x00,
    0x00, 0x00, 0x00, 0x00, 0x00, 0x00, 0x00, 0x00, 0x00, 0x00, 0x00, 0x00,
    0x00, 0x00, 0x00, 0x00, 0x00, 0x00, 0x00, 0x00, 0x00, 0x00, 0x00, 0x00,
    0x00, 0x00, 0x00, 0x00, 0x00, 0x00, 0x00, 0x00, 0x00, 0x00, 0x00, 0x00,
    0x00, 0x00, 0x00, 0x00, 0x00, 0x00, 0x00, 0x00, 0x00, 0x00, 0x00, 0x00,
    0x00, 0x00, 0x00, 0x00, 0x00, 0x00, 0x00, 0x00, 0x00, 0x00, 0x00, 0x00,
    0x00, 0x00, 0x00, 0x00, 0x00, 0x00, 0x00, 0x00, 0x00, 0x00, 0x00, 0x00,
    0x00, 0x00, 0x00, 0x00, 0x00, 0x00, 0x00, 0x00, 0x00, 0x00, 0x00, 0x00,
    0x00, 0x00, 0x00, 0x00, 0x00, 0x00, 0x00, 0x00, 0x00, 0x00, 0x00, 0x00,
    0x00, 0x00, 0x00, 0x00, 0x00, 0x00, 0x00, 0x00, 0x00, 0x00, 0x00, 0x00,
    0x00, 0x00, 0x00, 0x00, 0x00, 0x00, 0x00, 0x00, 0x00, 0x00, 0x00, 0x00,
    0x00, 0x00, 0x00, 0x00, 0x00, 0x00, 0x00, 0x00, 0x00, 0x00, 0x00, 0x00,
    0x00, 0x00, 0x00, 0x00, 0x00, 0x00, 0x00, 0x00, 0x00, 0x00, 0x00, 0x00,
    0x00, 0x00, 0x00, 0x00, 0x00, 0x00, 0x00, 0x00, 0x00, 0x00, 0x00, 0x00,
    0x00, 0x00, 0x00, 0x00, 0x00, 0x00, 0x00, 0x00, 0x00, 0x00, 0x00, 0x00,
    0x00, 0x00, 0x00, 0x00, 0x00, 0x00, 0x00, 0x00, 0x00, 0x00, 0x00, 0x00,
    0x00, 0x00, 0x00, 0x00, 0x00, 0x00, 0x00, 0x00, 0x00, 0x00, 0x00, 0x00,
    0x00, 0x00, 0x00, 0x00, 0x00, 0x00, 0x00, 0x00, 0x00, 0x00, 0x00, 0x00,
    0x00, 0x00, 0x00, 0x00, 0x00, 0x00, 0x00, 0x00, 0x00, 0x00, 0x00, 0x00,
    0x00, 0x00, 0x00, 0x00, 0x00, 0x00, 0x00, 0x00, 0x00, 0x00, 0x00, 0x00,
    0x00, 0x00, 0x00, 0x00, 0x00, 0x00, 0x00, 0x00, 0x00, 0x00, 0x00, 0x00,
    0x00, 0x00, 0x00, 0x00, 0x00, 0x00, 0x00, 0x00, 0x00, 0x00, 0x00, 0x00,
    0x00, 0x00, 0x00, 0x00, 0x00, 0x00, 0x00, 0x00, 0x00, 0x00, 0x00, 0x00,
    0x00, 0x00, 0x00, 0x00, 0x00, 0x00, 0x00, 0x00, 0x00, 0x00, 0x00, 0x00,
    0x00, 0x00, 0x00, 0x00, 0x00, 0x00, 0x00, 0x00, 0x00, 0x00, 0x00, 0x00,
    0x00, 0x00, 0x00, 0x00, 0x00, 0x00, 0x00, 0x00, 0x00, 0x00, 0x00, 0x00,
    0x00, 0x00, 0x00, 0x00, 0x00, 0x00, 0x00, 0x00, 0x00, 0x00, 0x00, 0x00,
    0x00, 0x00, 0x00, 0x00, 0x00, 0x00, 0x00, 0x00, 0x00, 0x00, 0x00, 0x00,
    0x00, 0x00, 0x00, 0x00, 0x00, 0x00, 0x00, 0x00, 0x00, 0x00, 0x00, 0x00,
    0x00, 0x00, 0x00, 0x00, 0x00, 0x00, 0x00, 0x00, 0x00, 0x00, 0x00, 0x00,
    0x00, 0x00, 0x00, 0x00, 0x00, 0x00, 0x00, 0x00, 0x00, 0x00, 0x00, 0x00,
    0x00, 0x00, 0x00, 0x00, 0x00, 0x00, 0x00, 0x00, 0x00, 0x00, 0x00, 0x00,
    0x00, 0x00, 0x00, 0x00, 0x00, 0x00, 0x00, 0x00, 0x00, 0x00, 0x00, 0x00,
    0x00, 0x00, 0x00, 0x00, 0x00, 0x00, 0x00, 0x00, 0x00, 0x00, 0x00, 0x00,
    0x00, 0x00, 0x00, 0x00, 0x00, 0x00, 0x00, 0x00, 0x00, 0x00, 0x00, 0x00,
    0x00, 0x00, 0x00, 0x00, 0x00, 0x00, 0x00, 0x00, 0x00, 0x00, 0x00, 0x00,
    0x00, 0x00, 0x00, 0x00, 0x00, 0x00, 0x00, 0x00, 0x00, 0x00, 0x00, 0x00,
    0x00, 0x00, 0x00, 0x00, 0x00, 0x00, 0x00, 0x00, 0x00, 0x00, 0x00, 0x00,
    0x00, 0x00, 0x00, 0x00, 0x00, 0x00, 0x00, 0x00, 0x00, 0x00, 0x00, 0x00,
    0x00, 0x00, 0x00, 0x00, 0x00, 0x00, 0x00, 0x00, 0x00, 0x00, 0x00, 0x00,
    0x00, 0x00, 0x00, 0x00, 0x00, 0x00, 0x00, 0x00, 0x00, 0x00, 0x00, 0x00,
    0x00, 0x00, 0x00, 0x00, 0x00, 0x00, 0x00, 0x00, 0x00, 0x00, 0x00, 0x00,
    0x00, 0x00, 0x00, 0x00, 0x00, 0x00, 0x00, 0x00, 0x00, 0x00, 0x00, 0x00,
    0x00, 0x00, 0x00, 0x00, 0x00, 0x00, 0x00, 0x00, 0x00, 0x00, 0x00, 0x00,
    0x00, 0x00, 0x00, 0x00, 0x00, 0x00, 0x00, 0x00, 0x00, 0x00, 0x00, 0x00,
    0x00, 0x00, 0x00, 0x00, 0x00, 0x00, 0x00, 0x00, 0x00, 0x00, 0x00, 0x00,
    0x00, 0x00, 0x00, 0x00, 0x00, 0x00, 0x00, 0x00, 0x00, 0x00, 0x00, 0x00,
    0x00, 0x00, 0x00, 0x00, 0x00, 0x00, 0x00, 0x00, 0x00, 0x00, 0x00, 0x00,
    0x00, 0x00, 0x00, 0x00, 0x00, 0x00, 0x00, 0x04, 0x00, 0x00, 0x00, 0x04,
    0x00, 0x00, 0x00, 0x04, 0x00, 0x00, 0x00, 0x04, 0x00, 0x00, 0x00, 0x04,
    0x00, 0x00, 0x00, 0x08, 0x00, 0x00, 0x00, 0x08, 0x00, 0x00, 0x00, 0x08,
    0x00, 0x00, 0x00, 0x0c, 0x00, 0x00, 0x00, 0x0c, 0x00, 0x00, 0x00, 0x0c,
    0x00, 0x00, 0x00, 0x0c, 0x00, 0x00, 0x00, 0x10, 0x00, 0x00, 0x00, 0x10,
    0x00, 0x00, 0x00, 0x10, 0x00, 0x00, 0x00, 0x14, 0x00, 0x00, 0x00, 0x14,
    0x00, 0x00, 0x00, 0x14, 0x00, 0x00, 0x00, 0x18, 0x00, 0x00, 0x00, 0x14,
    0x00, 0x00, 0x00, 0x18, 0x00, 0x00, 0x00, 0x18, 0x00, 0x00, 0x00, 0x18,
    0x00, 0x00, 0x00, 0x18, 0x00, 0x00, 0x00, 0x18, 0x00, 0x00, 0x00, 0x18,
    0x00, 0x00, 0x00, 0x18, 0x00, 0x00, 0x00, 0x18, 0x00, 0x00, 0x00, 0x18,
    0x00, 0x00, 0x00, 0x18, 0x00, 0x00, 0x00, 0x18, 0x00, 0x00, 0x00, 0x18,
    0x00, 0x00, 0x00, 0x18, 0x00, 0x00, 0x00, 0x14, 0x00, 0x00, 0x00, 0x14,
    0x00, 0x00, 0x00, 0x14, 0x00, 0x00, 0x00, 0x14, 0x00, 0x00, 0x00, 0x10,
    0x00, 0x00, 0x00, 0x10, 0x00, 0x00, 0x00, 0x0c, 0x00, 0x00, 0x00, 0x0c,
    0x00, 0x00, 0x00, 0x0c, 0x00, 0x00, 0x00, 0x08, 0x00, 0x00, 0x00, 0x08,
    0x00, 0x00, 0x00, 0x08, 0x00, 0x00, 0x00, 0x08, 0x00, 0x00, 0x00, 0x04,
    0x00, 0x00, 0x00, 0x04, 0x00, 0x00, 0x00, 0x04, 0x00, 0x00, 0x00, 0x04,
    0x00, 0x00, 0x00, 0x00, 0x00, 0x00, 0x00, 0x00, 0x00, 0x00, 0x00, 0x00,
    0x00, 0x00, 0x00, 0x00, 0x00, 0x00, 0x00, 0x00, 0x00, 0x00, 0x00, 0x00,
    0x00, 0x00, 0x00, 0x00, 0x00, 0x00, 0x00, 0x00, 0x00, 0x00, 0x00, 0x00,
    0x00, 0x00, 0x00, 0x00, 0x00, 0x00, 0x00, 0x00, 0x00, 0x00, 0x00, 0x00,
    0x00, 0x00, 0x00, 0x00, 0x00, 0x00, 0x00, 0x00, 0x00, 0x00, 0x00, 0x00,
    0x00, 0x00, 0x00, 0x00, 0x00, 0x00, 0x00, 0x00, 0x00, 0x00, 0x00, 0x00,
    0x00, 0x00, 0x00, 0x00, 0x00, 0x00, 0x00, 0x00, 0x00, 0x00, 0x00, 0x00,
    0x00, 0x00, 0x00, 0x00, 0x00, 0x00, 0x00, 0x00, 0x00, 0x00, 0x00, 0x00,
    0x00, 0x00, 0x00, 0x00, 0x00, 0x00, 0x00, 0x00, 0x00, 0x00, 0x00, 0x00,
    0x00, 0x00, 0x00, 0x00, 0x00, 0x00, 0x00, 0x00, 0x00, 0x00, 0x00, 0x00,
    0x00, 0x00, 0x00, 0x00, 0x00, 0x00, 0x00, 0x00, 0x00, 0x00, 0x00, 0x00,
    0x00, 0x00, 0x00, 0x00, 0x00, 0x00, 0x00, 0x00, 0x00, 0x00, 0x00, 0x00,
    0x00, 0x00, 0x00, 0x00, 0x00, 0x00, 0x00, 0x00, 0x00, 0x00, 0x00, 0x00,
    0x00, 0x00, 0x00, 0x00, 0x00, 0x00, 0x00, 0x00, 0x00, 0x00, 0x00, 0x00,
    0x00, 0x00, 0x00, 0x00, 0x00, 0x00, 0x00, 0x00, 0x00, 0x00, 0x00, 0x00,
    0x00, 0x00, 0x00, 0x00, 0x00, 0x00, 0x00, 0x00, 0x00, 0x00, 0x00, 0x00,
    0x00, 0x00, 0x00, 0x00, 0x00, 0x00, 0x00, 0x00, 0x00, 0x00, 0x00, 0x00,
    0x00, 0x00, 0x00, 0x00, 0x00, 0x00, 0x00, 0x00, 0x00, 0x00, 0x00, 0x00,
    0x00, 0x00, 0x00, 0x00, 0x00, 0x00, 0x00, 0x00, 0x00, 0x00, 0x00, 0x00,
    0x00, 0x00, 0x00, 0x00, 0x00, 0x00, 0x00, 0x00, 0x00, 0x00, 0x00, 0x00,
    0x00, 0x00, 0x00, 0x00, 0x00, 0x00, 0x00, 0x00, 0x00, 0x00, 0x00, 0x00,
    0x00, 0x00, 0x00, 0x00, 0x00, 0x00, 0x00, 0x00, 0x00, 0x00, 0x00, 0x00,
    0x00, 0x00, 0x00, 0x00, 0x00, 0x00, 0x00, 0x00, 0x00, 0x00, 0x00, 0x00,
    0x00, 0x00, 0x00, 0x00, 0x00, 0x00, 0x00, 0x00, 0x00, 0x00, 0x00, 0x00,
    0x00, 0x00, 0x00, 0x00, 0x00, 0x00, 0x00, 0x00, 0x00, 0x00, 0x00, 0x00,
    0x00, 0x00, 0x00, 0x00, 0x00, 0x00, 0x00, 0x00, 0x00, 0x00, 0x00, 0x00,
    0x00, 0x00, 0x00, 0x00, 0x00, 0x00, 0x00, 0x00, 0x00, 0x00, 0x00, 0x00,
    0x00, 0x00, 0x00, 0x00, 0x00, 0x00, 0x00, 0x00, 0x00, 0x00, 0x00, 0x00,
    0x00, 0x00, 0x00, 0x00, 0x00, 0x00, 0x00, 0x00, 0x00, 0x00, 0x00, 0x00,
    0x00, 0x00, 0x00, 0x00, 0x00, 0x00, 0x00, 0x00, 0x00, 0x00, 0x00, 0x00,
    0x00, 0x00, 0x00, 0x00, 0x00, 0x00, 0x00, 0x00, 0x00, 0x00, 0x00, 0x00,
    0x00, 0x00, 0x00, 0x00, 0x00, 0x00, 0x00, 0x00, 0x00, 0x00, 0x00, 0x00,
    0x00, 0x00, 0x00, 0x00, 0x00, 0x00, 0x00, 0x00, 0x00, 0x00, 0x00, 0x00,
    0x00, 0x00, 0x00, 0x00, 0x00, 0x00, 0x00, 0x00, 0x00, 0x00, 0x00, 0x00,
    0x00, 0x00, 0x00, 0x00, 0x00, 0x00, 0x00, 0x00, 0x00, 0x00, 0x00, 0x00,
    0x00, 0x00, 0x00, 0x00, 0x00, 0x00, 0x00, 0x00, 0x00, 0x00, 0x00, 0x00,
    0x00, 0x00, 0x00, 0x00, 0x00, 0x00, 0x00, 0x00, 0x00, 0x00, 0x00, 0x00,
    0x00, 0x00, 0x00, 0x00, 0x00, 0x00, 0x00, 0x00, 0x00, 0x00, 0x00, 0x00,
    0x00, 0x00, 0x00, 0x00, 0x00, 0x00, 0x00, 0x00, 0x00, 0x00, 0x00, 0x00,
    0x00, 0x00, 0x00, 0x00, 0x00, 0x00, 0x00, 0x00, 0x00, 0x00, 0x00, 0x00,
    0x00, 0x00, 0x00, 0x00, 0x00, 0x00, 0x00, 0x00, 0x00, 0x00, 0x00, 0x00,
    0x00, 0x00, 0x00, 0x00, 0x00, 0x00, 0x00, 0x00, 0x00, 0x00, 0x00, 0x00,
    0x00, 0x00, 0x00, 0x00, 0x00, 0x00, 0x00, 0x00, 0x00, 0x00, 0x00, 0x00,
    0x00, 0x00, 0x00, 0x00, 0x00, 0x00, 0x00, 0x00, 0x00, 0x00, 0x00, 0x00,
    0x00, 0x00, 0x00, 0x00, 0x00, 0x00, 0x00, 0x00, 0x00, 0x00, 0x00, 0x00,
    0x00, 0x00, 0x00, 0x00, 0x00, 0x00, 0x00, 0x00, 0x00, 0x00, 0x00, 0x00,
    0x00, 0x00, 0x00, 0x04, 0x00, 0x00, 0x00, 0x04, 0x00, 0x00, 0x00, 0x04,
    0x00, 0x00, 0x00, 0x04, 0x00, 0x00, 0x00, 0x08, 0x00, 0x00, 0x00, 0x08,
    0x00, 0x00, 0x00, 0x0c, 0x00, 0x00, 0x00, 0x0c, 0x00, 0x00, 0x00, 0x0c,
    0x00, 0x00, 0x00, 0x10, 0x00, 0x00, 0x00, 0x10, 0x00, 0x00, 0x00, 0x10,
    0x00, 0x00, 0x00, 0x14, 0x00, 0x00, 0x00, 0x14, 0x00, 0x00, 0x00, 0x18,
    0x00, 0x00, 0x00, 0x18, 0x00, 0x00, 0x00, 0x1c, 0x00, 0x00, 0x00, 0x1c,
    0x00, 0x00, 0x00, 0x20, 0x00, 0x00, 0x00, 0x20, 0x00, 0x00, 0x00, 0x20,
    0x00, 0x00, 0x00, 0x20, 0x00, 0x00, 0x00, 0x24, 0x00, 0x00, 0x00, 0x24,
    0x00, 0x00, 0x00, 0x24, 0x00, 0x00, 0x00, 0x24, 0x00, 0x00, 0x00, 0x24,
    0x00, 0x00, 0x00, 0x24, 0x00, 0x00, 0x00, 0x28, 0x00, 0x00, 0x00, 0x24,
    0x00, 0x00, 0x00, 0x24, 0x00, 0x00, 0x00, 0x24, 0x00, 0x00, 0x00, 0x24,
    0x00, 0x00, 0x00, 0x24, 0x00, 0x00, 0x00, 0x20, 0x00, 0x00, 0x00, 0x20,
    0x00, 0x00, 0x00, 0x20, 0x00, 0x00, 0x00, 0x20, 0x00, 0x00, 0x00, 0x1c,
    0x00, 0x00, 0x00, 0x1c, 0x00, 0x00, 0x00, 0x1c, 0x00, 0x00, 0x00, 0x18,
    0x00, 0x00, 0x00, 0x18, 0x00, 0x00, 0x00, 0x18, 0x00, 0x00, 0x00, 0x14,
    0x00, 0x00, 0x00, 0x14, 0x00, 0x00, 0x00, 0x10, 0x00, 0x00, 0x00, 0x10,
    0x00, 0x00, 0x00, 0x0c, 0x00, 0x00, 0x00, 0x0c, 0x00, 0x00, 0x00, 0x08,
    0x00, 0x00, 0x00, 0x08, 0x00, 0x00, 0x00, 0x08, 0x00, 0x00, 0x00, 0x04,
    0x00, 0x00, 0x00, 0x04, 0x00, 0x00, 0x00, 0x04, 0x00, 0x00, 0x00, 0x04,
    0x00, 0x00, 0x00, 0x00, 0x00, 0x00, 0x00, 0x00, 0x00, 0x00, 0x00, 0x00,
    0x00, 0x00, 0x00, 0x00, 0x00, 0x00, 0x00, 0x00, 0x00, 0x00, 0x00, 0x00,
    0x00, 0x00, 0x00, 0x00, 0x00, 0x00, 0x00, 0x00, 0x00, 0x00, 0x00, 0x00,
    0x00, 0x00, 0x00, 0x00, 0x00, 0x00, 0x00, 0x00, 0x00, 0x00, 0x00, 0x00,
    0x00, 0x00, 0x00, 0x00, 0x00, 0x00, 0x00, 0x00, 0x00, 0x00, 0x00, 0x00,
    0x00, 0x00, 0x00, 0x00, 0x00, 0x00, 0x00, 0x00, 0x00, 0x00, 0x00, 0x00,
    0x00, 0x00, 0x00, 0x00, 0x00, 0x00, 0x00, 0x00, 0x00, 0x00, 0x00, 0x00,
    0x00, 0x00, 0x00, 0x00, 0x00, 0x00, 0x00, 0x00, 0x00, 0x00, 0x00, 0x00,
    0x00, 0x00, 0x00, 0x00, 0x00, 0x00, 0x00, 0x00, 0x00, 0x00, 0x00, 0x00,
    0x00, 0x00, 0x00, 0x00, 0x00, 0x00, 0x00, 0x00, 0x00, 0x00, 0x00, 0x00,
    0x00, 0x00, 0x00, 0x00, 0x00, 0x00, 0x00, 0x00, 0x00, 0x00, 0x00, 0x00,
    0x00, 0x00, 0x00, 0x00, 0x00, 0x00, 0x00, 0x00, 0x00, 0x00, 0x00, 0x00,
    0x00, 0x00, 0x00, 0x00, 0x00, 0x00, 0x00, 0x00, 0x00, 0x00, 0x00, 0x00,
    0x00, 0x00, 0x00, 0x00, 0x00, 0x00, 0x00, 0x00, 0x00, 0x00, 0x00, 0x00,
    0x00, 0x00, 0x00, 0x00, 0x00, 0x00, 0x00, 0x00, 0x00, 0x00, 0x00, 0x00,
    0x00, 0x00, 0x00, 0x00, 0x00, 0x00, 0x00, 0x00, 0x00, 0x00, 0x00, 0x00,
    0x00, 0x00, 0x00, 0x00, 0x00, 0x00, 0x00, 0x00, 0x00, 0x00, 0x00, 0x00,
    0x00, 0x00, 0x00, 0x00, 0x00, 0x00, 0x00, 0x00, 0x00, 0x00, 0x00, 0x00,
    0x00, 0x00, 0x00, 0x00, 0x00, 0x00, 0x00, 0x00, 0x00, 0x00, 0x00, 0x00,
    0x00, 0x00, 0x00, 0x00, 0x00, 0x00, 0x00, 0x00, 0x00, 0x00, 0x00, 0x00,
    0x00, 0x00, 0x00, 0x00, 0x00, 0x00, 0x00, 0x00, 0x00, 0x00, 0x00, 0x00,
    0x00, 0x00, 0x00, 0x00, 0x00, 0x00, 0x00, 0x00, 0x00, 0x00, 0x00, 0x00,
    0x00, 0x00, 0x00, 0x00, 0x00, 0x00, 0x00, 0x00, 0x00, 0x00, 0x00, 0x00,
    0x00, 0x00, 0x00, 0x00, 0x00, 0x00, 0x00, 0x00, 0x00, 0x00, 0x00, 0x00,
    0x00, 0x00, 0x00, 0x00, 0x00, 0x00, 0x00, 0x00, 0x00, 0x00, 0x00, 0x00,
    0x00, 0x00, 0x00, 0x00, 0x00, 0x00, 0x00, 0x00, 0x00, 0x00, 0x00, 0x00,
    0x00, 0x00, 0x00, 0x00, 0x00, 0x00, 0x00, 0x00, 0x00, 0x00, 0x00, 0x00,
    0x00, 0x00, 0x00, 0x00, 0x00, 0x00, 0x00, 0x00, 0x00, 0x00, 0x00, 0x00,
    0x00, 0x00, 0x00, 0x00, 0x00, 0x00, 0x00, 0x00, 0x00, 0x00, 0x00, 0x00,
    0x00, 0x00, 0x00, 0x00, 0x00, 0x00, 0x00, 0x00, 0x00, 0x00, 0x00, 0x00,
    0x00, 0x00, 0x00, 0x00, 0x00, 0x00, 0x00, 0x00, 0x00, 0x00, 0x00, 0x00,
    0x00, 0x00, 0x00, 0x00, 0x00, 0x00, 0x00, 0x00, 0x00, 0x00, 0x00, 0x00,
    0x00, 0x00, 0x00, 0x00, 0x00, 0x00, 0x00, 0x00, 0x00, 0x00, 0x00, 0x00,
    0x00, 0x00, 0x00, 0x00, 0x00, 0x00, 0x00, 0x00, 0x00, 0x00, 0x00, 0x00,
    0x00, 0x00, 0x00, 0x00, 0x00, 0x00, 0x00, 0x00, 0x00, 0x00, 0x00, 0x00,
    0x00, 0x00, 0x00, 0x00, 0x00, 0x00, 0x00, 0x00, 0x00, 0x00, 0x00, 0x00,
    0x00, 0x00, 0x00, 0x00, 0x00, 0x00, 0x00, 0x00, 0x00, 0x00, 0x00, 0x00,
    0x00, 0x00, 0x00, 0x00, 0x00, 0x00, 0x00, 0x00, 0x00, 0x00, 0x00, 0x00,
    0x00, 0x00, 0x00, 0x00, 0x00, 0x00, 0x00, 0x00, 0x00, 0x00, 0x00, 0x00,
    0x00, 0x00, 0x00, 0x00, 0x00, 0x00, 0x00, 0x00, 0x00, 0x00, 0x00, 0x00,
    0x00, 0x00, 0x00, 0x00, 0x00, 0x00, 0x00, 0x00, 0x00, 0x00, 0x00, 0x00,
    0x00, 0x00, 0x00, 0x00, 0x00, 0x00, 0x00, 0x00, 0x00, 0x00, 0x00, 0x00,
    0x00, 0x00, 0x00, 0x00, 0x00, 0x00, 0x00, 0x00, 0x00, 0x00, 0x00, 0x00,
    0x00, 0x00, 0x00, 0x00, 0x00, 0x00, 0x00, 0x04, 0x00, 0x00, 0x00, 0x04,
    0x00, 0x00, 0x00, 0x04, 0x00, 0x00, 0x00, 0x04, 0x00, 0x00, 0x00, 0x08,
    0x00, 0x00, 0x00, 0x08, 0x00, 0x00, 0x00, 0x08, 0x00, 0x00, 0x00, 0x0c,
    0x00, 0x00, 0x00, 0x0c, 0x00, 0x00, 0x00, 0x10, 0x00, 0x00, 0x00, 0x10,
    0x00, 0x00, 0x00, 0x14, 0x00, 0x00, 0x00, 0x14, 0x00, 0x00, 0x00, 0x18,
    0x00, 0x00, 0x00, 0x1c, 0x00, 0x00, 0x00, 0x1c, 0x00, 0x00, 0x00, 0x20,
    0x00, 0x00, 0x00, 0x20, 0x00, 0x00, 0x00, 0x24, 0x00, 0x00, 0x00, 0x28,
    0x00, 0x00, 0x00, 0x28, 0x00, 0x00, 0x00, 0x28, 0x00, 0x00, 0x00, 0x2c,
    0x00, 0x00, 0x00, 0x2c, 0x00, 0x00, 0x00, 0x2c, 0x00, 0x00, 0x00, 0x30,
    0x00, 0x00, 0x00, 0x30, 0x00, 0x00, 0x00, 0x30, 0x00, 0x00, 0x00, 0x34,
    0x00, 0x00, 0x00, 0x34, 0x00, 0x00, 0x00, 0x34, 0x00, 0x00, 0x00, 0x34,
    0x00, 0x00, 0x00, 0x34, 0x00, 0x00, 0x00, 0x34, 0x00, 0x00, 0x00, 0x34,
    0x00, 0x00, 0x00, 0x34, 0x00, 0x00, 0x00, 0x30, 0x00, 0x00, 0x00, 0x34,
    0x00, 0x00, 0x00, 0x30, 0x00, 0x00, 0x00, 0x30, 0x00, 0x00, 0x00, 0x30,
    0x00, 0x00, 0x00, 0x2c, 0x00, 0x00, 0x00, 0x2c, 0x00, 0x00, 0x00, 0x28,
    0x00, 0x00, 0x00, 0x28, 0x00, 0x00, 0x00, 0x28, 0x00, 0x00, 0x00, 0x24,
    0x00, 0x00, 0x00, 0x20, 0x00, 0x00, 0x00, 0x20, 0x00, 0x00, 0x00, 0x1c,
    0x00, 0x00, 0x00, 0x1c, 0x00, 0x00, 0x00, 0x18, 0x00, 0x00, 0x00, 0x14,
    0x00, 0x00, 0x00, 0x14, 0x00, 0x00, 0x00, 0x10, 0x00, 0x00, 0x00, 0x10,
    0x00, 0x00, 0x00, 0x0c, 0x00, 0x00, 0x00, 0x0c, 0x00, 0x00, 0x00, 0x08,
    0x00, 0x00, 0x00, 0x08, 0x00, 0x00, 0x00, 0x08, 0x00, 0x00, 0x00, 0x04,
    0x00, 0x00, 0x00, 0x04, 0x00, 0x00, 0x00, 0x04, 0x00, 0x00, 0x00, 0x04,
    0x00, 0x00, 0x00, 0x00, 0x00, 0x00, 0x00, 0x00, 0x00, 0x00, 0x00, 0x00,
    0x00, 0x00, 0x00, 0x00, 0x00, 0x00, 0x00, 0x00, 0x00, 0x00, 0x00, 0x00,
    0x00, 0x00, 0x00, 0x00, 0x00, 0x00, 0x00, 0x00, 0x00, 0x00, 0x00, 0x00,
    0x00, 0x00, 0x00, 0x00, 0x00, 0x00, 0x00, 0x00, 0x00, 0x00, 0x00, 0x00,
    0x00, 0x00, 0x00, 0x00, 0x00, 0x00, 0x00, 0x00, 0x00, 0x00, 0x00, 0x00,
    0x00, 0x00, 0x00, 0x00, 0x00, 0x00, 0x00, 0x00, 0x00, 0x00, 0x00, 0x00,
    0x00, 0x00, 0x00, 0x00, 0x00, 0x00, 0x00, 0x00, 0x00, 0x00, 0x00, 0x00,
    0x00, 0x00, 0x00, 0x00, 0x00, 0x00, 0x00, 0x00, 0x00, 0x00, 0x00, 0x00,
    0x00, 0x00, 0x00, 0x00, 0x00, 0x00, 0x00, 0x00, 0x00, 0x00, 0x00, 0x00,
    0x00, 0x00, 0x00, 0x00, 0x00, 0x00, 0x00, 0x00, 0x00, 0x00, 0x00, 0x00,
    0x00, 0x00, 0x00, 0x00, 0x00, 0x00, 0x00, 0x00, 0x00, 0x00, 0x00, 0x00,
    0x00, 0x00, 0x00, 0x00, 0x00, 0x00, 0x00, 0x00, 0x00, 0x00, 0x00, 0x00,
    0x00, 0x00, 0x00, 0x00, 0x00, 0x00, 0x00, 0x00, 0x00, 0x00, 0x00, 0x00,
    0x00, 0x00, 0x00, 0x00, 0x00, 0x00, 0x00, 0x00, 0x00, 0x00, 0x00, 0x00,
    0x00, 0x00, 0x00, 0x00, 0x00, 0x00, 0x00, 0x00, 0x00, 0x00, 0x00, 0x00,
    0x00, 0x00, 0x00, 0x00, 0x00, 0x00, 0x00, 0x00, 0x00, 0x00, 0x00, 0x00,
    0x00, 0x00, 0x00, 0x00, 0x00, 0x00, 0x00, 0x00, 0x00, 0x00, 0x00, 0x00,
    0x00, 0x00, 0x00, 0x00, 0x00, 0x00, 0x00, 0x00, 0x00, 0x00, 0x00, 0x00,
    0x00, 0x00, 0x00, 0x00, 0x00, 0x00, 0x00, 0x00, 0x00, 0x00, 0x00, 0x00,
    0x00, 0x00, 0x00, 0x00, 0x00, 0x00, 0x00, 0x00, 0x00, 0x00, 0x00, 0x00,
    0x00, 0x00, 0x00, 0x00, 0x00, 0x00, 0x00, 0x00, 0x00, 0x00, 0x00, 0x00,
    0x00, 0x00, 0x00, 0x00, 0x00, 0x00, 0x00, 0x00, 0x00, 0x00, 0x00, 0x00,
    0x00, 0x00, 0x00, 0x00, 0x00, 0x00, 0x00, 0x00, 0x00, 0x00, 0x00, 0x00,
    0x00, 0x00, 0x00, 0x00, 0x00, 0x00, 0x00, 0x00, 0x00, 0x00, 0x00, 0x00,
    0x00, 0x00, 0x00, 0x00, 0x00, 0x00, 0x00, 0x00, 0x00, 0x00, 0x00, 0x00,
    0x00, 0x00, 0x00, 0x00, 0x00, 0x00, 0x00, 0x00, 0x00, 0x00, 0x00, 0x00,
    0x00, 0x00, 0x00, 0x00, 0x00, 0x00, 0x00, 0x00, 0x00, 0x00, 0x00, 0x00,
    0x00, 0x00, 0x00, 0x00, 0x00, 0x00, 0x00, 0x00, 0x00, 0x00, 0x00, 0x00,
    0x00, 0x00, 0x00, 0x00, 0x00, 0x00, 0x00, 0x00, 0x00, 0x00, 0x00, 0x00,
    0x00, 0x00, 0x00, 0x00, 0x00, 0x00, 0x00, 0x00, 0x00, 0x00, 0x00, 0x00,
    0x00, 0x00, 0x00, 0x00, 0x00, 0x00, 0x00, 0x00, 0x00, 0x00, 0x00, 0x00,
    0x00, 0x00, 0x00, 0x00, 0x00, 0x00, 0x00, 0x00, 0x00, 0x00, 0x00, 0x00,
    0x00, 0x00, 0x00, 0x00, 0x00, 0x00, 0x00, 0x00, 0x00, 0x00, 0x00, 0x00,
    0x00, 0x00, 0x00, 0x00, 0x00, 0x00, 0x00, 0x00, 0x00, 0x00, 0x00, 0x00,
    0x00, 0x00, 0x00, 0x00, 0x00, 0x00, 0x00, 0x00, 0x00, 0x00, 0x00, 0x00,
    0x00, 0x00, 0x00, 0x00, 0x00, 0x00, 0x00, 0x00, 0x00, 0x00, 0x00, 0x00,
    0x00, 0x00, 0x00, 0x00, 0x00, 0x00, 0x00, 0x00, 0x00, 0x00, 0x00, 0x00,
    0x00, 0x00, 0x00, 0x00, 0x00, 0x00, 0x00, 0x00, 0x00, 0x00, 0x00, 0x00,
    0x00, 0x00, 0x00, 0x00, 0x00, 0x00, 0x00, 0x00, 0x00, 0x00, 0x00, 0x00,
    0x00, 0x00, 0x00, 0x00, 0x00, 0x00, 0x00, 0x00, 0x00, 0x00, 0x00, 0x00,
    0x00, 0x00, 0x00, 0x00, 0x00, 0x00, 0x00, 0x00, 0x00, 0x00, 0x00, 0x00,
    0x00, 0x00, 0x00, 0x04, 0x00, 0x00, 0x00, 0x04, 0x00, 0x00, 0x00, 0x04,
    0x00, 0x00, 0x00, 0x04, 0x00, 0x00, 0x00, 0x08, 0x00, 0x00, 0x00, 0x08,
    0x00, 0x00, 0x00, 0x08, 0x00, 0x00, 0x00, 0x0c, 0x00, 0x00, 0x00, 0x10,
    0x00, 0x00, 0x00, 0x10, 0x00, 0x00, 0x00, 0x14, 0x00, 0x00, 0x00, 0x14,
    0x00, 0x00, 0x00, 0x18, 0x00, 0x00, 0x00, 0x1c, 0x00, 0x00, 0x00, 0x20,
    0x00, 0x00, 0x00, 0x20, 0x00, 0x00, 0x00, 0x24, 0x00, 0x00, 0x00, 0x28,
    0x00, 0x00, 0x00, 0x2c, 0x00, 0x00, 0x00, 0x2c, 0x00, 0x00, 0x00, 0x30,
    0x00, 0x00, 0x00, 0x34, 0x00, 0x00, 0x00, 0x34, 0x00, 0x00, 0x00, 0x38,
    0x00, 0x00, 0x00, 0x38, 0x00, 0x00, 0x00, 0x3c, 0x00, 0x00, 0x00, 0x3c,
    0x00, 0x00, 0x00, 0x41, 0x00, 0x00, 0x00, 0x41, 0x00, 0x00, 0x00, 0x41,
    0x00, 0x00, 0x00, 0x41, 0x00, 0x00, 0x00, 0x45, 0x00, 0x00, 0x00, 0x45,
    0x00, 0x00, 0x00, 0x45, 0x00, 0x00, 0x00, 0x45, 0x00, 0x00, 0x00, 0x45,
    0x00, 0x00, 0x00, 0x45, 0x00, 0x00, 0x00, 0x45, 0x00, 0x00, 0x00, 0x45,
    0x00, 0x00, 0x00, 0x45, 0x00, 0x00, 0x00, 0x41, 0x00, 0x00, 0x00, 0x41,
    0x00, 0x00, 0x00, 0x41, 0x00, 0x00, 0x00, 0x41, 0x00, 0x00, 0x00, 0x3c,
    0x00, 0x00, 0x00, 0x3c, 0x00, 0x00, 0x00, 0x38, 0x00, 0x00, 0x00, 0x38,
    0x00, 0x00, 0x00, 0x34, 0x00, 0x00, 0x00, 0x30, 0x00, 0x00, 0x00, 0x30,
    0x00, 0x00, 0x00, 0x2c, 0x00, 0x00, 0x00, 0x28, 0x00, 0x00, 0x00, 0x28,
    0x00, 0x00, 0x00, 0x24, 0x00, 0x00, 0x00, 0x24, 0x00, 0x00, 0x00, 0x20,
    0x00, 0x00, 0x00, 0x1c, 0x00, 0x00, 0x00, 0x18, 0x00, 0x00, 0x00, 0x18,
    0x00, 0x00, 0x00, 0x14, 0x00, 0x00, 0x00, 0x10, 0x00, 0x00, 0x00, 0x10,
    0x00, 0x00, 0x00, 0x0c, 0x00, 0x00, 0x00, 0x0c, 0x00, 0x00, 0x00, 0x08,
    0x00, 0x00, 0x00, 0x04, 0x00, 0x00, 0x00, 0x04, 0x00, 0x00, 0x00, 0x04,
    0x00, 0x00, 0x00, 0x04, 0x00, 0x00, 0x00, 0x04, 0x00, 0x00, 0x00, 0x00,
    0x00, 0x00, 0x00, 0x00, 0x00, 0x00, 0x00, 0x00, 0x00, 0x00, 0x00, 0x00,
    0x00, 0x00, 0x00, 0x00, 0x00, 0x00, 0x00, 0x00, 0x00, 0x00, 0x00, 0x00,
    0x00, 0x00, 0x00, 0x00, 0x00, 0x00, 0x00, 0x00, 0x00, 0x00, 0x00, 0x00,
    0x00, 0x00, 0x00, 0x00, 0x00, 0x00, 0x00, 0x00, 0x00, 0x00, 0x00, 0x00,
    0x00, 0x00, 0x00, 0x00, 0x00, 0x00, 0x00, 0x00, 0x00, 0x00, 0x00, 0x00,
    0x00, 0x00, 0x00, 0x00, 0x00, 0x00, 0x00, 0x00, 0x00, 0x00, 0x00, 0x00,
    0x00, 0x00, 0x00, 0x00, 0x00, 0x00, 0x00, 0x00, 0x00, 0x00, 0x00, 0x00,
    0x00, 0x00, 0x00, 0x00, 0x00, 0x00, 0x00, 0x00, 0x00, 0x00, 0x00, 0x00,
    0x00, 0x00, 0x00, 0x00, 0x00, 0x00, 0x00, 0x00, 0x00, 0x00, 0x00, 0x00,
    0x00, 0x00, 0x00, 0x00, 0x00, 0x00, 0x00, 0x00, 0x00, 0x00, 0x00, 0x00,
    0x00, 0x00, 0x00, 0x00, 0x00, 0x00, 0x00, 0x00, 0x00, 0x00, 0x00, 0x00,
    0x00, 0x00, 0x00, 0x00, 0x00, 0x00, 0x00, 0x00, 0x00, 0x00, 0x00, 0x00,
    0x00, 0x00, 0x00, 0x00, 0x00, 0x00, 0x00, 0x00, 0x00, 0x00, 0x00, 0x00,
    0x00, 0x00, 0x00, 0x00, 0x00, 0x00, 0x00, 0x00, 0x00, 0x00, 0x00, 0x00,
    0x00, 0x00, 0x00, 0x00, 0x00, 0x00, 0x00, 0x00, 0x00, 0x00, 0x00, 0x00,
    0x00, 0x00, 0x00, 0x00, 0x00, 0x00, 0x00, 0x00, 0x00, 0x00, 0x00, 0x00,
    0x00, 0x00, 0x00, 0x00, 0x00, 0x00, 0x00, 0x00, 0x00, 0x00, 0x00, 0x00,
    0x00, 0x00, 0x00, 0x00, 0x00, 0x00, 0x00, 0x00, 0x00, 0x00, 0x00, 0x00,
    0x00, 0x00, 0x00, 0x00, 0x00, 0x00, 0x00, 0x00, 0x00, 0x00, 0x00, 0x00,
    0x00, 0x00, 0x00, 0x00, 0x00, 0x00, 0x00, 0x00, 0x00, 0x00, 0x00, 0x00,
    0x00, 0x00, 0x00, 0x00, 0x00, 0x00, 0x00, 0x00, 0x00, 0x00, 0x00, 0x00,
    0x00, 0x00, 0x00, 0x00, 0x00, 0x00, 0x00, 0x00, 0x00, 0x00, 0x00, 0x00,
    0x00, 0x00, 0x00, 0x00, 0x00, 0x00, 0x00, 0x00, 0x00, 0x00, 0x00, 0x00,
    0x00, 0x00, 0x00, 0x00, 0x00, 0x00, 0x00, 0x00, 0x00, 0x00, 0x00, 0x00,
    0x00, 0x00, 0x00, 0x00, 0x00, 0x00, 0x00, 0x00, 0x00, 0x00, 0x00, 0x00,
    0x00, 0x00, 0x00, 0x00, 0x00, 0x00, 0x00, 0x00, 0x00, 0x00, 0x00, 0x00,
    0x00, 0x00, 0x00, 0x00, 0x00, 0x00, 0x00, 0x00, 0x00, 0x00, 0x00, 0x00,
    0x00, 0x00, 0x00, 0x00, 0x00, 0x00, 0x00, 0x00, 0x00, 0x00, 0x00, 0x00,
    0x00, 0x00, 0x00, 0x00, 0x00, 0x00, 0x00, 0x00, 0x00, 0x00, 0x00, 0x00,
    0x00, 0x00, 0x00, 0x00, 0x00, 0x00, 0x00, 0x00, 0x00, 0x00, 0x00, 0x00,
    0x00, 0x00, 0x00, 0x00, 0x00, 0x00, 0x00, 0x00, 0x00, 0x00, 0x00, 0x00,
    0x00, 0x00, 0x00, 0x00, 0x00, 0x00, 0x00, 0x00, 0x00, 0x00, 0x00, 0x00,
    0x00, 0x00, 0x00, 0x00, 0x00, 0x00, 0x00, 0x00, 0x00, 0x00, 0x00, 0x00,
    0x00, 0x00, 0x00, 0x00, 0x00, 0x00, 0x00, 0x00, 0x00, 0x00, 0x00, 0x00,
    0x00, 0x00, 0x00, 0x00, 0x00, 0x00, 0x00, 0x00, 0x00, 0x00, 0x00, 0x00,
    0x00, 0x00, 0x00, 0x00, 0x00, 0x00, 0x00, 0x00, 0x00, 0x00, 0x00, 0x00,
    0x00, 0x00, 0x00, 0x00, 0x00, 0x00, 0x00, 0x00, 0x00, 0x00, 0x00, 0x00,
    0x00, 0x00, 0x00, 0x00, 0x00, 0x00, 0x00, 0x00, 0x00, 0x00, 0x00, 0x00,
    0x00, 0x00, 0x00, 0x00, 0x00, 0x00, 0x00, 0x00, 0x00, 0x00, 0x00, 0x00,
    0x00, 0x00, 0x00, 0x04, 0x00, 0x00, 0x00, 0x04, 0x00, 0x00, 0x00, 0x04,
    0x00, 0x00, 0x00, 0x04, 0x00, 0x00, 0x00, 0x08, 0x00, 0x00, 0x00, 0x08,
    0x00, 0x00, 0x00, 0x0c, 0x00, 0x00, 0x00, 0x10, 0x00, 0x00, 0x00, 0x10,
    0x00, 0x00, 0x00, 0x14, 0x00, 0x00, 0x00, 0x18, 0x00, 0x00, 0x00, 0x1c,
    0x00, 0x00, 0x00, 0x1c, 0x00, 0x00, 0x00, 0x20, 0x00, 0x00, 0x00, 0x24,
    0x00, 0x00, 0x00, 0x28, 0x00, 0x00, 0x00, 0x2c, 0x00, 0x00, 0x00, 0x30,
    0x00, 0x00, 0x00, 0x34, 0x00, 0x00, 0x00, 0x38, 0x00, 0x00, 0x00, 0x38,
    0x00, 0x00, 0x00, 0x3c, 0x00, 0x00, 0x00, 0x41, 0x00, 0x00, 0x00, 0x45,
    0x00, 0x00, 0x00, 0x45, 0x00, 0x00, 0x00, 0x49, 0x00, 0x00, 0x00, 0x4d,
    0x00, 0x00, 0x00, 0x4d, 0x00, 0x00, 0x00, 0x51, 0x00, 0x00, 0x00, 0x51,
    0x00, 0x00, 0x00, 0x55, 0x00, 0x00, 0x00, 0x55, 0x00, 0x00, 0x00, 0x59,
    0x00, 0x00, 0x00, 0x59, 0x00, 0x00, 0x00, 0x59, 0x00, 0x00, 0x00, 0x59,
    0x00, 0x00, 0x00, 0x59, 0x00, 0x00, 0x00, 0x59, 0x00, 0x00, 0x00, 0x59,
    0x00, 0x00, 0x00, 0x59, 0x00, 0x00, 0x00, 0x59, 0x00, 0x00, 0x00, 0x59,
    0x00, 0x00, 0x00, 0x55, 0x00, 0x00, 0x00, 0x55, 0x00, 0x00, 0x00, 0x55,
    0x00, 0x00, 0x00, 0x51, 0x00, 0x00, 0x00, 0x51, 0x00, 0x00, 0x00, 0x4d,
    0x00, 0x00, 0x00, 0x4d, 0x00, 0x00, 0x00, 0x49, 0x00, 0x00, 0x00, 0x45,
    0x00, 0x00, 0x00, 0x45, 0x00, 0x00, 0x00, 0x41, 0x00, 0x00, 0x00, 0x3c,
    0x00, 0x00, 0x00, 0x3c, 0x00, 0x00, 0x00, 0x38, 0x00, 0x00, 0x00, 0x34,
    0x00, 0x00, 0x00, 0x30, 0x00, 0x00, 0x00, 0x2c, 0x00, 0x00, 0x00, 0x28,
    0x00, 0x00, 0x00, 0x24, 0x00, 0x00, 0x00, 0x20, 0x00, 0x00, 0x00, 0x20,
    0x00, 0x00, 0x00, 0x1c, 0x00, 0x00, 0x00, 0x18, 0x00, 0x00, 0x00, 0x14,
    0x00, 0x00, 0x00, 0x10, 0x00, 0x00, 0x00, 0x10, 0x00, 0x00, 0x00, 0x0c,
    0x00, 0x00, 0x00, 0x0c, 0x00, 0x00, 0x00, 0x08, 0x00, 0x00, 0x00, 0x04,
    0x00, 0x00, 0x00, 0x04, 0x00, 0x00, 0x00, 0x04, 0x00, 0x00, 0x00, 0x00,
    0x00, 0x00, 0x00, 0x04, 0x00, 0x00, 0x00, 0x00, 0x00, 0x00, 0x00, 0x00,
    0x00, 0x00, 0x00, 0x00, 0x00, 0x00, 0x00, 0x00, 0x00, 0x00, 0x00, 0x00,
    0x00, 0x00, 0x00, 0x00, 0x00, 0x00, 0x00, 0x00, 0x00, 0x00, 0x00, 0x00,
    0x00, 0x00, 0x00, 0x00, 0x00, 0x00, 0x00, 0x00, 0x00, 0x00, 0x00, 0x00,
    0x00, 0x00, 0x00, 0x00, 0x00, 0x00, 0x00, 0x00, 0x00, 0x00, 0x00, 0x00,
    0x00, 0x00, 0x00, 0x00, 0x00, 0x00, 0x00, 0x00, 0x00, 0x00, 0x00, 0x00,
    0x00, 0x00, 0x00, 0x00, 0x00, 0x00, 0x00, 0x00, 0x00, 0x00, 0x00, 0x00,
    0x00, 0x00, 0x00, 0x00, 0x00, 0x00, 0x00, 0x00, 0x00, 0x00, 0x00, 0x00,
    0x00, 0x00, 0x00, 0x00, 0x00, 0x00, 0x00, 0x00, 0x00, 0x00, 0x00, 0x00,
    0x00, 0x00, 0x00, 0x00, 0x00, 0x00, 0x00, 0x00, 0x00, 0x00, 0x00, 0x00,
    0x00, 0x00, 0x00, 0x00, 0x00, 0x00, 0x00, 0x00, 0x00, 0x00, 0x00, 0x00,
    0x00, 0x00, 0x00, 0x00, 0x00, 0x00, 0x00, 0x00, 0x00, 0x00, 0x00, 0x00,
    0x00, 0x00, 0x00, 0x00, 0x00, 0x00, 0x00, 0x00, 0x00, 0x00, 0x00, 0x00,
    0x00, 0x00, 0x00, 0x00, 0x00, 0x00, 0x00, 0x00, 0x00, 0x00, 0x00, 0x00,
    0x00, 0x00, 0x00, 0x00, 0x00, 0x00, 0x00, 0x00, 0x00, 0x00, 0x00, 0x00,
    0x00, 0x00, 0x00, 0x00, 0x00, 0x00, 0x00, 0x00, 0x00, 0x00, 0x00, 0x00,
    0x00, 0x00, 0x00, 0x00, 0x00, 0x00, 0x00, 0x00, 0x00, 0x00, 0x00, 0x00,
    0x00, 0x00, 0x00, 0x00, 0x00, 0x00, 0x00, 0x00, 0x00, 0x00, 0x00, 0x00,
    0x00, 0x00, 0x00, 0x00, 0x00, 0x00, 0x00, 0x00, 0x00, 0x00, 0x00, 0x00,
    0x00, 0x00, 0x00, 0x00, 0x00, 0x00, 0x00, 0x00, 0x00, 0x00, 0x00, 0x00,
    0x00, 0x00, 0x00, 0x00, 0x00, 0x00, 0x00, 0x00, 0x00, 0x00, 0x00, 0x00,
    0x00, 0x00, 0x00, 0x00, 0x00, 0x00, 0x00, 0x00, 0x00, 0x00, 0x00, 0x00,
    0x00, 0x00, 0x00, 0x00, 0x00, 0x00, 0x00, 0x00, 0x00, 0x00, 0x00, 0x00,
    0x00, 0x00, 0x00, 0x00, 0x00, 0x00, 0x00, 0x00, 0x00, 0x00, 0x00, 0x00,
    0x00, 0x00, 0x00, 0x00, 0x00, 0x00, 0x00, 0x00, 0x00, 0x00, 0x00, 0x00,
    0x00, 0x00, 0x00, 0x00, 0x00, 0x00, 0x00, 0x00, 0x00, 0x00, 0x00, 0x00,
    0x00, 0x00, 0x00, 0x00, 0x00, 0x00, 0x00, 0x00, 0x00, 0x00, 0x00, 0x00,
    0x00, 0x00, 0x00, 0x00, 0x00, 0x00, 0x00, 0x00, 0x00, 0x00, 0x00, 0x00,
    0x00, 0x00, 0x00, 0x00, 0x00, 0x00, 0x00, 0x00, 0x00, 0x00, 0x00, 0x00,
    0x00, 0x00, 0x00, 0x00, 0x00, 0x00, 0x00, 0x00, 0x00, 0x00, 0x00, 0x00,
    0x00, 0x00, 0x00, 0x00, 0x00, 0x00, 0x00, 0x00, 0x00, 0x00, 0x00, 0x00,
    0x00, 0x00, 0x00, 0x00, 0x00, 0x00, 0x00, 0x00, 0x00, 0x00, 0x00, 0x00,
    0x00, 0x00, 0x00, 0x00, 0x00, 0x00, 0x00, 0x00, 0x00, 0x00, 0x00, 0x00,
    0x00, 0x00, 0x00, 0x00, 0x00, 0x00, 0x00, 0x00, 0x00, 0x00, 0x00, 0x00,
    0x00, 0x00, 0x00, 0x00, 0x00, 0x00, 0x00, 0x00, 0x00, 0x00, 0x00, 0x00,
    0x00, 0x00, 0x00, 0x00, 0x00, 0x00, 0x00, 0x00, 0x00, 0x00, 0x00, 0x00,
    0x00, 0x00, 0x00, 0x00, 0x00, 0x00, 0x00, 0x00, 0x00, 0x00, 0x00, 0x00,
    0x00, 0x00, 0x00, 0x00, 0x00, 0x00, 0x00, 0x00, 0x00, 0x00, 0x00, 0x04,
    0x00, 0x00, 0x00, 0x04, 0x00, 0x00, 0x00, 0x04, 0x00, 0x00, 0x00, 0x04,
    0x00, 0x00, 0x00, 0x08, 0x00, 0x00, 0x00, 0x08, 0x00, 0x00, 0x00, 0x0c,
    0x00, 0x00, 0x00, 0x10, 0x00, 0x00, 0x00, 0x10, 0x00, 0x00, 0x00, 0x14,
    0x00, 0x00, 0x00, 0x18, 0x00, 0x00, 0x00, 0x1c, 0x00, 0x00, 0x00, 0x20,
    0x00, 0x00, 0x00, 0x24, 0x00, 0x00, 0x00, 0x28, 0x00, 0x00, 0x00, 0x2c,
    0x00, 0x00, 0x00, 0x30, 0x00, 0x00, 0x00, 0x34, 0x00, 0x00, 0x00, 0x38,
    0x00, 0x00, 0x00, 0x3c, 0x00, 0x00, 0x00, 0x41, 0x00, 0x00, 0x00, 0x45,
    0x00, 0x00, 0x00, 0x49, 0x00, 0x00, 0x00, 0x4d, 0x00, 0x00, 0x00, 0x51,
    0x00, 0x00, 0x00, 0x55, 0x00, 0x00, 0x00, 0x55, 0x00, 0x00, 0x00, 0x5d,
    0x00, 0x00, 0x00, 0x5d, 0x00, 0x00, 0x00, 0x61, 0x00, 0x00, 0x00, 0x65,
    0x00, 0x00, 0x00, 0x65, 0x00, 0x00, 0x00, 0x69, 0x00, 0x00, 0x00, 0x69,
    0x00, 0x00, 0x00, 0x69, 0x00, 0x00, 0x00, 0x6d, 0x00, 0x00, 0x00, 0x6d,
    0x00, 0x00, 0x00, 0x6d, 0x00, 0x00, 0x00, 0x71, 0x00, 0x00, 0x00, 0x71,
    0x00, 0x00, 0x00, 0x71, 0x00, 0x00, 0x00, 0x71, 0x00, 0x00, 0x00, 0x71,
    0x00, 0x00, 0x00, 0x6d, 0x00, 0x00, 0x00, 0x6d, 0x00, 0x00, 0x00, 0x6d,
    0x00, 0x00, 0x00, 0x6d, 0x00, 0x00, 0x00, 0x69, 0x00, 0x00, 0x00, 0x69,
    0x00, 0x00, 0x00, 0x65, 0x00, 0x00, 0x00, 0x61, 0x00, 0x00, 0x00, 0x61,
    0x00, 0x00, 0x00, 0x5d, 0x00, 0x00, 0x00, 0x5d, 0x00, 0x00, 0x00, 0x59,
    0x00, 0x00, 0x00, 0x55, 0x00, 0x00, 0x00, 0x51, 0x00, 0x00, 0x00, 0x4d,
    0x00, 0x00, 0x00, 0x49, 0x00, 0x00, 0x00, 0x45, 0x00, 0x00, 0x00, 0x41,
    0x00, 0x00, 0x00, 0x3c, 0x00, 0x00, 0x00, 0x38, 0x00, 0x00, 0x00, 0x34,
    0x00, 0x00, 0x00, 0x30, 0x00, 0x00, 0x00, 0x2c, 0x00, 0x00, 0x00, 0x28,
    0x00, 0x00, 0x00, 0x24, 0x00, 0x00, 0x00, 0x20, 0x00, 0x00, 0x00, 0x1c,
    0x00, 0x00, 0x00, 0x18, 0x00, 0x00, 0x00, 0x14, 0x00, 0x00, 0x00, 0x10,
    0x00, 0x00, 0x00, 0x10, 0x00, 0x00, 0x00, 0x0c, 0x00, 0x00, 0x00, 0x08,
    0x00, 0x00, 0x00, 0x08, 0x00, 0x00, 0x00, 0x04, 0x00, 0x00, 0x00, 0x04,
    0x00, 0x00, 0x00, 0x04, 0x00, 0x00, 0x00, 0x00, 0x00, 0x00, 0x00, 0x00,
    0x00, 0x00, 0x00, 0x00, 0x00, 0x00, 0x00, 0x00, 0x00, 0x00, 0x00, 0x00,
    0x00, 0x00, 0x00, 0x00, 0x00, 0x00, 0x00, 0x00, 0x00, 0x00, 0x00, 0x00,
    0x00, 0x00, 0x00, 0x00, 0x00, 0x00, 0x00, 0x00, 0x00, 0x00, 0x00, 0x00,
    0x00, 0x00, 0x00, 0x00, 0x00, 0x00, 0x00, 0x00, 0x00, 0x00, 0x00, 0x00,
    0x00, 0x00, 0x00, 0x00, 0x00, 0x00, 0x00, 0x00, 0x00, 0x00, 0x00, 0x00,
    0x00, 0x00, 0x00, 0x00, 0x00, 0x00, 0x00, 0x00, 0x00, 0x00, 0x00, 0x00,
    0x00, 0x00, 0x00, 0x00, 0x00, 0x00, 0x00, 0x00, 0x00, 0x00, 0x00, 0x00,
    0x00, 0x00, 0x00, 0x00, 0x00, 0x00, 0x00, 0x00, 0x00, 0x00, 0x00, 0x00,
    0x00, 0x00, 0x00, 0x00, 0x00, 0x00, 0x00, 0x00, 0x00, 0x00, 0x00, 0x00,
    0x00, 0x00, 0x00, 0x00, 0x00, 0x00, 0x00, 0x00, 0x00, 0x00, 0x00, 0x00,
    0x00, 0x00, 0x00, 0x00, 0x00, 0x00, 0x00, 0x00, 0x00, 0x00, 0x00, 0x00,
    0x00, 0x00, 0x00, 0x00, 0x00, 0x00, 0x00, 0x00, 0x00, 0x00, 0x00, 0x00,
    0x00, 0x00, 0x00, 0x00, 0x00, 0x00, 0x00, 0x00, 0x00, 0x00, 0x00, 0x00,
    0x00, 0x00, 0x00, 0x00, 0x00, 0x00, 0x00, 0x00, 0x00, 0x00, 0x00, 0x00,
    0x00, 0x00, 0x00, 0x00, 0x00, 0x00, 0x00, 0x00, 0x00, 0x00, 0x00, 0x00,
    0x00, 0x00, 0x00, 0x00, 0x00, 0x00, 0x00, 0x00, 0x00, 0x00, 0x00, 0x00,
    0x00, 0x00, 0x00, 0x00, 0x00, 0x00, 0x00, 0x00, 0x00, 0x00, 0x00, 0x00,
    0x00, 0x00, 0x00, 0x00, 0x00, 0x00, 0x00, 0x00, 0x00, 0x00, 0x00, 0x00,
    0x00, 0x00, 0x00, 0x00, 0x00, 0x00, 0x00, 0x00, 0x00, 0x00, 0x00, 0x00,
    0x00, 0x00, 0x00, 0x00, 0x00, 0x00, 0x00, 0x00, 0x00, 0x00, 0x00, 0x00,
    0x00, 0x00, 0x00, 0x00, 0x00, 0x00, 0x00, 0x00, 0x00, 0x00, 0x00, 0x00,
    0x00, 0x00, 0x00, 0x00, 0x00, 0x00, 0x00, 0x00, 0x00, 0x00, 0x00, 0x00,
    0x00, 0x00, 0x00, 0x00, 0x00, 0x00, 0x00, 0x00, 0x00, 0x00, 0x00, 0x00,
    0x00, 0x00, 0x00, 0x00, 0x00, 0x00, 0x00, 0x00, 0x00, 0x00, 0x00, 0x00,
    0x00, 0x00, 0x00, 0x00, 0x00, 0x00, 0x00, 0x00, 0x00, 0x00, 0x00, 0x00,
    0x00, 0x00, 0x00, 0x00, 0x00, 0x00, 0x00, 0x00, 0x00, 0x00, 0x00, 0x00,
    0x00, 0x00, 0x00, 0x00, 0x00, 0x00, 0x00, 0x00, 0x00, 0x00, 0x00, 0x00,
    0x00, 0x00, 0x00, 0x00, 0x00, 0x00, 0x00, 0x00, 0x00, 0x00, 0x00, 0x00,
    0x00, 0x00, 0x00, 0x00, 0x00, 0x00, 0x00, 0x00, 0x00, 0x00, 0x00, 0x00,
    0x00, 0x00, 0x00, 0x00, 0x00, 0x00, 0x00, 0x00, 0x00, 0x00, 0x00, 0x00,
    0x00, 0x00, 0x00, 0x00, 0x00, 0x00, 0x00, 0x00, 0x00, 0x00, 0x00, 0x00,
    0x00, 0x00, 0x00, 0x00, 0x00, 0x00, 0x00, 0x00, 0x00, 0x00, 0x00, 0x00,
    0x00, 0x00, 0x00, 0x00, 0x00, 0x00, 0x00, 0x00, 0x00, 0x00, 0x00, 0x00,
    0x00, 0x00, 0x00, 0x00, 0x00, 0x00, 0x00, 0x00, 0x00, 0x00, 0x00, 0x00,
    0x00, 0x00, 0x00, 0x00, 0x00, 0x00, 0x00, 0x00, 0x00, 0x00, 0x00, 0x00,
    0x00, 0x00, 0x00, 0x00, 0x00, 0x00, 0x00, 0x00, 0x00, 0x00, 0x00, 0x04,
    0x00, 0x00, 0x00, 0x04, 0x00, 0x00, 0x00, 0x04, 0x00, 0x00, 0x00, 0x04,
    0x00, 0x00, 0x00, 0x08, 0x00, 0x00, 0x00, 0x08, 0x00, 0x00, 0x00, 0x0c,
    0x00, 0x00, 0x00, 0x10, 0x00, 0x00, 0x00, 0x14, 0x00, 0x00, 0x00, 0x14,
    0x00, 0x00, 0x00, 0x18, 0x00, 0x00, 0x00, 0x20, 0x00, 0x00, 0x00, 0x24,
    0x00, 0x00, 0x00, 0x28, 0x00, 0x00, 0x00, 0x2c, 0x00, 0x00, 0x00, 0x30,
    0x00, 0x00, 0x00, 0x34, 0x00, 0x00, 0x00, 0x3c, 0x00, 0x00, 0x00, 0x41,
    0x00, 0x00, 0x00, 0x45, 0x00, 0x00, 0x00, 0x49, 0x00, 0x00, 0x00, 0x51,
    0x00, 0x00, 0x00, 0x55, 0x00, 0x00, 0x00, 0x59, 0x00, 0x00, 0x00, 0x5d,
    0x00, 0x00, 0x00, 0x61, 0x00, 0x00, 0x00, 0x65, 0x00, 0x00, 0x00, 0x69,
    0x00, 0x00, 0x00, 0x6d, 0x00, 0x04, 0x00, 0x75, 0x10, 0x0c, 0x00, 0x8a,
    0x20, 0x14, 0x08, 0x9e, 0x28, 0x1c, 0x08, 0xb2, 0x30, 0x20, 0x08, 0xc3,
    0x30, 0x24, 0x08, 0xcf, 0x30, 0x24, 0x08, 0xd7, 0x38, 0x28, 0x08, 0xe3,
    0x38, 0x28, 0x10, 0xeb, 0x38, 0x2c, 0x08, 0xf3, 0x40, 0x2c, 0x08, 0xf7,
    0x40, 0x2c, 0x10, 0xf7, 0x40, 0x2c, 0x08, 0xfb, 0x40, 0x2c, 0x08, 0xff,
    0x40, 0x2c, 0x10, 0xfb, 0x40, 0x2c, 0x08, 0xf7, 0x38, 0x2c, 0x08, 0xf7,
    0x38, 0x2c, 0x10, 0xf3, 0x38, 0x2c, 0x08, 0xeb, 0x38, 0x28, 0x08, 0xe3,
    0x30, 0x24, 0x08, 0xdb, 0x30, 0x24, 0x08, 0xcf, 0x30, 0x20, 0x08, 0xc3,
    0x28, 0x1c, 0x08, 0xb2, 0x20, 0x14, 0x08, 0x9e, 0x10, 0x0c, 0x00, 0x8a,
    0x00, 0x04, 0x00, 0x75, 0x00, 0x00, 0x00, 0x6d, 0x00, 0x00, 0x00, 0x69,
    0x00, 0x00, 0x00, 0x65, 0x00, 0x00, 0x00, 0x61, 0x00, 0x00, 0x00, 0x5d,
    0x00, 0x00, 0x00, 0x59, 0x00, 0x00, 0x00, 0x55, 0x00, 0x00, 0x00, 0x4d,
    0x00, 0x00, 0x00, 0x49, 0x00, 0x00, 0x00, 0x45, 0x00, 0x00, 0x00, 0x41,
    0x00, 0x00, 0x00, 0x3c, 0x00, 0x00, 0x00, 0x34, 0x00, 0x00, 0x00, 0x30,
    0x00, 0x00, 0x00, 0x2c, 0x00, 0x00, 0x00, 0x28, 0x00, 0x00, 0x00, 0x20,
    0x00, 0x00, 0x00, 0x1c, 0x00, 0x00, 0x00, 0x18, 0x00, 0x00, 0x00, 0x18,
    0x00, 0x00, 0x00, 0x14, 0x00, 0x00, 0x00, 0x10, 0x00, 0x00, 0x00, 0x0c,
    0x00, 0x00, 0x00, 0x08, 0x00, 0x00, 0x00, 0x08, 0x00, 0x00, 0x00, 0x08,
    0x00, 0x00, 0x00, 0x04, 0x00, 0x00, 0x00, 0x04, 0x00, 0x00, 0x00, 0x04,
    0x00, 0x00, 0x00, 0x00, 0x00, 0x00, 0x00, 0x00, 0x00, 0x00, 0x00, 0x00,
    0x00, 0x00, 0x00, 0x00, 0x00, 0x00, 0x00, 0x00, 0x00, 0x00, 0x00, 0x00,
    0x00, 0x00, 0x00, 0x00, 0x00, 0x00, 0x00, 0x00, 0x00, 0x00, 0x00, 0x00,
    0x00, 0x00, 0x00, 0x00, 0x00, 0x00, 0x00, 0x00, 0x00, 0x00, 0x00, 0x00,
    0x00, 0x00, 0x00, 0x00, 0x00, 0x00, 0x00, 0x00, 0x00, 0x00, 0x00, 0x00,
    0x00, 0x00, 0x00, 0x00, 0x00, 0x00, 0x00, 0x00, 0x00, 0x00, 0x00, 0x00,
    0x00, 0x00, 0x00, 0x00, 0x00, 0x00, 0x00, 0x00, 0x00, 0x00, 0x00, 0x00,
    0x00, 0x00, 0x00, 0x00, 0x00, 0x00, 0x00, 0x00, 0x00, 0x00, 0x00, 0x00,
    0x00, 0x00, 0x00, 0x00, 0x00, 0x00, 0x00, 0x00, 0x00, 0x00, 0x00, 0x00,
    0x00, 0x00, 0x00, 0x00, 0x00, 0x00, 0x00, 0x00, 0x00, 0x00, 0x00, 0x00,
    0x00, 0x00, 0x00, 0x00, 0x00, 0x00, 0x00, 0x00, 0x00, 0x00, 0x00, 0x00,
    0x00, 0x00, 0x00, 0x00, 0x00, 0x00, 0x00, 0x00, 0x00, 0x00, 0x00, 0x00,
    0x00, 0x00, 0x00, 0x00, 0x00, 0x00, 0x00, 0x00, 0x00, 0x00, 0x00, 0x00,
    0x00, 0x00, 0x00, 0x00, 0x00, 0x00, 0x00, 0x00, 0x00, 0x00, 0x00, 0x00,
    0x00, 0x00, 0x00, 0x00, 0x00, 0x00, 0x00, 0x00, 0x00, 0x00, 0x00, 0x00,
    0x00, 0x00, 0x00, 0x00, 0x00, 0x00, 0x00, 0x00, 0x00, 0x00, 0x00, 0x00,
    0x00, 0x00, 0x00, 0x00, 0x00, 0x00, 0x00, 0x00, 0x00, 0x00, 0x00, 0x00,
    0x00, 0x00, 0x00, 0x00, 0x00, 0x00, 0x00, 0x00, 0x00, 0x00, 0x00, 0x00,
    0x00, 0x00, 0x00, 0x00, 0x00, 0x00, 0x00, 0x00, 0x00, 0x00, 0x00, 0x00,
    0x00, 0x00, 0x00, 0x00, 0x00, 0x00, 0x00, 0x00, 0x00, 0x00, 0x00, 0x00,
    0x00, 0x00, 0x00, 0x00, 0x00, 0x00, 0x00, 0x00, 0x00, 0x00, 0x00, 0x00,
    0x00, 0x00, 0x00, 0x00, 0x00, 0x00, 0x00, 0x00, 0x00, 0x00, 0x00, 0x00,
    0x00, 0x00, 0x00, 0x00, 0x00, 0x00, 0x00, 0x00, 0x00, 0x00, 0x00, 0x00,
    0x00, 0x00, 0x00, 0x00, 0x00, 0x00, 0x00, 0x00, 0x00, 0x00, 0x00, 0x00,
    0x00, 0x00, 0x00, 0x00, 0x00, 0x00, 0x00, 0x00, 0x00, 0x00, 0x00, 0x00,
    0x00, 0x00, 0x00, 0x00, 0x00, 0x00, 0x00, 0x00, 0x00, 0x00, 0x00, 0x00,
    0x00, 0x00, 0x00, 0x00, 0x00, 0x00, 0x00, 0x00, 0x00, 0x00, 0x00, 0x00,
    0x00, 0x00, 0x00, 0x00, 0x00, 0x00, 0x00, 0x00, 0x00, 0x00, 0x00, 0x00,
    0x00, 0x00, 0x00, 0x00, 0x00, 0x00, 0x00, 0x00, 0x00, 0x00, 0x00, 0x00,
    0x00, 0x00, 0x00, 0x00, 0x00, 0x00, 0x00, 0x00, 0x00, 0x00, 0x00, 0x00,
    0x00, 0x00, 0x00, 0x00, 0x00, 0x00, 0x00, 0x00, 0x00, 0x00, 0x00, 0x00,
    0x00, 0x00, 0x00, 0x00, 0x00, 0x00, 0x00, 0x00, 0x00, 0x00, 0x00, 0x00,
    0x00, 0x00, 0x00, 0x00, 0x00, 0x00, 0x00, 0x00, 0x00, 0x00, 0x00, 0x00,
    0x00, 0x00, 0x00, 0x00, 0x00, 0x00, 0x00, 0x00, 0x00, 0x00, 0x00, 0x00,
    0x00, 0x00, 0x00, 0x00, 0x00, 0x00, 0x00, 0x00, 0x00, 0x00, 0x00, 0x04,
    0x00, 0x00, 0x00, 0x04, 0x00, 0x00, 0x00, 0x04, 0x00, 0x00, 0x00, 0x04,
    0x00, 0x00, 0x00, 0x08, 0x00, 0x00, 0x00, 0x0c, 0x00, 0x00, 0x00, 0x0c,
    0x00, 0x00, 0x00, 0x10, 0x00, 0x00, 0x00, 0x14, 0x00, 0x00, 0x00, 0x18,
    0x00, 0x00, 0x00, 0x1c, 0x00, 0x00, 0x00, 0x20, 0x00, 0x00, 0x00, 0x28,
    0x00, 0x00, 0x00, 0x2c, 0x00, 0x00, 0x00, 0x30, 0x00, 0x00, 0x00, 0x38,
    0x00, 0x00, 0x00, 0x3c, 0x00, 0x00, 0x00, 0x41, 0x00, 0x00, 0x00, 0x49,
    0x00, 0x00, 0x00, 0x4d, 0x00, 0x00, 0x00, 0x51, 0x00, 0x00, 0x00, 0x59,
    0x00, 0x00, 0x00, 0x61, 0x00, 0x00, 0x00, 0x65, 0x00, 0x00, 0x00, 0x69,
    0x00, 0x00, 0x00, 0x6d, 0x10, 0x08, 0x00, 0x82, 0x20, 0x18, 0x08, 0xa2,
    0x28, 0x20, 0x08, 0xbe, 0x30, 0x24, 0x08, 0xd7, 0x38, 0x28, 0x10, 0xef,
    0x40, 0x2c, 0x08, 0xff, 0x40, 0x30, 0x10, 0xff, 0x40, 0x2c, 0x08, 0xff,
    0x40, 0x2c, 0x08, 0xff, 0x40, 0x2c, 0x08, 0xff, 0x40, 0x2c, 0x08, 0xff,
    0x40, 0x2c, 0x08, 0xff, 0x40, 0x2c, 0x08, 0xff, 0x40, 0x2c, 0x08, 0xff,
    0x40, 0x28, 0x08, 0xff, 0x38, 0x28, 0x08, 0xff, 0x40, 0x28, 0x08, 0xff,
    0x38, 0x2c, 0x08, 0xff, 0x38, 0x28, 0x08, 0xff, 0x40, 0x2c, 0x08, 0xff,
    0x40, 0x28, 0x08, 0xff, 0x40, 0x2c, 0x08, 0xff, 0x40, 0x28, 0x08, 0xff,
    0x40, 0x28, 0x08, 0xff, 0x40, 0x2c, 0x08, 0xff, 0x40, 0x2c, 0x10, 0xff,
    0x40, 0x2c, 0x08, 0xff, 0x40, 0x2c, 0x08, 0xff, 0x40, 0x2c, 0x10, 0xff,
    0x40, 0x2c, 0x08, 0xff, 0x40, 0x2c, 0x10, 0xff, 0x40, 0x2c, 0x10, 0xff,
    0x38, 0x28, 0x08, 0xeb, 0x30, 0x24, 0x08, 0xd7, 0x28, 0x20, 0x08, 0xbe,
    0x20, 0x18, 0x08, 0xa2, 0x10, 0x08, 0x00, 0x82, 0x00, 0x00, 0x00, 0x6d,
    0x00, 0x00, 0x00, 0x69, 0x00, 0x00, 0x00, 0x65, 0x00, 0x00, 0x00, 0x61,
    0x00, 0x00, 0x00, 0x59, 0x00, 0x00, 0x00, 0x51, 0x00, 0x00, 0x00, 0x4d,
    0x00, 0x00, 0x00, 0x49, 0x00, 0x00, 0x00, 0x41, 0x00, 0x00, 0x00, 0x3c,
    0x00, 0x00, 0x00, 0x38, 0x00, 0x00, 0x00, 0x30, 0x00, 0x00, 0x00, 0x2c,
    0x00, 0x00, 0x00, 0x28, 0x00, 0x00, 0x00, 0x20, 0x00, 0x00, 0x00, 0x1c,
    0x00, 0x00, 0x00, 0x18, 0x00, 0x00, 0x00, 0x14, 0x00, 0x00, 0x00, 0x10,
    0x00, 0x00, 0x00, 0x0c, 0x00, 0x00, 0x00, 0x0c, 0x00, 0x00, 0x00, 0x08,
    0x00, 0x00, 0x00, 0x04, 0x00, 0x00, 0x00, 0x04, 0x00, 0x00, 0x00, 0x04,
    0x00, 0x00, 0x00, 0x00, 0x00, 0x00, 0x00, 0x00, 0x00, 0x00, 0x00, 0x00,
    0x00, 0x00, 0x00, 0x00, 0x00, 0x00, 0x00, 0x00, 0x00, 0x00, 0x00, 0x00,
    0x00, 0x00, 0x00, 0x00, 0x00, 0x00, 0x00, 0x00, 0x00, 0x00, 0x00, 0x00,
    0x00, 0x00, 0x00, 0x00, 0x00, 0x00, 0x00, 0x00, 0x00, 0x00, 0x00, 0x00,
    0x00, 0x00, 0x00, 0x00, 0x00, 0x00, 0x00, 0x00, 0x00, 0x00, 0x00, 0x00,
    0x00, 0x00, 0x00, 0x00, 0x00, 0x00, 0x00, 0x00, 0x00, 0x00, 0x00, 0x00,
    0x00, 0x00, 0x00, 0x00, 0x00, 0x00, 0x00, 0x00, 0x00, 0x00, 0x00, 0x00,
    0x00, 0x00, 0x00, 0x00, 0x00, 0x00, 0x00, 0x00, 0x00, 0x00, 0x00, 0x00,
    0x00, 0x00, 0x00, 0x00, 0x00, 0x00, 0x00, 0x00, 0x00, 0x00, 0x00, 0x00,
    0x00, 0x00, 0x00, 0x00, 0x00, 0x00, 0x00, 0x00, 0x00, 0x00, 0x00, 0x00,
    0x00, 0x00, 0x00, 0x00, 0x00, 0x00, 0x00, 0x00, 0x00, 0x00, 0x00, 0x00,
    0x00, 0x00, 0x00, 0x00, 0x00, 0x00, 0x00, 0x00, 0x00, 0x00, 0x00, 0x00,
    0x00, 0x00, 0x00, 0x00, 0x00, 0x00, 0x00, 0x00, 0x00, 0x00, 0x00, 0x00,
    0x00, 0x00, 0x00, 0x00, 0x00, 0x00, 0x00, 0x00, 0x00, 0x00, 0x00, 0x00,
    0x00, 0x00, 0x00, 0x00, 0x00, 0x00, 0x00, 0x00, 0x00, 0x00, 0x00, 0x00,
    0x00, 0x00, 0x00, 0x00, 0x00, 0x00, 0x00, 0x00, 0x00, 0x00, 0x00, 0x00,
    0x00, 0x00, 0x00, 0x00, 0x00, 0x00, 0x00, 0x00, 0x00, 0x00, 0x00, 0x00,
    0x00, 0x00, 0x00, 0x00, 0x00, 0x00, 0x00, 0x00, 0x00, 0x00, 0x00, 0x00,
    0x00, 0x00, 0x00, 0x00, 0x00, 0x00, 0x00, 0x00, 0x00, 0x00, 0x00, 0x00,
    0x00, 0x00, 0x00, 0x00, 0x00, 0x00, 0x00, 0x00, 0x00, 0x00, 0x00, 0x00,
    0x00, 0x00, 0x00, 0x00, 0x00, 0x00, 0x00, 0x00, 0x00, 0x00, 0x00, 0x00,
    0x00, 0x00, 0x00, 0x00, 0x00, 0x00, 0x00, 0x00, 0x00, 0x00, 0x00, 0x00,
    0x00, 0x00, 0x00, 0x00, 0x00, 0x00, 0x00, 0x00, 0x00, 0x00, 0x00, 0x00,
    0x00, 0x00, 0x00, 0x00, 0x00, 0x00, 0x00, 0x00, 0x00, 0x00, 0x00, 0x00,
    0x00, 0x00, 0x00, 0x00, 0x00, 0x00, 0x00, 0x00, 0x00, 0x00, 0x00, 0x00,
    0x00, 0x00, 0x00, 0x00, 0x00, 0x00, 0x00, 0x00, 0x00, 0x00, 0x00, 0x00,
    0x00, 0x00, 0x00, 0x00, 0x00, 0x00, 0x00, 0x00, 0x00, 0x00, 0x00, 0x00,
    0x00, 0x00, 0x00, 0x00, 0x00, 0x00, 0x00, 0x00, 0x00, 0x00, 0x00, 0x00,
    0x00, 0x00, 0x00, 0x00, 0x00, 0x00, 0x00, 0x00, 0x00, 0x00, 0x00, 0x00,
    0x00, 0x00, 0x00, 0x00, 0x00, 0x00, 0x00, 0x00, 0x00, 0x00, 0x00, 0x00,
    0x00, 0x00, 0x00, 0x00, 0x00, 0x00, 0x00, 0x00, 0x00, 0x00, 0x00, 0x00,
    0x00, 0x00, 0x00, 0x00, 0x00, 0x00, 0x00, 0x00, 0x00, 0x00, 0x00, 0x00,
    0x00, 0x00, 0x00, 0x00, 0x00, 0x00, 0x00, 0x00, 0x00, 0x00, 0x00, 0x00,
    0x00, 0x00, 0x00, 0x00, 0x00, 0x00, 0x00, 0x00, 0x00, 0x00, 0x00, 0x04,
    0x00, 0x00, 0x00, 0x04, 0x00, 0x00, 0x00, 0x04, 0x00, 0x00, 0x00, 0x04,
    0x00, 0x00, 0x00, 0x08, 0x00, 0x00, 0x00, 0x0c, 0x00, 0x00, 0x00, 0x0c,
    0x00, 0x00, 0x00, 0x10, 0x00, 0x00, 0x00, 0x14, 0x00, 0x00, 0x00, 0x1c,
    0x00, 0x00, 0x00, 0x20, 0x00, 0x00, 0x00, 0x24, 0x00, 0x00, 0x00, 0x28,
    0x00, 0x00, 0x00, 0x30, 0x00, 0x00, 0x00, 0x34, 0x00, 0x00, 0x00, 0x3c,
    0x00, 0x00, 0x00, 0x41, 0x00, 0x00, 0x00, 0x49, 0x00, 0x00, 0x00, 0x4d,
    0x00, 0x00, 0x00, 0x55, 0x00, 0x00, 0x00, 0x5d, 0x00, 0x00, 0x00, 0x61,
    0x00, 0x00, 0x00, 0x69, 0x00, 0x00, 0x00, 0x6d, 0x10, 0x0c, 0x00, 0x8a,
    0x28, 0x1c, 0x08, 0xb2, 0x30, 0x24, 0x08, 0xd3, 0x38, 0x2c, 0x10, 0xef,
    0x40, 0x2c, 0x08, 0xff, 0x40, 0x2c, 0x10, 0xff, 0x40, 0x2c, 0x08, 0xff,
    0x40, 0x2c, 0x08, 0xff, 0x40, 0x2c, 0x08, 0xff, 0x40, 0x28, 0x08, 0xff,
    0x40, 0x28, 0x08, 0xff, 0x38, 0x28, 0x08, 0xff, 0x38, 0x28, 0x08, 0xff,
    0x38, 0x28, 0x08, 0xff, 0x38, 0x28, 0x08, 0xff, 0x38, 0x28, 0x08, 0xff,
    0x38, 0x2c, 0x08, 0xff, 0x38, 0x28, 0x08, 0xff, 0x38, 0x2c, 0x08, 0xff,
    0x38, 0x28, 0x08, 0xff, 0x38, 0x28, 0x08, 0xff, 0x38, 0x28, 0x08, 0xff,
    0x38, 0x28, 0x08, 0xff, 0x38, 0x28, 0x08, 0xff, 0x38, 0x28, 0x08, 0xff,
    0x38, 0x28, 0x08, 0xff, 0x38, 0x28, 0x08, 0xff, 0x38, 0x28, 0x08, 0xff,
    0x38, 0x28, 0x08, 0xff, 0x38, 0x28, 0x08, 0xff, 0x38, 0x28, 0x08, 0xff,
    0x38, 0x28, 0x08, 0xff, 0x38, 0x28, 0x08, 0xff, 0x38, 0x2c, 0x08, 0xff,
    0x40, 0x2c, 0x08, 0xff, 0x40, 0x2c, 0x08, 0xff, 0x40, 0x2c, 0x08, 0xff,
    0x40, 0x2c, 0x08, 0xff, 0x40, 0x2c, 0x10, 0xff, 0x40, 0x2c, 0x08, 0xff,
    0x40, 0x2c, 0x10, 0xff, 0x38, 0x2c, 0x08, 0xef, 0x30, 0x24, 0x08, 0xd3,
    0x28, 0x1c, 0x08, 0xb2, 0x10, 0x0c, 0x00, 0x8a, 0x00, 0x00, 0x00, 0x71,
    0x00, 0x00, 0x00, 0x69, 0x00, 0x00, 0x00, 0x61, 0x00, 0x00, 0x00, 0x5d,
    0x00, 0x00, 0x00, 0x55, 0x00, 0x00, 0x00, 0x4d, 0x00, 0x00, 0x00, 0x49,
    0x00, 0x00, 0x00, 0x41, 0x00, 0x00, 0x00, 0x3c, 0x00, 0x00, 0x00, 0x34,
    0x00, 0x00, 0x00, 0x30, 0x00, 0x00, 0x00, 0x28, 0x00, 0x00, 0x00, 0x24,
    0x00, 0x00, 0x00, 0x20, 0x00, 0x00, 0x00, 0x1c, 0x00, 0x00, 0x00, 0x14,
    0x00, 0x00, 0x00, 0x10, 0x00, 0x00, 0x00, 0x10, 0x00, 0x00, 0x00, 0x0c,
    0x00, 0x00, 0x00, 0x08, 0x00, 0x00, 0x00, 0x08, 0x00, 0x00, 0x00, 0x04,
    0x00, 0x00, 0x00, 0x04, 0x00, 0x00, 0x00, 0x04, 0x00, 0x00, 0x00, 0x00,
    0x00, 0x00, 0x00, 0x00, 0x00, 0x00, 0x00, 0x00, 0x00, 0x00, 0x00, 0x00,
    0x00, 0x00, 0x00, 0x00, 0x00, 0x00, 0x00, 0x00, 0x00, 0x00, 0x00, 0x00,
    0x00, 0x00, 0x00, 0x00, 0x00, 0x00, 0x00, 0x00, 0x00, 0x00, 0x00, 0x00,
    0x00, 0x00, 0x00, 0x00, 0x00, 0x00, 0x00, 0x00, 0x00, 0x00, 0x00, 0x00,
    0x00, 0x00, 0x00, 0x00, 0x00, 0x00, 0x00, 0x00, 0x00, 0x00, 0x00, 0x00,
    0x00, 0x00, 0x00, 0x00, 0x00, 0x00, 0x00, 0x00, 0x00, 0x00, 0x00, 0x00,
    0x00, 0x00, 0x00, 0x00, 0x00, 0x00, 0x00, 0x00, 0x00, 0x00, 0x00, 0x00,
    0x00, 0x00, 0x00, 0x00, 0x00, 0x00, 0x00, 0x00, 0x00, 0x00, 0x00, 0x00,
    0x00, 0x00, 0x00, 0x00, 0x00, 0x00, 0x00, 0x00, 0x00, 0x00, 0x00, 0x00,
    0x00, 0x00, 0x00, 0x00, 0x00, 0x00, 0x00, 0x00, 0x00, 0x00, 0x00, 0x00,
    0x00, 0x00, 0x00, 0x00, 0x00, 0x00, 0x00, 0x00, 0x00, 0x00, 0x00, 0x00,
    0x00, 0x00, 0x00, 0x00, 0x00, 0x00, 0x00, 0x00, 0x00, 0x00, 0x00, 0x00,
    0x00, 0x00, 0x00, 0x00, 0x00, 0x00, 0x00, 0x00, 0x00, 0x00, 0x00, 0x00,
    0x00, 0x00, 0x00, 0x00, 0x00, 0x00, 0x00, 0x00, 0x00, 0x00, 0x00, 0x00,
    0x00, 0x00, 0x00, 0x00, 0x00, 0x00, 0x00, 0x00, 0x00, 0x00, 0x00, 0x00,
    0x00, 0x00, 0x00, 0x00, 0x00, 0x00, 0x00, 0x00, 0x00, 0x00, 0x00, 0x00,
    0x00, 0x00, 0x00, 0x00, 0x00, 0x00, 0x00, 0x00, 0x00, 0x00, 0x00, 0x00,
    0x00, 0x00, 0x00, 0x00, 0x00, 0x00, 0x00, 0x00, 0x00, 0x00, 0x00, 0x00,
    0x00, 0x00, 0x00, 0x00, 0x00, 0x00, 0x00, 0x00, 0x00, 0x00, 0x00, 0x00,
    0x00, 0x00, 0x00, 0x00, 0x00, 0x00, 0x00, 0x00, 0x00, 0x00, 0x00, 0x00,
    0x00, 0x00, 0x00, 0x00, 0x00, 0x00, 0x00, 0x00, 0x00, 0x00, 0x00, 0x00,
    0x00, 0x00, 0x00, 0x00, 0x00, 0x00, 0x00, 0x00, 0x00, 0x00, 0x00, 0x00,
    0x00, 0x00, 0x00, 0x00, 0x00, 0x00, 0x00, 0x00, 0x00, 0x00, 0x00, 0x00,
    0x00, 0x00, 0x00, 0x00, 0x00, 0x00, 0x00, 0x00, 0x00, 0x00, 0x00, 0x00,
    0x00, 0x00, 0x00, 0x00, 0x00, 0x00, 0x00, 0x00, 0x00, 0x00, 0x00, 0x00,
    0x00, 0x00, 0x00, 0x00, 0x00, 0x00, 0x00, 0x00, 0x00, 0x00, 0x00, 0x00,
    0x00, 0x00, 0x00, 0x00, 0x00, 0x00, 0x00, 0x00, 0x00, 0x00, 0x00, 0x00,
    0x00, 0x00, 0x00, 0x00, 0x00, 0x00, 0x00, 0x00, 0x00, 0x00, 0x00, 0x00,
    0x00, 0x00, 0x00, 0x00, 0x00, 0x00, 0x00, 0x00, 0x00, 0x00, 0x00, 0x00,
    0x00, 0x00, 0x00, 0x00, 0x00, 0x00, 0x00, 0x00, 0x00, 0x00, 0x00, 0x00,
    0x00, 0x00, 0x00, 0x00, 0x00, 0x00, 0x00, 0x00, 0x00, 0x00, 0x00, 0x00,
    0x00, 0x00, 0x00, 0x00, 0x00, 0x00, 0x00, 0x00, 0x00, 0x00, 0x00, 0x04,
    0x00, 0x00, 0x00, 0x04, 0x00, 0x00, 0x00, 0x04, 0x00, 0x00, 0x00, 0x04,
    0x00, 0x00, 0x00, 0x08, 0x00, 0x00, 0x00, 0x0c, 0x00, 0x00, 0x00, 0x0c,
    0x00, 0x00, 0x00, 0x14, 0x00, 0x00, 0x00, 0x18, 0x00, 0x00, 0x00, 0x1c,
    0x00, 0x00, 0x00, 0x20, 0x00, 0x00, 0x00, 0x24, 0x00, 0x00, 0x00, 0x2c,
    0x00, 0x00, 0x00, 0x30, 0x00, 0x00, 0x00, 0x38, 0x00, 0x00, 0x00, 0x41,
    0x00, 0x00, 0x00, 0x45, 0x00, 0x00, 0x00, 0x4d, 0x00, 0x00, 0x00, 0x55,
    0x00, 0x00, 0x00, 0x5d, 0x00, 0x00, 0x00, 0x61, 0x00, 0x00, 0x00, 0x69,
    0x08, 0x04, 0x00, 0x79, 0x20, 0x18, 0x08, 0xa2, 0x30, 0x24, 0x08, 0xcb,
    0x38, 0x2c, 0x10, 0xef, 0x40, 0x2c, 0x10, 0xff, 0x40, 0x2c, 0x08, 0xff,
    0x40, 0x2c, 0x08, 0xff, 0x40, 0x28, 0x08, 0xff, 0x38, 0x2c, 0x08, 0xff,
    0x38, 0x28, 0x08, 0xff, 0x40, 0x28, 0x08, 0xff, 0x38, 0x28, 0x08, 0xff,
    0x38, 0x28, 0x08, 0xff, 0x38, 0x28, 0x08, 0xff, 0x38, 0x28, 0x08, 0xff,
    0x38, 0x28, 0x08, 0xff, 0x38, 0x28, 0x08, 0xff, 0x40, 0x28, 0x08, 0xff,
    0x38, 0x28, 0x08, 0xff, 0x38, 0x28, 0x08, 0xff, 0x38, 0x28, 0x08, 0xff,
    0x38, 0x28, 0x08, 0xff, 0x38, 0x28, 0x08, 0xff, 0x40, 0x28, 0x08, 0xff,
    0x38, 0x28, 0x08, 0xff, 0x40, 0x28, 0x08, 0xff, 0x38, 0x28, 0x08, 0xff,
    0x38, 0x28, 0x08, 0xff, 0x38, 0x28, 0x08, 0xff, 0x38, 0x28, 0x08, 0xff,
    0x38, 0x28, 0x08, 0xff, 0x38, 0x28, 0x08, 0xff, 0x38, 0x28, 0x08, 0xff,
    0x38, 0x28, 0x08, 0xff, 0x38, 0x28, 0x08, 0xff, 0x40, 0x28, 0x08, 0xff,
    0x38, 0x28, 0x08, 0xff, 0x38, 0x28, 0x08, 0xff, 0x38, 0x28, 0x08, 0xff,
    0x38, 0x28, 0x08, 0xff, 0x38, 0x28, 0x08, 0xff, 0x38, 0x28, 0x08, 0xff,
    0x40, 0x28, 0x08, 0xff, 0x38, 0x28, 0x08, 0xff, 0x40, 0x2c, 0x08, 0xff,
    0x40, 0x28, 0x08, 0xff, 0x40, 0x2c, 0x08, 0xff, 0x40, 0x2c, 0x10, 0xff,
    0x40, 0x2c, 0x10, 0xff, 0x38, 0x2c, 0x08, 0xef, 0x30, 0x24, 0x08, 0xcb,
    0x20, 0x18, 0x08, 0xa2, 0x08, 0x04, 0x00, 0x79, 0x00, 0x00, 0x00, 0x69,
    0x00, 0x00, 0x00, 0x65, 0x00, 0x00, 0x00, 0x5d, 0x00, 0x00, 0x00, 0x55,
    0x00, 0x00, 0x00, 0x4d, 0x00, 0x00, 0x00, 0x45, 0x00, 0x00, 0x00, 0x41,
    0x00, 0x00, 0x00, 0x38, 0x00, 0x00, 0x00, 0x30, 0x00, 0x00, 0x00, 0x2c,
    0x00, 0x00, 0x00, 0x24, 0x00, 0x00, 0x00, 0x20, 0x00, 0x00, 0x00, 0x1c,
    0x00, 0x00, 0x00, 0x14, 0x00, 0x00, 0x00, 0x10, 0x00, 0x00, 0x00, 0x10,
    0x00, 0x00, 0x00, 0x0c, 0x00, 0x00, 0x00, 0x08, 0x00, 0x00, 0x00, 0x04,
    0x00, 0x00, 0x00, 0x04, 0x00, 0x00, 0x00, 0x04, 0x00, 0x00, 0x00, 0x00,
    0x00, 0x00, 0x00, 0x00, 0x00, 0x00, 0x00, 0x00, 0x00, 0x00, 0x00, 0x00,
    0x00, 0x00, 0x00, 0x00, 0x00, 0x00, 0x00, 0x00, 0x00, 0x00, 0x00, 0x00,
    0x00, 0x00, 0x00, 0x00, 0x00, 0x00, 0x00, 0x00, 0x00, 0x00, 0x00, 0x00,
    0x00, 0x00, 0x00, 0x00, 0x00, 0x00, 0x00, 0x00, 0x00, 0x00, 0x00, 0x00,
    0x00, 0x00, 0x00, 0x00, 0x00, 0x00, 0x00, 0x00, 0x00, 0x00, 0x00, 0x00,
    0x00, 0x00, 0x00, 0x00, 0x00, 0x00, 0x00, 0x00, 0x00, 0x00, 0x00, 0x00,
    0x00, 0x00, 0x00, 0x00, 0x00, 0x00, 0x00, 0x00, 0x00, 0x00, 0x00, 0x00,
    0x00, 0x00, 0x00, 0x00, 0x00, 0x00, 0x00, 0x00, 0x00, 0x00, 0x00, 0x00,
    0x00, 0x00, 0x00, 0x00, 0x00, 0x00, 0x00, 0x00, 0x00, 0x00, 0x00, 0x00,
    0x00, 0x00, 0x00, 0x00, 0x00, 0x00, 0x00, 0x00, 0x00, 0x00, 0x00, 0x00,
    0x00, 0x00, 0x00, 0x00, 0x00, 0x00, 0x00, 0x00, 0x00, 0x00, 0x00, 0x00,
    0x00, 0x00, 0x00, 0x00, 0x00, 0x00, 0x00, 0x00, 0x00, 0x00, 0x00, 0x00,
    0x00, 0x00, 0x00, 0x00, 0x00, 0x00, 0x00, 0x00, 0x00, 0x00, 0x00, 0x00,
    0x00, 0x00, 0x00, 0x00, 0x00, 0x00, 0x00, 0x00, 0x00, 0x00, 0x00, 0x00,
    0x00, 0x00, 0x00, 0x00, 0x00, 0x00, 0x00, 0x00, 0x00, 0x00, 0x00, 0x00,
    0x00, 0x00, 0x00, 0x00, 0x00, 0x00, 0x00, 0x00, 0x00, 0x00, 0x00, 0x00,
    0x00, 0x00, 0x00, 0x00, 0x00, 0x00, 0x00, 0x00, 0x00, 0x00, 0x00, 0x00,
    0x00, 0x00, 0x00, 0x00, 0x00, 0x00, 0x00, 0x00, 0x00, 0x00, 0x00, 0x00,
    0x00, 0x00, 0x00, 0x00, 0x00, 0x00, 0x00, 0x00, 0x00, 0x00, 0x00, 0x00,
    0x00, 0x00, 0x00, 0x00, 0x00, 0x00, 0x00, 0x00, 0x00, 0x00, 0x00, 0x00,
    0x00, 0x00, 0x00, 0x00, 0x00, 0x00, 0x00, 0x00, 0x00, 0x00, 0x00, 0x00,
    0x00, 0x00, 0x00, 0x00, 0x00, 0x00, 0x00, 0x00, 0x00, 0x00, 0x00, 0x00,
    0x00, 0x00, 0x00, 0x00, 0x00, 0x00, 0x00, 0x00, 0x00, 0x00, 0x00, 0x00,
    0x00, 0x00, 0x00, 0x00, 0x00, 0x00, 0x00, 0x00, 0x00, 0x00, 0x00, 0x00,
    0x00, 0x00, 0x00, 0x00, 0x00, 0x00, 0x00, 0x00, 0x00, 0x00, 0x00, 0x00,
    0x00, 0x00, 0x00, 0x00, 0x00, 0x00, 0x00, 0x00, 0x00, 0x00, 0x00, 0x00,
    0x00, 0x00, 0x00, 0x00, 0x00, 0x00, 0x00, 0x00, 0x00, 0x00, 0x00, 0x00,
    0x00, 0x00, 0x00, 0x00, 0x00, 0x00, 0x00, 0x00, 0x00, 0x00, 0x00, 0x00,
    0x00, 0x00, 0x00, 0x00, 0x00, 0x00, 0x00, 0x00, 0x00, 0x00, 0x00, 0x00,
    0x00, 0x00, 0x00, 0x00, 0x00, 0x00, 0x00, 0x00, 0x00, 0x00, 0x00, 0x00,
    0x00, 0x00, 0x00, 0x00, 0x00, 0x00, 0x00, 0x00, 0x00, 0x00, 0x00, 0x00,
    0x00, 0x00, 0x00, 0x04, 0x00, 0x00, 0x00, 0x04, 0x00, 0x00, 0x00, 0x04,
    0x00, 0x00, 0x00, 0x08, 0x00, 0x00, 0x00, 0x08, 0x00, 0x00, 0x00, 0x10,
    0x00, 0x00, 0x00, 0x10, 0x00, 0x00, 0x00, 0x14, 0x00, 0x00, 0x00, 0x1c,
    0x00, 0x00, 0x00, 0x20, 0x00, 0x00, 0x00, 0x24, 0x00, 0x00, 0x00, 0x2c,
    0x00, 0x00, 0x00, 0x34, 0x00, 0x00, 0x00, 0x3c, 0x00, 0x00, 0x00, 0x41,
    0x00, 0x00, 0x00, 0x49, 0x00, 0x00, 0x00, 0x51, 0x00, 0x00, 0x00, 0x59,
    0x00, 0x00, 0x00, 0x61, 0x00, 0x00, 0x00, 0x69, 0x08, 0x04, 0x00, 0x79,
    0x20, 0x18, 0x08, 0xa6, 0x30, 0x24, 0x08, 0xd7, 0x40, 0x2c, 0x10, 0xfb,
    0x40, 0x2c, 0x08, 0xff, 0x40, 0x2c, 0x08, 0xff, 0x38, 0x28, 0x08, 0xff,
    0x40, 0x28, 0x08, 0xff, 0x38, 0x28, 0x08, 0xff, 0x38, 0x28, 0x08, 0xff,
    0x38, 0x28, 0x08, 0xff, 0x38, 0x28, 0x08, 0xff, 0x38, 0x28, 0x08, 0xff,
    0x38, 0x28, 0x08, 0xff, 0x38, 0x28, 0x08, 0xff, 0x38, 0x28, 0x08, 0xff,
    0x38, 0x28, 0x08, 0xff, 0x38, 0x28, 0x08, 0xff, 0x40, 0x28, 0x08, 0xff,
    0x38, 0x28, 0x00, 0xff, 0x38, 0x28, 0x08, 0xff, 0x38, 0x24, 0x00, 0xff,
    0x38, 0x24, 0x08, 0xff, 0x38, 0x24, 0x00, 0xff, 0x38, 0x24, 0x00, 0xff,
    0x38, 0x28, 0x00, 0xff, 0x38, 0x28, 0x00, 0xff, 0x38, 0x24, 0x00, 0xff,
    0x38, 0x28, 0x00, 0xff, 0x38, 0x28, 0x00, 0xff, 0x38, 0x28, 0x00, 0xff,
    0x40, 0x24, 0x00, 0xff, 0x38, 0x28, 0x00, 0xff, 0x38, 0x24, 0x00, 0xff,
    0x40, 0x28, 0x00, 0xff, 0x38, 0x24, 0x00, 0xff, 0x38, 0x28, 0x00, 0xff,
    0x38, 0x28, 0x00, 0xff, 0x38, 0x24, 0x00, 0xff, 0x38, 0x28, 0x00, 0xff,
    0x38, 0x28, 0x08, 0xff, 0x38, 0x28, 0x08, 0xff, 0x38, 0x28, 0x00, 0xff,
    0x38, 0x28, 0x08, 0xff, 0x38, 0x28, 0x08, 0xff, 0x38, 0x28, 0x08, 0xff,
    0x38, 0x28, 0x08, 0xff, 0x38, 0x28, 0x08, 0xff, 0x38, 0x28, 0x08, 0xff,
    0x38, 0x28, 0x08, 0xff, 0x38, 0x28, 0x08, 0xff, 0x40, 0x2c, 0x08, 0xff,
    0x40, 0x28, 0x08, 0xff, 0x40, 0x2c, 0x08, 0xff, 0x40, 0x2c, 0x10, 0xff,
    0x40, 0x2c, 0x08, 0xfb, 0x30, 0x24, 0x08, 0xd7, 0x20, 0x18, 0x08, 0xa6,
    0x08, 0x04, 0x00, 0x79, 0x00, 0x00, 0x00, 0x69, 0x00, 0x00, 0x00, 0x61,
    0x00, 0x00, 0x00, 0x59, 0x00, 0x00, 0x00, 0x51, 0x00, 0x00, 0x00, 0x49,
    0x00, 0x00, 0x00, 0x41, 0x00, 0x00, 0x00, 0x3c, 0x00, 0x00, 0x00, 0x34,
    0x00, 0x00, 0x00, 0x2c, 0x00, 0x00, 0x00, 0x28, 0x00, 0x00, 0x00, 0x20,
    0x00, 0x00, 0x00, 0x1c, 0x00, 0x00, 0x00, 0x14, 0x00, 0x00, 0x00, 0x10,
    0x00, 0x00, 0x00, 0x0c, 0x00, 0x00, 0x00, 0x0c, 0x00, 0x00, 0x00, 0x08,
    0x00, 0x00, 0x00, 0x04, 0x00, 0x00, 0x00, 0x04, 0x00, 0x00, 0x00, 0x04,
    0x00, 0x00, 0x00, 0x04, 0x00, 0x00, 0x00, 0x00, 0x00, 0x00, 0x00, 0x00,
    0x00, 0x00, 0x00, 0x00, 0x00, 0x00, 0x00, 0x00, 0x00, 0x00, 0x00, 0x00,
    0x00, 0x00, 0x00, 0x00, 0x00, 0x00, 0x00, 0x00, 0x00, 0x00, 0x00, 0x00,
    0x00, 0x00, 0x00, 0x00, 0x00, 0x00, 0x00, 0x00, 0x00, 0x00, 0x00, 0x00,
    0x00, 0x00, 0x00, 0x00, 0x00, 0x00, 0x00, 0x00, 0x00, 0x00, 0x00, 0x00,
    0x00, 0x00, 0x00, 0x00, 0x00, 0x00, 0x00, 0x00, 0x00, 0x00, 0x00, 0x00,
    0x00, 0x00, 0x00, 0x00, 0x00, 0x00, 0x00, 0x00, 0x00, 0x00, 0x00, 0x00,
    0x00, 0x00, 0x00, 0x00, 0x00, 0x00, 0x00, 0x00, 0x00, 0x00, 0x00, 0x00,
    0x00, 0x00, 0x00, 0x00, 0x00, 0x00, 0x00, 0x00, 0x00, 0x00, 0x00, 0x00,
    0x00, 0x00, 0x00, 0x00, 0x00, 0x00, 0x00, 0x00, 0x00, 0x00, 0x00, 0x00,
    0x00, 0x00, 0x00, 0x00, 0x00, 0x00, 0x00, 0x00, 0x00, 0x00, 0x00, 0x00,
    0x00, 0x00, 0x00, 0x00, 0x00, 0x00, 0x00, 0x00, 0x00, 0x00, 0x00, 0x00,
    0x00, 0x00, 0x00, 0x00, 0x00, 0x00, 0x00, 0x00, 0x00, 0x00, 0x00, 0x00,
    0x00, 0x00, 0x00, 0x00, 0x00, 0x00, 0x00, 0x00, 0x00, 0x00, 0x00, 0x00,
    0x00, 0x00, 0x00, 0x00, 0x00, 0x00, 0x00, 0x00, 0x00, 0x00, 0x00, 0x00,
    0x00, 0x00, 0x00, 0x00, 0x00, 0x00, 0x00, 0x00, 0x00, 0x00, 0x00, 0x00,
    0x00, 0x00, 0x00, 0x00, 0x00, 0x00, 0x00, 0x00, 0x00, 0x00, 0x00, 0x00,
    0x00, 0x00, 0x00, 0x00, 0x00, 0x00, 0x00, 0x00, 0x00, 0x00, 0x00, 0x00,
    0x00, 0x00, 0x00, 0x00, 0x00, 0x00, 0x00, 0x00, 0x00, 0x00, 0x00, 0x00,
    0x00, 0x00, 0x00, 0x00, 0x00, 0x00, 0x00, 0x00, 0x00, 0x00, 0x00, 0x00,
    0x00, 0x00, 0x00, 0x00, 0x00, 0x00, 0x00, 0x00, 0x00, 0x00, 0x00, 0x00,
    0x00, 0x00, 0x00, 0x00, 0x00, 0x00, 0x00, 0x00, 0x00, 0x00, 0x00, 0x00,
    0x00, 0x00, 0x00, 0x00, 0x00, 0x00, 0x00, 0x00, 0x00, 0x00, 0x00, 0x00,
    0x00, 0x00, 0x00, 0x00, 0x00, 0x00, 0x00, 0x00, 0x00, 0x00, 0x00, 0x00,
    0x00, 0x00, 0x00, 0x00, 0x00, 0x00, 0x00, 0x00, 0x00, 0x00, 0x00, 0x00,
    0x00, 0x00, 0x00, 0x00, 0x00, 0x00, 0x00, 0x00, 0x00, 0x00, 0x00, 0x00,
    0x00, 0x00, 0x00, 0x00, 0x00, 0x00, 0x00, 0x00, 0x00, 0x00, 0x00, 0x00,
    0x00, 0x00, 0x00, 0x00, 0x00, 0x00, 0x00, 0x00, 0x00, 0x00, 0x00, 0x00,
    0x00, 0x00, 0x00, 0x00, 0x00, 0x00, 0x00, 0x00, 0x00, 0x00, 0x00, 0x00,
    0x00, 0x00, 0x00, 0x00, 0x00, 0x00, 0x00, 0x00, 0x00, 0x00, 0x00, 0x00,
    0x00, 0x00, 0x00, 0x04, 0x00, 0x00, 0x00, 0x04, 0x00, 0x00, 0x00, 0x04,
    0x00, 0x00, 0x00, 0x08, 0x00, 0x00, 0x00, 0x08, 0x00, 0x00, 0x00, 0x0c,
    0x00, 0x00, 0x00, 0x10, 0x00, 0x00, 0x00, 0x14, 0x00, 0x00, 0x00, 0x1c,
    0x00, 0x00, 0x00, 0x20, 0x00, 0x00, 0x00, 0x24, 0x00, 0x00, 0x00, 0x2c,
    0x00, 0x00, 0x00, 0x34, 0x00, 0x00, 0x00, 0x3c, 0x00, 0x00, 0x00, 0x45,
    0x00, 0x00, 0x00, 0x4d, 0x00, 0x00, 0x00, 0x55, 0x00, 0x00, 0x00, 0x5d,
    0x00, 0x00, 0x00, 0x65, 0x00, 0x00, 0x00, 0x71, 0x18, 0x14, 0x08, 0x9a,
    0x30, 0x24, 0x08, 0xd3, 0x40, 0x2c, 0x10, 0xfb, 0x40, 0x2c, 0x08, 0xff,
    0x40, 0x2c, 0x08, 0xff, 0x38, 0x28, 0x08, 0xff, 0x38, 0x28, 0x08, 0xff,
    0x38, 0x28, 0x08, 0xff, 0x38, 0x28, 0x08, 0xff, 0x38, 0x28, 0x08, 0xff,
    0x38, 0x2c, 0x08, 0xff, 0x38, 0x28, 0x08, 0xff, 0x38, 0x28, 0x08, 0xff,
    0x40, 0x28, 0x08, 0xff, 0x38, 0x28, 0x00, 0xff, 0x38, 0x28, 0x00, 0xff,
    0x38, 0x28, 0x00, 0xff, 0x38, 0x24, 0x00, 0xff, 0x38, 0x28, 0x00, 0xff,
    0x38, 0x28, 0x00, 0xff, 0x38, 0x24, 0x00, 0xff, 0x38, 0x24, 0x08, 0xff,
    0x38, 0x28, 0x00, 0xff, 0x38, 0x28, 0x08, 0xff, 0x38, 0x24, 0x00, 0xff,
    0x40, 0x28, 0x08, 0xff, 0x38, 0x28, 0x08, 0xff, 0x38, 0x28, 0x08, 0xff,
    0x38, 0x24, 0x08, 0xff, 0x38, 0x28, 0x08, 0xff, 0x38, 0x24, 0x00, 0xff,
    0x38, 0x24, 0x08, 0xff, 0x38, 0x28, 0x08, 0xff, 0x38, 0x24, 0x08, 0xff,
    0x38, 0x24, 0x00, 0xff, 0x38, 0x28, 0x08, 0xff, 0x38, 0x24, 0x08, 0xff,
    0x38, 0x28, 0x08, 0xff, 0x38, 0x24, 0x00, 0xff, 0x38, 0x24, 0x08, 0xff,
    0x38, 0x28, 0x08, 0xff, 0x38, 0x24, 0x00, 0xff, 0x38, 0x28, 0x00, 0xff,
    0x40, 0x24, 0x00, 0xff, 0x38, 0x24, 0x00, 0xff, 0x38, 0x28, 0x00, 0xff,
    0x38, 0x28, 0x00, 0xff, 0x38, 0x24, 0x00, 0xff, 0x40, 0x28, 0x08, 0xff,
    0x38, 0x28, 0x08, 0xff, 0x38, 0x28, 0x08, 0xff, 0x38, 0x28, 0x08, 0xff,
    0x38, 0x28, 0x08, 0xff, 0x38, 0x28, 0x08, 0xff, 0x38, 0x28, 0x08, 0xff,
    0x38, 0x28, 0x08, 0xff, 0x38, 0x28, 0x08, 0xff, 0x38, 0x2c, 0x08, 0xff,
    0x40, 0x2c, 0x08, 0xff, 0x40, 0x2c, 0x10, 0xff, 0x38, 0x2c, 0x10, 0xfb,
    0x30, 0x24, 0x08, 0xd3, 0x18, 0x14, 0x08, 0x9a, 0x00, 0x00, 0x00, 0x71,
    0x00, 0x00, 0x00, 0x69, 0x00, 0x00, 0x00, 0x5d, 0x00, 0x00, 0x00, 0x55,
    0x00, 0x00, 0x00, 0x4d, 0x00, 0x00, 0x00, 0x45, 0x00, 0x00, 0x00, 0x3c,
    0x00, 0x00, 0x00, 0x34, 0x00, 0x00, 0x00, 0x2c, 0x00, 0x00, 0x00, 0x24,
    0x00, 0x00, 0x00, 0x20, 0x00, 0x00, 0x00, 0x1c, 0x00, 0x00, 0x00, 0x14,
    0x00, 0x00, 0x00, 0x10, 0x00, 0x00, 0x00, 0x0c, 0x00, 0x00, 0x00, 0x0c,
    0x00, 0x00, 0x00, 0x08, 0x00, 0x00, 0x00, 0x04, 0x00, 0x00, 0x00, 0x04,
    0x00, 0x00, 0x00, 0x00, 0x00, 0x00, 0x00, 0x00, 0x00, 0x00, 0x00, 0x00,
    0x00, 0x00, 0x00, 0x00, 0x00, 0x00, 0x00, 0x00, 0x00, 0x00, 0x00, 0x00,
    0x00, 0x00, 0x00, 0x00, 0x00, 0x00, 0x00, 0x00, 0x00, 0x00, 0x00, 0x00,
    0x00, 0x00, 0x00, 0x00, 0x00, 0x00, 0x00, 0x00, 0x00, 0x00, 0x00, 0x00,
    0x00, 0x00, 0x00, 0x00, 0x00, 0x00, 0x00, 0x00, 0x00, 0x00, 0x00, 0x00,
    0x00, 0x00, 0x00, 0x00, 0x00, 0x00, 0x00, 0x00, 0x00, 0x00, 0x00, 0x00,
    0x00, 0x00, 0x00, 0x00, 0x00, 0x00, 0x00, 0x00, 0x00, 0x00, 0x00, 0x00,
    0x00, 0x00, 0x00, 0x00, 0x00, 0x00, 0x00, 0x00, 0x00, 0x00, 0x00, 0x00,
    0x00, 0x00, 0x00, 0x00, 0x00, 0x00, 0x00, 0x00, 0x00, 0x00, 0x00, 0x00,
    0x00, 0x00, 0x00, 0x00, 0x00, 0x00, 0x00, 0x00, 0x00, 0x00, 0x00, 0x00,
    0x00, 0x00, 0x00, 0x00, 0x00, 0x00, 0x00, 0x00, 0x00, 0x00, 0x00, 0x00,
    0x00, 0x00, 0x00, 0x00, 0x00, 0x00, 0x00, 0x00, 0x00, 0x00, 0x00, 0x00,
    0x00, 0x00, 0x00, 0x00, 0x00, 0x00, 0x00, 0x00, 0x00, 0x00, 0x00, 0x00,
    0x00, 0x00, 0x00, 0x00, 0x00, 0x00, 0x00, 0x00, 0x00, 0x00, 0x00, 0x00,
    0x00, 0x00, 0x00, 0x00, 0x00, 0x00, 0x00, 0x00, 0x00, 0x00, 0x00, 0x00,
    0x00, 0x00, 0x00, 0x00, 0x00, 0x00, 0x00, 0x00, 0x00, 0x00, 0x00, 0x00,
    0x00, 0x00, 0x00, 0x00, 0x00, 0x00, 0x00, 0x00, 0x00, 0x00, 0x00, 0x00,
    0x00, 0x00, 0x00, 0x00, 0x00, 0x00, 0x00, 0x00, 0x00, 0x00, 0x00, 0x00,
    0x00, 0x00, 0x00, 0x00, 0x00, 0x00, 0x00, 0x00, 0x00, 0x00, 0x00, 0x00,
    0x00, 0x00, 0x00, 0x00, 0x00, 0x00, 0x00, 0x00, 0x00, 0x00, 0x00, 0x00,
    0x00, 0x00, 0x00, 0x00, 0x00, 0x00, 0x00, 0x00, 0x00, 0x00, 0x00, 0x00,
    0x00, 0x00, 0x00, 0x00, 0x00, 0x00, 0x00, 0x00, 0x00, 0x00, 0x00, 0x00,
    0x00, 0x00, 0x00, 0x00, 0x00, 0x00, 0x00, 0x00, 0x00, 0x00, 0x00, 0x00,
    0x00, 0x00, 0x00, 0x00, 0x00, 0x00, 0x00, 0x00, 0x00, 0x00, 0x00, 0x00,
    0x00, 0x00, 0x00, 0x00, 0x00, 0x00, 0x00, 0x00, 0x00, 0x00, 0x00, 0x00,
    0x00, 0x00, 0x00, 0x00, 0x00, 0x00, 0x00, 0x00, 0x00, 0x00, 0x00, 0x00,
    0x00, 0x00, 0x00, 0x00, 0x00, 0x00, 0x00, 0x00, 0x00, 0x00, 0x00, 0x00,
    0x00, 0x00, 0x00, 0x00, 0x00, 0x00, 0x00, 0x00, 0x00, 0x00, 0x00, 0x00,
    0x00, 0x00, 0x00, 0x00, 0x00, 0x00, 0x00, 0x00, 0x00, 0x00, 0x00, 0x00,
    0x00, 0x00, 0x00, 0x04, 0x00, 0x00, 0x00, 0x04, 0x00, 0x00, 0x00, 0x04,
    0x00, 0x00, 0x00, 0x04, 0x00, 0x00, 0x00, 0x08, 0x00, 0x00, 0x00, 0x0c,
    0x00, 0x00, 0x00, 0x10, 0x00, 0x00, 0x00, 0x14, 0x00, 0x00, 0x00, 0x18,
    0x00, 0x00, 0x00, 0x20, 0x00, 0x00, 0x00, 0x28, 0x00, 0x00, 0x00, 0x2c,
    0x00, 0x00, 0x00, 0x34, 0x00, 0x00, 0x00, 0x3c, 0x00, 0x00, 0x00, 0x45,
    0x00, 0x00, 0x00, 0x4d, 0x00, 0x00, 0x00, 0x59, 0x00, 0x00, 0x00, 0x61,
    0x00, 0x00, 0x00, 0x69, 0x08, 0x08, 0x00, 0x82, 0x28, 0x1c, 0x08, 0xba,
    0x38, 0x28, 0x08, 0xef, 0x40, 0x2c, 0x08, 0xff, 0x40, 0x2c, 0x08, 0xff,
    0x38, 0x28, 0x08, 0xff, 0x38, 0x28, 0x08, 0xff, 0x38, 0x28, 0x08, 0xff,
    0x38, 0x28, 0x08, 0xff, 0x40, 0x28, 0x08, 0xff, 0x38, 0x28, 0x08, 0xff,
    0x38, 0x28, 0x08, 0xff, 0x40, 0x28, 0x00, 0xff, 0x38, 0x28, 0x08, 0xff,
    0x38, 0x28, 0x00, 0xff, 0x38, 0x24, 0x00, 0xff, 0x38, 0x24, 0x00, 0xff,
    0x38, 0x28, 0x08, 0xff, 0x38, 0x24, 0x08, 0xff, 0x40, 0x24, 0x08, 0xff,
    0x38, 0x28, 0x00, 0xff, 0x38, 0x24, 0x08, 0xff, 0x38, 0x28, 0x08, 0xff,
    0x38, 0x24, 0x00, 0xff, 0x38, 0x24, 0x08, 0xff, 0x38, 0x28, 0x00, 0xff,
    0x38, 0x24, 0x00, 0xff, 0x38, 0x28, 0x08, 0xff, 0x38, 0x24, 0x00, 0xff,
    0x38, 0x28, 0x00, 0xff, 0x38, 0x24, 0x08, 0xff, 0x38, 0x24, 0x00, 0xff,
    0x38, 0x28, 0x08, 0xff, 0x38, 0x28, 0x08, 0xff, 0x38, 0x24, 0x00, 0xff,
    0x38, 0x28, 0x08, 0xff, 0x38, 0x28, 0x00, 0xff, 0x38, 0x28, 0x08, 0xff,
    0x38, 0x24, 0x08, 0xff, 0x38, 0x28, 0x00, 0xff, 0x38, 0x28, 0x08, 0xff,
    0x38, 0x24, 0x08, 0xff, 0x38, 0x28, 0x00, 0xff, 0x40, 0x24, 0x08, 0xff,
    0x38, 0x28, 0x08, 0xff, 0x38, 0x24, 0x08, 0xff, 0x38, 0x28, 0x08, 0xff,
    0x38, 0x24, 0x08, 0xff, 0x38, 0x24, 0x08, 0xff, 0x38, 0x28, 0x00, 0xff,
    0x38, 0x24, 0x08, 0xff, 0x38, 0x28, 0x00, 0xff, 0x38, 0x24, 0x00, 0xff,
    0x38, 0x24, 0x00, 0xff, 0x38, 0x28, 0x00, 0xff, 0x38, 0x28, 0x08, 0xff,
    0x38, 0x28, 0x08, 0xff, 0x38, 0x28, 0x00, 0xff, 0x38, 0x28, 0x08, 0xff,
    0x40, 0x28, 0x08, 0xff, 0x38, 0x28, 0x08, 0xff, 0x38, 0x28, 0x08, 0xff,
    0x40, 0x28, 0x08, 0xff, 0x40, 0x2c, 0x08, 0xff, 0x40, 0x2c, 0x08, 0xff,
    0x40, 0x2c, 0x08, 0xff, 0x38, 0x28, 0x10, 0xef, 0x28, 0x1c, 0x08, 0xba,
    0x08, 0x08, 0x00, 0x7d, 0x00, 0x00, 0x00, 0x69, 0x00, 0x00, 0x00, 0x61,
    0x00, 0x00, 0x00, 0x55, 0x00, 0x00, 0x00, 0x4d, 0x00, 0x00, 0x00, 0x45,
    0x00, 0x00, 0x00, 0x3c, 0x00, 0x00, 0x00, 0x34, 0x00, 0x00, 0x00, 0x2c,
    0x00, 0x00, 0x00, 0x28, 0x00, 0x00, 0x00, 0x20, 0x00, 0x00, 0x00, 0x18,
    0x00, 0x00, 0x00, 0x14, 0x00, 0x00, 0x00, 0x10, 0x00, 0x00, 0x00, 0x0c,
    0x00, 0x00, 0x00, 0x08, 0x00, 0x00, 0x00, 0x08, 0x00, 0x00, 0x00, 0x04,
    0x00, 0x00, 0x00, 0x04, 0x00, 0x00, 0x00, 0x04, 0x00, 0x00, 0x00, 0x00,
    0x00, 0x00, 0x00, 0x00, 0x00, 0x00, 0x00, 0x00, 0x00, 0x00, 0x00, 0x00,
    0x00, 0x00, 0x00, 0x00, 0x00, 0x00, 0x00, 0x00, 0x00, 0x00, 0x00, 0x00,
    0x00, 0x00, 0x00, 0x00, 0x00, 0x00, 0x00, 0x00, 0x00, 0x00, 0x00, 0x00,
    0x00, 0x00, 0x00, 0x00, 0x00, 0x00, 0x00, 0x00, 0x00, 0x00, 0x00, 0x00,
    0x00, 0x00, 0x00, 0x00, 0x00, 0x00, 0x00, 0x00, 0x00, 0x00, 0x00, 0x00,
    0x00, 0x00, 0x00, 0x00, 0x00, 0x00, 0x00, 0x00, 0x00, 0x00, 0x00, 0x00,
    0x00, 0x00, 0x00, 0x00, 0x00, 0x00, 0x00, 0x00, 0x00, 0x00, 0x00, 0x00,
    0x00, 0x00, 0x00, 0x00, 0x00, 0x00, 0x00, 0x00, 0x00, 0x00, 0x00, 0x00,
    0x00, 0x00, 0x00, 0x00, 0x00, 0x00, 0x00, 0x00, 0x00, 0x00, 0x00, 0x00,
    0x00, 0x00, 0x00, 0x00, 0x00, 0x00, 0x00, 0x00, 0x00, 0x00, 0x00, 0x00,
    0x00, 0x00, 0x00, 0x00, 0x00, 0x00, 0x00, 0x00, 0x00, 0x00, 0x00, 0x00,
    0x00, 0x00, 0x00, 0x00, 0x00, 0x00, 0x00, 0x00, 0x00, 0x00, 0x00, 0x00,
    0x00, 0x00, 0x00, 0x00, 0x00, 0x00, 0x00, 0x00, 0x00, 0x00, 0x00, 0x00,
    0x00, 0x00, 0x00, 0x00, 0x00, 0x00, 0x00, 0x00, 0x00, 0x00, 0x00, 0x00,
    0x00, 0x00, 0x00, 0x00, 0x00, 0x00, 0x00, 0x00, 0x00, 0x00, 0x00, 0x00,
    0x00, 0x00, 0x00, 0x00, 0x00, 0x00, 0x00, 0x00, 0x00, 0x00, 0x00, 0x00,
    0x00, 0x00, 0x00, 0x00, 0x00, 0x00, 0x00, 0x00, 0x00, 0x00, 0x00, 0x00,
    0x00, 0x00, 0x00, 0x00, 0x00, 0x00, 0x00, 0x00, 0x00, 0x00, 0x00, 0x00,
    0x00, 0x00, 0x00, 0x00, 0x00, 0x00, 0x00, 0x00, 0x00, 0x00, 0x00, 0x00,
    0x00, 0x00, 0x00, 0x00, 0x00, 0x00, 0x00, 0x00, 0x00, 0x00, 0x00, 0x00,
    0x00, 0x00, 0x00, 0x00, 0x00, 0x00, 0x00, 0x00, 0x00, 0x00, 0x00, 0x00,
    0x00, 0x00, 0x00, 0x00, 0x00, 0x00, 0x00, 0x00, 0x00, 0x00, 0x00, 0x00,
    0x00, 0x00, 0x00, 0x00, 0x00, 0x00, 0x00, 0x00, 0x00, 0x00, 0x00, 0x00,
    0x00, 0x00, 0x00, 0x00, 0x00, 0x00, 0x00, 0x00, 0x00, 0x00, 0x00, 0x00,
    0x00, 0x00, 0x00, 0x00, 0x00, 0x00, 0x00, 0x00, 0x00, 0x00, 0x00, 0x00,
    0x00, 0x00, 0x00, 0x00, 0x00, 0x00, 0x00, 0x00, 0x00, 0x00, 0x00, 0x00,
    0x00, 0x00, 0x00, 0x00, 0x00, 0x00, 0x00, 0x00, 0x00, 0x00, 0x00, 0x00,
    0x00, 0x00, 0x00, 0x00, 0x00, 0x00, 0x00, 0x04, 0x00, 0x00, 0x00, 0x04,
    0x00, 0x00, 0x00, 0x04, 0x00, 0x00, 0x00, 0x08, 0x00, 0x00, 0x00, 0x0c,
    0x00, 0x00, 0x00, 0x10, 0x00, 0x00, 0x00, 0x14, 0x00, 0x00, 0x00, 0x18,
    0x00, 0x00, 0x00, 0x20, 0x00, 0x00, 0x00, 0x24, 0x00, 0x00, 0x00, 0x2c,
    0x00, 0x00, 0x00, 0x34, 0x00, 0x00, 0x00, 0x3c, 0x00, 0x00, 0x00, 0x45,
    0x00, 0x00, 0x00, 0x4d, 0x00, 0x00, 0x00, 0x59, 0x00, 0x00, 0x00, 0x61,
    0x00, 0x00, 0x00, 0x6d, 0x10, 0x0c, 0x00, 0x8a, 0x30, 0x24, 0x08, 0xcb,
    0x40, 0x2c, 0x10, 0xfb, 0x40, 0x2c, 0x08, 0xff, 0x40, 0x2c, 0x08, 0xff,
    0x38, 0x28, 0x08, 0xff, 0x40, 0x28, 0x08, 0xff, 0x38, 0x28, 0x08, 0xff,
    0x38, 0x28, 0x08, 0xff, 0x38, 0x28, 0x08, 0xff, 0x38, 0x28, 0x08, 0xff,
    0x38, 0x28, 0x00, 0xff, 0x38, 0x28, 0x00, 0xff, 0x38, 0x24, 0x08, 0xff,
    0x38, 0x24, 0x00, 0xff, 0x38, 0x28, 0x00, 0xff, 0x38, 0x24, 0x08, 0xff,
    0x38, 0x28, 0x00, 0xff, 0x38, 0x24, 0x08, 0xff, 0x38, 0x28, 0x00, 0xff,
    0x38, 0x24, 0x08, 0xff, 0x38, 0x28, 0x00, 0xff, 0x38, 0x24, 0x08, 0xff,
    0x38, 0x28, 0x08, 0xff, 0x38, 0x24, 0x00, 0xff, 0x38, 0x28, 0x08, 0xff,
    0x38, 0x28, 0x08, 0xff, 0x38, 0x24, 0x00, 0xff, 0x38, 0x28, 0x08, 0xff,
    0x38, 0x24, 0x08, 0xff, 0x38, 0x24, 0x00, 0xff, 0x38, 0x28, 0x00, 0xff,
    0x38, 0x24, 0x08, 0xff, 0x38, 0x28, 0x00, 0xff, 0x38, 0x24, 0x00, 0xff,
    0x40, 0x28, 0x00, 0xff, 0x38, 0x24, 0x08, 0xff, 0x38, 0x24, 0x00, 0xff,
    0x38, 0x28, 0x00, 0xff, 0x38, 0x24, 0x08, 0xff, 0x38, 0x24, 0x00, 0xff,
    0x38, 0x28, 0x00, 0xff, 0x40, 0x24, 0x00, 0xff, 0x38, 0x28, 0x08, 0xff,
    0x38, 0x24, 0x00, 0xff, 0x38, 0x28, 0x00, 0xff, 0x38, 0x24, 0x08, 0xff,
    0x38, 0x28, 0x00, 0xff, 0x38, 0x28, 0x00, 0xff, 0x38, 0x24, 0x08, 0xff,
    0x38, 0x28, 0x08, 0xff, 0x38, 0x24, 0x00, 0xff, 0x38, 0x28, 0x08, 0xff,
    0x38, 0x28, 0x08, 0xff, 0x38, 0x24, 0x00, 0xff, 0x38, 0x28, 0x08, 0xff,
    0x40, 0x24, 0x00, 0xff, 0x38, 0x24, 0x00, 0xff, 0x38, 0x28, 0x00, 0xff,
    0x38, 0x24, 0x08, 0xff, 0x38, 0x28, 0x00, 0xff, 0x38, 0x28, 0x08, 0xff,
    0x38, 0x28, 0x08, 0xff, 0x38, 0x28, 0x08, 0xff, 0x38, 0x28, 0x08, 0xff,
    0x38, 0x28, 0x08, 0xff, 0x38, 0x28, 0x08, 0xff, 0x40, 0x28, 0x08, 0xff,
    0x40, 0x2c, 0x08, 0xff, 0x40, 0x2c, 0x08, 0xff, 0x40, 0x2c, 0x10, 0xfb,
    0x30, 0x24, 0x08, 0xcb, 0x10, 0x0c, 0x00, 0x8a, 0x00, 0x00, 0x00, 0x6d,
    0x00, 0x00, 0x00, 0x61, 0x00, 0x00, 0x00, 0x59, 0x00, 0x00, 0x00, 0x4d,
    0x00, 0x00, 0x00, 0x45, 0x00, 0x00, 0x00, 0x3c, 0x00, 0x00, 0x00, 0x34,
    0x00, 0x00, 0x00, 0x2c, 0x00, 0x00, 0x00, 0x24, 0x00, 0x00, 0x00, 0x20,
    0x00, 0x00, 0x00, 0x18, 0x00, 0x00, 0x00, 0x14, 0x00, 0x00, 0x00, 0x0c,
    0x00, 0x00, 0x00, 0x0c, 0x00, 0x00, 0x00, 0x08, 0x00, 0x00, 0x00, 0x04,
    0x00, 0x00, 0x00, 0x04, 0x00, 0x00, 0x00, 0x04, 0x00, 0x00, 0x00, 0x00,
    0x00, 0x00, 0x00, 0x00, 0x00, 0x00, 0x00, 0x00, 0x00, 0x00, 0x00, 0x00,
    0x00, 0x00, 0x00, 0x00, 0x00, 0x00, 0x00, 0x00, 0x00, 0x00, 0x00, 0x00,
    0x00, 0x00, 0x00, 0x00, 0x00, 0x00, 0x00, 0x00, 0x00, 0x00, 0x00, 0x00,
    0x00, 0x00, 0x00, 0x00, 0x00, 0x00, 0x00, 0x00, 0x00, 0x00, 0x00, 0x00,
    0x00, 0x00, 0x00, 0x00, 0x00, 0x00, 0x00, 0x00, 0x00, 0x00, 0x00, 0x00,
    0x00, 0x00, 0x00, 0x00, 0x00, 0x00, 0x00, 0x00, 0x00, 0x00, 0x00, 0x00,
    0x00, 0x00, 0x00, 0x00, 0x00, 0x00, 0x00, 0x00, 0x00, 0x00, 0x00, 0x00,
    0x00, 0x00, 0x00, 0x00, 0x00, 0x00, 0x00, 0x00, 0x00, 0x00, 0x00, 0x00,
    0x00, 0x00, 0x00, 0x00, 0x00, 0x00, 0x00, 0x00, 0x00, 0x00, 0x00, 0x00,
    0x00, 0x00, 0x00, 0x00, 0x00, 0x00, 0x00, 0x00, 0x00, 0x00, 0x00, 0x00,
    0x00, 0x00, 0x00, 0x00, 0x00, 0x00, 0x00, 0x00, 0x00, 0x00, 0x00, 0x00,
    0x00, 0x00, 0x00, 0x00, 0x00, 0x00, 0x00, 0x00, 0x00, 0x00, 0x00, 0x00,
    0x00, 0x00, 0x00, 0x00, 0x00, 0x00, 0x00, 0x00, 0x00, 0x00, 0x00, 0x00,
    0x00, 0x00, 0x00, 0x00, 0x00, 0x00, 0x00, 0x00, 0x00, 0x00, 0x00, 0x00,
    0x00, 0x00, 0x00, 0x00, 0x00, 0x00, 0x00, 0x00, 0x00, 0x00, 0x00, 0x00,
    0x00, 0x00, 0x00, 0x00, 0x00, 0x00, 0x00, 0x00, 0x00, 0x00, 0x00, 0x00,
    0x00, 0x00, 0x00, 0x00, 0x00, 0x00, 0x00, 0x00, 0x00, 0x00, 0x00, 0x00,
    0x00, 0x00, 0x00, 0x00, 0x00, 0x00, 0x00, 0x00, 0x00, 0x00, 0x00, 0x00,
    0x00, 0x00, 0x00, 0x00, 0x00, 0x00, 0x00, 0x00, 0x00, 0x00, 0x00, 0x00,
    0x00, 0x00, 0x00, 0x00, 0x00, 0x00, 0x00, 0x00, 0x00, 0x00, 0x00, 0x00,
    0x00, 0x00, 0x00, 0x00, 0x00, 0x00, 0x00, 0x00, 0x00, 0x00, 0x00, 0x00,
    0x00, 0x00, 0x00, 0x00, 0x00, 0x00, 0x00, 0x00, 0x00, 0x00, 0x00, 0x00,
    0x00, 0x00, 0x00, 0x00, 0x00, 0x00, 0x00, 0x00, 0x00, 0x00, 0x00, 0x00,
    0x00, 0x00, 0x00, 0x00, 0x00, 0x00, 0x00, 0x00, 0x00, 0x00, 0x00, 0x00,
    0x00, 0x00, 0x00, 0x00, 0x00, 0x00, 0x00, 0x00, 0x00, 0x00, 0x00, 0x00,
    0x00, 0x00, 0x00, 0x00, 0x00, 0x00, 0x00, 0x00, 0x00, 0x00, 0x00, 0x00,
    0x00, 0x00, 0x00, 0x00, 0x00, 0x00, 0x00, 0x04, 0x00, 0x00, 0x00, 0x04,
    0x00, 0x00, 0x00, 0x04, 0x00, 0x00, 0x00, 0x04, 0x00, 0x00, 0x00, 0x08,
    0x00, 0x00, 0x00, 0x0c, 0x00, 0x00, 0x00, 0x10, 0x00, 0x00, 0x00, 0x18,
    0x00, 0x00, 0x00, 0x1c, 0x00, 0x00, 0x00, 0x20, 0x00, 0x00, 0x00, 0x28,
    0x00, 0x00, 0x00, 0x30, 0x00, 0x00, 0x00, 0x38, 0x00, 0x00, 0x00, 0x45,
    0x00, 0x00, 0x00, 0x4d, 0x00, 0x00, 0x00, 0x59, 0x00, 0x00, 0x00, 0x61,
    0x00, 0x00, 0x00, 0x6d, 0x18, 0x10, 0x08, 0x96, 0x30, 0x24, 0x08, 0xd7,
    0x40, 0x2c, 0x10, 0xff, 0x40, 0x2c, 0x08, 0xff, 0x38, 0x28, 0x08, 0xff,
    0x38, 0x28, 0x08, 0xff, 0x38, 0x28, 0x08, 0xff, 0x38, 0x28, 0x08, 0xff,
    0x38, 0x28, 0x08, 0xff, 0x40, 0x28, 0x08, 0xff, 0x38, 0x28, 0x08, 0xff,
    0x38, 0x28, 0x00, 0xff, 0x38, 0x24, 0x00, 0xff, 0x38, 0x24, 0x08, 0xff,
    0x38, 0x28, 0x08, 0xff, 0x38, 0x28, 0x00, 0xff, 0x38, 0x24, 0x08, 0xff,
    0x38, 0x24, 0x08, 0xff, 0x38, 0x28, 0x00, 0xff, 0x38, 0x24, 0x08, 0xff,
    0x38, 0x28, 0x08, 0xff, 0x38, 0x24, 0x00, 0xff, 0x38, 0x28, 0x00, 0xff,
    0x38, 0x24, 0x08, 0xff, 0x38, 0x28, 0x00, 0xff, 0x38, 0x24, 0x00, 0xff,
    0x40, 0x28, 0x00, 0xff, 0x38, 0x24, 0x08, 0xff, 0x38, 0x28, 0x00, 0xff,
    0x38, 0x24, 0x00, 0xff, 0x38, 0x28, 0x08, 0xff, 0x38, 0x28, 0x08, 0xff,
    0x38, 0x24, 0x00, 0xff, 0x38, 0x28, 0x08, 0xff, 0x38, 0x28, 0x08, 0xff,
    0x38, 0x24, 0x00, 0xff, 0x38, 0x28, 0x08, 0xff, 0x38, 0x24, 0x08, 0xff,
    0x38, 0x28, 0x00, 0xff, 0x38, 0x28, 0x08, 0xff, 0x40, 0x24, 0x08, 0xff,
    0x38, 0x28, 0x00, 0xff, 0x38, 0x28, 0x08, 0xff, 0x38, 0x24, 0x00, 0xff,
    0x38, 0x24, 0x08, 0xff, 0x38, 0x28, 0x00, 0xff, 0x38, 0x24, 0x08, 0xff,
    0x38, 0x24, 0x00, 0xff, 0x38, 0x28, 0x00, 0xff, 0x38, 0x24, 0x08, 0xff,
    0x38, 0x24, 0x00, 0xff, 0x38, 0x28, 0x00, 0xff, 0x38, 0x28, 0x00, 0xff,
    0x38, 0x24, 0x08, 0xff, 0x40, 0x24, 0x00, 0xff, 0x38, 0x28, 0x00, 0xff,
    0x38, 0x28, 0x08, 0xff, 0x38, 0x24, 0x08, 0xff, 0x38, 0x28, 0x08, 0xff,
    0x38, 0x28, 0x00, 0xff, 0x38, 0x24, 0x08, 0xff, 0x38, 0x24, 0x08, 0xff,
    0x38, 0x28, 0x00, 0xff, 0x38, 0x24, 0x00, 0xff, 0x38, 0x24, 0x00, 0xff,
    0x38, 0x28, 0x00, 0xff, 0x38, 0x28, 0x08, 0xff, 0x38, 0x28, 0x08, 0xff,
    0x38, 0x28, 0x08, 0xff, 0x38, 0x28, 0x08, 0xff, 0x38, 0x28, 0x08, 0xff,
    0x38, 0x28, 0x08, 0xff, 0x40, 0x2c, 0x08, 0xff, 0x40, 0x2c, 0x08, 0xff,
    0x40, 0x2c, 0x10, 0xff, 0x30, 0x24, 0x08, 0xd7, 0x18, 0x10, 0x08, 0x96,
    0x00, 0x00, 0x00, 0x6d, 0x00, 0x00, 0x00, 0x61, 0x00, 0x00, 0x00, 0x59,
    0x00, 0x00, 0x00, 0x4d, 0x00, 0x00, 0x00, 0x45, 0x00, 0x00, 0x00, 0x38,
    0x00, 0x00, 0x00, 0x30, 0x00, 0x00, 0x00, 0x28, 0x00, 0x00, 0x00, 0x24,
    0x00, 0x00, 0x00, 0x1c, 0x00, 0x00, 0x00, 0x14, 0x00, 0x00, 0x00, 0x10,
    0x00, 0x00, 0x00, 0x0c, 0x00, 0x00, 0x00, 0x08, 0x00, 0x00, 0x00, 0x08,
    0x00, 0x00, 0x00, 0x04, 0x00, 0x00, 0x00, 0x04, 0x00, 0x00, 0x00, 0x00,
    0x00, 0x00, 0x00, 0x00, 0x00, 0x00, 0x00, 0x00, 0x00, 0x00, 0x00, 0x00,
    0x00, 0x00, 0x00, 0x00, 0x00, 0x00, 0x00, 0x00, 0x00, 0x00, 0x00, 0x00,
    0x00, 0x00, 0x00, 0x00, 0x00, 0x00, 0x00, 0x00, 0x00, 0x00, 0x00, 0x00,
    0x00, 0x00, 0x00, 0x00, 0x00, 0x00, 0x00, 0x00, 0x00, 0x00, 0x00, 0x00,
    0x00, 0x00, 0x00, 0x00, 0x00, 0x00, 0x00, 0x00, 0x00, 0x00, 0x00, 0x00,
    0x00, 0x00, 0x00, 0x00, 0x00, 0x00, 0x00, 0x00, 0x00, 0x00, 0x00, 0x00,
    0x00, 0x00, 0x00, 0x00, 0x00, 0x00, 0x00, 0x00, 0x00, 0x00, 0x00, 0x00,
    0x00, 0x00, 0x00, 0x00, 0x00, 0x00, 0x00, 0x00, 0x00, 0x00, 0x00, 0x00,
    0x00, 0x00, 0x00, 0x00, 0x00, 0x00, 0x00, 0x00, 0x00, 0x00, 0x00, 0x00,
    0x00, 0x00, 0x00, 0x00, 0x00, 0x00, 0x00, 0x00, 0x00, 0x00, 0x00, 0x00,
    0x00, 0x00, 0x00, 0x00, 0x00, 0x00, 0x00, 0x00, 0x00, 0x00, 0x00, 0x00,
    0x00, 0x00, 0x00, 0x00, 0x00, 0x00, 0x00, 0x00, 0x00, 0x00, 0x00, 0x00,
    0x00, 0x00, 0x00, 0x00, 0x00, 0x00, 0x00, 0x00, 0x00, 0x00, 0x00, 0x00,
    0x00, 0x00, 0x00, 0x00, 0x00, 0x00, 0x00, 0x00, 0x00, 0x00, 0x00, 0x00,
    0x00, 0x00, 0x00, 0x00, 0x00, 0x00, 0x00, 0x00, 0x00, 0x00, 0x00, 0x00,
    0x00, 0x00, 0x00, 0x00, 0x00, 0x00, 0x00, 0x00, 0x00, 0x00, 0x00, 0x00,
    0x00, 0x00, 0x00, 0x00, 0x00, 0x00, 0x00, 0x00, 0x00, 0x00, 0x00, 0x00,
    0x00, 0x00, 0x00, 0x00, 0x00, 0x00, 0x00, 0x00, 0x00, 0x00, 0x00, 0x00,
    0x00, 0x00, 0x00, 0x00, 0x00, 0x00, 0x00, 0x00, 0x00, 0x00, 0x00, 0x00,
    0x00, 0x00, 0x00, 0x00, 0x00, 0x00, 0x00, 0x00, 0x00, 0x00, 0x00, 0x00,
    0x00, 0x00, 0x00, 0x00, 0x00, 0x00, 0x00, 0x00, 0x00, 0x00, 0x00, 0x00,
    0x00, 0x00, 0x00, 0x00, 0x00, 0x00, 0x00, 0x00, 0x00, 0x00, 0x00, 0x00,
    0x00, 0x00, 0x00, 0x00, 0x00, 0x00, 0x00, 0x00, 0x00, 0x00, 0x00, 0x00,
    0x00, 0x00, 0x00, 0x00, 0x00, 0x00, 0x00, 0x00, 0x00, 0x00, 0x00, 0x00,
    0x00, 0x00, 0x00, 0x00, 0x00, 0x00, 0x00, 0x00, 0x00, 0x00, 0x00, 0x00,
    0x00, 0x00, 0x00, 0x00, 0x00, 0x00, 0x00, 0x00, 0x00, 0x00, 0x00, 0x00,
    0x00, 0x00, 0x00, 0x04, 0x00, 0x00, 0x00, 0x04, 0x00, 0x00, 0x00, 0x08,
    0x00, 0x00, 0x00, 0x0c, 0x00, 0x00, 0x00, 0x10, 0x00, 0x00, 0x00, 0x14,
    0x00, 0x00, 0x00, 0x18, 0x00, 0x00, 0x00, 0x20, 0x00, 0x00, 0x00, 0x28,
    0x00, 0x00, 0x00, 0x30, 0x00, 0x00, 0x00, 0x38, 0x00, 0x00, 0x00, 0x41,
    0x00, 0x00, 0x00, 0x4d, 0x00, 0x00, 0x00, 0x55, 0x00, 0x00, 0x00, 0x61,
    0x00, 0x00, 0x00, 0x6d, 0x18, 0x10, 0x08, 0x92, 0x30, 0x24, 0x08, 0xd7,
    0x40, 0x2c, 0x08, 0xff, 0x40, 0x2c, 0x08, 0xff, 0x40, 0x2c, 0x08, 0xff,
    0x38, 0x28, 0x08, 0xff, 0x38, 0x28, 0x08, 0xff, 0x40, 0x28, 0x08, 0xff,
    0x38, 0x28, 0x08, 0xff, 0x38, 0x28, 0x08, 0xff, 0x38, 0x28, 0x00, 0xff,
    0x38, 0x28, 0x00, 0xff, 0x38, 0x24, 0x08, 0xff, 0x38, 0x28, 0x00, 0xff,
    0x40, 0x24, 0x00, 0xff, 0x38, 0x24, 0x08, 0xff, 0x38, 0x28, 0x00, 0xff,
    0x38, 0x28, 0x00, 0xff, 0x38, 0x24, 0x08, 0xff, 0x38, 0x28, 0x00, 0xff,
    0x38, 0x28, 0x00, 0xff, 0x38, 0x24, 0x00, 0xff, 0x40, 0x28, 0x08, 0xff,
    0x38, 0x28, 0x00, 0xff, 0x38, 0x24, 0x08, 0xff, 0x38, 0x28, 0x08, 0xff,
    0x38, 0x24, 0x00, 0xff, 0x38, 0x28, 0x08, 0xff, 0x38, 0x24, 0x08, 0xff,
    0x38, 0x24, 0x00, 0xff, 0x38, 0x28, 0x08, 0xff, 0x38, 0x24, 0x00, 0xff,
    0x38, 0x24, 0x00, 0xff, 0x40, 0x28, 0x08, 0xff, 0x38, 0x24, 0x00, 0xff,
    0x38, 0x24, 0x00, 0xff, 0x40, 0x28, 0x08, 0xff, 0x38, 0x24, 0x00, 0xff,
    0x38, 0x24, 0x08, 0xff, 0x38, 0x28, 0x00, 0xff, 0x38, 0x24, 0x00, 0xff,
    0x38, 0x24, 0x08, 0xff, 0x38, 0x28, 0x00, 0xff, 0x38, 0x24, 0x00, 0xff,
    0x38, 0x28, 0x08, 0xff, 0x38, 0x24, 0x08, 0xff, 0x38, 0x24, 0x00, 0xff,
    0x38, 0x28, 0x08, 0xff, 0x38, 0x28, 0x08, 0xff, 0x38, 0x24, 0x00, 0xff,
    0x38, 0x28, 0x00, 0xff, 0x38, 0x28, 0x08, 0xff, 0x38, 0x24, 0x08, 0xff,
    0x38, 0x24, 0x00, 0xff, 0x38, 0x28, 0x08, 0xff, 0x38, 0x24, 0x08, 0xff,
    0x38, 0x24, 0x00, 0xff, 0x38, 0x28, 0x00, 0xff, 0x38, 0x24, 0x08, 0xff,
    0x38, 0x24, 0x00, 0xff, 0x38, 0x28, 0x00, 0xff, 0x38, 0x28, 0x08, 0xff,
    0x38, 0x24, 0x00, 0xff, 0x38, 0x28, 0x08, 0xff, 0x38, 0x28, 0x08, 0xff,
    0x40, 0x24, 0x00, 0xff, 0x38, 0x24, 0x00, 0xff, 0x38, 0x28, 0x08, 0xff,
    0x38, 0x24, 0x00, 0xff, 0x38, 0x24, 0x00, 0xff, 0x38, 0x28, 0x00, 0xff,
    0x38, 0x28, 0x08, 0xff, 0x38, 0x28, 0x08, 0xff, 0x38, 0x28, 0x08, 0xff,
    0x38, 0x28, 0x08, 0xff, 0x40, 0x28, 0x08, 0xff, 0x38, 0x2c, 0x08, 0xff,
    0x40, 0x2c, 0x08, 0xff, 0x40, 0x2c, 0x08, 0xff, 0x30, 0x28, 0x08, 0xdb,
    0x18, 0x10, 0x08, 0x92, 0x00, 0x00, 0x00, 0x6d, 0x00, 0x00, 0x00, 0x61,
    0x00, 0x00, 0x00, 0x55, 0x00, 0x00, 0x00, 0x4d, 0x00, 0x00, 0x00, 0x41,
    0x00, 0x00, 0x00, 0x38, 0x00, 0x00, 0x00, 0x30, 0x00, 0x00, 0x00, 0x28,
    0x00, 0x00, 0x00, 0x20, 0x00, 0x00, 0x00, 0x18, 0x00, 0x00, 0x00, 0x14,
    0x00, 0x00, 0x00, 0x10, 0x00, 0x00, 0x00, 0x0c, 0x00, 0x00, 0x00, 0x08,
    0x00, 0x00, 0x00, 0x04, 0x00, 0x00, 0x00, 0x04, 0x00, 0x00, 0x00, 0x04,
    0x00, 0x00, 0x00, 0x00, 0x00, 0x00, 0x00, 0x00, 0x00, 0x00, 0x00, 0x00,
    0x00, 0x00, 0x00, 0x00, 0x00, 0x00, 0x00, 0x00, 0x00, 0x00, 0x00, 0x00,
    0x00, 0x00, 0x00, 0x00, 0x00, 0x00, 0x00, 0x00, 0x00, 0x00, 0x00, 0x00,
    0x00, 0x00, 0x00, 0x00, 0x00, 0x00, 0x00, 0x00, 0x00, 0x00, 0x00, 0x00,
    0x00, 0x00, 0x00, 0x00, 0x00, 0x00, 0x00, 0x00, 0x00, 0x00, 0x00, 0x00,
    0x00, 0x00, 0x00, 0x00, 0x00, 0x00, 0x00, 0x00, 0x00, 0x00, 0x00, 0x00,
    0x00, 0x00, 0x00, 0x00, 0x00, 0x00, 0x00, 0x00, 0x00, 0x00, 0x00, 0x00,
    0x00, 0x00, 0x00, 0x00, 0x00, 0x00, 0x00, 0x00, 0x00, 0x00, 0x00, 0x00,
    0x00, 0x00, 0x00, 0x00, 0x00, 0x00, 0x00, 0x00, 0x00, 0x00, 0x00, 0x00,
    0x00, 0x00, 0x00, 0x00, 0x00, 0x00, 0x00, 0x00, 0x00, 0x00, 0x00, 0x00,
    0x00, 0x00, 0x00, 0x00, 0x00, 0x00, 0x00, 0x00, 0x00, 0x00, 0x00, 0x00,
    0x00, 0x00, 0x00, 0x00, 0x00, 0x00, 0x00, 0x00, 0x00, 0x00, 0x00, 0x00,
    0x00, 0x00, 0x00, 0x00, 0x00, 0x00, 0x00, 0x00, 0x00, 0x00, 0x00, 0x00,
    0x00, 0x00, 0x00, 0x00, 0x00, 0x00, 0x00, 0x00, 0x00, 0x00, 0x00, 0x00,
    0x00, 0x00, 0x00, 0x00, 0x00, 0x00, 0x00, 0x00, 0x00, 0x00, 0x00, 0x00,
    0x00, 0x00, 0x00, 0x00, 0x00, 0x00, 0x00, 0x00, 0x00, 0x00, 0x00, 0x00,
    0x00, 0x00, 0x00, 0x00, 0x00, 0x00, 0x00, 0x00, 0x00, 0x00, 0x00, 0x00,
    0x00, 0x00, 0x00, 0x00, 0x00, 0x00, 0x00, 0x00, 0x00, 0x00, 0x00, 0x00,
    0x00, 0x00, 0x00, 0x00, 0x00, 0x00, 0x00, 0x00, 0x00, 0x00, 0x00, 0x00,
    0x00, 0x00, 0x00, 0x00, 0x00, 0x00, 0x00, 0x00, 0x00, 0x00, 0x00, 0x00,
    0x00, 0x00, 0x00, 0x00, 0x00, 0x00, 0x00, 0x00, 0x00, 0x00, 0x00, 0x00,
    0x00, 0x00, 0x00, 0x00, 0x00, 0x00, 0x00, 0x00, 0x00, 0x00, 0x00, 0x00,
    0x00, 0x00, 0x00, 0x00, 0x00, 0x00, 0x00, 0x00, 0x00, 0x00, 0x00, 0x00,
    0x00, 0x00, 0x00, 0x00, 0x00, 0x00, 0x00, 0x00, 0x00, 0x00, 0x00, 0x00,
    0x00, 0x00, 0x00, 0x00, 0x00, 0x00, 0x00, 0x00, 0x00, 0x00, 0x00, 0x00,
    0x00, 0x00, 0x00, 0x04, 0x00, 0x00, 0x00, 0x04, 0x00, 0x00, 0x00, 0x04,
    0x00, 0x00, 0x00, 0x08, 0x00, 0x00, 0x00, 0x0c, 0x00, 0x00, 0x00, 0x10,
    0x00, 0x00, 0x00, 0x18, 0x00, 0x00, 0x00, 0x1c, 0x00, 0x00, 0x00, 0x24,
    0x00, 0x00, 0x00, 0x2c, 0x00, 0x00, 0x00, 0x34, 0x00, 0x00, 0x00, 0x3c,
    0x00, 0x00, 0x00, 0x49, 0x00, 0x00, 0x00, 0x55, 0x00, 0x00, 0x00, 0x5d,
    0x00, 0x00, 0x00, 0x69, 0x10, 0x0c, 0x00, 0x86, 0x30, 0x24, 0x08, 0xd7,
    0x40, 0x2c, 0x10, 0xff, 0x40, 0x2c, 0x08, 0xff, 0x38, 0x2c, 0x08, 0xff,
    0x38, 0x28, 0x08, 0xff, 0x38, 0x28, 0x08, 0xff, 0x38, 0x28, 0x08, 0xff,
    0x38, 0x28, 0x08, 0xff, 0x38, 0x28, 0x08, 0xff, 0x38, 0x28, 0x00, 0xff,
    0x38, 0x24, 0x00, 0xff, 0x38, 0x24, 0x08, 0xff, 0x38, 0x28, 0x00, 0xff,
    0x38, 0x24, 0x08, 0xff, 0x38, 0x28, 0x08, 0xff, 0x38, 0x28, 0x00, 0xff,
    0x38, 0x24, 0x08, 0xff, 0x38, 0x24, 0x08, 0xff, 0x38, 0x28, 0x00, 0xff,
    0x38, 0x24, 0x08, 0xff, 0x38, 0x24, 0x08, 0xff, 0x38, 0x28, 0x00, 0xff,
    0x38, 0x24, 0x08, 0xff, 0x38, 0x24, 0x00, 0xff, 0x38, 0x28, 0x08, 0xff,
    0x38, 0x24, 0x00, 0xff, 0x38, 0x24, 0x00, 0xff, 0x38, 0x28, 0x08, 0xff,
    0x38, 0x24, 0x00, 0xff, 0x38, 0x28, 0x08, 0xff, 0x38, 0x28, 0x00, 0xff,
    0x38, 0x24, 0x08, 0xff, 0x38, 0x28, 0x08, 0xff, 0x38, 0x28, 0x00, 0xff,
    0x38, 0x24, 0x08, 0xff, 0x38, 0x28, 0x08, 0xff, 0x38, 0x24, 0x00, 0xff,
    0x38, 0x24, 0x00, 0xff, 0x38, 0x28, 0x08, 0xff, 0x38, 0x24, 0x00, 0xff,
    0x38, 0x28, 0x08, 0xff, 0x40, 0x24, 0x08, 0xff, 0x38, 0x28, 0x00, 0xff,
    0x38, 0x24, 0x08, 0xff, 0x38, 0x24, 0x00, 0xff, 0x38, 0x28, 0x08, 0xff,
    0x38, 0x28, 0x00, 0xff, 0x38, 0x24, 0x00, 0xff, 0x38, 0x28, 0x00, 0xff,
    0x40, 0x24, 0x08, 0xff, 0x38, 0x24, 0x08, 0xff, 0x38, 0x28, 0x00, 0xff,
    0x38, 0x28, 0x08, 0xff, 0x38, 0x24, 0x08, 0xff, 0x40, 0x28, 0x00, 0xff,
    0x38, 0x28, 0x08, 0xff, 0x38, 0x24, 0x00, 0xff, 0x38, 0x28, 0x08, 0xff,
    0x38, 0x28, 0x08, 0xff, 0x38, 0x24, 0x00, 0xff, 0x38, 0x24, 0x08, 0xff,
    0x38, 0x28, 0x00, 0xff, 0x38, 0x24, 0x08, 0xff, 0x38, 0x24, 0x00, 0xff,
    0x38, 0x28, 0x00, 0xff, 0x38, 0x24, 0x08, 0xff, 0x38, 0x24, 0x08, 0xff,
    0x38, 0x28, 0x08, 0xff, 0x38, 0x24, 0x00, 0xff, 0x38, 0x24, 0x08, 0xff,
    0x38, 0x28, 0x00, 0xff, 0x38, 0x24, 0x00, 0xff, 0x38, 0x24, 0x00, 0xff,
    0x38, 0x28, 0x00, 0xff, 0x38, 0x28, 0x08, 0xff, 0x38, 0x28, 0x08, 0xff,
    0x38, 0x28, 0x08, 0xff, 0x38, 0x28, 0x08, 0xff, 0x40, 0x28, 0x08, 0xff,
    0x40, 0x2c, 0x08, 0xff, 0x40, 0x2c, 0x08, 0xff, 0x40, 0x2c, 0x10, 0xff,
    0x30, 0x24, 0x08, 0xd3, 0x10, 0x0c, 0x00, 0x86, 0x00, 0x00, 0x00, 0x69,
    0x00, 0x00, 0x00, 0x5d, 0x00, 0x00, 0x00, 0x55, 0x00, 0x00, 0x00, 0x49,
    0x00, 0x00, 0x00, 0x3c, 0x00, 0x00, 0x00, 0x34, 0x00, 0x00, 0x00, 0x2c,
    0x00, 0x00, 0x00, 0x24, 0x00, 0x00, 0x00, 0x1c, 0x00, 0x00, 0x00, 0x14,
    0x00, 0x00, 0x00, 0x10, 0x00, 0x00, 0x00, 0x0c, 0x00, 0x00, 0x00, 0x08,
    0x00, 0x00, 0x00, 0x08, 0x00, 0x00, 0x00, 0x04, 0x00, 0x00, 0x00, 0x04,
    0x00, 0x00, 0x00, 0x00, 0x00, 0x00, 0x00, 0x00, 0x00, 0x00, 0x00, 0x00,
    0x00, 0x00, 0x00, 0x00, 0x00, 0x00, 0x00, 0x00, 0x00, 0x00, 0x00, 0x00,
    0x00, 0x00, 0x00, 0x00, 0x00, 0x00, 0x00, 0x00, 0x00, 0x00, 0x00, 0x00,
    0x00, 0x00, 0x00, 0x00, 0x00, 0x00, 0x00, 0x00, 0x00, 0x00, 0x00, 0x00,
    0x00, 0x00, 0x00, 0x00, 0x00, 0x00, 0x00, 0x00, 0x00, 0x00, 0x00, 0x00,
    0x00, 0x00, 0x00, 0x00, 0x00, 0x00, 0x00, 0x00, 0x00, 0x00, 0x00, 0x00,
    0x00, 0x00, 0x00, 0x00, 0x00, 0x00, 0x00, 0x00, 0x00, 0x00, 0x00, 0x00,
    0x00, 0x00, 0x00, 0x00, 0x00, 0x00, 0x00, 0x00, 0x00, 0x00, 0x00, 0x00,
    0x00, 0x00, 0x00, 0x00, 0x00, 0x00, 0x00, 0x00, 0x00, 0x00, 0x00, 0x00,
    0x00, 0x00, 0x00, 0x00, 0x00, 0x00, 0x00, 0x00, 0x00, 0x00, 0x00, 0x00,
    0x00, 0x00, 0x00, 0x00, 0x00, 0x00, 0x00, 0x00, 0x00, 0x00, 0x00, 0x00,
    0x00, 0x00, 0x00, 0x00, 0x00, 0x00, 0x00, 0x00, 0x00, 0x00, 0x00, 0x00,
    0x00, 0x00, 0x00, 0x00, 0x00, 0x00, 0x00, 0x00, 0x00, 0x00, 0x00, 0x00,
    0x00, 0x00, 0x00, 0x00, 0x00, 0x00, 0x00, 0x00, 0x00, 0x00, 0x00, 0x00,
    0x00, 0x00, 0x00, 0x00, 0x00, 0x00, 0x00, 0x00, 0x00, 0x00, 0x00, 0x00,
    0x00, 0x00, 0x00, 0x00, 0x00, 0x00, 0x00, 0x00, 0x00, 0x00, 0x00, 0x00,
    0x00, 0x00, 0x00, 0x00, 0x00, 0x00, 0x00, 0x00, 0x00, 0x00, 0x00, 0x00,
    0x00, 0x00, 0x00, 0x00, 0x00, 0x00, 0x00, 0x00, 0x00, 0x00, 0x00, 0x00,
    0x00, 0x00, 0x00, 0x00, 0x00, 0x00, 0x00, 0x00, 0x00, 0x00, 0x00, 0x00,
    0x00, 0x00, 0x00, 0x00, 0x00, 0x00, 0x00, 0x00, 0x00, 0x00, 0x00, 0x00,
    0x00, 0x00, 0x00, 0x00, 0x00, 0x00, 0x00, 0x00, 0x00, 0x00, 0x00, 0x00,
    0x00, 0x00, 0x00, 0x00, 0x00, 0x00, 0x00, 0x00, 0x00, 0x00, 0x00, 0x00,
    0x00, 0x00, 0x00, 0x00, 0x00, 0x00, 0x00, 0x00, 0x00, 0x00, 0x00, 0x00,
    0x00, 0x00, 0x00, 0x00, 0x00, 0x00, 0x00, 0x00, 0x00, 0x00, 0x00, 0x00,
    0x00, 0x00, 0x00, 0x04, 0x00, 0x00, 0x00, 0x04, 0x00, 0x00, 0x00, 0x04,
    0x00, 0x00, 0x00, 0x08, 0x00, 0x00, 0x00, 0x0c, 0x00, 0x00, 0x00, 0x10,
    0x00, 0x00, 0x00, 0x14, 0x00, 0x00, 0x00, 0x18, 0x00, 0x00, 0x00, 0x20,
    0x00, 0x00, 0x00, 0x28, 0x00, 0x00, 0x00, 0x30, 0x00, 0x00, 0x00, 0x38,
    0x00, 0x00, 0x00, 0x45, 0x00, 0x00, 0x00, 0x4d, 0x00, 0x00, 0x00, 0x59,
    0x00, 0x00, 0x00, 0x65, 0x08, 0x04, 0x00, 0x7d, 0x30, 0x20, 0x08, 0xc3,
    0x40, 0x2c, 0x10, 0xfb, 0x40, 0x2c, 0x08, 0xff, 0x38, 0x2c, 0x08, 0xff,
    0x38, 0x28, 0x08, 0xff, 0x38, 0x28, 0x08, 0xff, 0x38, 0x28, 0x08, 0xff,
    0x40, 0x28, 0x08, 0xff, 0x38, 0x28, 0x08, 0xff, 0x38, 0x24, 0x00, 0xff,
    0x38, 0x28, 0x00, 0xff, 0x38, 0x24, 0x08, 0xff, 0x38, 0x28, 0x08, 0xff,
    0x38, 0x24, 0x00, 0xff, 0x38, 0x24, 0x08, 0xff, 0x38, 0x28, 0x00, 0xff,
    0x38, 0x24, 0x08, 0xff, 0x38, 0x28, 0x00, 0xff, 0x38, 0x28, 0x08, 0xff,
    0x38, 0x24, 0x00, 0xff, 0x38, 0x28, 0x00, 0xff, 0x38, 0x28, 0x08, 0xff,
    0x38, 0x24, 0x08, 0xff, 0x38, 0x24, 0x00, 0xff, 0x38, 0x28, 0x08, 0xff,
    0x38, 0x24, 0x08, 0xff, 0x38, 0x28, 0x00, 0xff, 0x38, 0x28, 0x08, 0xff,
    0x38, 0x24, 0x00, 0xff, 0x38, 0x28, 0x08, 0xff, 0x38, 0x24, 0x00, 0xff,
    0x38, 0x24, 0x00, 0xff, 0x38, 0x28, 0x08, 0xff, 0x38, 0x24, 0x00, 0xff,
    0x38, 0x24, 0x08, 0xff, 0x38, 0x28, 0x00, 0xff, 0x38, 0x24, 0x00, 0xff,
    0x38, 0x28, 0x08, 0xff, 0x38, 0x28, 0x00, 0xff, 0x38, 0x24, 0x08, 0xff,
    0x38, 0x28, 0x08, 0xff, 0x38, 0x24, 0x00, 0xff, 0x38, 0x24, 0x00, 0xff,
    0x38, 0x28, 0x08, 0xff, 0x38, 0x28, 0x00, 0xff, 0x38, 0x24, 0x08, 0xff,
    0x38, 0x24, 0x08, 0xff, 0x40, 0x28, 0x00, 0xff, 0x38, 0x24, 0x08, 0xff,
    0x38, 0x28, 0x08, 0xff, 0x38, 0x24, 0x00, 0xff, 0x38, 0x28, 0x00, 0xff,
    0x38, 0x24, 0x08, 0xff, 0x38, 0x24, 0x00, 0xff, 0x38, 0x28, 0x00, 0xff,
    0x38, 0x24, 0x08, 0xff, 0x38, 0x24, 0x00, 0xff, 0x38, 0x28, 0x00, 0xff,
    0x38, 0x24, 0x08, 0xff, 0x38, 0x24, 0x00, 0xff, 0x38, 0x28, 0x08, 0xff,
    0x38, 0x28, 0x00, 0xff, 0x38, 0x24, 0x08, 0xff, 0x38, 0x28, 0x08, 0xff,
    0x38, 0x24, 0x00, 0xff, 0x38, 0x28, 0x08, 0xff, 0x38, 0x24, 0x00, 0xff,
    0x38, 0x24, 0x00, 0xff, 0x38, 0x28, 0x08, 0xff, 0x38, 0x28, 0x00, 0xff,
    0x38, 0x24, 0x08, 0xff, 0x38, 0x28, 0x08, 0xff, 0x38, 0x28, 0x08, 0xff,
    0x38, 0x24, 0x08, 0xff, 0x38, 0x28, 0x08, 0xff, 0x38, 0x24, 0x00, 0xff,
    0x38, 0x24, 0x00, 0xff, 0x38, 0x28, 0x00, 0xff, 0x38, 0x28, 0x08, 0xff,
    0x38, 0x24, 0x08, 0xff, 0x38, 0x28, 0x08, 0xff, 0x38, 0x28, 0x08, 0xff,
    0x38, 0x28, 0x08, 0xff, 0x40, 0x28, 0x08, 0xff, 0x40, 0x2c, 0x08, 0xff,
    0x40, 0x2c, 0x10, 0xfb, 0x30, 0x20, 0x08, 0xc7, 0x08, 0x04, 0x00, 0x79,
    0x00, 0x00, 0x00, 0x65, 0x00, 0x00, 0x00, 0x59, 0x00, 0x00, 0x00, 0x4d,
    0x00, 0x00, 0x00, 0x45, 0x00, 0x00, 0x00, 0x38, 0x00, 0x00, 0x00, 0x30,
    0x00, 0x00, 0x00, 0x28, 0x00, 0x00, 0x00, 0x20, 0x00, 0x00, 0x00, 0x18,
    0x00, 0x00, 0x00, 0x14, 0x00, 0x00, 0x00, 0x0c, 0x00, 0x00, 0x00, 0x08,
    0x00, 0x00, 0x00, 0x08, 0x00, 0x00, 0x00, 0x04, 0x00, 0x00, 0x00, 0x04,
    0x00, 0x00, 0x00, 0x04, 0x00, 0x00, 0x00, 0x00, 0x00, 0x00, 0x00, 0x00,
    0x00, 0x00, 0x00, 0x00, 0x00, 0x00, 0x00, 0x00, 0x00, 0x00, 0x00, 0x00,
    0x00, 0x00, 0x00, 0x00, 0x00, 0x00, 0x00, 0x00, 0x00, 0x00, 0x00, 0x00,
    0x00, 0x00, 0x00, 0x00, 0x00, 0x00, 0x00, 0x00, 0x00, 0x00, 0x00, 0x00,
    0x00, 0x00, 0x00, 0x00, 0x00, 0x00, 0x00, 0x00, 0x00, 0x00, 0x00, 0x00,
    0x00, 0x00, 0x00, 0x00, 0x00, 0x00, 0x00, 0x00, 0x00, 0x00, 0x00, 0x00,
    0x00, 0x00, 0x00, 0x00, 0x00, 0x00, 0x00, 0x00, 0x00, 0x00, 0x00, 0x00,
    0x00, 0x00, 0x00, 0x00, 0x00, 0x00, 0x00, 0x00, 0x00, 0x00, 0x00, 0x00,
    0x00, 0x00, 0x00, 0x00, 0x00, 0x00, 0x00, 0x00, 0x00, 0x00, 0x00, 0x00,
    0x00, 0x00, 0x00, 0x00, 0x00, 0x00, 0x00, 0x00, 0x00, 0x00, 0x00, 0x00,
    0x00, 0x00, 0x00, 0x00, 0x00, 0x00, 0x00, 0x00, 0x00, 0x00, 0x00, 0x00,
    0x00, 0x00, 0x00, 0x00, 0x00, 0x00, 0x00, 0x00, 0x00, 0x00, 0x00, 0x00,
    0x00, 0x00, 0x00, 0x00, 0x00, 0x00, 0x00, 0x00, 0x00, 0x00, 0x00, 0x00,
    0x00, 0x00, 0x00, 0x00, 0x00, 0x00, 0x00, 0x00, 0x00, 0x00, 0x00, 0x00,
    0x00, 0x00, 0x00, 0x00, 0x00, 0x00, 0x00, 0x00, 0x00, 0x00, 0x00, 0x00,
    0x00, 0x00, 0x00, 0x00, 0x00, 0x00, 0x00, 0x00, 0x00, 0x00, 0x00, 0x00,
    0x00, 0x00, 0x00, 0x00, 0x00, 0x00, 0x00, 0x00, 0x00, 0x00, 0x00, 0x00,
    0x00, 0x00, 0x00, 0x00, 0x00, 0x00, 0x00, 0x00, 0x00, 0x00, 0x00, 0x00,
    0x00, 0x00, 0x00, 0x00, 0x00, 0x00, 0x00, 0x00, 0x00, 0x00, 0x00, 0x00,
    0x00, 0x00, 0x00, 0x00, 0x00, 0x00, 0x00, 0x00, 0x00, 0x00, 0x00, 0x00,
    0x00, 0x00, 0x00, 0x00, 0x00, 0x00, 0x00, 0x00, 0x00, 0x00, 0x00, 0x00,
    0x00, 0x00, 0x00, 0x00, 0x00, 0x00, 0x00, 0x00, 0x00, 0x00, 0x00, 0x00,
    0x00, 0x00, 0x00, 0x00, 0x00, 0x00, 0x00, 0x00, 0x00, 0x00, 0x00, 0x00,
    0x00, 0x00, 0x00, 0x00, 0x00, 0x00, 0x00, 0x00, 0x00, 0x00, 0x00, 0x04,
    0x00, 0x00, 0x00, 0x04, 0x00, 0x00, 0x00, 0x08, 0x00, 0x00, 0x00, 0x0c,
    0x00, 0x00, 0x00, 0x10, 0x00, 0x00, 0x00, 0x14, 0x00, 0x00, 0x00, 0x1c,
    0x00, 0x00, 0x00, 0x20, 0x00, 0x00, 0x00, 0x2c, 0x00, 0x00, 0x00, 0x34,
    0x00, 0x00, 0x00, 0x3c, 0x00, 0x00, 0x00, 0x49, 0x00, 0x00, 0x00, 0x55,
    0x00, 0x00, 0x00, 0x61, 0x00, 0x00, 0x00, 0x6d, 0x20, 0x18, 0x08, 0xae,
    0x38, 0x2c, 0x10, 0xf3, 0x40, 0x2c, 0x08, 0xff, 0x38, 0x28, 0x08, 0xff,
    0x38, 0x28, 0x08, 0xff, 0x38, 0x28, 0x08, 0xff, 0x40, 0x28, 0x08, 0xff,
    0x38, 0x28, 0x08, 0xff, 0x38, 0x28, 0x08, 0xff, 0x38, 0x24, 0x00, 0xff,
    0x38, 0x24, 0x00, 0xff, 0x38, 0x28, 0x08, 0xff, 0x38, 0x24, 0x00, 0xff,
    0x38, 0x28, 0x00, 0xff, 0x38, 0x28, 0x08, 0xff, 0x38, 0x24, 0x00, 0xff,
    0x38, 0x28, 0x00, 0xff, 0x38, 0x24, 0x08, 0xff, 0x38, 0x24, 0x00, 0xff,
    0x38, 0x24, 0x00, 0xff, 0x38, 0x28, 0x08, 0xff, 0x38, 0x24, 0x08, 0xff,
    0x38, 0x24, 0x00, 0xff, 0x40, 0x24, 0x00, 0xff, 0x38, 0x28, 0x08, 0xff,
    0x38, 0x28, 0x00, 0xff, 0x38, 0x24, 0x00, 0xff, 0x38, 0x28, 0x08, 0xff,
    0x38, 0x24, 0x00, 0xff, 0x38, 0x24, 0x08, 0xff, 0x38, 0x28, 0x08, 0xff,
    0x38, 0x24, 0x00, 0xff, 0x38, 0x28, 0x08, 0xff, 0x38, 0x24, 0x08, 0xff,
    0x38, 0x24, 0x00, 0xff, 0x38, 0x24, 0x00, 0xff, 0x38, 0x24, 0x08, 0xff,
    0x38, 0x28, 0x08, 0xff, 0x38, 0x24, 0x00, 0xff, 0x38, 0x24, 0x08, 0xff,
    0x38, 0x28, 0x00, 0xff, 0x38, 0x28, 0x00, 0xff, 0x38, 0x24, 0x00, 0xff,
    0x38, 0x28, 0x08, 0xff, 0x38, 0x24, 0x00, 0xff, 0x38, 0x24, 0x08, 0xff,
    0x38, 0x28, 0x00, 0xff, 0x38, 0x24, 0x00, 0xff, 0x38, 0x28, 0x00, 0xff,
    0x38, 0x24, 0x08, 0xff, 0x38, 0x28, 0x00, 0xff, 0x38, 0x24, 0x08, 0xff,
    0x38, 0x28, 0x08, 0xff, 0x38, 0x28, 0x00, 0xff, 0x38, 0x24, 0x08, 0xff,
    0x38, 0x28, 0x08, 0xff, 0x38, 0x24, 0x00, 0xff, 0x38, 0x28, 0x08, 0xff,
    0x38, 0x24, 0x08, 0xff, 0x38, 0x28, 0x00, 0xff, 0x38, 0x24, 0x08, 0xff,
    0x38, 0x24, 0x00, 0xff, 0x38, 0x28, 0x00, 0xff, 0x38, 0x24, 0x08, 0xff,
    0x38, 0x28, 0x00, 0xff, 0x38, 0x24, 0x00, 0xff, 0x38, 0x28, 0x08, 0xff,
    0x38, 0x28, 0x08, 0xff, 0x38, 0x24, 0x00, 0xff, 0x38, 0x28, 0x08, 0xff,
    0x38, 0x24, 0x00, 0xff, 0x38, 0x24, 0x00, 0xff, 0x38, 0x24, 0x00, 0xff,
    0x38, 0x28, 0x00, 0xff, 0x38, 0x24, 0x00, 0xff, 0x38, 0x28, 0x08, 0xff,
    0x38, 0x28, 0x00, 0xff, 0x40, 0x24, 0x08, 0xff, 0x38, 0x24, 0x08, 0xff,
    0x38, 0x28, 0x00, 0xff, 0x38, 0x24, 0x00, 0xff, 0x38, 0x28, 0x00, 0xff,
    0x38, 0x28, 0x08, 0xff, 0x38, 0x28, 0x08, 0xff, 0x38, 0x28, 0x08, 0xff,
    0x38, 0x28, 0x08, 0xff, 0x38, 0x28, 0x08, 0xff, 0x40, 0x2c, 0x08, 0xff,
    0x38, 0x2c, 0x08, 0xff, 0x38, 0x2c, 0x10, 0xf3, 0x28, 0x18, 0x08, 0xae,
    0x00, 0x00, 0x00, 0x71, 0x00, 0x00, 0x00, 0x61, 0x00, 0x00, 0x00, 0x55,
    0x00, 0x00, 0x00, 0x49, 0x00, 0x00, 0x00, 0x41, 0x00, 0x00, 0x00, 0x34,
    0x00, 0x00, 0x00, 0x2c, 0x00, 0x00, 0x00, 0x20, 0x00, 0x00, 0x00, 0x1c,
    0x00, 0x00, 0x00, 0x14, 0x00, 0x00, 0x00, 0x10, 0x00, 0x00, 0x00, 0x0c,
    0x00, 0x00, 0x00, 0x08, 0x00, 0x00, 0x00, 0x04, 0x00, 0x00, 0x00, 0x04,
    0x00, 0x00, 0x00, 0x00, 0x00, 0x00, 0x00, 0x00, 0x00, 0x00, 0x00, 0x00,
    0x00, 0x00, 0x00, 0x00, 0x00, 0x00, 0x00, 0x00, 0x00, 0x00, 0x00, 0x00,
    0x00, 0x00, 0x00, 0x00, 0x00, 0x00, 0x00, 0x00, 0x00, 0x00, 0x00, 0x00,
    0x00, 0x00, 0x00, 0x00, 0x00, 0x00, 0x00, 0x00, 0x00, 0x00, 0x00, 0x00,
    0x00, 0x00, 0x00, 0x00, 0x00, 0x00, 0x00, 0x00, 0x00, 0x00, 0x00, 0x00,
    0x00, 0x00, 0x00, 0x00, 0x00, 0x00, 0x00, 0x00, 0x00, 0x00, 0x00, 0x00,
    0x00, 0x00, 0x00, 0x00, 0x00, 0x00, 0x00, 0x00, 0x00, 0x00, 0x00, 0x00,
    0x00, 0x00, 0x00, 0x00, 0x00, 0x00, 0x00, 0x00, 0x00, 0x00, 0x00, 0x00,
    0x00, 0x00, 0x00, 0x00, 0x00, 0x00, 0x00, 0x00, 0x00, 0x00, 0x00, 0x00,
    0x00, 0x00, 0x00, 0x00, 0x00, 0x00, 0x00, 0x00, 0x00, 0x00, 0x00, 0x00,
    0x00, 0x00, 0x00, 0x00, 0x00, 0x00, 0x00, 0x00, 0x00, 0x00, 0x00, 0x00,
    0x00, 0x00, 0x00, 0x00, 0x00, 0x00, 0x00, 0x00, 0x00, 0x00, 0x00, 0x00,
    0x00, 0x00, 0x00, 0x00, 0x00, 0x00, 0x00, 0x00, 0x00, 0x00, 0x00, 0x00,
    0x00, 0x00, 0x00, 0x00, 0x00, 0x00, 0x00, 0x00, 0x00, 0x00, 0x00, 0x00,
    0x00, 0x00, 0x00, 0x00, 0x00, 0x00, 0x00, 0x00, 0x00, 0x00, 0x00, 0x00,
    0x00, 0x00, 0x00, 0x00, 0x00, 0x00, 0x00, 0x00, 0x00, 0x00, 0x00, 0x00,
    0x00, 0x00, 0x00, 0x00, 0x00, 0x00, 0x00, 0x00, 0x00, 0x00, 0x00, 0x00,
    0x00, 0x00, 0x00, 0x00, 0x00, 0x00, 0x00, 0x00, 0x00, 0x00, 0x00, 0x00,
    0x00, 0x00, 0x00, 0x00, 0x00, 0x00, 0x00, 0x00, 0x00, 0x00, 0x00, 0x00,
    0x00, 0x00, 0x00, 0x00, 0x00, 0x00, 0x00, 0x00, 0x00, 0x00, 0x00, 0x00,
    0x00, 0x00, 0x00, 0x00, 0x00, 0x00, 0x00, 0x00, 0x00, 0x00, 0x00, 0x00,
    0x00, 0x00, 0x00, 0x00, 0x00, 0x00, 0x00, 0x00, 0x00, 0x00, 0x00, 0x00,
    0x00, 0x00, 0x00, 0x00, 0x00, 0x00, 0x00, 0x00, 0x00, 0x00, 0x00, 0x04,
    0x00, 0x00, 0x00, 0x04, 0x00, 0x00, 0x00, 0x04, 0x00, 0x00, 0x00, 0x08,
    0x00, 0x00, 0x00, 0x0c, 0x00, 0x00, 0x00, 0x10, 0x00, 0x00, 0x00, 0x18,
    0x00, 0x00, 0x00, 0x1c, 0x00, 0x00, 0x00, 0x24, 0x00, 0x00, 0x00, 0x2c,
    0x00, 0x00, 0x00, 0x38, 0x00, 0x00, 0x00, 0x41, 0x00, 0x00, 0x00, 0x4d,
    0x00, 0x00, 0x00, 0x5d, 0x00, 0x00, 0x00, 0x69, 0x10, 0x0c, 0x00, 0x8a,
    0x38, 0x28, 0x08, 0xdf, 0x40, 0x2c, 0x08, 0xff, 0x40, 0x2c, 0x08, 0xff,
    0x38, 0x28, 0x08, 0xff, 0x38, 0x28, 0x08, 0xff, 0x38, 0x28, 0x08, 0xff,
    0x38, 0x28, 0x08, 0xff, 0x38, 0x28, 0x00, 0xff, 0x38, 0x24, 0x00, 0xff,
    0x38, 0x24, 0x00, 0xff, 0x38, 0x28, 0x08, 0xff, 0x38, 0x24, 0x00, 0xff,
    0x38, 0x28, 0x08, 0xff, 0x38, 0x24, 0x08, 0xff, 0x38, 0x24, 0x00, 0xff,
    0x38, 0x28, 0x08, 0xff, 0x38, 0x24, 0x08, 0xff, 0x38, 0x28, 0x00, 0xff,
    0x38, 0x28, 0x08, 0xff, 0x38, 0x24, 0x08, 0xff, 0x38, 0x28, 0x00, 0xff,
    0x38, 0x24, 0x08, 0xff, 0x38, 0x28, 0x00, 0xff, 0x38, 0x24, 0x08, 0xff,
    0x38, 0x24, 0x08, 0xff, 0x38, 0x28, 0x00, 0xff, 0x38, 0x24, 0x08, 0xff,
    0x38, 0x24, 0x00, 0xff, 0x38, 0x28, 0x00, 0xff, 0x38, 0x24, 0x08, 0xff,
    0x38, 0x24, 0x00, 0xff, 0x38, 0x24, 0x00, 0xff, 0x38, 0x28, 0x08, 0xff,
    0x38, 0x28, 0x00, 0xff, 0x38, 0x24, 0x08, 0xff, 0x38, 0x28, 0x00, 0xff,
    0x38, 0x28, 0x08, 0xff, 0x40, 0x24, 0x00, 0xff, 0x38, 0x24, 0x00, 0xff,
    0x38, 0x28, 0x08, 0xff, 0x38, 0x24, 0x08, 0xff, 0x38, 0x24, 0x08, 0xff,
    0x38, 0x24, 0x00, 0xff, 0x38, 0x24, 0x08, 0xff, 0x38, 0x28, 0x08, 0xff,
    0x38, 0x28, 0x00, 0xff, 0x38, 0x24, 0x08, 0xff, 0x38, 0x24, 0x08, 0xff,
    0x38, 0x28, 0x00, 0xff, 0x38, 0x24, 0x08, 0xff, 0x38, 0x24, 0x00, 0xff,
    0x38, 0x28, 0x00, 0xff, 0x38, 0x24, 0x08, 0xff, 0x38, 0x24, 0x00, 0xff,
    0x38, 0x28, 0x00, 0xff, 0x38, 0x24, 0x08, 0xff, 0x38, 0x24, 0x00, 0xff,
    0x38, 0x28, 0x00, 0xff, 0x38, 0x24, 0x08, 0xff, 0x38, 0x28, 0x00, 0xff,
    0x38, 0x24, 0x08, 0xff, 0x38, 0x28, 0x08, 0xff, 0x38, 0x28, 0x00, 0xff,
    0x38, 0x24, 0x08, 0xff, 0x38, 0x28, 0x08, 0xff, 0x38, 0x24, 0x00, 0xff,
    0x38, 0x24, 0x00, 0xff, 0x38, 0x24, 0x00, 0xff, 0x38, 0x28, 0x08, 0xff,
    0x38, 0x24, 0x00, 0xff, 0x38, 0x24, 0x08, 0xff, 0x38, 0x28, 0x08, 0xff,
    0x38, 0x24, 0x08, 0xff, 0x38, 0x24, 0x08, 0xff, 0x38, 0x28, 0x00, 0xff,
    0x38, 0x24, 0x08, 0xff, 0x38, 0x24, 0x00, 0xff, 0x38, 0x28, 0x00, 0xff,
    0x38, 0x24, 0x08, 0xff, 0x38, 0x28, 0x08, 0xff, 0x38, 0x24, 0x00, 0xff,
    0x38, 0x24, 0x08, 0xff, 0x38, 0x24, 0x00, 0xff, 0x38, 0x28, 0x00, 0xff,
    0x38, 0x24, 0x00, 0xff, 0x38, 0x28, 0x08, 0xff, 0x38, 0x28, 0x08, 0xff,
    0x38, 0x28, 0x08, 0xff, 0x38, 0x28, 0x08, 0xff, 0x38, 0x28, 0x08, 0xff,
    0x40, 0x2c, 0x08, 0xff, 0x40, 0x2c, 0x08, 0xff, 0x38, 0x28, 0x08, 0xdf,
    0x10, 0x0c, 0x08, 0x86, 0x00, 0x00, 0x00, 0x69, 0x00, 0x00, 0x00, 0x5d,
    0x00, 0x00, 0x00, 0x4d, 0x00, 0x00, 0x00, 0x45, 0x00, 0x00, 0x00, 0x38,
    0x00, 0x00, 0x00, 0x2c, 0x00, 0x00, 0x00, 0x24, 0x00, 0x00, 0x00, 0x1c,
    0x00, 0x00, 0x00, 0x18, 0x00, 0x00, 0x00, 0x10, 0x00, 0x00, 0x00, 0x0c,
    0x00, 0x00, 0x00, 0x08, 0x00, 0x00, 0x00, 0x08, 0x00, 0x00, 0x00, 0x04,
    0x00, 0x00, 0x00, 0x04, 0x00, 0x00, 0x00, 0x00, 0x00, 0x00, 0x00, 0x00,
    0x00, 0x00, 0x00, 0x00, 0x00, 0x00, 0x00, 0x00, 0x00, 0x00, 0x00, 0x00,
    0x00, 0x00, 0x00, 0x00, 0x00, 0x00, 0x00, 0x00, 0x00, 0x00, 0x00, 0x00,
    0x00, 0x00, 0x00, 0x00, 0x00, 0x00, 0x00, 0x00, 0x00, 0x00, 0x00, 0x00,
    0x00, 0x00, 0x00, 0x00, 0x00, 0x00, 0x00, 0x00, 0x00, 0x00, 0x00, 0x00,
    0x00, 0x00, 0x00, 0x00, 0x00, 0x00, 0x00, 0x00, 0x00, 0x00, 0x00, 0x00,
    0x00, 0x00, 0x00, 0x00, 0x00, 0x00, 0x00, 0x00, 0x00, 0x00, 0x00, 0x00,
    0x00, 0x00, 0x00, 0x00, 0x00, 0x00, 0x00, 0x00, 0x00, 0x00, 0x00, 0x00,
    0x00, 0x00, 0x00, 0x00, 0x00, 0x00, 0x00, 0x00, 0x00, 0x00, 0x00, 0x00,
    0x00, 0x00, 0x00, 0x00, 0x00, 0x00, 0x00, 0x00, 0x00, 0x00, 0x00, 0x00,
    0x00, 0x00, 0x00, 0x00, 0x00, 0x00, 0x00, 0x00, 0x00, 0x00, 0x00, 0x00,
    0x00, 0x00, 0x00, 0x00, 0x00, 0x00, 0x00, 0x00, 0x00, 0x00, 0x00, 0x00,
    0x00, 0x00, 0x00, 0x00, 0x00, 0x00, 0x00, 0x00, 0x00, 0x00, 0x00, 0x00,
    0x00, 0x00, 0x00, 0x00, 0x00, 0x00, 0x00, 0x00, 0x00, 0x00, 0x00, 0x00,
    0x00, 0x00, 0x00, 0x00, 0x00, 0x00, 0x00, 0x00, 0x00, 0x00, 0x00, 0x00,
    0x00, 0x00, 0x00, 0x00, 0x00, 0x00, 0x00, 0x00, 0x00, 0x00, 0x00, 0x00,
    0x00, 0x00, 0x00, 0x00, 0x00, 0x00, 0x00, 0x00, 0x00, 0x00, 0x00, 0x00,
    0x00, 0x00, 0x00, 0x00, 0x00, 0x00, 0x00, 0x00, 0x00, 0x00, 0x00, 0x00,
    0x00, 0x00, 0x00, 0x00, 0x00, 0x00, 0x00, 0x00, 0x00, 0x00, 0x00, 0x00,
    0x00, 0x00, 0x00, 0x00, 0x00, 0x00, 0x00, 0x00, 0x00, 0x00, 0x00, 0x00,
    0x00, 0x00, 0x00, 0x00, 0x00, 0x00, 0x00, 0x00, 0x00, 0x00, 0x00, 0x00,
    0x00, 0x00, 0x00, 0x00, 0x00, 0x00, 0x00, 0x00, 0x00, 0x00, 0x00, 0x00,
    0x00, 0x00, 0x00, 0x04, 0x00, 0x00, 0x00, 0x04, 0x00, 0x00, 0x00, 0x08,
    0x00, 0x00, 0x00, 0x08, 0x00, 0x00, 0x00, 0x0c, 0x00, 0x00, 0x00, 0x14,
    0x00, 0x00, 0x00, 0x18, 0x00, 0x00, 0x00, 0x20, 0x00, 0x00, 0x00, 0x28,
    0x00, 0x00, 0x00, 0x30, 0x00, 0x00, 0x00, 0x3c, 0x00, 0x00, 0x00, 0x49,
    0x00, 0x00, 0x00, 0x55, 0x00, 0x00, 0x00, 0x61, 0x00, 0x00, 0x00, 0x71,
    0x28, 0x1c, 0x08, 0xb6, 0x40, 0x2c, 0x10, 0xfb, 0x40, 0x28, 0x08, 0xff,
    0x38, 0x28, 0x08, 0xff, 0x38, 0x28, 0x08, 0xff, 0x38, 0x28, 0x08, 0xff,
    0x38, 0x28, 0x08, 0xff, 0x38, 0x28, 0x08, 0xff, 0x38, 0x24, 0x00, 0xff,
    0x38, 0x24, 0x08, 0xff, 0x38, 0x28, 0x08, 0xff, 0x38, 0x24, 0x00, 0xff,
    0x38, 0x24, 0x08, 0xff, 0x38, 0x24, 0x00, 0xff, 0x38, 0x24, 0x00, 0xff,
    0x38, 0x28, 0x08, 0xff, 0x38, 0x24, 0x00, 0xff, 0x38, 0x24, 0x00, 0xff,
    0x38, 0x28, 0x08, 0xff, 0x38, 0x24, 0x00, 0xff, 0x38, 0x24, 0x00, 0xff,
    0x38, 0x28, 0x08, 0xff, 0x38, 0x28, 0x00, 0xff, 0x38, 0x24, 0x00, 0xff,
    0x38, 0x24, 0x00, 0xff, 0x38, 0x28, 0x08, 0xff, 0x38, 0x24, 0x00, 0xff,
    0x38, 0x28, 0x00, 0xff, 0x38, 0x24, 0x08, 0xff, 0x38, 0x24, 0x08, 0xff,
    0x38, 0x24, 0x00, 0xff, 0x38, 0x28, 0x08, 0xff, 0x38, 0x28, 0x08, 0xff,
    0x38, 0x24, 0x00, 0xff, 0x38, 0x24, 0x08, 0xff, 0x38, 0x24, 0x00, 0xff,
    0x38, 0x24, 0x00, 0xff, 0x38, 0x28, 0x08, 0xff, 0x38, 0x28, 0x08, 0xff,
    0x38, 0x24, 0x00, 0xff, 0x38, 0x28, 0x00, 0xff, 0x38, 0x28, 0x08, 0xff,
    0x38, 0x24, 0x00, 0xff, 0x38, 0x28, 0x00, 0xff, 0x38, 0x24, 0x00, 0xff,
    0x38, 0x28, 0x08, 0xff, 0x38, 0x24, 0x00, 0xff, 0x38, 0x24, 0x00, 0xff,
    0x38, 0x28, 0x08, 0xff, 0x38, 0x24, 0x00, 0xff, 0x38, 0x28, 0x08, 0xff,
    0x38, 0x24, 0x08, 0xff, 0x38, 0x24, 0x00, 0xff, 0x38, 0x28, 0x00, 0xff,
    0x38, 0x24, 0x08, 0xff, 0x38, 0x24, 0x08, 0xff, 0x38, 0x28, 0x00, 0xff,
    0x38, 0x24, 0x08, 0xff, 0x38, 0x24, 0x08, 0xff, 0x38, 0x24, 0x00, 0xff,
    0x38, 0x24, 0x00, 0xff, 0x38, 0x28, 0x08, 0xff, 0x38, 0x24, 0x00, 0xff,
    0x38, 0x24, 0x00, 0xff, 0x38, 0x28, 0x08, 0xff, 0x38, 0x24, 0x00, 0xff,
    0x38, 0x28, 0x08, 0xff, 0x38, 0x28, 0x08, 0xff, 0x38, 0x24, 0x00, 0xff,
    0x38, 0x24, 0x08, 0xff, 0x38, 0x24, 0x00, 0xff, 0x38, 0x28, 0x00, 0xff,
    0x38, 0x24, 0x08, 0xff, 0x38, 0x28, 0x00, 0xff, 0x38, 0x28, 0x00, 0xff,
    0x38, 0x24, 0x08, 0xff, 0x38, 0x28, 0x08, 0xff, 0x38, 0x28, 0x00, 0xff,
    0x38, 0x24, 0x08, 0xff, 0x38, 0x24, 0x00, 0xff, 0x38, 0x24, 0x00, 0xff,
    0x38, 0x24, 0x00, 0xff, 0x38, 0x24, 0x08, 0xff, 0x38, 0x28, 0x08, 0xff,
    0x38, 0x28, 0x08, 0xff, 0x38, 0x24, 0x00, 0xff, 0x38, 0x24, 0x08, 0xff,
    0x38, 0x24, 0x00, 0xff, 0x38, 0x24, 0x00, 0xff, 0x38, 0x28, 0x08, 0xff,
    0x38, 0x24, 0x00, 0xff, 0x38, 0x28, 0x08, 0xff, 0x38, 0x28, 0x08, 0xff,
    0x38, 0x28, 0x08, 0xff, 0x40, 0x2c, 0x08, 0xff, 0x40, 0x2c, 0x10, 0xfb,
    0x28, 0x1c, 0x08, 0xb6, 0x00, 0x00, 0x00, 0x71, 0x00, 0x00, 0x00, 0x61,
    0x00, 0x00, 0x00, 0x55, 0x00, 0x00, 0x00, 0x49, 0x00, 0x00, 0x00, 0x3c,
    0x00, 0x00, 0x00, 0x34, 0x00, 0x00, 0x00, 0x28, 0x00, 0x00, 0x00, 0x20,
    0x00, 0x00, 0x00, 0x18, 0x00, 0x00, 0x00, 0x14, 0x00, 0x00, 0x00, 0x0c,
    0x00, 0x00, 0x00, 0x08, 0x00, 0x00, 0x00, 0x08, 0x00, 0x00, 0x00, 0x04,
    0x00, 0x00, 0x00, 0x04, 0x00, 0x00, 0x00, 0x00, 0x00, 0x00, 0x00, 0x00,
    0x00, 0x00, 0x00, 0x00, 0x00, 0x00, 0x00, 0x00, 0x00, 0x00, 0x00, 0x00,
    0x00, 0x00, 0x00, 0x00, 0x00, 0x00, 0x00, 0x00, 0x00, 0x00, 0x00, 0x00,
    0x00, 0x00, 0x00, 0x00, 0x00, 0x00, 0x00, 0x00, 0x00, 0x00, 0x00, 0x00,
    0x00, 0x00, 0x00, 0x00, 0x00, 0x00, 0x00, 0x00, 0x00, 0x00, 0x00, 0x00,
    0x00, 0x00, 0x00, 0x00, 0x00, 0x00, 0x00, 0x00, 0x00, 0x00, 0x00, 0x00,
    0x00, 0x00, 0x00, 0x00, 0x00, 0x00, 0x00, 0x00, 0x00, 0x00, 0x00, 0x00,
    0x00, 0x00, 0x00, 0x00, 0x00, 0x00, 0x00, 0x00, 0x00, 0x00, 0x00, 0x00,
    0x00, 0x00, 0x00, 0x00, 0x00, 0x00, 0x00, 0x00, 0x00, 0x00, 0x00, 0x00,
    0x00, 0x00, 0x00, 0x00, 0x00, 0x00, 0x00, 0x00, 0x00, 0x00, 0x00, 0x00,
    0x00, 0x00, 0x00, 0x00, 0x00, 0x00, 0x00, 0x00, 0x00, 0x00, 0x00, 0x00,
    0x00, 0x00, 0x00, 0x00, 0x00, 0x00, 0x00, 0x00, 0x00, 0x00, 0x00, 0x00,
    0x00, 0x00, 0x00, 0x00, 0x00, 0x00, 0x00, 0x00, 0x00, 0x00, 0x00, 0x00,
    0x00, 0x00, 0x00, 0x00, 0x00, 0x00, 0x00, 0x00, 0x00, 0x00, 0x00, 0x00,
    0x00, 0x00, 0x00, 0x00, 0x00, 0x00, 0x00, 0x00, 0x00, 0x00, 0x00, 0x00,
    0x00, 0x00, 0x00, 0x00, 0x00, 0x00, 0x00, 0x00, 0x00, 0x00, 0x00, 0x00,
    0x00, 0x00, 0x00, 0x00, 0x00, 0x00, 0x00, 0x00, 0x00, 0x00, 0x00, 0x00,
    0x00, 0x00, 0x00, 0x00, 0x00, 0x00, 0x00, 0x00, 0x00, 0x00, 0x00, 0x00,
    0x00, 0x00, 0x00, 0x00, 0x00, 0x00, 0x00, 0x00, 0x00, 0x00, 0x00, 0x00,
    0x00, 0x00, 0x00, 0x00, 0x00, 0x00, 0x00, 0x00, 0x00, 0x00, 0x00, 0x00,
    0x00, 0x00, 0x00, 0x00, 0x00, 0x00, 0x00, 0x00, 0x00, 0x00, 0x00, 0x00,
    0x00, 0x00, 0x00, 0x00, 0x00, 0x00, 0x00, 0x04, 0x00, 0x00, 0x00, 0x04,
    0x00, 0x00, 0x00, 0x08, 0x00, 0x00, 0x00, 0x08, 0x00, 0x00, 0x00, 0x10,
    0x00, 0x00, 0x00, 0x14, 0x00, 0x00, 0x00, 0x18, 0x00, 0x00, 0x00, 0x24,
    0x00, 0x00, 0x00, 0x2c, 0x00, 0x00, 0x00, 0x34, 0x00, 0x00, 0x00, 0x41,
    0x00, 0x00, 0x00, 0x4d, 0x00, 0x00, 0x00, 0x59, 0x00, 0x00, 0x00, 0x69,
    0x10, 0x0c, 0x00, 0x86, 0x38, 0x28, 0x08, 0xe3, 0x40, 0x2c, 0x08, 0xff,
    0x38, 0x28, 0x08, 0xff, 0x38, 0x28, 0x08, 0xff, 0x38, 0x28, 0x08, 0xff,
    0x38, 0x28, 0x08, 0xff, 0x38, 0x28, 0x08, 0xff, 0x38, 0x24, 0x00, 0xff,
    0x38, 0x24, 0x00, 0xff, 0x38, 0x24, 0x00, 0xff, 0x38, 0x24, 0x08, 0xff,
    0x38, 0x28, 0x08, 0xff, 0x38, 0x28, 0x00, 0xff, 0x38, 0x24, 0x08, 0xff,
    0x38, 0x24, 0x08, 0xff, 0x38, 0x28, 0x00, 0xff, 0x38, 0x24, 0x08, 0xff,
    0x38, 0x28, 0x08, 0xff, 0x38, 0x28, 0x00, 0xff, 0x38, 0x24, 0x08, 0xff,
    0x38, 0x28, 0x08, 0xff, 0x38, 0x24, 0x00, 0xff, 0x38, 0x24, 0x08, 0xff,
    0x38, 0x28, 0x08, 0xff, 0x38, 0x24, 0x00, 0xff, 0x38, 0x28, 0x08, 0xff,
    0x38, 0x24, 0x08, 0xff, 0x38, 0x28, 0x00, 0xff, 0x38, 0x24, 0x08, 0xff,
    0x38, 0x28, 0x00, 0xff, 0x38, 0x24, 0x08, 0xff, 0x38, 0x28, 0x00, 0xff,
    0x38, 0x24, 0x00, 0xff, 0x38, 0x28, 0x08, 0xff, 0x38, 0x24, 0x00, 0xff,
    0x38, 0x24, 0x08, 0xff, 0x38, 0x24, 0x08, 0xff, 0x38, 0x24, 0x00, 0xff,
    0x38, 0x24, 0x08, 0xff, 0x38, 0x24, 0x00, 0xff, 0x38, 0x24, 0x08, 0xff,
    0x38, 0x28, 0x08, 0xff, 0x38, 0x24, 0x00, 0xff, 0x38, 0x24, 0x08, 0xff,
    0x38, 0x28, 0x08, 0xff, 0x38, 0x28, 0x00, 0xff, 0x38, 0x24, 0x08, 0xff,
    0x38, 0x24, 0x00, 0xff, 0x38, 0x24, 0x08, 0xff, 0x38, 0x24, 0x00, 0xff,
    0x38, 0x28, 0x00, 0xff, 0x38, 0x24, 0x08, 0xff, 0x38, 0x28, 0x08, 0xff,
    0x38, 0x28, 0x00, 0xff, 0x38, 0x24, 0x08, 0xff, 0x38, 0x24, 0x00, 0xff,
    0x38, 0x28, 0x00, 0xff, 0x38, 0x28, 0x08, 0xff, 0x38, 0x24, 0x00, 0xff,
    0x38, 0x24, 0x00, 0xff, 0x38, 0x28, 0x08, 0xff, 0x38, 0x24, 0x08, 0xff,
    0x38, 0x24, 0x00, 0xff, 0x38, 0x28, 0x08, 0xff, 0x38, 0x24, 0x00, 0xff,
    0x38, 0x24, 0x00, 0xff, 0x38, 0x28, 0x08, 0xff, 0x38, 0x24, 0x00, 0xff,
    0x38, 0x24, 0x00, 0xff, 0x38, 0x28, 0x08, 0xff, 0x38, 0x28, 0x08, 0xff,
    0x38, 0x24, 0x00, 0xff, 0x38, 0x28, 0x08, 0xff, 0x38, 0x24, 0x08, 0xff,
    0x38, 0x24, 0x00, 0xff, 0x38, 0x24, 0x00, 0xff, 0x38, 0x24, 0x08, 0xff,
    0x38, 0x28, 0x00, 0xff, 0x38, 0x28, 0x00, 0xff, 0x38, 0x24, 0x08, 0xff,
    0x38, 0x24, 0x08, 0xff, 0x38, 0x28, 0x00, 0xff, 0x38, 0x28, 0x08, 0xff,
    0x38, 0x24, 0x00, 0xff, 0x38, 0x28, 0x00, 0xff, 0x38, 0x24, 0x08, 0xff,
    0x38, 0x28, 0x00, 0xff, 0x38, 0x24, 0x08, 0xff, 0x38, 0x28, 0x00, 0xff,
    0x38, 0x28, 0x00, 0xff, 0x38, 0x24, 0x08, 0xff, 0x38, 0x28, 0x00, 0xff,
    0x38, 0x28, 0x08, 0xff, 0x38, 0x28, 0x08, 0xff, 0x38, 0x28, 0x08, 0xff,
    0x38, 0x28, 0x08, 0xff, 0x38, 0x28, 0x08, 0xff, 0x40, 0x2c, 0x08, 0xff,
    0x38, 0x28, 0x08, 0xe3, 0x10, 0x0c, 0x00, 0x86, 0x00, 0x00, 0x00, 0x65,
    0x00, 0x00, 0x00, 0x59, 0x00, 0x00, 0x00, 0x4d, 0x00, 0x00, 0x00, 0x41,
    0x00, 0x00, 0x00, 0x34, 0x00, 0x00, 0x00, 0x2c, 0x00, 0x00, 0x00, 0x24,
    0x00, 0x00, 0x00, 0x18, 0x00, 0x00, 0x00, 0x14, 0x00, 0x00, 0x00, 0x0c,
    0x00, 0x00, 0x00, 0x08, 0x00, 0x00, 0x00, 0x08, 0x00, 0x00, 0x00, 0x04,
    0x00, 0x00, 0x00, 0x04, 0x00, 0x00, 0x00, 0x00, 0x00, 0x00, 0x00, 0x00,
    0x00, 0x00, 0x00, 0x00, 0x00, 0x00, 0x00, 0x00, 0x00, 0x00, 0x00, 0x00,
    0x00, 0x00, 0x00, 0x00, 0x00, 0x00, 0x00, 0x00, 0x00, 0x00, 0x00, 0x00,
    0x00, 0x00, 0x00, 0x00, 0x00, 0x00, 0x00, 0x00, 0x00, 0x00, 0x00, 0x00,
    0x00, 0x00, 0x00, 0x00, 0x00, 0x00, 0x00, 0x00, 0x00, 0x00, 0x00, 0x00,
    0x00, 0x00, 0x00, 0x00, 0x00, 0x00, 0x00, 0x00, 0x00, 0x00, 0x00, 0x00,
    0x00, 0x00, 0x00, 0x00, 0x00, 0x00, 0x00, 0x00, 0x00, 0x00, 0x00, 0x00,
    0x00, 0x00, 0x00, 0x00, 0x00, 0x00, 0x00, 0x00, 0x00, 0x00, 0x00, 0x00,
    0x00, 0x00, 0x00, 0x00, 0x00, 0x00, 0x00, 0x00, 0x00, 0x00, 0x00, 0x00,
    0x00, 0x00, 0x00, 0x00, 0x00, 0x00, 0x00, 0x00, 0x00, 0x00, 0x00, 0x00,
    0x00, 0x00, 0x00, 0x00, 0x00, 0x00, 0x00, 0x00, 0x00, 0x00, 0x00, 0x00,
    0x00, 0x00, 0x00, 0x00, 0x00, 0x00, 0x00, 0x00, 0x00, 0x00, 0x00, 0x00,
    0x00, 0x00, 0x00, 0x00, 0x00, 0x00, 0x00, 0x00, 0x00, 0x00, 0x00, 0x00,
    0x00, 0x00, 0x00, 0x00, 0x00, 0x00, 0x00, 0x00, 0x00, 0x00, 0x00, 0x00,
    0x00, 0x00, 0x00, 0x00, 0x00, 0x00, 0x00, 0x00, 0x00, 0x00, 0x00, 0x00,
    0x00, 0x00, 0x00, 0x00, 0x00, 0x00, 0x00, 0x00, 0x00, 0x00, 0x00, 0x00,
    0x00, 0x00, 0x00, 0x00, 0x00, 0x00, 0x00, 0x00, 0x00, 0x00, 0x00, 0x00,
    0x00, 0x00, 0x00, 0x00, 0x00, 0x00, 0x00, 0x00, 0x00, 0x00, 0x00, 0x00,
    0x00, 0x00, 0x00, 0x00, 0x00, 0x00, 0x00, 0x00, 0x00, 0x00, 0x00, 0x00,
    0x00, 0x00, 0x00, 0x00, 0x00, 0x00, 0x00, 0x00, 0x00, 0x00, 0x00, 0x00,
    0x00, 0x00, 0x00, 0x00, 0x00, 0x00, 0x00, 0x04, 0x00, 0x00, 0x00, 0x04,
    0x00, 0x00, 0x00, 0x04, 0x00, 0x00, 0x00, 0x08, 0x00, 0x00, 0x00, 0x08,
    0x00, 0x00, 0x00, 0x10, 0x00, 0x00, 0x00, 0x14, 0x00, 0x00, 0x00, 0x1c,
    0x00, 0x00, 0x00, 0x24, 0x00, 0x00, 0x00, 0x2c, 0x00, 0x00, 0x00, 0x38,
    0x00, 0x00, 0x00, 0x45, 0x00, 0x00, 0x00, 0x51, 0x00, 0x00, 0x00, 0x5d,
    0x00, 0x00, 0x00, 0x6d, 0x20, 0x18, 0x08, 0xa6, 0x38, 0x2c, 0x10, 0xf7,
    0x40, 0x28, 0x08, 0xff, 0x38, 0x28, 0x08, 0xff, 0x38, 0x28, 0x08, 0xff,
    0x38, 0x28, 0x08, 0xff, 0x38, 0x28, 0x08, 0xff, 0x38, 0x28, 0x08, 0xff,
    0x38, 0x24, 0x00, 0xff, 0x38, 0x28, 0x00, 0xff, 0x38, 0x28, 0x08, 0xff,
    0x38, 0x28, 0x08, 0xff, 0x38, 0x24, 0x00, 0xff, 0x38, 0x28, 0x00, 0xff,
    0x38, 0x24, 0x00, 0xff, 0x38, 0x28, 0x08, 0xff, 0x38, 0x28, 0x00, 0xff,
    0x38, 0x24, 0x00, 0xff, 0x38, 0x28, 0x08, 0xff, 0x38, 0x24, 0x00, 0xff,
    0x38, 0x24, 0x00, 0xff, 0x38, 0x28, 0x08, 0xff, 0x38, 0x28, 0x00, 0xff,
    0x38, 0x24, 0x00, 0xff, 0x38, 0x28, 0x08, 0xff, 0x38, 0x24, 0x00, 0xff,
    0x38, 0x24, 0x08, 0xff, 0x38, 0x28, 0x00, 0xff, 0x38, 0x24, 0x00, 0xff,
    0x38, 0x24, 0x08, 0xff, 0x38, 0x28, 0x00, 0xff, 0x38, 0x24, 0x08, 0xff,
    0x38, 0x28, 0x00, 0xff, 0x38, 0x24, 0x08, 0xff, 0x38, 0x24, 0x08, 0xff,
    0x38, 0x24, 0x00, 0xff, 0x38, 0x28, 0x00, 0xff, 0x38, 0x24, 0x08, 0xff,
    0x38, 0x28, 0x00, 0xff, 0x38, 0x28, 0x08, 0xff, 0x38, 0x24, 0x00, 0xff,
    0x38, 0x28, 0x00, 0xff, 0x38, 0x24, 0x08, 0xff, 0x38, 0x24, 0x00, 0xff,
    0x38, 0x28, 0x00, 0xff, 0x38, 0x24, 0x08, 0xff, 0x38, 0x24, 0x08, 0xff,
    0x38, 0x28, 0x00, 0xff, 0x38, 0x28, 0x08, 0xff, 0x38, 0x28, 0x08, 0xff,
    0x38, 0x28, 0x00, 0xff, 0x38, 0x24, 0x08, 0xff, 0x38, 0x24, 0x00, 0xff,
    0x38, 0x24, 0x00, 0xff, 0x38, 0x24, 0x08, 0xff, 0x38, 0x24, 0x00, 0xff,
    0x38, 0x28, 0x08, 0xff, 0x38, 0x28, 0x08, 0xff, 0x38, 0x24, 0x00, 0xff,
    0x38, 0x28, 0x08, 0xff, 0x38, 0x28, 0x08, 0xff, 0x38, 0x28, 0x00, 0xff,
    0x38, 0x24, 0x08, 0xff, 0x38, 0x24, 0x00, 0xff, 0x38, 0x28, 0x08, 0xff,
    0x38, 0x28, 0x08, 0xff, 0x38, 0x24, 0x00, 0xff, 0x38, 0x24, 0x08, 0xff,
    0x38, 0x28, 0x08, 0xff, 0x38, 0x24, 0x00, 0xff, 0x38, 0x24, 0x00, 0xff,
    0x38, 0x28, 0x08, 0xff, 0x38, 0x24, 0x00, 0xff, 0x38, 0x24, 0x08, 0xff,
    0x38, 0x28, 0x00, 0xff, 0x38, 0x24, 0x08, 0xff, 0x38, 0x28, 0x08, 0xff,
    0x38, 0x24, 0x00, 0xff, 0x38, 0x24, 0x08, 0xff, 0x38, 0x28, 0x08, 0xff,
    0x38, 0x24, 0x00, 0xff, 0x38, 0x28, 0x08, 0xff, 0x38, 0x24, 0x08, 0xff,
    0x38, 0x28, 0x00, 0xff, 0x38, 0x28, 0x08, 0xff, 0x38, 0x24, 0x00, 0xff,
    0x38, 0x24, 0x08, 0xff, 0x38, 0x24, 0x00, 0xff, 0x38, 0x28, 0x08, 0xff,
    0x38, 0x24, 0x08, 0xff, 0x38, 0x24, 0x00, 0xff, 0x38, 0x24, 0x08, 0xff,
    0x38, 0x28, 0x08, 0xff, 0x38, 0x24, 0x00, 0xff, 0x38, 0x24, 0x00, 0xff,
    0x38, 0x28, 0x08, 0xff, 0x38, 0x24, 0x08, 0xff, 0x38, 0x28, 0x08, 0xff,
    0x38, 0x28, 0x08, 0xff, 0x38, 0x28, 0x08, 0xff, 0x40, 0x2c, 0x08, 0xff,
    0x38, 0x2c, 0x10, 0xf7, 0x20, 0x18, 0x08, 0xaa, 0x00, 0x00, 0x00, 0x6d,
    0x00, 0x00, 0x00, 0x5d, 0x00, 0x00, 0x00, 0x51, 0x00, 0x00, 0x00, 0x45,
    0x00, 0x00, 0x00, 0x38, 0x00, 0x00, 0x00, 0x2c, 0x00, 0x00, 0x00, 0x24,
    0x00, 0x00, 0x00, 0x1c, 0x00, 0x00, 0x00, 0x14, 0x00, 0x00, 0x00, 0x10,
    0x00, 0x00, 0x00, 0x0c, 0x00, 0x00, 0x00, 0x08, 0x00, 0x00, 0x00, 0x04,
    0x00, 0x00, 0x00, 0x04, 0x00, 0x00, 0x00, 0x04, 0x00, 0x00, 0x00, 0x00,
    0x00, 0x00, 0x00, 0x00, 0x00, 0x00, 0x00, 0x00, 0x00, 0x00, 0x00, 0x00,
    0x00, 0x00, 0x00, 0x00, 0x00, 0x00, 0x00, 0x00, 0x00, 0x00, 0x00, 0x00,
    0x00, 0x00, 0x00, 0x00, 0x00, 0x00, 0x00, 0x00, 0x00, 0x00, 0x00, 0x00,
    0x00, 0x00, 0x00, 0x00, 0x00, 0x00, 0x00, 0x00, 0x00, 0x00, 0x00, 0x00,
    0x00, 0x00, 0x00, 0x00, 0x00, 0x00, 0x00, 0x00, 0x00, 0x00, 0x00, 0x00,
    0x00, 0x00, 0x00, 0x00, 0x00, 0x00, 0x00, 0x00, 0x00, 0x00, 0x00, 0x00,
    0x00, 0x00, 0x00, 0x00, 0x00, 0x00, 0x00, 0x00, 0x00, 0x00, 0x00, 0x00,
    0x00, 0x00, 0x00, 0x00, 0x00, 0x00, 0x00, 0x00, 0x00, 0x00, 0x00, 0x00,
    0x00, 0x00, 0x00, 0x00, 0x00, 0x00, 0x00, 0x00, 0x00, 0x00, 0x00, 0x00,
    0x00, 0x00, 0x00, 0x00, 0x00, 0x00, 0x00, 0x00, 0x00, 0x00, 0x00, 0x00,
    0x00, 0x00, 0x00, 0x00, 0x00, 0x00, 0x00, 0x00, 0x00, 0x00, 0x00, 0x00,
    0x00, 0x00, 0x00, 0x00, 0x00, 0x00, 0x00, 0x00, 0x00, 0x00, 0x00, 0x00,
    0x00, 0x00, 0x00, 0x00, 0x00, 0x00, 0x00, 0x00, 0x00, 0x00, 0x00, 0x00,
    0x00, 0x00, 0x00, 0x00, 0x00, 0x00, 0x00, 0x00, 0x00, 0x00, 0x00, 0x00,
    0x00, 0x00, 0x00, 0x00, 0x00, 0x00, 0x00, 0x00, 0x00, 0x00, 0x00, 0x00,
    0x00, 0x00, 0x00, 0x00, 0x00, 0x00, 0x00, 0x00, 0x00, 0x00, 0x00, 0x00,
    0x00, 0x00, 0x00, 0x00, 0x00, 0x00, 0x00, 0x00, 0x00, 0x00, 0x00, 0x00,
    0x00, 0x00, 0x00, 0x00, 0x00, 0x00, 0x00, 0x00, 0x00, 0x00, 0x00, 0x00,
    0x00, 0x00, 0x00, 0x00, 0x00, 0x00, 0x00, 0x00, 0x00, 0x00, 0x00, 0x00,
    0x00, 0x00, 0x00, 0x04, 0x00, 0x00, 0x00, 0x04, 0x00, 0x00, 0x00, 0x08,
    0x00, 0x00, 0x00, 0x0c, 0x00, 0x00, 0x00, 0x10, 0x00, 0x00, 0x00, 0x14,
    0x00, 0x00, 0x00, 0x1c, 0x00, 0x00, 0x00, 0x24, 0x00, 0x00, 0x00, 0x30,
    0x00, 0x00, 0x00, 0x3c, 0x00, 0x00, 0x00, 0x45, 0x00, 0x00, 0x00, 0x55,
    0x00, 0x00, 0x00, 0x61, 0x08, 0x04, 0x00, 0x75, 0x30, 0x24, 0x08, 0xcf,
    0x40, 0x2c, 0x10, 0xff, 0x38, 0x28, 0x08, 0xff, 0x38, 0x28, 0x08, 0xff,
    0x38, 0x28, 0x08, 0xff, 0x38, 0x28, 0x08, 0xff, 0x38, 0x28, 0x08, 0xff,
    0x38, 0x24, 0x00, 0xff, 0x38, 0x24, 0x00, 0xff, 0x38, 0x24, 0x08, 0xff,
    0x38, 0x24, 0x08, 0xff, 0x38, 0x28, 0x00, 0xff, 0x38, 0x24, 0x08, 0xff,
    0x38, 0x24, 0x00, 0xff, 0x38, 0x24, 0x08, 0xff, 0x38, 0x28, 0x08, 0xff,
    0x38, 0x24, 0x00, 0xff, 0x38, 0x24, 0x08, 0xff, 0x38, 0x24, 0x08, 0xff,
    0x38, 0x28, 0x00, 0xff, 0x38, 0x24, 0x08, 0xff, 0x38, 0x24, 0x08, 0xff,
    0x38, 0x24, 0x00, 0xff, 0x38, 0x24, 0x08, 0xff, 0x38, 0x24, 0x08, 0xff,
    0x38, 0x24, 0x00, 0xff, 0x38, 0x24, 0x08, 0xff, 0x38, 0x28, 0x00, 0xff,
    0x38, 0x24, 0x08, 0xff, 0x38, 0x28, 0x08, 0xff, 0x38, 0x24, 0x00, 0xff,
    0x38, 0x24, 0x08, 0xff, 0x38, 0x28, 0x00, 0xff, 0x38, 0x24, 0x08, 0xff,
    0x38, 0x28, 0x00, 0xff, 0x38, 0x24, 0x08, 0xff, 0x38, 0x28, 0x08, 0xff,
    0x38, 0x28, 0x00, 0xff, 0x38, 0x24, 0x00, 0xff, 0x38, 0x28, 0x08, 0xff,
    0x38, 0x24, 0x08, 0xff, 0x38, 0x24, 0x00, 0xff, 0x38, 0x28, 0x08, 0xff,
    0x38, 0x28, 0x08, 0xff, 0x38, 0x24, 0x00, 0xff, 0x38, 0x28, 0x00, 0xff,
    0x38, 0x24, 0x08, 0xff, 0x38, 0x24, 0x00, 0xff, 0x38, 0x24, 0x00, 0xff,
    0x38, 0x24, 0x00, 0xff, 0x38, 0x28, 0x08, 0xff, 0x38, 0x24, 0x00, 0xff,
    0x38, 0x28, 0x08, 0xff, 0x38, 0x28, 0x08, 0xff, 0x38, 0x24, 0x00, 0xff,
    0x38, 0x24, 0x00, 0xff, 0x38, 0x28, 0x08, 0xff, 0x38, 0x24, 0x00, 0xff,
    0x38, 0x24, 0x08, 0xff, 0x38, 0x24, 0x00, 0xff, 0x38, 0x24, 0x00, 0xff,
    0x38, 0x28, 0x08, 0xff, 0x38, 0x24, 0x00, 0xff, 0x38, 0x28, 0x00, 0xff,
    0x38, 0x24, 0x08, 0xff, 0x38, 0x28, 0x00, 0xff, 0x38, 0x24, 0x00, 0xff,
    0x38, 0x24, 0x08, 0xff, 0x38, 0x24, 0x00, 0xff, 0x38, 0x28, 0x08, 0xff,
    0x38, 0x28, 0x08, 0xff, 0x38, 0x24, 0x00, 0xff, 0x38, 0x24, 0x08, 0xff,
    0x38, 0x28, 0x00, 0xff, 0x38, 0x24, 0x00, 0xff, 0x38, 0x24, 0x08, 0xff,
    0x38, 0x24, 0x00, 0xff, 0x38, 0x28, 0x00, 0xff, 0x38, 0x28, 0x08, 0xff,
    0x38, 0x24, 0x00, 0xff, 0x38, 0x24, 0x00, 0xff, 0x38, 0x28, 0x08, 0xff,
    0x38, 0x24, 0x00, 0xff, 0x38, 0x24, 0x00, 0xff, 0x38, 0x24, 0x08, 0xff,
    0x38, 0x24, 0x00, 0xff, 0x38, 0x28, 0x08, 0xff, 0x38, 0x24, 0x08, 0xff,
    0x38, 0x24, 0x00, 0xff, 0x38, 0x24, 0x00, 0xff, 0x38, 0x28, 0x08, 0xff,
    0x38, 0x24, 0x00, 0xff, 0x38, 0x24, 0x00, 0xff, 0x38, 0x24, 0x08, 0xff,
    0x38, 0x24, 0x08, 0xff, 0x38, 0x24, 0x00, 0xff, 0x38, 0x28, 0x00, 0xff,
    0x38, 0x28, 0x00, 0xff, 0x40, 0x24, 0x08, 0xff, 0x38, 0x28, 0x08, 0xff,
    0x38, 0x28, 0x08, 0xff, 0x38, 0x28, 0x08, 0xff, 0x38, 0x28, 0x08, 0xff,
    0x40, 0x2c, 0x08, 0xff, 0x30, 0x24, 0x08, 0xcf, 0x08, 0x04, 0x00, 0x75,
    0x00, 0x00, 0x00, 0x61, 0x00, 0x00, 0x00, 0x55, 0x00, 0x00, 0x00, 0x45,
    0x00, 0x00, 0x00, 0x3c, 0x00, 0x00, 0x00, 0x30, 0x00, 0x00, 0x00, 0x28,
    0x00, 0x00, 0x00, 0x1c, 0x00, 0x00, 0x00, 0x18, 0x00, 0x00, 0x00, 0x10,
    0x00, 0x00, 0x00, 0x0c, 0x00, 0x00, 0x00, 0x08, 0x00, 0x00, 0x00, 0x04,
    0x00, 0x00, 0x00, 0x04, 0x00, 0x00, 0x00, 0x00, 0x00, 0x00, 0x00, 0x00,
    0x00, 0x00, 0x00, 0x00, 0x00, 0x00, 0x00, 0x00, 0x00, 0x00, 0x00, 0x00,
    0x00, 0x00, 0x00, 0x00, 0x00, 0x00, 0x00, 0x00, 0x00, 0x00, 0x00, 0x00,
    0x00, 0x00, 0x00, 0x00, 0x00, 0x00, 0x00, 0x00, 0x00, 0x00, 0x00, 0x00,
    0x00, 0x00, 0x00, 0x00, 0x00, 0x00, 0x00, 0x00, 0x00, 0x00, 0x00, 0x00,
    0x00, 0x00, 0x00, 0x00, 0x00, 0x00, 0x00, 0x00, 0x00, 0x00, 0x00, 0x00,
    0x00, 0x00, 0x00, 0x00, 0x00, 0x00, 0x00, 0x00, 0x00, 0x00, 0x00, 0x00,
    0x00, 0x00, 0x00, 0x00, 0x00, 0x00, 0x00, 0x00, 0x00, 0x00, 0x00, 0x00,
    0x00, 0x00, 0x00, 0x00, 0x00, 0x00, 0x00, 0x00, 0x00, 0x00, 0x00, 0x00,
    0x00, 0x00, 0x00, 0x00, 0x00, 0x00, 0x00, 0x00, 0x00, 0x00, 0x00, 0x00,
    0x00, 0x00, 0x00, 0x00, 0x00, 0x00, 0x00, 0x00, 0x00, 0x00, 0x00, 0x00,
    0x00, 0x00, 0x00, 0x00, 0x00, 0x00, 0x00, 0x00, 0x00, 0x00, 0x00, 0x00,
    0x00, 0x00, 0x00, 0x00, 0x00, 0x00, 0x00, 0x00, 0x00, 0x00, 0x00, 0x00,
    0x00, 0x00, 0x00, 0x00, 0x00, 0x00, 0x00, 0x00, 0x00, 0x00, 0x00, 0x00,
    0x00, 0x00, 0x00, 0x00, 0x00, 0x00, 0x00, 0x00, 0x00, 0x00, 0x00, 0x00,
    0x00, 0x00, 0x00, 0x00, 0x00, 0x00, 0x00, 0x00, 0x00, 0x00, 0x00, 0x00,
    0x00, 0x00, 0x00, 0x00, 0x00, 0x00, 0x00, 0x00, 0x00, 0x00, 0x00, 0x00,
    0x00, 0x00, 0x00, 0x00, 0x00, 0x00, 0x00, 0x00, 0x00, 0x00, 0x00, 0x00,
    0x00, 0x00, 0x00, 0x00, 0x00, 0x00, 0x00, 0x00, 0x00, 0x00, 0x00, 0x00,
    0x00, 0x00, 0x00, 0x04, 0x00, 0x00, 0x00, 0x04, 0x00, 0x00, 0x00, 0x04,
    0x00, 0x00, 0x00, 0x08, 0x00, 0x00, 0x00, 0x0c, 0x00, 0x00, 0x00, 0x10,
    0x00, 0x00, 0x00, 0x14, 0x00, 0x00, 0x00, 0x20, 0x00, 0x00, 0x00, 0x28,
    0x00, 0x00, 0x00, 0x30, 0x00, 0x00, 0x00, 0x3c, 0x00, 0x00, 0x00, 0x49,
    0x00, 0x00, 0x00, 0x59, 0x00, 0x00, 0x00, 0x65, 0x10, 0x0c, 0x00, 0x86,
    0x38, 0x28, 0x10, 0xe7, 0x40, 0x2c, 0x08, 0xff, 0x38, 0x28, 0x08, 0xff,
    0x38, 0x28, 0x08, 0xff, 0x40, 0x28, 0x08, 0xff, 0x38, 0x28, 0x08, 0xff,
    0x38, 0x28, 0x00, 0xff, 0x38, 0x28, 0x00, 0xff, 0x38, 0x24, 0x00, 0xff,
    0x38, 0x28, 0x08, 0xff, 0x38, 0x24, 0x00, 0xff, 0x38, 0x24, 0x00, 0xff,
    0x38, 0x24, 0x08, 0xff, 0x38, 0x28, 0x00, 0xff, 0x38, 0x28, 0x08, 0xff,
    0x38, 0x24, 0x00, 0xff, 0x38, 0x28, 0x08, 0xff, 0x38, 0x24, 0x00, 0xff,
    0x38, 0x24, 0x00, 0xff, 0x38, 0x24, 0x08, 0xff, 0x38, 0x24, 0x00, 0xff,
    0x38, 0x24, 0x08, 0xff, 0x38, 0x24, 0x00, 0xff, 0x38, 0x28, 0x00, 0xff,
    0x38, 0x24, 0x08, 0xff, 0x38, 0x28, 0x00, 0xff, 0x38, 0x24, 0x00, 0xff,
    0x38, 0x28, 0x08, 0xff, 0x38, 0x28, 0x00, 0xff, 0x38, 0x24, 0x08, 0xff,
    0x38, 0x24, 0x00, 0xff, 0x38, 0x28, 0x00, 0xff, 0x38, 0x24, 0x08, 0xff,
    0x38, 0x28, 0x08, 0xff, 0x38, 0x24, 0x00, 0xff, 0x38, 0x24, 0x00, 0xff,
    0x38, 0x28, 0x00, 0xff, 0x38, 0x24, 0x08, 0xff, 0x38, 0x24, 0x08, 0xff,
    0x38, 0x24, 0x00, 0xff, 0x38, 0x28, 0x08, 0xff, 0x38, 0x24, 0x00, 0xff,
    0x38, 0x24, 0x00, 0xff, 0x38, 0x24, 0x08, 0xff, 0x38, 0x24, 0x08, 0xff,
    0x38, 0x24, 0x00, 0xff, 0x38, 0x24, 0x08, 0xff, 0x38, 0x28, 0x08, 0xff,
    0x38, 0x28, 0x00, 0xff, 0x38, 0x24, 0x00, 0xff, 0x38, 0x28, 0x08, 0xff,
    0x38, 0x24, 0x00, 0xff, 0x38, 0x24, 0x00, 0xff, 0x38, 0x24, 0x08, 0xff,
    0x38, 0x24, 0x08, 0xff, 0x38, 0x24, 0x00, 0xff, 0x38, 0x24, 0x00, 0xff,
    0x38, 0x24, 0x08, 0xff, 0x38, 0x28, 0x00, 0xff, 0x38, 0x24, 0x08, 0xff,
    0x38, 0x28, 0x00, 0xff, 0x38, 0x24, 0x08, 0xff, 0x38, 0x24, 0x08, 0xff,
    0x38, 0x28, 0x00, 0xff, 0x38, 0x24, 0x08, 0xff, 0x38, 0x24, 0x08, 0xff,
    0x38, 0x28, 0x00, 0xff, 0x38, 0x24, 0x00, 0xff, 0x38, 0x24, 0x08, 0xff,
    0x38, 0x28, 0x00, 0xff, 0x38, 0x24, 0x00, 0xff, 0x38, 0x24, 0x08, 0xff,
    0x38, 0x24, 0x00, 0xff, 0x38, 0x28, 0x08, 0xff, 0x38, 0x24, 0x08, 0xff,
    0x38, 0x24, 0x00, 0xff, 0x38, 0x24, 0x08, 0xff, 0x38, 0x28, 0x00, 0xff,
    0x38, 0x24, 0x08, 0xff, 0x38, 0x24, 0x00, 0xff, 0x38, 0x24, 0x08, 0xff,
    0x38, 0x24, 0x00, 0xff, 0x38, 0x28, 0x08, 0xff, 0x38, 0x24, 0x00, 0xff,
    0x38, 0x28, 0x08, 0xff, 0x38, 0x24, 0x00, 0xff, 0x38, 0x24, 0x00, 0xff,
    0x38, 0x28, 0x08, 0xff, 0x38, 0x24, 0x00, 0xff, 0x38, 0x24, 0x00, 0xff,
    0x38, 0x24, 0x08, 0xff, 0x38, 0x24, 0x08, 0xff, 0x38, 0x24, 0x00, 0xff,
    0x38, 0x28, 0x00, 0xff, 0x38, 0x24, 0x08, 0xff, 0x38, 0x24, 0x00, 0xff,
    0x38, 0x24, 0x08, 0xff, 0x38, 0x24, 0x08, 0xff, 0x38, 0x28, 0x00, 0xff,
    0x38, 0x24, 0x00, 0xff, 0x38, 0x28, 0x08, 0xff, 0x38, 0x28, 0x00, 0xff,
    0x40, 0x28, 0x08, 0xff, 0x38, 0x28, 0x08, 0xff, 0x40, 0x2c, 0x08, 0xff,
    0x40, 0x2c, 0x10, 0xff, 0x38, 0x28, 0x10, 0xe7, 0x10, 0x0c, 0x00, 0x86,
    0x00, 0x00, 0x00, 0x65, 0x00, 0x00, 0x00, 0x59, 0x00, 0x00, 0x00, 0x49,
    0x00, 0x00, 0x00, 0x3c, 0x00, 0x00, 0x00, 0x30, 0x00, 0x00, 0x00, 0x28,
    0x00, 0x00, 0x00, 0x1c, 0x00, 0x00, 0x00, 0x14, 0x00, 0x00, 0x00, 0x10,
    0x00, 0x00, 0x00, 0x0c, 0x00, 0x00, 0x00, 0x08, 0x00, 0x00, 0x00, 0x04,
    0x00, 0x00, 0x00, 0x04, 0x00, 0x00, 0x00, 0x04, 0x00, 0x00, 0x00, 0x00,
    0x00, 0x00, 0x00, 0x00, 0x00, 0x00, 0x00, 0x00, 0x00, 0x00, 0x00, 0x00,
    0x00, 0x00, 0x00, 0x00, 0x00, 0x00, 0x00, 0x00, 0x00, 0x00, 0x00, 0x00,
    0x00, 0x00, 0x00, 0x00, 0x00, 0x00, 0x00, 0x00, 0x00, 0x00, 0x00, 0x00,
    0x00, 0x00, 0x00, 0x00, 0x00, 0x00, 0x00, 0x00, 0x00, 0x00, 0x00, 0x00,
    0x00, 0x00, 0x00, 0x00, 0x00, 0x00, 0x00, 0x00, 0x00, 0x00, 0x00, 0x00,
    0x00, 0x00, 0x00, 0x00, 0x00, 0x00, 0x00, 0x00, 0x00, 0x00, 0x00, 0x00,
    0x00, 0x00, 0x00, 0x00, 0x00, 0x00, 0x00, 0x00, 0x00, 0x00, 0x00, 0x00,
    0x00, 0x00, 0x00, 0x00, 0x00, 0x00, 0x00, 0x00, 0x00, 0x00, 0x00, 0x00,
    0x00, 0x00, 0x00, 0x00, 0x00, 0x00, 0x00, 0x00, 0x00, 0x00, 0x00, 0x00,
    0x00, 0x00, 0x00, 0x00, 0x00, 0x00, 0x00, 0x00, 0x00, 0x00, 0x00, 0x00,
    0x00, 0x00, 0x00, 0x00, 0x00, 0x00, 0x00, 0x00, 0x00, 0x00, 0x00, 0x00,
    0x00, 0x00, 0x00, 0x00, 0x00, 0x00, 0x00, 0x00, 0x00, 0x00, 0x00, 0x00,
    0x00, 0x00, 0x00, 0x00, 0x00, 0x00, 0x00, 0x00, 0x00, 0x00, 0x00, 0x00,
    0x00, 0x00, 0x00, 0x00, 0x00, 0x00, 0x00, 0x00, 0x00, 0x00, 0x00, 0x00,
    0x00, 0x00, 0x00, 0x00, 0x00, 0x00, 0x00, 0x00, 0x00, 0x00, 0x00, 0x00,
    0x00, 0x00, 0x00, 0x00, 0x00, 0x00, 0x00, 0x00, 0x00, 0x00, 0x00, 0x00,
    0x00, 0x00, 0x00, 0x00, 0x00, 0x00, 0x00, 0x00, 0x00, 0x00, 0x00, 0x00,
    0x00, 0x00, 0x00, 0x00, 0x00, 0x00, 0x00, 0x00, 0x00, 0x00, 0x00, 0x04,
    0x00, 0x00, 0x00, 0x04, 0x00, 0x00, 0x00, 0x08, 0x00, 0x00, 0x00, 0x0c,
    0x00, 0x00, 0x00, 0x10, 0x00, 0x00, 0x00, 0x18, 0x00, 0x00, 0x00, 0x20,
    0x00, 0x00, 0x00, 0x28, 0x00, 0x00, 0x00, 0x34, 0x00, 0x00, 0x00, 0x41,
    0x00, 0x00, 0x00, 0x4d, 0x00, 0x00, 0x00, 0x59, 0x00, 0x00, 0x00, 0x69,
    0x20, 0x14, 0x08, 0x9e, 0x38, 0x2c, 0x10, 0xf7, 0x40, 0x2c, 0x08, 0xff,
    0x38, 0x28, 0x08, 0xff, 0x38, 0x28, 0x08, 0xff, 0x38, 0x28, 0x08, 0xff,
    0x38, 0x28, 0x00, 0xff, 0x38, 0x24, 0x00, 0xff, 0x38, 0x24, 0x08, 0xff,
    0x38, 0x24, 0x08, 0xff, 0x38, 0x24, 0x08, 0xff, 0x38, 0x28, 0x00, 0xff,
    0x38, 0x24, 0x08, 0xff, 0x38, 0x28, 0x00, 0xff, 0x38, 0x28, 0x00, 0xff,
    0x38, 0x24, 0x08, 0xff, 0x38, 0x24, 0x00, 0xff, 0x38, 0x24, 0x00, 0xff,
    0x38, 0x28, 0x08, 0xff, 0x38, 0x28, 0x00, 0xff, 0x38, 0x28, 0x08, 0xff,
    0x38, 0x24, 0x00, 0xff, 0x38, 0x24, 0x08, 0xff, 0x38, 0x28, 0x00, 0xff,
    0x38, 0x24, 0x08, 0xff, 0x38, 0x24, 0x08, 0xff, 0x38, 0x24, 0x00, 0xff,
    0x38, 0x24, 0x08, 0xff, 0x38, 0x24, 0x08, 0xff, 0x38, 0x24, 0x00, 0xff,
    0x38, 0x24, 0x08, 0xff, 0x38, 0x24, 0x00, 0xff, 0x38, 0x28, 0x08, 0xff,
    0x38, 0x24, 0x00, 0xff, 0x38, 0x28, 0x08, 0xff, 0x38, 0x24, 0x00, 0xff,
    0x38, 0x24, 0x00, 0xff, 0x38, 0x24, 0x08, 0xff, 0x38, 0x24, 0x08, 0xff,
    0x38, 0x24, 0x00, 0xff, 0x38, 0x28, 0x00, 0xff, 0x38, 0x24, 0x00, 0xff,
    0x38, 0x24, 0x08, 0xff, 0x38, 0x28, 0x00, 0xff, 0x38, 0x24, 0x08, 0xff,
    0x38, 0x24, 0x00, 0xff, 0x38, 0x28, 0x00, 0xff, 0x38, 0x24, 0x00, 0xff,
    0x38, 0x24, 0x00, 0xff, 0x38, 0x24, 0x08, 0xff, 0x38, 0x24, 0x08, 0xff,
    0x38, 0x28, 0x08, 0xff, 0x38, 0x24, 0x08, 0xff, 0x38, 0x28, 0x00, 0xff,
    0x38, 0x28, 0x08, 0xff, 0x38, 0x24, 0x00, 0xff, 0x38, 0x24, 0x00, 0xff,
    0x38, 0x28, 0x08, 0xff, 0x38, 0x28, 0x08, 0xff, 0x38, 0x24, 0x00, 0xff,
    0x38, 0x24, 0x08, 0xff, 0x38, 0x28, 0x00, 0xff, 0x38, 0x24, 0x08, 0xff,
    0x38, 0x28, 0x00, 0xff, 0x38, 0x24, 0x00, 0xff, 0x38, 0x24, 0x08, 0xff,
    0x38, 0x24, 0x00, 0xff, 0x38, 0x28, 0x08, 0xff, 0x38, 0x28, 0x08, 0xff,
    0x38, 0x24, 0x00, 0xff, 0x38, 0x24, 0x08, 0xff, 0x38, 0x28, 0x08, 0xff,
    0x38, 0x24, 0x00, 0xff, 0x38, 0x28, 0x00, 0xff, 0x38, 0x24, 0x08, 0xff,
    0x38, 0x28, 0x00, 0xff, 0x38, 0x28, 0x08, 0xff, 0x38, 0x24, 0x08, 0xff,
    0x38, 0x28, 0x00, 0xff, 0x38, 0x24, 0x08, 0xff, 0x38, 0x24, 0x00, 0xff,
    0x38, 0x24, 0x08, 0xff, 0x38, 0x28, 0x00, 0xff, 0x38, 0x24, 0x08, 0xff,
    0x38, 0x24, 0x00, 0xff, 0x38, 0x24, 0x08, 0xff, 0x38, 0x28, 0x08, 0xff,
    0x38, 0x28, 0x00, 0xff, 0x38, 0x24, 0x08, 0xff, 0x38, 0x28, 0x08, 0xff,
    0x38, 0x24, 0x00, 0xff, 0x38, 0x28, 0x08, 0xff, 0x38, 0x28, 0x00, 0xff,
    0x38, 0x24, 0x08, 0xff, 0x38, 0x24, 0x08, 0xff, 0x38, 0x28, 0x00, 0xff,
    0x38, 0x28, 0x08, 0xff, 0x38, 0x24, 0x00, 0xff, 0x38, 0x28, 0x00, 0xff,
    0x38, 0x24, 0x08, 0xff, 0x38, 0x24, 0x08, 0xff, 0x38, 0x24, 0x00, 0xff,
    0x38, 0x24, 0x00, 0xff, 0x38, 0x24, 0x08, 0xff, 0x38, 0x28, 0x08, 0xff,
    0x38, 0x28, 0x08, 0xff, 0x38, 0x28, 0x08, 0xff, 0x38, 0x28, 0x08, 0xff,
    0x38, 0x28, 0x08, 0xff, 0x38, 0x2c, 0x10, 0xf7, 0x20, 0x14, 0x08, 0x9e,
    0x00, 0x00, 0x00, 0x69, 0x00, 0x00, 0x00, 0x59, 0x00, 0x00, 0x00, 0x4d,
    0x00, 0x00, 0x00, 0x41, 0x00, 0x00, 0x00, 0x34, 0x00, 0x00, 0x00, 0x28,
    0x00, 0x00, 0x00, 0x20, 0x00, 0x00, 0x00, 0x18, 0x00, 0x00, 0x00, 0x10,
    0x00, 0x00, 0x00, 0x0c, 0x00, 0x00, 0x00, 0x08, 0x00, 0x00, 0x00, 0x04,
    0x00, 0x00, 0x00, 0x04, 0x00, 0x00, 0x00, 0x00, 0x00, 0x00, 0x00, 0x00,
    0x00, 0x00, 0x00, 0x00, 0x00, 0x00, 0x00, 0x00, 0x00, 0x00, 0x00, 0x00,
    0x00, 0x00, 0x00, 0x00, 0x00, 0x00, 0x00, 0x00, 0x00, 0x00, 0x00, 0x00,
    0x00, 0x00, 0x00, 0x00, 0x00, 0x00, 0x00, 0x00, 0x00, 0x00, 0x00, 0x00,
    0x00, 0x00, 0x00, 0x00, 0x00, 0x00, 0x00, 0x00, 0x00, 0x00, 0x00, 0x00,
    0x00, 0x00, 0x00, 0x00, 0x00, 0x00, 0x00, 0x00, 0x00, 0x00, 0x00, 0x00,
    0x00, 0x00, 0x00, 0x00, 0x00, 0x00, 0x00, 0x00, 0x00, 0x00, 0x00, 0x00,
    0x00, 0x00, 0x00, 0x00, 0x00, 0x00, 0x00, 0x00, 0x00, 0x00, 0x00, 0x00,
    0x00, 0x00, 0x00, 0x00, 0x00, 0x00, 0x00, 0x00, 0x00, 0x00, 0x00, 0x00,
    0x00, 0x00, 0x00, 0x00, 0x00, 0x00, 0x00, 0x00, 0x00, 0x00, 0x00, 0x00,
    0x00, 0x00, 0x00, 0x00, 0x00, 0x00, 0x00, 0x00, 0x00, 0x00, 0x00, 0x00,
    0x00, 0x00, 0x00, 0x00, 0x00, 0x00, 0x00, 0x00, 0x00, 0x00, 0x00, 0x00,
    0x00, 0x00, 0x00, 0x00, 0x00, 0x00, 0x00, 0x00, 0x00, 0x00, 0x00, 0x00,
    0x00, 0x00, 0x00, 0x00, 0x00, 0x00, 0x00, 0x00, 0x00, 0x00, 0x00, 0x00,
    0x00, 0x00, 0x00, 0x00, 0x00, 0x00, 0x00, 0x00, 0x00, 0x00, 0x00, 0x00,
    0x00, 0x00, 0x00, 0x00, 0x00, 0x00, 0x00, 0x00, 0x00, 0x00, 0x00, 0x00,
    0x00, 0x00, 0x00, 0x00, 0x00, 0x00, 0x00, 0x00, 0x00, 0x00, 0x00, 0x00,
    0x00, 0x00, 0x00, 0x00, 0x00, 0x00, 0x00, 0x00, 0x00, 0x00, 0x00, 0x04,
    0x00, 0x00, 0x00, 0x04, 0x00, 0x00, 0x00, 0x04, 0x00, 0x00, 0x00, 0x08,
    0x00, 0x00, 0x00, 0x0c, 0x00, 0x00, 0x00, 0x10, 0x00, 0x00, 0x00, 0x18,
    0x00, 0x00, 0x00, 0x20, 0x00, 0x00, 0x00, 0x28, 0x00, 0x00, 0x00, 0x34,
    0x00, 0x00, 0x00, 0x41, 0x00, 0x00, 0x00, 0x4d, 0x00, 0x00, 0x00, 0x5d,
    0x00, 0x00, 0x00, 0x6d, 0x28, 0x1c, 0x08, 0xae, 0x38, 0x2c, 0x08, 0xfb,
    0x38, 0x28, 0x08, 0xff, 0x38, 0x28, 0x08, 0xff, 0x38, 0x28, 0x08, 0xff,
    0x38, 0x24, 0x08, 0xff, 0x38, 0x28, 0x00, 0xff, 0x38, 0x24, 0x00, 0xff,
    0x38, 0x24, 0x08, 0xff, 0x38, 0x28, 0x00, 0xff, 0x38, 0x24, 0x00, 0xff,
    0x38, 0x24, 0x08, 0xff, 0x38, 0x24, 0x00, 0xff, 0x38, 0x24, 0x08, 0xff,
    0x38, 0x24, 0x08, 0xff, 0x38, 0x28, 0x00, 0xff, 0x38, 0x24, 0x08, 0xff,
    0x38, 0x24, 0x08, 0xff, 0x38, 0x24, 0x00, 0xff, 0x38, 0x24, 0x08, 0xff,
    0x38, 0x24, 0x08, 0xff, 0x38, 0x28, 0x00, 0xff, 0x38, 0x24, 0x08, 0xff,
    0x38, 0x24, 0x00, 0xff, 0x38, 0x28, 0x00, 0xff, 0x38, 0x24, 0x08, 0xff,
    0x38, 0x28, 0x00, 0xff, 0x38, 0x28, 0x00, 0xff, 0x38, 0x24, 0x08, 0xff,
    0x38, 0x24, 0x00, 0xff, 0x38, 0x24, 0x00, 0xff, 0x38, 0x24, 0x00, 0xff,
    0x38, 0x24, 0x08, 0xff, 0x38, 0x24, 0x00, 0xff, 0x38, 0x28, 0x08, 0xff,
    0x38, 0x24, 0x00, 0xff, 0x38, 0x24, 0x08, 0xff, 0x38, 0x24, 0x08, 0xff,
    0x38, 0x28, 0x00, 0xff, 0x38, 0x24, 0x08, 0xff, 0x38, 0x24, 0x08, 0xff,
    0x38, 0x24, 0x00, 0xff, 0x38, 0x24, 0x08, 0xff, 0x38, 0x24, 0x08, 0xff,
    0x38, 0x24, 0x00, 0xff, 0x38, 0x28, 0x00, 0xff, 0x38, 0x28, 0x08, 0xff,
    0x38, 0x24, 0x08, 0xff, 0x38, 0x24, 0x08, 0xff, 0x38, 0x28, 0x00, 0xff,
    0x38, 0x24, 0x00, 0xff, 0x38, 0x24, 0x00, 0xff, 0x38, 0x28, 0x08, 0xff,
    0x38, 0x24, 0x00, 0xff, 0x38, 0x24, 0x08, 0xff, 0x38, 0x24, 0x08, 0xff,
    0x38, 0x28, 0x00, 0xff, 0x38, 0x28, 0x00, 0xff, 0x38, 0x24, 0x08, 0xff,
    0x38, 0x24, 0x08, 0xff, 0x38, 0x28, 0x00, 0xff, 0x38, 0x24, 0x08, 0xff,
    0x38, 0x24, 0x00, 0xff, 0x38, 0x24, 0x00, 0xff, 0x38, 0x24, 0x08, 0xff,
    0x38, 0x28, 0x00, 0xff, 0x38, 0x24, 0x00, 0xff, 0x38, 0x24, 0x08, 0xff,
    0x38, 0x28, 0x00, 0xff, 0x38, 0x24, 0x00, 0xff, 0x38, 0x24, 0x08, 0xff,
    0x38, 0x24, 0x00, 0xff, 0x38, 0x28, 0x08, 0xff, 0x38, 0x24, 0x00, 0xff,
    0x38, 0x24, 0x00, 0xff, 0x38, 0x24, 0x08, 0xff, 0x38, 0x24, 0x00, 0xff,
    0x38, 0x24, 0x00, 0xff, 0x38, 0x28, 0x00, 0xff, 0x38, 0x24, 0x00, 0xff,
    0x38, 0x28, 0x08, 0xff, 0x38, 0x24, 0x00, 0xff, 0x38, 0x24, 0x00, 0xff,
    0x38, 0x28, 0x08, 0xff, 0x38, 0x28, 0x00, 0xff, 0x38, 0x24, 0x00, 0xff,
    0x38, 0x28, 0x08, 0xff, 0x38, 0x24, 0x00, 0xff, 0x38, 0x24, 0x00, 0xff,
    0x38, 0x28, 0x08, 0xff, 0x38, 0x24, 0x00, 0xff, 0x38, 0x24, 0x00, 0xff,
    0x38, 0x24, 0x08, 0xff, 0x38, 0x24, 0x00, 0xff, 0x38, 0x28, 0x00, 0xff,
    0x38, 0x24, 0x08, 0xff, 0x38, 0x28, 0x00, 0xff, 0x38, 0x24, 0x08, 0xff,
    0x38, 0x28, 0x08, 0xff, 0x38, 0x24, 0x00, 0xff, 0x38, 0x28, 0x00, 0xff,
    0x38, 0x28, 0x08, 0xff, 0x38, 0x28, 0x00, 0xff, 0x38, 0x24, 0x08, 0xff,
    0x38, 0x24, 0x00, 0xff, 0x38, 0x24, 0x00, 0xff, 0x38, 0x24, 0x08, 0xff,
    0x38, 0x28, 0x00, 0xff, 0x38, 0x28, 0x08, 0xff, 0x40, 0x28, 0x08, 0xff,
    0x40, 0x2c, 0x08, 0xff, 0x38, 0x2c, 0x08, 0xff, 0x28, 0x1c, 0x08, 0xb2,
    0x00, 0x00, 0x00, 0x6d, 0x00, 0x00, 0x00, 0x5d, 0x00, 0x00, 0x00, 0x4d,
    0x00, 0x00, 0x00, 0x41, 0x00, 0x00, 0x00, 0x34, 0x00, 0x00, 0x00, 0x28,
    0x00, 0x00, 0x00, 0x20, 0x00, 0x00, 0x00, 0x18, 0x00, 0x00, 0x00, 0x10,
    0x00, 0x00, 0x00, 0x0c, 0x00, 0x00, 0x00, 0x08, 0x00, 0x00, 0x00, 0x04,
    0x00, 0x00, 0x00, 0x04, 0x00, 0x00, 0x00, 0x04, 0x00, 0x00, 0x00, 0x00,
    0x00, 0x00, 0x00, 0x00, 0x00, 0x00, 0x00, 0x00, 0x00, 0x00, 0x00, 0x00,
    0x00, 0x00, 0x00, 0x00, 0x00, 0x00, 0x00, 0x00, 0x00, 0x00, 0x00, 0x00,
    0x00, 0x00, 0x00, 0x00, 0x00, 0x00, 0x00, 0x00, 0x00, 0x00, 0x00, 0x00,
    0x00, 0x00, 0x00, 0x00, 0x00, 0x00, 0x00, 0x00, 0x00, 0x00, 0x00, 0x00,
    0x00, 0x00, 0x00, 0x00, 0x00, 0x00, 0x00, 0x00, 0x00, 0x00, 0x00, 0x00,
    0x00, 0x00, 0x00, 0x00, 0x00, 0x00, 0x00, 0x00, 0x00, 0x00, 0x00, 0x00,
    0x00, 0x00, 0x00, 0x00, 0x00, 0x00, 0x00, 0x00, 0x00, 0x00, 0x00, 0x00,
    0x00, 0x00, 0x00, 0x00, 0x00, 0x00, 0x00, 0x00, 0x00, 0x00, 0x00, 0x00,
    0x00, 0x00, 0x00, 0x00, 0x00, 0x00, 0x00, 0x00, 0x00, 0x00, 0x00, 0x00,
    0x00, 0x00, 0x00, 0x00, 0x00, 0x00, 0x00, 0x00, 0x00, 0x00, 0x00, 0x00,
    0x00, 0x00, 0x00, 0x00, 0x00, 0x00, 0x00, 0x00, 0x00, 0x00, 0x00, 0x00,
    0x00, 0x00, 0x00, 0x00, 0x00, 0x00, 0x00, 0x00, 0x00, 0x00, 0x00, 0x00,
    0x00, 0x00, 0x00, 0x00, 0x00, 0x00, 0x00, 0x00, 0x00, 0x00, 0x00, 0x00,
    0x00, 0x00, 0x00, 0x00, 0x00, 0x00, 0x00, 0x00, 0x00, 0x00, 0x00, 0x00,
    0x00, 0x00, 0x00, 0x00, 0x00, 0x00, 0x00, 0x00, 0x00, 0x00, 0x00, 0x00,
    0x00, 0x00, 0x00, 0x00, 0x00, 0x00, 0x00, 0x00, 0x00, 0x00, 0x00, 0x00,
    0x00, 0x00, 0x00, 0x00, 0x00, 0x00, 0x00, 0x04, 0x00, 0x00, 0x00, 0x04,
    0x00, 0x00, 0x00, 0x08, 0x00, 0x00, 0x00, 0x0c, 0x00, 0x00, 0x00, 0x10,
    0x00, 0x00, 0x00, 0x18, 0x00, 0x00, 0x00, 0x20, 0x00, 0x00, 0x00, 0x28,
    0x00, 0x00, 0x00, 0x34, 0x00, 0x00, 0x00, 0x41, 0x00, 0x00, 0x00, 0x4d,
    0x00, 0x00, 0x00, 0x5d, 0x00, 0x00, 0x00, 0x6d, 0x28, 0x20, 0x08, 0xc3,
    0x40, 0x2c, 0x08, 0xff, 0x38, 0x28, 0x08, 0xff, 0x38, 0x28, 0x08, 0xff,
    0x40, 0x28, 0x08, 0xff, 0x38, 0x28, 0x08, 0xff, 0x38, 0x28, 0x00, 0xff,
    0x38, 0x24, 0x08, 0xff, 0x38, 0x24, 0x08, 0xff, 0x38, 0x24, 0x00, 0xff,
    0x38, 0x24, 0x08, 0xff, 0x38, 0x28, 0x00, 0xff, 0x38, 0x24, 0x00, 0xff,
    0x38, 0x24, 0x08, 0xff, 0x38, 0x24, 0x00, 0xff, 0x38, 0x24, 0x00, 0xff,
    0x38, 0x24, 0x00, 0xff, 0x38, 0x24, 0x08, 0xff, 0x38, 0x24, 0x00, 0xff,
    0x38, 0x28, 0x00, 0xff, 0x38, 0x28, 0x08, 0xff, 0x38, 0x24, 0x00, 0xff,
    0x38, 0x24, 0x00, 0xff, 0x38, 0x24, 0x08, 0xff, 0x38, 0x24, 0x08, 0xff,
    0x38, 0x28, 0x00, 0xff, 0x38, 0x24, 0x00, 0xff, 0x38, 0x24, 0x08, 0xff,
    0x38, 0x28, 0x08, 0xff, 0x38, 0x24, 0x00, 0xff, 0x38, 0x28, 0x08, 0xff,
    0x38, 0x28, 0x08, 0xff, 0x38, 0x24, 0x00, 0xff, 0x38, 0x24, 0x08, 0xff,
    0x38, 0x24, 0x08, 0xff, 0x38, 0x24, 0x00, 0xff, 0x38, 0x28, 0x00, 0xff,
    0x38, 0x24, 0x08, 0xff, 0x38, 0x24, 0x00, 0xff, 0x38, 0x24, 0x00, 0xff,
    0x38, 0x28, 0x08, 0xff, 0x38, 0x24, 0x00, 0xff, 0x38, 0x28, 0x08, 0xff,
    0x38, 0x28, 0x00, 0xff, 0x38, 0x24, 0x08, 0xff, 0x38, 0x24, 0x08, 0xff,
    0x38, 0x24, 0x00, 0xff, 0x38, 0x24, 0x08, 0xff, 0x38, 0x24, 0x00, 0xff,
    0x38, 0x24, 0x08, 0xff, 0x38, 0x24, 0x08, 0xff, 0x38, 0x24, 0x00, 0xff,
    0x38, 0x24, 0x08, 0xff, 0x38, 0x24, 0x00, 0xff, 0x38, 0x24, 0x00, 0xff,
    0x38, 0x28, 0x00, 0xff, 0x38, 0x24, 0x08, 0xff, 0x38, 0x24, 0x08, 0xff,
    0x38, 0x24, 0x00, 0xff, 0x38, 0x24, 0x00, 0xff, 0x38, 0x24, 0x00, 0xff,
    0x38, 0x28, 0x08, 0xff, 0x38, 0x24, 0x00, 0xff, 0x38, 0x24, 0x08, 0xff,
    0x38, 0x24, 0x08, 0xff, 0x38, 0x24, 0x08, 0xff, 0x38, 0x24, 0x00, 0xff,
    0x38, 0x28, 0x08, 0xff, 0x38, 0x24, 0x08, 0xff, 0x38, 0x24, 0x00, 0xff,
    0x38, 0x28, 0x08, 0xff, 0x38, 0x24, 0x00, 0xff, 0x38, 0x24, 0x00, 0xff,
    0x38, 0x24, 0x08, 0xff, 0x38, 0x24, 0x08, 0xff, 0x38, 0x28, 0x08, 0xff,
    0x38, 0x28, 0x00, 0xff, 0x38, 0x24, 0x08, 0xff, 0x38, 0x24, 0x00, 0xff,
    0x38, 0x28, 0x08, 0xff, 0x38, 0x24, 0x08, 0xff, 0x38, 0x24, 0x00, 0xff,
    0x38, 0x24, 0x08, 0xff, 0x38, 0x24, 0x08, 0xff, 0x38, 0x28, 0x08, 0xff,
    0x38, 0x24, 0x00, 0xff, 0x38, 0x24, 0x08, 0xff, 0x38, 0x24, 0x08, 0xff,
    0x38, 0x24, 0x00, 0xff, 0x38, 0x24, 0x08, 0xff, 0x38, 0x24, 0x00, 0xff,
    0x38, 0x24, 0x08, 0xff, 0x38, 0x24, 0x08, 0xff, 0x38, 0x28, 0x00, 0xff,
    0x38, 0x24, 0x08, 0xff, 0x38, 0x24, 0x00, 0xff, 0x38, 0x24, 0x00, 0xff,
    0x38, 0x28, 0x08, 0xff, 0x38, 0x24, 0x00, 0xff, 0x38, 0x24, 0x08, 0xff,
    0x38, 0x24, 0x00, 0xff, 0x38, 0x24, 0x00, 0xff, 0x38, 0x24, 0x08, 0xff,
    0x38, 0x24, 0x08, 0xff, 0x38, 0x24, 0x00, 0xff, 0x38, 0x24, 0x00, 0xff,
    0x38, 0x24, 0x08, 0xff, 0x38, 0x24, 0x00, 0xff, 0x38, 0x28, 0x08, 0xff,
    0x38, 0x24, 0x08, 0xff, 0x38, 0x28, 0x08, 0xff, 0x38, 0x28, 0x08, 0xff,
    0x38, 0x28, 0x08, 0xff, 0x40, 0x2c, 0x08, 0xff, 0x30, 0x20, 0x08, 0xc7,
    0x00, 0x00, 0x00, 0x6d, 0x00, 0x00, 0x00, 0x5d, 0x00, 0x00, 0x00, 0x4d,
    0x00, 0x00, 0x00, 0x41, 0x00, 0x00, 0x00, 0x34, 0x00, 0x00, 0x00, 0x28,
    0x00, 0x00, 0x00, 0x20, 0x00, 0x00, 0x00, 0x18, 0x00, 0x00, 0x00, 0x10,
    0x00, 0x00, 0x00, 0x0c, 0x00, 0x00, 0x00, 0x08, 0x00, 0x00, 0x00, 0x04,
    0x00, 0x00, 0x00, 0x04, 0x00, 0x00, 0x00, 0x00, 0x00, 0x00, 0x00, 0x00,
    0x00, 0x00, 0x00, 0x00, 0x00, 0x00, 0x00, 0x00, 0x00, 0x00, 0x00, 0x00,
    0x00, 0x00, 0x00, 0x00, 0x00, 0x00, 0x00, 0x00, 0x00, 0x00, 0x00, 0x00,
    0x00, 0x00, 0x00, 0x00, 0x00, 0x00, 0x00, 0x00, 0x00, 0x00, 0x00, 0x00,
    0x00, 0x00, 0x00, 0x00, 0x00, 0x00, 0x00, 0x00, 0x00, 0x00, 0x00, 0x00,
    0x00, 0x00, 0x00, 0x00, 0x00, 0x00, 0x00, 0x00, 0x00, 0x00, 0x00, 0x00,
    0x00, 0x00, 0x00, 0x00, 0x00, 0x00, 0x00, 0x00, 0x00, 0x00, 0x00, 0x00,
    0x00, 0x00, 0x00, 0x00, 0x00, 0x00, 0x00, 0x00, 0x00, 0x00, 0x00, 0x00,
    0x00, 0x00, 0x00, 0x00, 0x00, 0x00, 0x00, 0x00, 0x00, 0x00, 0x00, 0x00,
    0x00, 0x00, 0x00, 0x00, 0x00, 0x00, 0x00, 0x00, 0x00, 0x00, 0x00, 0x00,
    0x00, 0x00, 0x00, 0x00, 0x00, 0x00, 0x00, 0x00, 0x00, 0x00, 0x00, 0x00,
    0x00, 0x00, 0x00, 0x00, 0x00, 0x00, 0x00, 0x00, 0x00, 0x00, 0x00, 0x00,
    0x00, 0x00, 0x00, 0x00, 0x00, 0x00, 0x00, 0x00, 0x00, 0x00, 0x00, 0x00,
    0x00, 0x00, 0x00, 0x00, 0x00, 0x00, 0x00, 0x00, 0x00, 0x00, 0x00, 0x00,
    0x00, 0x00, 0x00, 0x00, 0x00, 0x00, 0x00, 0x00, 0x00, 0x00, 0x00, 0x00,
    0x00, 0x00, 0x00, 0x00, 0x00, 0x00, 0x00, 0x00, 0x00, 0x00, 0x00, 0x00,
    0x00, 0x00, 0x00, 0x00, 0x00, 0x00, 0x00, 0x00, 0x00, 0x00, 0x00, 0x04,
    0x00, 0x00, 0x00, 0x04, 0x00, 0x00, 0x00, 0x08, 0x00, 0x00, 0x00, 0x0c,
    0x00, 0x00, 0x00, 0x10, 0x00, 0x00, 0x00, 0x18, 0x00, 0x00, 0x00, 0x20,
    0x00, 0x00, 0x00, 0x28, 0x00, 0x00, 0x00, 0x34, 0x00, 0x00, 0x00, 0x41,
    0x00, 0x00, 0x00, 0x51, 0x00, 0x00, 0x00, 0x61, 0x00, 0x00, 0x00, 0x71,
    0x30, 0x24, 0x08, 0xd3, 0x40, 0x2c, 0x08, 0xff, 0x38, 0x28, 0x08, 0xff,
    0x38, 0x28, 0x08, 0xff, 0x38, 0x28, 0x08, 0xff, 0x38, 0x24, 0x08, 0xff,
    0x38, 0x24, 0x00, 0xff, 0x38, 0x24, 0x00, 0xff, 0x38, 0x24, 0x08, 0xff,
    0x38, 0x28, 0x00, 0xff, 0x38, 0x24, 0x08, 0xff, 0x38, 0x28, 0x08, 0xff,
    0x38, 0x28, 0x00, 0xff, 0x38, 0x28, 0x08, 0xff, 0x38, 0x24, 0x00, 0xff,
    0x38, 0x28, 0x08, 0xff, 0x38, 0x24, 0x08, 0xff, 0x38, 0x24, 0x00, 0xff,
    0x38, 0x28, 0x08, 0xff, 0x38, 0x24, 0x08, 0xff, 0x38, 0x24, 0x00, 0xff,
    0x38, 0x24, 0x08, 0xff, 0x38, 0x28, 0x00, 0xff, 0x38, 0x24, 0x00, 0xff,
    0x38, 0x24, 0x08, 0xff, 0x38, 0x24, 0x00, 0xff, 0x38, 0x24, 0x08, 0xff,
    0x38, 0x24, 0x00, 0xff, 0x38, 0x28, 0x08, 0xff, 0x38, 0x24, 0x00, 0xff,
    0x38, 0x24, 0x00, 0xff, 0x38, 0x24, 0x08, 0xff, 0x38, 0x24, 0x00, 0xff,
    0x38, 0x28, 0x08, 0xff, 0x38, 0x28, 0x00, 0xff, 0x38, 0x24, 0x08, 0xff,
    0x38, 0x24, 0x00, 0xff, 0x38, 0x28, 0x08, 0xff, 0x38, 0x28, 0x08, 0xff,
    0x38, 0x24, 0x00, 0xff, 0x38, 0x24, 0x00, 0xff, 0x38, 0x24, 0x00, 0xff,
    0x38, 0x24, 0x08, 0xff, 0x38, 0x24, 0x00, 0xff, 0x38, 0x28, 0x00, 0xff,
    0x38, 0x24, 0x08, 0xff, 0x38, 0x24, 0x00, 0xff, 0x38, 0x28, 0x08, 0xff,
    0x38, 0x28, 0x00, 0xff, 0x38, 0x24, 0x00, 0xff, 0x38, 0x24, 0x08, 0xff,
    0x38, 0x28, 0x00, 0xff, 0x38, 0x24, 0x00, 0xff, 0x38, 0x28, 0x08, 0xff,
    0x38, 0x28, 0x08, 0xff, 0x38, 0x28, 0x00, 0xff, 0x38, 0x24, 0x08, 0xff,
    0x38, 0x24, 0x00, 0xff, 0x38, 0x24, 0x08, 0xff, 0x38, 0x24, 0x08, 0xff,
    0x38, 0x24, 0x00, 0xff, 0x38, 0x24, 0x00, 0xff, 0x38, 0x24, 0x08, 0xff,
    0x38, 0x24, 0x00, 0xff, 0x38, 0x28, 0x00, 0xff, 0x38, 0x28, 0x08, 0xff,
    0x38, 0x24, 0x00, 0xff, 0x38, 0x24, 0x00, 0xff, 0x38, 0x24, 0x08, 0xff,
    0x38, 0x24, 0x00, 0xff, 0x38, 0x28, 0x08, 0xff, 0x38, 0x24, 0x08, 0xff,
    0x38, 0x28, 0x00, 0xff, 0x38, 0x24, 0x08, 0xff, 0x38, 0x28, 0x00, 0xff,
    0x38, 0x24, 0x00, 0xff, 0x38, 0x24, 0x08, 0xff, 0x38, 0x24, 0x00, 0xff,
    0x38, 0x24, 0x08, 0xff, 0x38, 0x24, 0x08, 0xff, 0x38, 0x28, 0x00, 0xff,
    0x38, 0x24, 0x08, 0xff, 0x38, 0x24, 0x00, 0xff, 0x38, 0x28, 0x00, 0xff,
    0x38, 0x24, 0x08, 0xff, 0x38, 0x24, 0x00, 0xff, 0x38, 0x24, 0x00, 0xff,
    0x38, 0x24, 0x08, 0xff, 0x38, 0x24, 0x00, 0xff, 0x38, 0x28, 0x08, 0xff,
    0x38, 0x24, 0x00, 0xff, 0x38, 0x24, 0x00, 0xff, 0x38, 0x28, 0x08, 0xff,
    0x38, 0x24, 0x00, 0xff, 0x38, 0x28, 0x08, 0xff, 0x38, 0x24, 0x08, 0xff,
    0x38, 0x24, 0x00, 0xff, 0x38, 0x24, 0x08, 0xff, 0x38, 0x24, 0x00, 0xff,
    0x38, 0x24, 0x00, 0xff, 0x38, 0x28, 0x00, 0xff, 0x38, 0x28, 0x08, 0xff,
    0x38, 0x24, 0x08, 0xff, 0x38, 0x24, 0x00, 0xff, 0x38, 0x24, 0x00, 0xff,
    0x38, 0x28, 0x00, 0xff, 0x38, 0x28, 0x08, 0xff, 0x38, 0x24, 0x08, 0xff,
    0x38, 0x24, 0x00, 0xff, 0x38, 0x24, 0x00, 0xff, 0x38, 0x24, 0x00, 0xff,
    0x38, 0x24, 0x08, 0xff, 0x38, 0x28, 0x08, 0xff, 0x38, 0x28, 0x08, 0xff,
    0x40, 0x28, 0x08, 0xff, 0x38, 0x2c, 0x08, 0xff, 0x30, 0x24, 0x08, 0xd3,
    0x00, 0x04, 0x00, 0x71, 0x00, 0x00, 0x00, 0x61, 0x00, 0x00, 0x00, 0x51,
    0x00, 0x00, 0x00, 0x41, 0x00, 0x00, 0x00, 0x34, 0x00, 0x00, 0x00, 0x28,
    0x00, 0x00, 0x00, 0x20, 0x00, 0x00, 0x00, 0x18, 0x00, 0x00, 0x00, 0x10,
    0x00, 0x00, 0x00, 0x0c, 0x00, 0x00, 0x00, 0x08, 0x00, 0x00, 0x00, 0x04,
    0x00, 0x00, 0x00, 0x04, 0x00, 0x00, 0x00, 0x00, 0x00, 0x00, 0x00, 0x00,
    0x00, 0x00, 0x00, 0x00, 0x00, 0x00, 0x00, 0x00, 0x00, 0x00, 0x00, 0x00,
    0x00, 0x00, 0x00, 0x00, 0x00, 0x00, 0x00, 0x00, 0x00, 0x00, 0x00, 0x00,
    0x00, 0x00, 0x00, 0x00, 0x00, 0x00, 0x00, 0x00, 0x00, 0x00, 0x00, 0x00,
    0x00, 0x00, 0x00, 0x00, 0x00, 0x00, 0x00, 0x00, 0x00, 0x00, 0x00, 0x00,
    0x00, 0x00, 0x00, 0x00, 0x00, 0x00, 0x00, 0x00, 0x00, 0x00, 0x00, 0x00,
    0x00, 0x00, 0x00, 0x00, 0x00, 0x00, 0x00, 0x00, 0x00, 0x00, 0x00, 0x00,
    0x00, 0x00, 0x00, 0x00, 0x00, 0x00, 0x00, 0x00, 0x00, 0x00, 0x00, 0x00,
    0x00, 0x00, 0x00, 0x00, 0x00, 0x00, 0x00, 0x00, 0x00, 0x00, 0x00, 0x00,
    0x00, 0x00, 0x00, 0x00, 0x00, 0x00, 0x00, 0x00, 0x00, 0x00, 0x00, 0x00,
    0x00, 0x00, 0x00, 0x00, 0x00, 0x00, 0x00, 0x00, 0x00, 0x00, 0x00, 0x00,
    0x00, 0x00, 0x00, 0x00, 0x00, 0x00, 0x00, 0x00, 0x00, 0x00, 0x00, 0x00,
    0x00, 0x00, 0x00, 0x00, 0x00, 0x00, 0x00, 0x00, 0x00, 0x00, 0x00, 0x00,
    0x00, 0x00, 0x00, 0x00, 0x00, 0x00, 0x00, 0x00, 0x00, 0x00, 0x00, 0x00,
    0x00, 0x00, 0x00, 0x00, 0x00, 0x00, 0x00, 0x00, 0x00, 0x00, 0x00, 0x00,
    0x00, 0x00, 0x00, 0x00, 0x00, 0x00, 0x00, 0x00, 0x00, 0x00, 0x00, 0x00,
    0x00, 0x00, 0x00, 0x04, 0x00, 0x00, 0x00, 0x04, 0x00, 0x00, 0x00, 0x08,
    0x00, 0x00, 0x00, 0x0c, 0x00, 0x00, 0x00, 0x10, 0x00, 0x00, 0x00, 0x18,
    0x00, 0x00, 0x00, 0x20, 0x00, 0x00, 0x00, 0x28, 0x00, 0x00, 0x00, 0x34,
    0x00, 0x00, 0x00, 0x41, 0x00, 0x00, 0x00, 0x51, 0x00, 0x00, 0x00, 0x61,
    0x08, 0x04, 0x00, 0x75, 0x30, 0x24, 0x08, 0xdb, 0x40, 0x2c, 0x10, 0xff,
    0x38, 0x28, 0x08, 0xff, 0x38, 0x28, 0x08, 0xff, 0x38, 0x28, 0x08, 0xff,
    0x38, 0x24, 0x08, 0xff, 0x38, 0x24, 0x00, 0xff, 0x38, 0x24, 0x00, 0xff,
    0x38, 0x24, 0x08, 0xff, 0x38, 0x24, 0x00, 0xff, 0x38, 0x24, 0x00, 0xff,
    0x38, 0x24, 0x08, 0xff, 0x38, 0x24, 0x00, 0xff, 0x38, 0x24, 0x08, 0xff,
    0x38, 0x28, 0x00, 0xff, 0x38, 0x24, 0x00, 0xff, 0x38, 0x24, 0x08, 0xff,
    0x38, 0x28, 0x08, 0xff, 0x38, 0x24, 0x00, 0xff, 0x38, 0x24, 0x00, 0xff,
    0x38, 0x28, 0x08, 0xff, 0x38, 0x24, 0x00, 0xff, 0x38, 0x24, 0x08, 0xff,
    0x38, 0x24, 0x08, 0xff, 0x38, 0x28, 0x08, 0xff, 0x38, 0x28, 0x00, 0xff,
    0x38, 0x24, 0x08, 0xff, 0x38, 0x24, 0x00, 0xff, 0x38, 0x24, 0x08, 0xff,
    0x38, 0x24, 0x00, 0xff, 0x38, 0x24, 0x08, 0xff, 0x38, 0x24, 0x00, 0xff,
    0x38, 0x24, 0x00, 0xff, 0x38, 0x24, 0x00, 0xff, 0x38, 0x24, 0x08, 0xff,
    0x38, 0x24, 0x00, 0xff, 0x38, 0x28, 0x00, 0xff, 0x38, 0x24, 0x08, 0xff,
    0x38, 0x24, 0x00, 0xff, 0x38, 0x24, 0x08, 0xff, 0x38, 0x28, 0x08, 0xff,
    0x38, 0x28, 0x08, 0xff, 0x38, 0x24, 0x00, 0xff, 0x38, 0x24, 0x00, 0xff,
    0x38, 0x24, 0x08, 0xff, 0x38, 0x24, 0x08, 0xff, 0x38, 0x28, 0x00, 0xff,
    0x38, 0x24, 0x00, 0xff, 0x38, 0x24, 0x08, 0xff, 0x38, 0x24, 0x08, 0xff,
    0x38, 0x24, 0x00, 0xff, 0x38, 0x28, 0x08, 0xff, 0x38, 0x24, 0x00, 0xff,
    0x38, 0x24, 0x08, 0xff, 0x38, 0x24, 0x08, 0xff, 0x38, 0x24, 0x00, 0xff,
    0x38, 0x24, 0x08, 0xff, 0x38, 0x24, 0x00, 0xff, 0x38, 0x28, 0x00, 0xff,
    0x38, 0x28, 0x08, 0xff, 0x38, 0x28, 0x08, 0xff, 0x38, 0x28, 0x00, 0xff,
    0x38, 0x24, 0x08, 0xff, 0x38, 0x24, 0x08, 0xff, 0x38, 0x28, 0x00, 0xff,
    0x38, 0x24, 0x08, 0xff, 0x38, 0x28, 0x00, 0xff, 0x38, 0x24, 0x08, 0xff,
    0x38, 0x28, 0x08, 0xff, 0x38, 0x24, 0x00, 0xff, 0x38, 0x24, 0x00, 0xff,
    0x38, 0x28, 0x08, 0xff, 0x38, 0x24, 0x00, 0xff, 0x38, 0x24, 0x08, 0xff,
    0x38, 0x24, 0x08, 0xff, 0x38, 0x24, 0x00, 0xff, 0x38, 0x24, 0x00, 0xff,
    0x38, 0x24, 0x08, 0xff, 0x38, 0x28, 0x00, 0xff, 0x38, 0x24, 0x00, 0xff,
    0x38, 0x24, 0x08, 0xff, 0x38, 0x24, 0x00, 0xff, 0x38, 0x24, 0x08, 0xff,
    0x38, 0x24, 0x08, 0xff, 0x38, 0x28, 0x00, 0xff, 0x38, 0x28, 0x08, 0xff,
    0x38, 0x24, 0x00, 0xff, 0x38, 0x28, 0x08, 0xff, 0x38, 0x24, 0x00, 0xff,
    0x38, 0x24, 0x08, 0xff, 0x38, 0x28, 0x00, 0xff, 0x38, 0x28, 0x08, 0xff,
    0x38, 0x24, 0x08, 0xff, 0x38, 0x24, 0x00, 0xff, 0x38, 0x24, 0x00, 0xff,
    0x38, 0x24, 0x08, 0xff, 0x38, 0x28, 0x00, 0xff, 0x38, 0x24, 0x08, 0xff,
    0x38, 0x28, 0x08, 0xff, 0x38, 0x24, 0x08, 0xff, 0x38, 0x24, 0x00, 0xff,
    0x38, 0x24, 0x08, 0xff, 0x38, 0x24, 0x08, 0xff, 0x38, 0x24, 0x00, 0xff,
    0x38, 0x28, 0x00, 0xff, 0x38, 0x24, 0x08, 0xff, 0x38, 0x24, 0x08, 0xff,
    0x38, 0x24, 0x00, 0xff, 0x38, 0x28, 0x00, 0xff, 0x38, 0x24, 0x08, 0xff,
    0x38, 0x24, 0x08, 0xff, 0x38, 0x28, 0x00, 0xff, 0x38, 0x28, 0x00, 0xff,
    0x38, 0x24, 0x08, 0xff, 0x38, 0x28, 0x08, 0xff, 0x38, 0x28, 0x08, 0xff,
    0x38, 0x28, 0x08, 0xff, 0x40, 0x2c, 0x10, 0xff, 0x30, 0x24, 0x08, 0xdb,
    0x08, 0x04, 0x00, 0x75, 0x00, 0x00, 0x00, 0x61, 0x00, 0x00, 0x00, 0x51,
    0x00, 0x00, 0x00, 0x41, 0x00, 0x00, 0x00, 0x34, 0x00, 0x00, 0x00, 0x28,
    0x00, 0x00, 0x00, 0x20, 0x00, 0x00, 0x00, 0x18, 0x00, 0x00, 0x00, 0x10,
    0x00, 0x00, 0x00, 0x0c, 0x00, 0x00, 0x00, 0x08, 0x00, 0x00, 0x00, 0x04,
    0x00, 0x00, 0x00, 0x04, 0x00, 0x00, 0x00, 0x00, 0x00, 0x00, 0x00, 0x00,
    0x00, 0x00, 0x00, 0x00, 0x00, 0x00, 0x00, 0x00, 0x00, 0x00, 0x00, 0x00,
    0x00, 0x00, 0x00, 0x00, 0x00, 0x00, 0x00, 0x00, 0x00, 0x00, 0x00, 0x00,
    0x00, 0x00, 0x00, 0x00, 0x00, 0x00, 0x00, 0x00, 0x00, 0x00, 0x00, 0x00,
    0x00, 0x00, 0x00, 0x00, 0x00, 0x00, 0x00, 0x00, 0x00, 0x00, 0x00, 0x00,
    0x00, 0x00, 0x00, 0x00, 0x00, 0x00, 0x00, 0x00, 0x00, 0x00, 0x00, 0x00,
    0x00, 0x00, 0x00, 0x00, 0x00, 0x00, 0x00, 0x00, 0x00, 0x00, 0x00, 0x00,
    0x00, 0x00, 0x00, 0x00, 0x00, 0x00, 0x00, 0x00, 0x00, 0x00, 0x00, 0x00,
    0x00, 0x00, 0x00, 0x00, 0x00, 0x00, 0x00, 0x00, 0x00, 0x00, 0x00, 0x00,
    0x00, 0x00, 0x00, 0x00, 0x00, 0x00, 0x00, 0x00, 0x00, 0x00, 0x00, 0x00,
    0x00, 0x00, 0x00, 0x00, 0x00, 0x00, 0x00, 0x00, 0x00, 0x00, 0x00, 0x00,
    0x00, 0x00, 0x00, 0x00, 0x00, 0x00, 0x00, 0x00, 0x00, 0x00, 0x00, 0x00,
    0x00, 0x00, 0x00, 0x00, 0x00, 0x00, 0x00, 0x00, 0x00, 0x00, 0x00, 0x00,
    0x00, 0x00, 0x00, 0x00, 0x00, 0x00, 0x00, 0x00, 0x00, 0x00, 0x00, 0x00,
    0x00, 0x00, 0x00, 0x00, 0x00, 0x00, 0x00, 0x00, 0x00, 0x00, 0x00, 0x00,
    0x00, 0x00, 0x00, 0x00, 0x00, 0x00, 0x00, 0x04, 0x00, 0x00, 0x00, 0x04,
    0x00, 0x00, 0x00, 0x08, 0x00, 0x00, 0x00, 0x08, 0x00, 0x00, 0x00, 0x10,
    0x00, 0x00, 0x00, 0x14, 0x00, 0x00, 0x00, 0x20, 0x00, 0x00, 0x00, 0x28,
    0x00, 0x00, 0x00, 0x34, 0x00, 0x00, 0x00, 0x41, 0x00, 0x00, 0x00, 0x51,
    0x00, 0x00, 0x00, 0x61, 0x08, 0x04, 0x00, 0x79, 0x38, 0x24, 0x08, 0xdf,
    0x40, 0x2c, 0x10, 0xff, 0x38, 0x28, 0x08, 0xff, 0x38, 0x28, 0x08, 0xff,
    0x40, 0x28, 0x08, 0xff, 0x38, 0x28, 0x08, 0xff, 0x38, 0x24, 0x00, 0xff,
    0x38, 0x24, 0x00, 0xff, 0x38, 0x28, 0x08, 0xff, 0x38, 0x24, 0x08, 0xff,
    0x38, 0x28, 0x00, 0xff, 0x38, 0x24, 0x08, 0xff, 0x38, 0x24, 0x00, 0xff,
    0x38, 0x24, 0x00, 0xff, 0x38, 0x24, 0x00, 0xff, 0x38, 0x24, 0x08, 0xff,
    0x38, 0x24, 0x00, 0xff, 0x38, 0x24, 0x00, 0xff, 0x38, 0x24, 0x08, 0xff,
    0x38, 0x28, 0x00, 0xff, 0x38, 0x24, 0x08, 0xff, 0x38, 0x24, 0x00, 0xff,
    0x38, 0x28, 0x00, 0xff, 0x38, 0x24, 0x00, 0xff, 0x38, 0x24, 0x08, 0xff,
    0x38, 0x24, 0x00, 0xff, 0x38, 0x28, 0x00, 0xff, 0x38, 0x24, 0x00, 0xff,
    0x38, 0x28, 0x08, 0xff, 0x38, 0x28, 0x00, 0xff, 0x38, 0x24, 0x08, 0xff,
    0x38, 0x28, 0x08, 0xff, 0x38, 0x28, 0x08, 0xff, 0x38, 0x24, 0x00, 0xff,
    0x38, 0x28, 0x08, 0xff, 0x38, 0x24, 0x08, 0xff, 0x38, 0x24, 0x00, 0xff,
    0x38, 0x24, 0x08, 0xff, 0x38, 0x24, 0x08, 0xff, 0x38, 0x24, 0x00, 0xff,
    0x38, 0x24, 0x00, 0xff, 0x38, 0x24, 0x08, 0xff, 0x38, 0x24, 0x00, 0xff,
    0x38, 0x28, 0x08, 0xff, 0x38, 0x28, 0x08, 0xff, 0x38, 0x24, 0x00, 0xff,
    0x38, 0x24, 0x08, 0xff, 0x38, 0x24, 0x00, 0xff, 0x38, 0x24, 0x08, 0xff,
    0x38, 0x24, 0x00, 0xff, 0x38, 0x24, 0x00, 0xff, 0x38, 0x28, 0x08, 0xff,
    0x38, 0x24, 0x00, 0xff, 0x38, 0x24, 0x08, 0xff, 0x38, 0x24, 0x00, 0xff,
    0x38, 0x24, 0x00, 0xff, 0x38, 0x24, 0x08, 0xff, 0x38, 0x24, 0x00, 0xff,
    0x38, 0x24, 0x08, 0xff, 0x38, 0x24, 0x00, 0xff, 0x38, 0x24, 0x00, 0xff,
    0x38, 0x24, 0x08, 0xff, 0x38, 0x24, 0x00, 0xff, 0x38, 0x28, 0x08, 0xff,
    0x38, 0x28, 0x00, 0xff, 0x38, 0x24, 0x08, 0xff, 0x38, 0x24, 0x00, 0xff,
    0x38, 0x24, 0x00, 0xff, 0x38, 0x24, 0x08, 0xff, 0x38, 0x24, 0x08, 0xff,
    0x38, 0x28, 0x00, 0xff, 0x38, 0x24, 0x08, 0xff, 0x38, 0x24, 0x00, 0xff,
    0x38, 0x24, 0x00, 0xff, 0x38, 0x24, 0x08, 0xff, 0x38, 0x28, 0x00, 0xff,
    0x38, 0x24, 0x08, 0xff, 0x38, 0x28, 0x08, 0xff, 0x38, 0x28, 0x00, 0xff,
    0x38, 0x24, 0x08, 0xff, 0x38, 0x24, 0x08, 0xff, 0x38, 0x28, 0x00, 0xff,
    0x38, 0x24, 0x00, 0xff, 0x38, 0x24, 0x08, 0xff, 0x38, 0x24, 0x00, 0xff,
    0x38, 0x24, 0x08, 0xff, 0x38, 0x24, 0x00, 0xff, 0x38, 0x24, 0x08, 0xff,
    0x38, 0x24, 0x08, 0xff, 0x38, 0x28, 0x00, 0xff, 0x38, 0x24, 0x08, 0xff,
    0x38, 0x24, 0x00, 0xff, 0x38, 0x24, 0x08, 0xff, 0x38, 0x24, 0x08, 0xff,
    0x38, 0x28, 0x00, 0xff, 0x38, 0x24, 0x08, 0xff, 0x38, 0x24, 0x00, 0xff,
    0x38, 0x24, 0x00, 0xff, 0x38, 0x24, 0x00, 0xff, 0x38, 0x24, 0x08, 0xff,
    0x38, 0x28, 0x00, 0xff, 0x38, 0x24, 0x08, 0xff, 0x38, 0x24, 0x00, 0xff,
    0x38, 0x24, 0x00, 0xff, 0x38, 0x24, 0x08, 0xff, 0x38, 0x24, 0x08, 0xff,
    0x38, 0x28, 0x00, 0xff, 0x38, 0x24, 0x08, 0xff, 0x38, 0x24, 0x00, 0xff,
    0x38, 0x24, 0x00, 0xff, 0x38, 0x24, 0x08, 0xff, 0x38, 0x24, 0x08, 0xff,
    0x38, 0x24, 0x00, 0xff, 0x38, 0x28, 0x00, 0xff, 0x38, 0x28, 0x00, 0xff,
    0x38, 0x24, 0x08, 0xff, 0x38, 0x28, 0x08, 0xff, 0x38, 0x28, 0x08, 0xff,
    0x40, 0x28, 0x08, 0xff, 0x40, 0x2c, 0x10, 0xff, 0x38, 0x28, 0x08, 0xdf,
    0x08, 0x04, 0x00, 0x79, 0x00, 0x00, 0x00, 0x61, 0x00, 0x00, 0x00, 0x51,
    0x00, 0x00, 0x00, 0x41, 0x00, 0x00, 0x00, 0x34, 0x00, 0x00, 0x00, 0x28,
    0x00, 0x00, 0x00, 0x20, 0x00, 0x00, 0x00, 0x14, 0x00, 0x00, 0x00, 0x10,
    0x00, 0x00, 0x00, 0x08, 0x00, 0x00, 0x00, 0x08, 0x00, 0x00, 0x00, 0x04,
    0x00, 0x00, 0x00, 0x04, 0x00, 0x00, 0x00, 0x00, 0x00, 0x00, 0x00, 0x00,
    0x00, 0x00, 0x00, 0x00, 0x00, 0x00, 0x00, 0x00, 0x00, 0x00, 0x00, 0x00,
    0x00, 0x00, 0x00, 0x00, 0x00, 0x00, 0x00, 0x00, 0x00, 0x00, 0x00, 0x00,
    0x00, 0x00, 0x00, 0x00, 0x00, 0x00, 0x00, 0x00, 0x00, 0x00, 0x00, 0x00,
    0x00, 0x00, 0x00, 0x00, 0x00, 0x00, 0x00, 0x00, 0x00, 0x00, 0x00, 0x00,
    0x00, 0x00, 0x00, 0x00, 0x00, 0x00, 0x00, 0x00, 0x00, 0x00, 0x00, 0x00,
    0x00, 0x00, 0x00, 0x00, 0x00, 0x00, 0x00, 0x00, 0x00, 0x00, 0x00, 0x00,
    0x00, 0x00, 0x00, 0x00, 0x00, 0x00, 0x00, 0x00, 0x00, 0x00, 0x00, 0x00,
    0x00, 0x00, 0x00, 0x00, 0x00, 0x00, 0x00, 0x00, 0x00, 0x00, 0x00, 0x00,
    0x00, 0x00, 0x00, 0x00, 0x00, 0x00, 0x00, 0x00, 0x00, 0x00, 0x00, 0x00,
    0x00, 0x00, 0x00, 0x00, 0x00, 0x00, 0x00, 0x00, 0x00, 0x00, 0x00, 0x00,
    0x00, 0x00, 0x00, 0x00, 0x00, 0x00, 0x00, 0x00, 0x00, 0x00, 0x00, 0x00,
    0x00, 0x00, 0x00, 0x00, 0x00, 0x00, 0x00, 0x00, 0x00, 0x00, 0x00, 0x00,
    0x00, 0x00, 0x00, 0x00, 0x00, 0x00, 0x00, 0x00, 0x00, 0x00, 0x00, 0x00,
    0x00, 0x00, 0x00, 0x00, 0x00, 0x00, 0x00, 0x00, 0x00, 0x00, 0x00, 0x04,
    0x00, 0x00, 0x00, 0x04, 0x00, 0x00, 0x00, 0x04, 0x00, 0x00, 0x00, 0x08,
    0x00, 0x00, 0x00, 0x10, 0x00, 0x00, 0x00, 0x14, 0x00, 0x00, 0x00, 0x1c,
    0x00, 0x00, 0x00, 0x28, 0x00, 0x00, 0x00, 0x34, 0x00, 0x00, 0x00, 0x41,
    0x00, 0x00, 0x00, 0x51, 0x00, 0x00, 0x00, 0x61, 0x08, 0x04, 0x00, 0x79,
    0x38, 0x28, 0x08, 0xe3, 0x38, 0x2c, 0x10, 0xff, 0x38, 0x28, 0x08, 0xff,
    0x38, 0x28, 0x08, 0xff, 0x38, 0x24, 0x00, 0xff, 0x38, 0x28, 0x08, 0xff,
    0x38, 0x24, 0x00, 0xff, 0x38, 0x24, 0x08, 0xff, 0x38, 0x24, 0x08, 0xff,
    0x38, 0x24, 0x00, 0xff, 0x38, 0x28, 0x08, 0xff, 0x38, 0x24, 0x08, 0xff,
    0x38, 0x28, 0x00, 0xff, 0x38, 0x28, 0x08, 0xff, 0x38, 0x24, 0x08, 0xff,
    0x38, 0x24, 0x08, 0xff, 0x38, 0x28, 0x08, 0xff, 0x38, 0x24, 0x00, 0xff,
    0x38, 0x24, 0x08, 0xff, 0x38, 0x24, 0x00, 0xff, 0x38, 0x24, 0x08, 0xff,
    0x38, 0x24, 0x00, 0xff, 0x38, 0x24, 0x08, 0xff, 0x38, 0x24, 0x08, 0xff,
    0x38, 0x28, 0x00, 0xff, 0x38, 0x24, 0x08, 0xff, 0x38, 0x24, 0x08, 0xff,
    0x38, 0x24, 0x00, 0xff, 0x38, 0x24, 0x00, 0xff, 0x38, 0x24, 0x08, 0xff,
    0x38, 0x24, 0x00, 0xff, 0x38, 0x24, 0x00, 0xff, 0x38, 0x24, 0x00, 0xff,
    0x38, 0x24, 0x08, 0xff, 0x38, 0x24, 0x00, 0xff, 0x38, 0x24, 0x08, 0xff,
    0x38, 0x28, 0x00, 0xff, 0x38, 0x24, 0x00, 0xff, 0x38, 0x24, 0x08, 0xff,
    0x38, 0x28, 0x00, 0xff, 0x38, 0x28, 0x00, 0xff, 0x38, 0x24, 0x08, 0xff,
    0x38, 0x24, 0x00, 0xff, 0x38, 0x24, 0x00, 0xff, 0x38, 0x24, 0x08, 0xff,
    0x38, 0x24, 0x00, 0xff, 0x38, 0x28, 0x00, 0xff, 0x38, 0x24, 0x08, 0xff,
    0x38, 0x28, 0x08, 0xff, 0x38, 0x28, 0x00, 0xff, 0x38, 0x24, 0x08, 0xff,
    0x38, 0x24, 0x08, 0xff, 0x38, 0x24, 0x00, 0xff, 0x38, 0x24, 0x08, 0xff,
    0x38, 0x28, 0x00, 0xff, 0x38, 0x28, 0x00, 0xff, 0x38, 0x24, 0x08, 0xff,
    0x38, 0x28, 0x00, 0xff, 0x38, 0x28, 0x08, 0xff, 0x38, 0x24, 0x08, 0xff,
    0x38, 0x24, 0x00, 0xff, 0x38, 0x24, 0x08, 0xff, 0x38, 0x24, 0x00, 0xff,
    0x38, 0x24, 0x08, 0xff, 0x38, 0x24, 0x00, 0xff, 0x38, 0x24, 0x00, 0xff,
    0x38, 0x24, 0x08, 0xff, 0x38, 0x24, 0x08, 0xff, 0x38, 0x24, 0x00, 0xff,
    0x38, 0x24, 0x00, 0xff, 0x38, 0x24, 0x00, 0xff, 0x38, 0x24, 0x08, 0xff,
    0x38, 0x28, 0x08, 0xff, 0x38, 0x24, 0x00, 0xff, 0x38, 0x24, 0x08, 0xff,
    0x38, 0x28, 0x00, 0xff, 0x38, 0x24, 0x00, 0xff, 0x38, 0x24, 0x08, 0xff,
    0x38, 0x24, 0x00, 0xff, 0x38, 0x24, 0x00, 0xff, 0x38, 0x24, 0x08, 0xff,
    0x38, 0x24, 0x08, 0xff, 0x38, 0x28, 0x00, 0xff, 0x38, 0x24, 0x08, 0xff,
    0x38, 0x28, 0x00, 0xff, 0x38, 0x28, 0x00, 0xff, 0x38, 0x24, 0x08, 0xff,
    0x38, 0x24, 0x00, 0xff, 0x38, 0x24, 0x00, 0xff, 0x38, 0x24, 0x08, 0xff,
    0x38, 0x24, 0x00, 0xff, 0x38, 0x24, 0x00, 0xff, 0x38, 0x24, 0x00, 0xff,
    0x38, 0x24, 0x00, 0xff, 0x38, 0x28, 0x00, 0xff, 0x38, 0x24, 0x08, 0xff,
    0x38, 0x24, 0x00, 0xff, 0x38, 0x28, 0x08, 0xff, 0x38, 0x24, 0x08, 0xff,
    0x38, 0x24, 0x00, 0xff, 0x38, 0x24, 0x00, 0xff, 0x38, 0x28, 0x08, 0xff,
    0x38, 0x24, 0x00, 0xff, 0x38, 0x28, 0x08, 0xff, 0x38, 0x28, 0x00, 0xff,
    0x38, 0x24, 0x08, 0xff, 0x38, 0x24, 0x00, 0xff, 0x38, 0x24, 0x00, 0xff,
    0x38, 0x28, 0x08, 0xff, 0x38, 0x24, 0x08, 0xff, 0x38, 0x24, 0x00, 0xff,
    0x38, 0x28, 0x00, 0xff, 0x38, 0x24, 0x08, 0xff, 0x38, 0x24, 0x08, 0xff,
    0x38, 0x24, 0x08, 0xff, 0x38, 0x24, 0x00, 0xff, 0x38, 0x28, 0x00, 0xff,
    0x38, 0x28, 0x08, 0xff, 0x38, 0x28, 0x08, 0xff, 0x38, 0x28, 0x08, 0xff,
    0x38, 0x28, 0x08, 0xff, 0x38, 0x2c, 0x08, 0xff, 0x38, 0x28, 0x10, 0xe3,
    0x08, 0x04, 0x00, 0x79, 0x00, 0x00, 0x00, 0x61, 0x00, 0x00, 0x00, 0x51,
    0x00, 0x00, 0x00, 0x41, 0x00, 0x00, 0x00, 0x34, 0x00, 0x00, 0x00, 0x28,
    0x00, 0x00, 0x00, 0x1c, 0x00, 0x00, 0x00, 0x14, 0x00, 0x00, 0x00, 0x10,
    0x00, 0x00, 0x00, 0x08, 0x00, 0x00, 0x00, 0x04, 0x00, 0x00, 0x00, 0x04,
    0x00, 0x00, 0x00, 0x04, 0x00, 0x00, 0x00, 0x00, 0x00, 0x00, 0x00, 0x00,
    0x00, 0x00, 0x00, 0x00, 0x00, 0x00, 0x00, 0x00, 0x00, 0x00, 0x00, 0x00,
    0x00, 0x00, 0x00, 0x00, 0x00, 0x00, 0x00, 0x00, 0x00, 0x00, 0x00, 0x00,
    0x00, 0x00, 0x00, 0x00, 0x00, 0x00, 0x00, 0x00, 0x00, 0x00, 0x00, 0x00,
    0x00, 0x00, 0x00, 0x00, 0x00, 0x00, 0x00, 0x00, 0x00, 0x00, 0x00, 0x00,
    0x00, 0x00, 0x00, 0x00, 0x00, 0x00, 0x00, 0x00, 0x00, 0x00, 0x00, 0x00,
    0x00, 0x00, 0x00, 0x00, 0x00, 0x00, 0x00, 0x00, 0x00, 0x00, 0x00, 0x00,
    0x00, 0x00, 0x00, 0x00, 0x00, 0x00, 0x00, 0x00, 0x00, 0x00, 0x00, 0x00,
    0x00, 0x00, 0x00, 0x00, 0x00, 0x00, 0x00, 0x00, 0x00, 0x00, 0x00, 0x00,
    0x00, 0x00, 0x00, 0x00, 0x00, 0x00, 0x00, 0x00, 0x00, 0x00, 0x00, 0x00,
    0x00, 0x00, 0x00, 0x00, 0x00, 0x00, 0x00, 0x00, 0x00, 0x00, 0x00, 0x00,
    0x00, 0x00, 0x00, 0x00, 0x00, 0x00, 0x00, 0x00, 0x00, 0x00, 0x00, 0x00,
    0x00, 0x00, 0x00, 0x00, 0x00, 0x00, 0x00, 0x00, 0x00, 0x00, 0x00, 0x00,
    0x00, 0x00, 0x00, 0x00, 0x00, 0x00, 0x00, 0x00, 0x00, 0x00, 0x00, 0x00,
    0x00, 0x00, 0x00, 0x00, 0x00, 0x00, 0x00, 0x04, 0x00, 0x00, 0x00, 0x04,
    0x00, 0x00, 0x00, 0x08, 0x00, 0x00, 0x00, 0x10, 0x00, 0x00, 0x00, 0x14,
    0x00, 0x00, 0x00, 0x1c, 0x00, 0x00, 0x00, 0x28, 0x00, 0x00, 0x00, 0x34,
    0x00, 0x00, 0x00, 0x41, 0x00, 0x00, 0x00, 0x51, 0x00, 0x00, 0x00, 0x61,
    0x08, 0x04, 0x00, 0x75, 0x30, 0x28, 0x08, 0xdf, 0x38, 0x2c, 0x10, 0xff,
    0x38, 0x28, 0x08, 0xff, 0x38, 0x28, 0x08, 0xff, 0x38, 0x28, 0x08, 0xff,
    0x38, 0x24, 0x08, 0xff, 0x38, 0x24, 0x00, 0xff, 0x38, 0x24, 0x00, 0xff,
    0x38, 0x24, 0x00, 0xff, 0x38, 0x28, 0x08, 0xff, 0x38, 0x24, 0x00, 0xff,
    0x38, 0x24, 0x00, 0xff, 0x38, 0x24, 0x08, 0xff, 0x38, 0x24, 0x00, 0xff,
    0x38, 0x24, 0x00, 0xff, 0x38, 0x24, 0x08, 0xff, 0x38, 0x28, 0x00, 0xff,
    0x38, 0x24, 0x00, 0xff, 0x38, 0x24, 0x08, 0xff, 0x38, 0x28, 0x00, 0xff,
    0x38, 0x28, 0x08, 0xff, 0x38, 0x24, 0x00, 0xff, 0x38, 0x28, 0x00, 0xff,
    0x38, 0x24, 0x08, 0xff, 0x38, 0x24, 0x08, 0xff, 0x38, 0x24, 0x00, 0xff,
    0x38, 0x28, 0x00, 0xff, 0x38, 0x24, 0x08, 0xff, 0x38, 0x24, 0x08, 0xff,
    0x30, 0x28, 0x08, 0xff, 0x38, 0x24, 0x08, 0xff, 0x38, 0x24, 0x08, 0xff,
    0x38, 0x28, 0x00, 0xff, 0x38, 0x24, 0x08, 0xff, 0x38, 0x24, 0x00, 0xff,
    0x38, 0x28, 0x08, 0xff, 0x38, 0x24, 0x00, 0xff, 0x38, 0x24, 0x08, 0xff,
    0x38, 0x28, 0x00, 0xff, 0x30, 0x24, 0x00, 0xff, 0x38, 0x24, 0x08, 0xff,
    0x38, 0x24, 0x08, 0xff, 0x38, 0x28, 0x00, 0xff, 0x38, 0x24, 0x08, 0xff,
    0x38, 0x28, 0x00, 0xff, 0x38, 0x24, 0x08, 0xff, 0x38, 0x24, 0x00, 0xff,
    0x38, 0x24, 0x08, 0xff, 0x38, 0x24, 0x00, 0xff, 0x38, 0x24, 0x00, 0xff,
    0x38, 0x24, 0x00, 0xff, 0x30, 0x28, 0x00, 0xff, 0x38, 0x24, 0x08, 0xff,
    0x38, 0x24, 0x00, 0xff, 0x30, 0x24, 0x08, 0xff, 0x38, 0x24, 0x08, 0xff,
    0x38, 0x24, 0x00, 0xff, 0x30, 0x24, 0x08, 0xff, 0x38, 0x24, 0x00, 0xff,
    0x38, 0x24, 0x00, 0xff, 0x30, 0x24, 0x00, 0xff, 0x38, 0x28, 0x08, 0xff,
    0x38, 0x28, 0x00, 0xff, 0x30, 0x24, 0x08, 0xff, 0x38, 0x24, 0x00, 0xff,
    0x30, 0x28, 0x08, 0xff, 0x38, 0x24, 0x00, 0xff, 0x38, 0x24, 0x00, 0xff,
    0x38, 0x28, 0x08, 0xff, 0x38, 0x28, 0x00, 0xff, 0x38, 0x24, 0x08, 0xff,
    0x38, 0x24, 0x08, 0xff, 0x38, 0x28, 0x00, 0xff, 0x38, 0x24, 0x00, 0xff,
    0x30, 0x24, 0x08, 0xff, 0x38, 0x24, 0x08, 0xff, 0x38, 0x24, 0x00, 0xff,
    0x38, 0x24, 0x00, 0xff, 0x38, 0x24, 0x08, 0xff, 0x30, 0x28, 0x00, 0xff,
    0x38, 0x24, 0x00, 0xff, 0x38, 0x24, 0x08, 0xff, 0x38, 0x28, 0x00, 0xff,
    0x38, 0x24, 0x00, 0xff, 0x38, 0x24, 0x08, 0xff, 0x38, 0x24, 0x08, 0xff,
    0x38, 0x24, 0x00, 0xff, 0x38, 0x28, 0x08, 0xff, 0x38, 0x24, 0x08, 0xff,
    0x38, 0x28, 0x00, 0xff, 0x38, 0x28, 0x08, 0xff, 0x38, 0x24, 0x08, 0xff,
    0x38, 0x28, 0x00, 0xff, 0x38, 0x24, 0x08, 0xff, 0x38, 0x24, 0x08, 0xff,
    0x38, 0x28, 0x00, 0xff, 0x38, 0x24, 0x08, 0xff, 0x38, 0x24, 0x00, 0xff,
    0x38, 0x28, 0x00, 0xff, 0x38, 0x24, 0x08, 0xff, 0x38, 0x24, 0x08, 0xff,
    0x38, 0x28, 0x00, 0xff, 0x38, 0x24, 0x08, 0xff, 0x38, 0x24, 0x08, 0xff,
    0x38, 0x24, 0x00, 0xff, 0x38, 0x24, 0x08, 0xff, 0x38, 0x28, 0x00, 0xff,
    0x30, 0x24, 0x08, 0xff, 0x38, 0x24, 0x00, 0xff, 0x38, 0x24, 0x08, 0xff,
    0x38, 0x24, 0x08, 0xff, 0x38, 0x28, 0x00, 0xff, 0x38, 0x24, 0x00, 0xff,
    0x38, 0x24, 0x08, 0xff, 0x38, 0x28, 0x00, 0xff, 0x38, 0x24, 0x08, 0xff,
    0x38, 0x24, 0x08, 0xff, 0x38, 0x24, 0x00, 0xff, 0x38, 0x24, 0x00, 0xff,
    0x38, 0x24, 0x08, 0xff, 0x38, 0x28, 0x00, 0xff, 0x38, 0x28, 0x08, 0xff,
    0x38, 0x28, 0x08, 0xff, 0x38, 0x2c, 0x08, 0xff, 0x38, 0x24, 0x08, 0xdf,
    0x00, 0x04, 0x00, 0x75, 0x00, 0x00, 0x00, 0x61, 0x00, 0x00, 0x00, 0x51,
    0x00, 0x00, 0x00, 0x41, 0x00, 0x00, 0x00, 0x34, 0x00, 0x00, 0x00, 0x28,
    0x00, 0x00, 0x00, 0x1c, 0x00, 0x00, 0x00, 0x14, 0x00, 0x00, 0x00, 0x10,
    0x00, 0x00, 0x00, 0x08, 0x00, 0x00, 0x00, 0x08, 0x00, 0x00, 0x00, 0x04,
    0x00, 0x00, 0x00, 0x00, 0x00, 0x00, 0x00, 0x00, 0x00, 0x00, 0x00, 0x00,
    0x00, 0x00, 0x00, 0x00, 0x00, 0x00, 0x00, 0x00, 0x00, 0x00, 0x00, 0x00,
    0x00, 0x00, 0x00, 0x00, 0x00, 0x00, 0x00, 0x00, 0x00, 0x00, 0x00, 0x00,
    0x00, 0x00, 0x00, 0x00, 0x00, 0x00, 0x00, 0x00, 0x00, 0x00, 0x00, 0x00,
    0x00, 0x00, 0x00, 0x00, 0x00, 0x00, 0x00, 0x00, 0x00, 0x00, 0x00, 0x00,
    0x00, 0x00, 0x00, 0x00, 0x00, 0x00, 0x00, 0x00, 0x00, 0x00, 0x00, 0x00,
    0x00, 0x00, 0x00, 0x00, 0x00, 0x00, 0x00, 0x00, 0x00, 0x00, 0x00, 0x00,
    0x00, 0x00, 0x00, 0x00, 0x00, 0x00, 0x00, 0x00, 0x00, 0x00, 0x00, 0x00,
    0x00, 0x00, 0x00, 0x00, 0x00, 0x00, 0x00, 0x00, 0x00, 0x00, 0x00, 0x00,
    0x00, 0x00, 0x00, 0x00, 0x00, 0x00, 0x00, 0x00, 0x00, 0x00, 0x00, 0x00,
    0x00, 0x00, 0x00, 0x00, 0x00, 0x00, 0x00, 0x00, 0x00, 0x00, 0x00, 0x00,
    0x00, 0x00, 0x00, 0x00, 0x00, 0x00, 0x00, 0x00, 0x00, 0x00, 0x00, 0x00,
    0x00, 0x00, 0x00, 0x00, 0x00, 0x00, 0x00, 0x00, 0x00, 0x00, 0x00, 0x00,
    0x00, 0x00, 0x00, 0x00, 0x00, 0x00, 0x00, 0x00, 0x00, 0x00, 0x00, 0x04,
    0x00, 0x00, 0x00, 0x04, 0x00, 0x00, 0x00, 0x08, 0x00, 0x00, 0x00, 0x0c,
    0x00, 0x00, 0x00, 0x14, 0x00, 0x00, 0x00, 0x1c, 0x00, 0x00, 0x00, 0x24,
    0x00, 0x00, 0x00, 0x30, 0x00, 0x00, 0x00, 0x41, 0x00, 0x00, 0x00, 0x4d,
    0x00, 0x00, 0x00, 0x5d, 0x00, 0x00, 0x00, 0x71, 0x38, 0x24, 0x08, 0xdb,
    0x38, 0x2c, 0x10, 0xff, 0x38, 0x28, 0x08, 0xff, 0x38, 0x28, 0x08, 0xff,
    0x38, 0x24, 0x00, 0xff, 0x38, 0x28, 0x00, 0xff, 0x38, 0x24, 0x08, 0xff,
    0x38, 0x24, 0x08, 0xff, 0x38, 0x24, 0x00, 0xff, 0x38, 0x28, 0x08, 0xff,
    0x38, 0x24, 0x00, 0xff, 0x38, 0x24, 0x00, 0xff, 0x38, 0x24, 0x00, 0xff,
    0x38, 0x24, 0x08, 0xff, 0x38, 0x28, 0x08, 0xff, 0x38, 0x24, 0x00, 0xff,
    0x38, 0x24, 0x00, 0xff, 0x38, 0x24, 0x08, 0xff, 0x38, 0x24, 0x00, 0xff,
    0x38, 0x24, 0x08, 0xff, 0x30, 0x24, 0x00, 0xff, 0x38, 0x24, 0x08, 0xff,
    0x38, 0x24, 0x00, 0xff, 0x38, 0x24, 0x08, 0xff, 0x38, 0x28, 0x00, 0xff,
    0x30, 0x24, 0x00, 0xff, 0x38, 0x24, 0x08, 0xff, 0x38, 0x24, 0x00, 0xff,
    0x38, 0x28, 0x00, 0xff, 0x30, 0x24, 0x00, 0xff, 0x38, 0x24, 0x00, 0xff,
    0x38, 0x28, 0x00, 0xff, 0x38, 0x24, 0x00, 0xff, 0x30, 0x24, 0x08, 0xff,
    0x38, 0x28, 0x00, 0xff, 0x38, 0x24, 0x00, 0xff, 0x30, 0x24, 0x08, 0xff,
    0x38, 0x24, 0x00, 0xff, 0x38, 0x24, 0x08, 0xff, 0x38, 0x24, 0x08, 0xff,
    0x38, 0x24, 0x00, 0xff, 0x38, 0x24, 0x08, 0xff, 0x30, 0x24, 0x00, 0xff,
    0x38, 0x24, 0x08, 0xff, 0x38, 0x24, 0x00, 0xff, 0x30, 0x24, 0x08, 0xff,
    0x38, 0x28, 0x00, 0xff, 0x30, 0x24, 0x08, 0xff, 0x38, 0x24, 0x08, 0xff,
    0x38, 0x28, 0x00, 0xff, 0x30, 0x24, 0x08, 0xff, 0x38, 0x24, 0x08, 0xff,
    0x38, 0x24, 0x00, 0xff, 0x38, 0x28, 0x08, 0xff, 0x30, 0x28, 0x00, 0xff,
    0x38, 0x24, 0x00, 0xff, 0x38, 0x24, 0x08, 0xff, 0x38, 0x24, 0x00, 0xff,
    0x38, 0x24, 0x08, 0xff, 0x38, 0x24, 0x08, 0xff, 0x38, 0x24, 0x00, 0xff,
    0x38, 0x24, 0x08, 0xff, 0x30, 0x24, 0x08, 0xff, 0x38, 0x24, 0x00, 0xff,
    0x38, 0x24, 0x00, 0xff, 0x38, 0x28, 0x08, 0xff, 0x38, 0x24, 0x08, 0xff,
    0x38, 0x24, 0x00, 0xff, 0x38, 0x24, 0x08, 0xff, 0x30, 0x24, 0x00, 0xff,
    0x38, 0x24, 0x08, 0xff, 0x30, 0x28, 0x08, 0xff, 0x38, 0x24, 0x00, 0xff,
    0x38, 0x24, 0x00, 0xff, 0x38, 0x24, 0x08, 0xff, 0x38, 0x28, 0x00, 0xff,
    0x38, 0x24, 0x08, 0xff, 0x38, 0x24, 0x00, 0xff, 0x30, 0x28, 0x08, 0xff,
    0x38, 0x24, 0x08, 0xff, 0x38, 0x24, 0x08, 0xff, 0x30, 0x28, 0x00, 0xff,
    0x38, 0x24, 0x08, 0xff, 0x38, 0x24, 0x00, 0xff, 0x30, 0x24, 0x08, 0xff,
    0x38, 0x24, 0x00, 0xff, 0x38, 0x24, 0x08, 0xff, 0x30, 0x24, 0x00, 0xff,
    0x30, 0x24, 0x00, 0xff, 0x38, 0x24, 0x08, 0xff, 0x38, 0x24, 0x00, 0xff,
    0x38, 0x24, 0x00, 0xff, 0x30, 0x24, 0x00, 0xff, 0x38, 0x28, 0x08, 0xff,
    0x38, 0x24, 0x08, 0xff, 0x38, 0x24, 0x00, 0xff, 0x38, 0x24, 0x08, 0xff,
    0x30, 0x24, 0x08, 0xff, 0x38, 0x24, 0x00, 0xff, 0x38, 0x24, 0x00, 0xff,
    0x30, 0x24, 0x08, 0xff, 0x38, 0x24, 0x00, 0xff, 0x38, 0x24, 0x08, 0xff,
    0x30, 0x24, 0x00, 0xff, 0x30, 0x24, 0x00, 0xff, 0x38, 0x24, 0x08, 0xff,
    0x38, 0x24, 0x00, 0xff, 0x38, 0x24, 0x08, 0xff, 0x38, 0x28, 0x00, 0xff,
    0x38, 0x24, 0x08, 0xff, 0x38, 0x24, 0x00, 0xff, 0x30, 0x24, 0x00, 0xff,
    0x38, 0x24, 0x08, 0xff, 0x38, 0x24, 0x00, 0xff, 0x38, 0x24, 0x08, 0xff,
    0x38, 0x24, 0x00, 0xff, 0x38, 0x24, 0x00, 0xff, 0x38, 0x24, 0x08, 0xff,
    0x38, 0x24, 0x00, 0xff, 0x38, 0x24, 0x08, 0xff, 0x38, 0x24, 0x00, 0xff,
    0x38, 0x24, 0x08, 0xff, 0x38, 0x24, 0x08, 0xff, 0x38, 0x28, 0x08, 0xff,
    0x38, 0x28, 0x08, 0xff, 0x40, 0x2c, 0x10, 0xff, 0x30, 0x24, 0x08, 0xdb,
    0x00, 0x00, 0x00, 0x71, 0x00, 0x00, 0x00, 0x5d, 0x00, 0x00, 0x00, 0x4d,
    0x00, 0x00, 0x00, 0x41, 0x00, 0x00, 0x00, 0x30, 0x00, 0x00, 0x00, 0x24,
    0x00, 0x00, 0x00, 0x1c, 0x00, 0x00, 0x00, 0x14, 0x00, 0x00, 0x00, 0x0c,
    0x00, 0x00, 0x00, 0x08, 0x00, 0x00, 0x00, 0x04, 0x00, 0x00, 0x00, 0x04,
    0x00, 0x00, 0x00, 0x00, 0x00, 0x00, 0x00, 0x00, 0x00, 0x00, 0x00, 0x00,
    0x00, 0x00, 0x00, 0x00, 0x00, 0x00, 0x00, 0x00, 0x00, 0x00, 0x00, 0x00,
    0x00, 0x00, 0x00, 0x00, 0x00, 0x00, 0x00, 0x00, 0x00, 0x00, 0x00, 0x00,
    0x00, 0x00, 0x00, 0x00, 0x00, 0x00, 0x00, 0x00, 0x00, 0x00, 0x00, 0x00,
    0x00, 0x00, 0x00, 0x00, 0x00, 0x00, 0x00, 0x00, 0x00, 0x00, 0x00, 0x00,
    0x00, 0x00, 0x00, 0x00, 0x00, 0x00, 0x00, 0x00, 0x00, 0x00, 0x00, 0x00,
    0x00, 0x00, 0x00, 0x00, 0x00, 0x00, 0x00, 0x00, 0x00, 0x00, 0x00, 0x00,
    0x00, 0x00, 0x00, 0x00, 0x00, 0x00, 0x00, 0x00, 0x00, 0x00, 0x00, 0x00,
    0x00, 0x00, 0x00, 0x00, 0x00, 0x00, 0x00, 0x00, 0x00, 0x00, 0x00, 0x00,
    0x00, 0x00, 0x00, 0x00, 0x00, 0x00, 0x00, 0x00, 0x00, 0x00, 0x00, 0x00,
    0x00, 0x00, 0x00, 0x00, 0x00, 0x00, 0x00, 0x00, 0x00, 0x00, 0x00, 0x00,
    0x00, 0x00, 0x00, 0x00, 0x00, 0x00, 0x00, 0x00, 0x00, 0x00, 0x00, 0x00,
    0x00, 0x00, 0x00, 0x00, 0x00, 0x00, 0x00, 0x00, 0x00, 0x00, 0x00, 0x00,
    0x00, 0x00, 0x00, 0x04, 0x00, 0x00, 0x00, 0x04, 0x00, 0x00, 0x00, 0x08,
    0x00, 0x00, 0x00, 0x0c, 0x00, 0x00, 0x00, 0x14, 0x00, 0x00, 0x00, 0x1c,
    0x00, 0x00, 0x00, 0x24, 0x00, 0x00, 0x00, 0x30, 0x00, 0x00, 0x00, 0x3c,
    0x00, 0x00, 0x00, 0x4d, 0x00, 0x00, 0x00, 0x5d, 0x00, 0x00, 0x00, 0x6d,
    0x30, 0x24, 0x08, 0xd3, 0x40, 0x2c, 0x08, 0xff, 0x38, 0x28, 0x08, 0xff,
    0x38, 0x28, 0x08, 0xff, 0x38, 0x24, 0x00, 0xff, 0x38, 0x28, 0x08, 0xff,
    0x38, 0x24, 0x00, 0xff, 0x38, 0x24, 0x00, 0xff, 0x38, 0x24, 0x08, 0xff,
    0x38, 0x28, 0x00, 0xff, 0x38, 0x24, 0x08, 0xff, 0x38, 0x24, 0x08, 0xff,
    0x38, 0x24, 0x00, 0xff, 0x30, 0x24, 0x00, 0xff, 0x38, 0x24, 0x00, 0xff,
    0x38, 0x28, 0x08, 0xff, 0x30, 0x24, 0x08, 0xff, 0x30, 0x24, 0x00, 0xff,
    0x38, 0x28, 0x08, 0xff, 0x38, 0x24, 0x00, 0xff, 0x30, 0x28, 0x00, 0xff,
    0x38, 0x24, 0x08, 0xff, 0x38, 0x24, 0x00, 0xff, 0x30, 0x24, 0x08, 0xff,
    0x38, 0x24, 0x08, 0xff, 0x38, 0x24, 0x00, 0xff, 0x38, 0x28, 0x08, 0xff,
    0x38, 0x24, 0x00, 0xff, 0x38, 0x24, 0x08, 0xff, 0x30, 0x24, 0x00, 0xff,
    0x38, 0x24, 0x08, 0xff, 0x38, 0x24, 0x08, 0xff, 0x38, 0x24, 0x00, 0xff,
    0x38, 0x24, 0x08, 0xff, 0x38, 0x24, 0x08, 0xff, 0x38, 0x24, 0x00, 0xff,
    0x38, 0x24, 0x08, 0xff, 0x38, 0x28, 0x08, 0xff, 0x38, 0x24, 0x00, 0xff,
    0x30, 0x28, 0x00, 0xff, 0x38, 0x24, 0x08, 0xff, 0x38, 0x28, 0x00, 0xff,
    0x38, 0x24, 0x00, 0xff, 0x30, 0x24, 0x08, 0xff, 0x38, 0x28, 0x00, 0xff,
    0x38, 0x24, 0x08, 0xff, 0x38, 0x24, 0x00, 0xff, 0x30, 0x24, 0x00, 0xff,
    0x38, 0x24, 0x00, 0xff, 0x38, 0x24, 0x08, 0xff, 0x38, 0x28, 0x00, 0xff,
    0x38, 0x24, 0x08, 0xff, 0x38, 0x24, 0x08, 0xff, 0x38, 0x24, 0x00, 0xff,
    0x38, 0x24, 0x00, 0xff, 0x38, 0x24, 0x08, 0xff, 0x38, 0x28, 0x00, 0xff,
    0x38, 0x24, 0x08, 0xff, 0x30, 0x28, 0x00, 0xff, 0x38, 0x28, 0x00, 0xff,
    0x38, 0x24, 0x08, 0xff, 0x38, 0x24, 0x00, 0xff, 0x38, 0x28, 0x08, 0xff,
    0x38, 0x24, 0x00, 0xff, 0x38, 0x24, 0x00, 0xff, 0x38, 0x24, 0x08, 0xff,
    0x38, 0x24, 0x00, 0xff, 0x38, 0x24, 0x00, 0xff, 0x38, 0x24, 0x08, 0xff,
    0x38, 0x28, 0x08, 0xff, 0x38, 0x24, 0x00, 0xff, 0x38, 0x24, 0x00, 0xff,
    0x38, 0x24, 0x08, 0xff, 0x38, 0x24, 0x00, 0xff, 0x38, 0x24, 0x08, 0xff,
    0x30, 0x24, 0x00, 0xff, 0x38, 0x24, 0x08, 0xff, 0x38, 0x24, 0x00, 0xff,
    0x30, 0x24, 0x08, 0xff, 0x38, 0x28, 0x00, 0xff, 0x38, 0x24, 0x00, 0xff,
    0x38, 0x24, 0x08, 0xff, 0x38, 0x24, 0x00, 0xff, 0x38, 0x24, 0x08, 0xff,
    0x38, 0x28, 0x08, 0xff, 0x38, 0x24, 0x00, 0xff, 0x38, 0x28, 0x08, 0xff,
    0x38, 0x24, 0x00, 0xff, 0x38, 0x24, 0x08, 0xff, 0x38, 0x24, 0x00, 0xff,
    0x38, 0x24, 0x08, 0xff, 0x38, 0x24, 0x00, 0xff, 0x30, 0x24, 0x00, 0xff,
    0x38, 0x24, 0x08, 0xff, 0x38, 0x24, 0x00, 0xff, 0x38, 0x24, 0x00, 0xff,
    0x30, 0x24, 0x08, 0xff, 0x38, 0x24, 0x00, 0xff, 0x38, 0x28, 0x00, 0xff,
    0x38, 0x24, 0x08, 0xff, 0x38, 0x24, 0x08, 0xff, 0x38, 0x24, 0x00, 0xff,
    0x30, 0x28, 0x08, 0xff, 0x38, 0x24, 0x00, 0xff, 0x38, 0x24, 0x08, 0xff,
    0x38, 0x28, 0x00, 0xff, 0x30, 0x28, 0x08, 0xff, 0x38, 0x24, 0x00, 0xff,
    0x38, 0x24, 0x08, 0xff, 0x38, 0x24, 0x00, 0xff, 0x38, 0x24, 0x08, 0xff,
    0x30, 0x28, 0x00, 0xff, 0x38, 0x24, 0x08, 0xff, 0x38, 0x24, 0x08, 0xff,
    0x38, 0x28, 0x00, 0xff, 0x30, 0x24, 0x00, 0xff, 0x38, 0x24, 0x08, 0xff,
    0x38, 0x28, 0x00, 0xff, 0x38, 0x24, 0x00, 0xff, 0x30, 0x24, 0x08, 0xff,
    0x38, 0x28, 0x00, 0xff, 0x38, 0x24, 0x08, 0xff, 0x38, 0x24, 0x00, 0xff,
    0x38, 0x28, 0x08, 0xff, 0x38, 0x24, 0x00, 0xff, 0x38, 0x28, 0x08, 0xff,
    0x38, 0x28, 0x08, 0xff, 0x40, 0x28, 0x10, 0xff, 0x30, 0x24, 0x08, 0xcf,
    0x00, 0x00, 0x00, 0x6d, 0x00, 0x00, 0x00, 0x5d, 0x00, 0x00, 0x00, 0x4d,
    0x00, 0x00, 0x00, 0x3c, 0x00, 0x00, 0x00, 0x30, 0x00, 0x00, 0x00, 0x24,
    0x00, 0x00, 0x00, 0x1c, 0x00, 0x00, 0x00, 0x14, 0x00, 0x00, 0x00, 0x0c,
    0x00, 0x00, 0x00, 0x08, 0x00, 0x00, 0x00, 0x04, 0x00, 0x00, 0x00, 0x04,
    0x00, 0x00, 0x00, 0x00, 0x00, 0x00, 0x00, 0x00, 0x00, 0x00, 0x00, 0x00,
    0x00, 0x00, 0x00, 0x00, 0x00, 0x00, 0x00, 0x00, 0x00, 0x00, 0x00, 0x00,
    0x00, 0x00, 0x00, 0x00, 0x00, 0x00, 0x00, 0x00, 0x00, 0x00, 0x00, 0x00,
    0x00, 0x00, 0x00, 0x00, 0x00, 0x00, 0x00, 0x00, 0x00, 0x00, 0x00, 0x00,
    0x00, 0x00, 0x00, 0x00, 0x00, 0x00, 0x00, 0x00, 0x00, 0x00, 0x00, 0x00,
    0x00, 0x00, 0x00, 0x00, 0x00, 0x00, 0x00, 0x00, 0x00, 0x00, 0x00, 0x00,
    0x00, 0x00, 0x00, 0x00, 0x00, 0x00, 0x00, 0x00, 0x00, 0x00, 0x00, 0x00,
    0x00, 0x00, 0x00, 0x00, 0x00, 0x00, 0x00, 0x00, 0x00, 0x00, 0x00, 0x00,
    0x00, 0x00, 0x00, 0x00, 0x00, 0x00, 0x00, 0x00, 0x00, 0x00, 0x00, 0x00,
    0x00, 0x00, 0x00, 0x00, 0x00, 0x00, 0x00, 0x00, 0x00, 0x00, 0x00, 0x00,
    0x00, 0x00, 0x00, 0x00, 0x00, 0x00, 0x00, 0x00, 0x00, 0x00, 0x00, 0x00,
    0x00, 0x00, 0x00, 0x00, 0x00, 0x00, 0x00, 0x00, 0x00, 0x00, 0x00, 0x00,
    0x00, 0x00, 0x00, 0x00, 0x00, 0x00, 0x00, 0x04, 0x00, 0x00, 0x00, 0x04,
    0x00, 0x00, 0x00, 0x08, 0x00, 0x00, 0x00, 0x0c, 0x00, 0x00, 0x00, 0x10,
    0x00, 0x00, 0x00, 0x18, 0x00, 0x00, 0x00, 0x24, 0x00, 0x00, 0x00, 0x2c,
    0x00, 0x00, 0x00, 0x3c, 0x00, 0x00, 0x00, 0x49, 0x00, 0x00, 0x00, 0x59,
    0x00, 0x00, 0x00, 0x6d, 0x28, 0x20, 0x08, 0xc3, 0x40, 0x2c, 0x10, 0xff,
    0x38, 0x28, 0x08, 0xff, 0x38, 0x28, 0x08, 0xff, 0x38, 0x24, 0x08, 0xff,
    0x38, 0x28, 0x08, 0xff, 0x38, 0x24, 0x08, 0xff, 0x38, 0x24, 0x00, 0xff,
    0x38, 0x24, 0x08, 0xff, 0x38, 0x24, 0x00, 0xff, 0x38, 0x24, 0x00, 0xff,
    0x30, 0x24, 0x08, 0xff, 0x38, 0x24, 0x08, 0xff, 0x38, 0x24, 0x08, 0xff,
    0x30, 0x28, 0x00, 0xff, 0x38, 0x24, 0x08, 0xff, 0x38, 0x24, 0x00, 0xff,
    0x38, 0x24, 0x00, 0xff, 0x38, 0x24, 0x08, 0xff, 0x38, 0x24, 0x08, 0xff,
    0x38, 0x24, 0x00, 0xff, 0x38, 0x24, 0x08, 0xff, 0x38, 0x28, 0x08, 0xff,
    0x38, 0x24, 0x00, 0xff, 0x38, 0x24, 0x00, 0xff, 0x38, 0x28, 0x08, 0xff,
    0x30, 0x24, 0x00, 0xff, 0x38, 0x24, 0x08, 0xff, 0x38, 0x24, 0x08, 0xff,
    0x30, 0x28, 0x00, 0xff, 0x38, 0x24, 0x00, 0xff, 0x38, 0x28, 0x08, 0xff,
    0x38, 0x24, 0x08, 0xff, 0x38, 0x24, 0x00, 0xff, 0x38, 0x28, 0x00, 0xff,
    0x38, 0x24, 0x08, 0xff, 0x30, 0x24, 0x00, 0xff, 0x38, 0x24, 0x00, 0xff,
    0x38, 0x24, 0x08, 0xff, 0x38, 0x28, 0x00, 0xff, 0x38, 0x24, 0x00, 0xff,
    0x30, 0x24, 0x08, 0xff, 0x38, 0x24, 0x08, 0xff, 0x38, 0x24, 0x00, 0xff,
    0x38, 0x24, 0x08, 0xff, 0x38, 0x24, 0x00, 0xff, 0x38, 0x28, 0x00, 0xff,
    0x38, 0x24, 0x08, 0xff, 0x38, 0x24, 0x08, 0xff, 0x38, 0x28, 0x00, 0xff,
    0x38, 0x24, 0x00, 0xff, 0x38, 0x24, 0x08, 0xff, 0x38, 0x24, 0x00, 0xff,
    0x38, 0x28, 0x00, 0xff, 0x38, 0x24, 0x00, 0xff, 0x38, 0x24, 0x08, 0xff,
    0x30, 0x24, 0x08, 0xff, 0x38, 0x24, 0x00, 0xff, 0x38, 0x24, 0x08, 0xff,
    0x38, 0x24, 0x08, 0xff, 0x38, 0x24, 0x00, 0xff, 0x38, 0x24, 0x08, 0xff,
    0x38, 0x24, 0x00, 0xff, 0x38, 0x24, 0x08, 0xff, 0x38, 0x24, 0x00, 0xff,
    0x38, 0x24, 0x08, 0xff, 0x38, 0x28, 0x08, 0xff, 0x30, 0x24, 0x00, 0xff,
    0x30, 0x24, 0x08, 0xff, 0x38, 0x28, 0x00, 0xff, 0x38, 0x24, 0x00, 0xff,
    0x30, 0x24, 0x08, 0xff, 0x38, 0x24, 0x00, 0xff, 0x38, 0x28, 0x08, 0xff,
    0x38, 0x24, 0x08, 0xff, 0x30, 0x28, 0x00, 0xff, 0x38, 0x24, 0x08, 0xff,
    0x38, 0x24, 0x00, 0xff, 0x38, 0x24, 0x08, 0xff, 0x38, 0x24, 0x00, 0xff,
    0x38, 0x24, 0x08, 0xff, 0x38, 0x24, 0x00, 0xff, 0x38, 0x24, 0x00, 0xff,
    0x38, 0x24, 0x08, 0xff, 0x38, 0x24, 0x00, 0xff, 0x30, 0x24, 0x00, 0xff,
    0x38, 0x24, 0x08, 0xff, 0x38, 0x24, 0x00, 0xff, 0x30, 0x24, 0x08, 0xff,
    0x38, 0x28, 0x00, 0xff, 0x38, 0x24, 0x08, 0xff, 0x38, 0x28, 0x08, 0xff,
    0x38, 0x28, 0x08, 0xff, 0x38, 0x24, 0x08, 0xff, 0x38, 0x28, 0x08, 0xff,
    0x38, 0x24, 0x00, 0xff, 0x38, 0x24, 0x08, 0xff, 0x38, 0x24, 0x08, 0xff,
    0x30, 0x24, 0x00, 0xff, 0x38, 0x24, 0x00, 0xff, 0x38, 0x28, 0x08, 0xff,
    0x38, 0x24, 0x00, 0xff, 0x38, 0x24, 0x00, 0xff, 0x38, 0x24, 0x08, 0xff,
    0x38, 0x28, 0x08, 0xff, 0x38, 0x24, 0x00, 0xff, 0x38, 0x24, 0x08, 0xff,
    0x38, 0x24, 0x00, 0xff, 0x38, 0x24, 0x08, 0xff, 0x38, 0x24, 0x00, 0xff,
    0x30, 0x24, 0x08, 0xff, 0x38, 0x24, 0x00, 0xff, 0x38, 0x24, 0x08, 0xff,
    0x38, 0x24, 0x00, 0xff, 0x38, 0x24, 0x00, 0xff, 0x38, 0x28, 0x08, 0xff,
    0x30, 0x24, 0x08, 0xff, 0x38, 0x24, 0x00, 0xff, 0x38, 0x24, 0x08, 0xff,
    0x38, 0x24, 0x08, 0xff, 0x30, 0x24, 0x00, 0xff, 0x38, 0x24, 0x08, 0xff,
    0x38, 0x24, 0x00, 0xff, 0x38, 0x24, 0x00, 0xff, 0x38, 0x24, 0x08, 0xff,
    0x38, 0x28, 0x08, 0xff, 0x38, 0x24, 0x00, 0xff, 0x38, 0x28, 0x08, 0xff,
    0x38, 0x28, 0x08, 0xff, 0x40, 0x2c, 0x08, 0xff, 0x28, 0x20, 0x08, 0xc3,
    0x00, 0x00, 0x00, 0x6d, 0x00, 0x00, 0x00, 0x59, 0x00, 0x00, 0x00, 0x49,
    0x00, 0x00, 0x00, 0x3c, 0x00, 0x00, 0x00, 0x2c, 0x00, 0x00, 0x00, 0x20,
    0x00, 0x00, 0x00, 0x18, 0x00, 0x00, 0x00, 0x10, 0x00, 0x00, 0x00, 0x0c,
    0x00, 0x00, 0x00, 0x08, 0x00, 0x00, 0x00, 0x04, 0x00, 0x00, 0x00, 0x04,
    0x00, 0x00, 0x00, 0x00, 0x00, 0x00, 0x00, 0x00, 0x00, 0x00, 0x00, 0x00,
    0x00, 0x00, 0x00, 0x00, 0x00, 0x00, 0x00, 0x00, 0x00, 0x00, 0x00, 0x00,
    0x00, 0x00, 0x00, 0x00, 0x00, 0x00, 0x00, 0x00, 0x00, 0x00, 0x00, 0x00,
    0x00, 0x00, 0x00, 0x00, 0x00, 0x00, 0x00, 0x00, 0x00, 0x00, 0x00, 0x00,
    0x00, 0x00, 0x00, 0x00, 0x00, 0x00, 0x00, 0x00, 0x00, 0x00, 0x00, 0x00,
    0x00, 0x00, 0x00, 0x00, 0x00, 0x00, 0x00, 0x00, 0x00, 0x00, 0x00, 0x00,
    0x00, 0x00, 0x00, 0x00, 0x00, 0x00, 0x00, 0x00, 0x00, 0x00, 0x00, 0x00,
    0x00, 0x00, 0x00, 0x00, 0x00, 0x00, 0x00, 0x00, 0x00, 0x00, 0x00, 0x00,
    0x00, 0x00, 0x00, 0x00, 0x00, 0x00, 0x00, 0x00, 0x00, 0x00, 0x00, 0x00,
    0x00, 0x00, 0x00, 0x00, 0x00, 0x00, 0x00, 0x00, 0x00, 0x00, 0x00, 0x00,
    0x00, 0x00, 0x00, 0x00, 0x00, 0x00, 0x00, 0x00, 0x00, 0x00, 0x00, 0x00,
    0x00, 0x00, 0x00, 0x00, 0x00, 0x00, 0x00, 0x00, 0x00, 0x00, 0x00, 0x04,
    0x00, 0x00, 0x00, 0x04, 0x00, 0x00, 0x00, 0x04, 0x00, 0x00, 0x00, 0x0c,
    0x00, 0x00, 0x00, 0x10, 0x00, 0x00, 0x00, 0x18, 0x00, 0x00, 0x00, 0x20,
    0x00, 0x00, 0x00, 0x2c, 0x00, 0x00, 0x00, 0x38, 0x00, 0x00, 0x00, 0x45,
    0x00, 0x00, 0x00, 0x59, 0x00, 0x00, 0x00, 0x69, 0x28, 0x1c, 0x08, 0xb2,
    0x40, 0x2c, 0x10, 0xff, 0x38, 0x28, 0x08, 0xff, 0x38, 0x28, 0x08, 0xff,
    0x38, 0x28, 0x08, 0xff, 0x38, 0x24, 0x00, 0xff, 0x38, 0x24, 0x00, 0xff,
    0x38, 0x24, 0x08, 0xff, 0x38, 0x24, 0x08, 0xff, 0x38, 0x28, 0x00, 0xff,
    0x38, 0x24, 0x08, 0xff, 0x38, 0x24, 0x00, 0xff, 0x38, 0x24, 0x00, 0xff,
    0x38, 0x24, 0x00, 0xff, 0x38, 0x28, 0x08, 0xff, 0x38, 0x24, 0x08, 0xff,
    0x38, 0x24, 0x00, 0xff, 0x38, 0x24, 0x08, 0xff, 0x38, 0x24, 0x00, 0xff,
    0x38, 0x28, 0x00, 0xff, 0x30, 0x24, 0x00, 0xff, 0x38, 0x24, 0x08, 0xff,
    0x38, 0x24, 0x00, 0xff, 0x38, 0x24, 0x00, 0xff, 0x30, 0x24, 0x08, 0xff,
    0x38, 0x24, 0x00, 0xff, 0x38, 0x24, 0x00, 0xff, 0x38, 0x24, 0x08, 0xff,
    0x38, 0x24, 0x00, 0xff, 0x38, 0x24, 0x00, 0xff, 0x38, 0x24, 0x08, 0xff,
    0x38, 0x24, 0x08, 0xff, 0x38, 0x24, 0x00, 0xff, 0x38, 0x28, 0x00, 0xff,
    0x38, 0x24, 0x08, 0xff, 0x30, 0x24, 0x08, 0xff, 0x38, 0x24, 0x00, 0xff,
    0x38, 0x24, 0x00, 0xff, 0x38, 0x24, 0x08, 0xff, 0x38, 0x24, 0x08, 0xff,
    0x30, 0x24, 0x00, 0xff, 0x38, 0x24, 0x08, 0xff, 0x38, 0x24, 0x00, 0xff,
    0x38, 0x28, 0x08, 0xff, 0x38, 0x24, 0x00, 0xff, 0x38, 0x24, 0x08, 0xff,
    0x30, 0x24, 0x08, 0xff, 0x38, 0x24, 0x00, 0xff, 0x38, 0x24, 0x08, 0xff,
    0x30, 0x24, 0x00, 0xff, 0x38, 0x24, 0x00, 0xff, 0x38, 0x24, 0x08, 0xff,
    0x30, 0x24, 0x08, 0xff, 0x30, 0x24, 0x00, 0xff, 0x38, 0x24, 0x08, 0xff,
    0x30, 0x24, 0x08, 0xff, 0x38, 0x24, 0x00, 0xff, 0x38, 0x24, 0x00, 0xff,
    0x38, 0x24, 0x00, 0xff, 0x38, 0x24, 0x00, 0xff, 0x38, 0x24, 0x08, 0xff,
    0x38, 0x28, 0x00, 0xff, 0x30, 0x24, 0x00, 0xff, 0x38, 0x24, 0x08, 0xff,
    0x38, 0x28, 0x00, 0xff, 0x30, 0x24, 0x08, 0xff, 0x38, 0x24, 0x00, 0xff,
    0x38, 0x24, 0x00, 0xff, 0x38, 0x28, 0x08, 0xff, 0x38, 0x24, 0x00, 0xff,
    0x38, 0x24, 0x08, 0xff, 0x38, 0x24, 0x00, 0xff, 0x38, 0x24, 0x00, 0xff,
    0x30, 0x24, 0x08, 0xff, 0x38, 0x24, 0x00, 0xff, 0x38, 0x24, 0x00, 0xff,
    0x38, 0x24, 0x08, 0xff, 0x38, 0x24, 0x00, 0xff, 0x38, 0x28, 0x08, 0xff,
    0x38, 0x24, 0x00, 0xff, 0x30, 0x24, 0x08, 0xff, 0x38, 0x24, 0x08, 0xff,
    0x38, 0x28, 0x08, 0xff, 0x38, 0x24, 0x00, 0xff, 0x38, 0x28, 0x00, 0xff,
    0x38, 0x24, 0x08, 0xff, 0x30, 0x24, 0x08, 0xff, 0x38, 0x24, 0x00, 0xff,
    0x38, 0x24, 0x08, 0xff, 0x38, 0x24, 0x00, 0xff, 0x38, 0x24, 0x00, 0xff,
    0x38, 0x24, 0x08, 0xff, 0x38, 0x24, 0x00, 0xff, 0x30, 0x24, 0x00, 0xff,
    0x38, 0x24, 0x00, 0xff, 0x38, 0x24, 0x00, 0xff, 0x38, 0x28, 0x08, 0xff,
    0x38, 0x24, 0x00, 0xff, 0x38, 0x24, 0x08, 0xff, 0x38, 0x24, 0x00, 0xff,
    0x38, 0x24, 0x08, 0xff, 0x30, 0x24, 0x08, 0xff, 0x38, 0x28, 0x00, 0xff,
    0x38, 0x24, 0x00, 0xff, 0x30, 0x24, 0x08, 0xff, 0x38, 0x24, 0x00, 0xff,
    0x38, 0x24, 0x00, 0xff, 0x30, 0x24, 0x08, 0xff, 0x38, 0x24, 0x08, 0xff,
    0x38, 0x24, 0x00, 0xff, 0x30, 0x28, 0x08, 0xff, 0x38, 0x24, 0x00, 0xff,
    0x38, 0x24, 0x00, 0xff, 0x38, 0x28, 0x08, 0xff, 0x38, 0x24, 0x00, 0xff,
    0x38, 0x24, 0x00, 0xff, 0x38, 0x24, 0x08, 0xff, 0x38, 0x24, 0x00, 0xff,
    0x30, 0x24, 0x00, 0xff, 0x38, 0x24, 0x08, 0xff, 0x38, 0x24, 0x00, 0xff,
    0x38, 0x24, 0x00, 0xff, 0x38, 0x24, 0x08, 0xff, 0x38, 0x24, 0x08, 0xff,
    0x30, 0x28, 0x00, 0xff, 0x38, 0x24, 0x00, 0xff, 0x38, 0x24, 0x08, 0xff,
    0x38, 0x24, 0x08, 0xff, 0x38, 0x28, 0x08, 0xff, 0x38, 0x28, 0x08, 0xff,
    0x38, 0x28, 0x08, 0xff, 0x40, 0x2c, 0x10, 0xff, 0x28, 0x1c, 0x08, 0xb2,
    0x00, 0x00, 0x00, 0x69, 0x00, 0x00, 0x00, 0x55, 0x00, 0x00, 0x00, 0x49,
    0x00, 0x00, 0x00, 0x38, 0x00, 0x00, 0x00, 0x2c, 0x00, 0x00, 0x00, 0x20,
    0x00, 0x00, 0x00, 0x18, 0x00, 0x00, 0x00, 0x10, 0x00, 0x00, 0x00, 0x08,
    0x00, 0x00, 0x00, 0x08, 0x00, 0x00, 0x00, 0x04, 0x00, 0x00, 0x00, 0x04,
    0x00, 0x00, 0x00, 0x00, 0x00, 0x00, 0x00, 0x00, 0x00, 0x00, 0x00, 0x00,
    0x00, 0x00, 0x00, 0x00, 0x00, 0x00, 0x00, 0x00, 0x00, 0x00, 0x00, 0x00,
    0x00, 0x00, 0x00, 0x00, 0x00, 0x00, 0x00, 0x00, 0x00, 0x00, 0x00, 0x00,
    0x00, 0x00, 0x00, 0x00, 0x00, 0x00, 0x00, 0x00, 0x00, 0x00, 0x00, 0x00,
    0x00, 0x00, 0x00, 0x00, 0x00, 0x00, 0x00, 0x00, 0x00, 0x00, 0x00, 0x00,
    0x00, 0x00, 0x00, 0x00, 0x00, 0x00, 0x00, 0x00, 0x00, 0x00, 0x00, 0x00,
    0x00, 0x00, 0x00, 0x00, 0x00, 0x00, 0x00, 0x00, 0x00, 0x00, 0x00, 0x00,
    0x00, 0x00, 0x00, 0x00, 0x00, 0x00, 0x00, 0x00, 0x00, 0x00, 0x00, 0x00,
    0x00, 0x00, 0x00, 0x00, 0x00, 0x00, 0x00, 0x00, 0x00, 0x00, 0x00, 0x00,
    0x00, 0x00, 0x00, 0x00, 0x00, 0x00, 0x00, 0x00, 0x00, 0x00, 0x00, 0x00,
    0x00, 0x00, 0x00, 0x00, 0x00, 0x00, 0x00, 0x00, 0x00, 0x00, 0x00, 0x00,
    0x00, 0x00, 0x00, 0x00, 0x00, 0x00, 0x00, 0x04, 0x00, 0x00, 0x00, 0x04,
    0x00, 0x00, 0x00, 0x08, 0x00, 0x00, 0x00, 0x0c, 0x00, 0x00, 0x00, 0x14,
    0x00, 0x00, 0x00, 0x1c, 0x00, 0x00, 0x00, 0x28, 0x00, 0x00, 0x00, 0x34,
    0x00, 0x00, 0x00, 0x45, 0x00, 0x00, 0x00, 0x55, 0x00, 0x00, 0x00, 0x65,
    0x18, 0x14, 0x08, 0x9a, 0x38, 0x2c, 0x08, 0xff, 0x38, 0x28, 0x08, 0xff,
    0x38, 0x28, 0x08, 0xff, 0x38, 0x24, 0x08, 0xff, 0x38, 0x24, 0x08, 0xff,
    0x38, 0x24, 0x00, 0xff, 0x38, 0x24, 0x00, 0xff, 0x38, 0x24, 0x00, 0xff,
    0x38, 0x28, 0x08, 0xff, 0x38, 0x24, 0x00, 0xff, 0x38, 0x24, 0x08, 0xff,
    0x30, 0x24, 0x08, 0xff, 0x38, 0x28, 0x00, 0xff, 0x38, 0x24, 0x00, 0xff,
    0x30, 0x24, 0x08, 0xff, 0x38, 0x24, 0x00, 0xff, 0x38, 0x24, 0x00, 0xff,
    0x30, 0x28, 0x08, 0xff, 0x38, 0x24, 0x08, 0xff, 0x38, 0x24, 0x00, 0xff,
    0x30, 0x24, 0x08, 0xff, 0x38, 0x24, 0x08, 0xff, 0x38, 0x28, 0x00, 0xff,
    0x38, 0x24, 0x08, 0xff, 0x38, 0x28, 0x08, 0xff, 0x30, 0x24, 0x00, 0xff,
    0x38, 0x24, 0x00, 0xff, 0x38, 0x28, 0x08, 0xff, 0x38, 0x24, 0x00, 0xff,
    0x38, 0x24, 0x00, 0xff, 0x30, 0x24, 0x08, 0xff, 0x38, 0x24, 0x00, 0xff,
    0x30, 0x24, 0x00, 0xff, 0x38, 0x24, 0x00, 0xff, 0x38, 0x24, 0x08, 0xff,
    0x30, 0x24, 0x08, 0xff, 0x38, 0x24, 0x00, 0xff, 0x38, 0x28, 0x08, 0xff,
    0x30, 0x24, 0x08, 0xff, 0x38, 0x24, 0x00, 0xff, 0x38, 0x24, 0x00, 0xff,
    0x38, 0x24, 0x00, 0xff, 0x38, 0x28, 0x08, 0xff, 0x38, 0x24, 0x00, 0xff,
    0x30, 0x24, 0x00, 0xff, 0x38, 0x28, 0x08, 0xff, 0x38, 0x24, 0x00, 0xff,
    0x30, 0x24, 0x08, 0xff, 0x38, 0x24, 0x08, 0xff, 0x38, 0x24, 0x00, 0xff,
    0x38, 0x28, 0x00, 0xff, 0x38, 0x24, 0x08, 0xff, 0x38, 0x24, 0x00, 0xff,
    0x38, 0x24, 0x00, 0xff, 0x38, 0x24, 0x08, 0xff, 0x38, 0x24, 0x00, 0xff,
    0x38, 0x24, 0x08, 0xff, 0x38, 0x28, 0x08, 0xff, 0x30, 0x24, 0x08, 0xff,
    0x38, 0x24, 0x00, 0xff, 0x30, 0x24, 0x08, 0xff, 0x38, 0x24, 0x00, 0xff,
    0x38, 0x24, 0x08, 0xff, 0x38, 0x24, 0x08, 0xff, 0x30, 0x24, 0x00, 0xff,
    0x38, 0x28, 0x08, 0xff, 0x38, 0x24, 0x00, 0xff, 0x30, 0x24, 0x08, 0xff,
    0x38, 0x24, 0x08, 0xff, 0x38, 0x24, 0x00, 0xff, 0x38, 0x24, 0x08, 0xff,
    0x30, 0x24, 0x08, 0xff, 0x38, 0x28, 0x00, 0xff, 0x38, 0x24, 0x08, 0xff,
    0x30, 0x24, 0x08, 0xff, 0x38, 0x24, 0x00, 0xff, 0x38, 0x24, 0x08, 0xff,
    0x30, 0x24, 0x00, 0xff, 0x38, 0x24, 0x08, 0xff, 0x38, 0x28, 0x00, 0xff,
    0x38, 0x24, 0x00, 0xff, 0x38, 0x24, 0x00, 0xff, 0x38, 0x24, 0x08, 0xff,
    0x30, 0x24, 0x08, 0xff, 0x30, 0x24, 0x00, 0xff, 0x38, 0x24, 0x08, 0xff,
    0x38, 0x28, 0x00, 0xff, 0x38, 0x24, 0x00, 0xff, 0x38, 0x24, 0x08, 0xff,
    0x30, 0x28, 0x08, 0xff, 0x38, 0x24, 0x00, 0xff, 0x38, 0x24, 0x00, 0xff,
    0x30, 0x24, 0x08, 0xff, 0x38, 0x24, 0x00, 0xff, 0x38, 0x24, 0x08, 0xff,
    0x30, 0x24, 0x08, 0xff, 0x30, 0x24, 0x00, 0xff, 0x38, 0x24, 0x00, 0xff,
    0x38, 0x28, 0x08, 0xff, 0x38, 0x24, 0x00, 0xff, 0x38, 0x24, 0x00, 0xff,
    0x38, 0x24, 0x08, 0xff, 0x38, 0x24, 0x00, 0xff, 0x38, 0x24, 0x08, 0xff,
    0x38, 0x24, 0x08, 0xff, 0x38, 0x24, 0x00, 0xff, 0x38, 0x24, 0x00, 0xff,
    0x38, 0x24, 0x08, 0xff, 0x38, 0x24, 0x00, 0xff, 0x38, 0x24, 0x00, 0xff,
    0x38, 0x24, 0x08, 0xff, 0x38, 0x24, 0x08, 0xff, 0x30, 0x24, 0x00, 0xff,
    0x38, 0x24, 0x08, 0xff, 0x30, 0x28, 0x08, 0xff, 0x38, 0x24, 0x00, 0xff,
    0x38, 0x24, 0x08, 0xff, 0x38, 0x28, 0x08, 0xff, 0x38, 0x24, 0x00, 0xff,
    0x38, 0x24, 0x08, 0xff, 0x30, 0x28, 0x00, 0xff, 0x38, 0x24, 0x08, 0xff,
    0x38, 0x24, 0x00, 0xff, 0x38, 0x24, 0x08, 0xff, 0x38, 0x24, 0x00, 0xff,
    0x38, 0x24, 0x00, 0xff, 0x38, 0x24, 0x08, 0xff, 0x38, 0x24, 0x00, 0xff,
    0x38, 0x28, 0x08, 0xff, 0x38, 0x28, 0x08, 0xff, 0x38, 0x28, 0x08, 0xff,
    0x38, 0x28, 0x08, 0xff, 0x40, 0x2c, 0x10, 0xff, 0x20, 0x14, 0x08, 0x9e,
    0x00, 0x00, 0x00, 0x65, 0x00, 0x00, 0x00, 0x55, 0x00, 0x00, 0x00, 0x45,
    0x00, 0x00, 0x00, 0x34, 0x00, 0x00, 0x00, 0x28, 0x00, 0x00, 0x00, 0x1c,
    0x00, 0x00, 0x00, 0x14, 0x00, 0x00, 0x00, 0x10, 0x00, 0x00, 0x00, 0x08,
    0x00, 0x00, 0x00, 0x04, 0x00, 0x00, 0x00, 0x04, 0x00, 0x00, 0x00, 0x00,
    0x00, 0x00, 0x00, 0x00, 0x00, 0x00, 0x00, 0x00, 0x00, 0x00, 0x00, 0x00,
    0x00, 0x00, 0x00, 0x00, 0x00, 0x00, 0x00, 0x00, 0x00, 0x00, 0x00, 0x00,
    0x00, 0x00, 0x00, 0x00, 0x00, 0x00, 0x00, 0x00, 0x00, 0x00, 0x00, 0x00,
    0x00, 0x00, 0x00, 0x00, 0x00, 0x00, 0x00, 0x00, 0x00, 0x00, 0x00, 0x00,
    0x00, 0x00, 0x00, 0x00, 0x00, 0x00, 0x00, 0x00, 0x00, 0x00, 0x00, 0x00,
    0x00, 0x00, 0x00, 0x00, 0x00, 0x00, 0x00, 0x00, 0x00, 0x00, 0x00, 0x00,
    0x00, 0x00, 0x00, 0x00, 0x00, 0x00, 0x00, 0x00, 0x00, 0x00, 0x00, 0x00,
    0x00, 0x00, 0x00, 0x00, 0x00, 0x00, 0x00, 0x00, 0x00, 0x00, 0x00, 0x00,
    0x00, 0x00, 0x00, 0x00, 0x00, 0x00, 0x00, 0x00, 0x00, 0x00, 0x00, 0x00,
    0x00, 0x00, 0x00, 0x00, 0x00, 0x00, 0x00, 0x00, 0x00, 0x00, 0x00, 0x00,
    0x00, 0x00, 0x00, 0x00, 0x00, 0x00, 0x00, 0x00, 0x00, 0x00, 0x00, 0x04,
    0x00, 0x00, 0x00, 0x04, 0x00, 0x00, 0x00, 0x08, 0x00, 0x00, 0x00, 0x0c,
    0x00, 0x00, 0x00, 0x14, 0x00, 0x00, 0x00, 0x1c, 0x00, 0x00, 0x00, 0x24,
    0x00, 0x00, 0x00, 0x30, 0x00, 0x00, 0x00, 0x41, 0x00, 0x00, 0x00, 0x51,
    0x00, 0x00, 0x00, 0x61, 0x10, 0x0c, 0x00, 0x86, 0x38, 0x28, 0x08, 0xf7,
    0x38, 0x28, 0x08, 0xff, 0x38, 0x28, 0x08, 0xff, 0x38, 0x24, 0x08, 0xff,
    0x38, 0x24, 0x00, 0xff, 0x38, 0x24, 0x00, 0xff, 0x38, 0x28, 0x08, 0xff,
    0x38, 0x24, 0x00, 0xff, 0x38, 0x24, 0x08, 0xff, 0x30, 0x24, 0x00, 0xff,
    0x38, 0x24, 0x08, 0xff, 0x38, 0x24, 0x00, 0xff, 0x38, 0x24, 0x00, 0xff,
    0x38, 0x24, 0x08, 0xff, 0x38, 0x24, 0x08, 0xff, 0x30, 0x24, 0x00, 0xff,
    0x38, 0x24, 0x08, 0xff, 0x38, 0x24, 0x00, 0xff, 0x30, 0x24, 0x08, 0xff,
    0x38, 0x24, 0x00, 0xff, 0x38, 0x24, 0x08, 0xff, 0x38, 0x24, 0x00, 0xff,
    0x38, 0x24, 0x00, 0xff, 0x38, 0x24, 0x08, 0xff, 0x30, 0x24, 0x00, 0xff,
    0x38, 0x24, 0x08, 0xff, 0x38, 0x24, 0x00, 0xff, 0x38, 0x24, 0x08, 0xff,
    0x30, 0x24, 0x08, 0xff, 0x38, 0x28, 0x08, 0xff, 0x38, 0x24, 0x00, 0xff,
    0x38, 0x24, 0x08, 0xff, 0x38, 0x24, 0x08, 0xff, 0x38, 0x24, 0x08, 0xff,
    0x30, 0x24, 0x00, 0xff, 0x38, 0x24, 0x00, 0xff, 0x38, 0x24, 0x00, 0xff,
    0x38, 0x24, 0x08, 0xff, 0x38, 0x24, 0x00, 0xff, 0x38, 0x24, 0x00, 0xff,
    0x38, 0x24, 0x00, 0xff, 0x38, 0x24, 0x08, 0xff, 0x30, 0x24, 0x08, 0xff,
    0x38, 0x24, 0x08, 0xff, 0x38, 0x24, 0x00, 0xff, 0x30, 0x24, 0x08, 0xff,
    0x38, 0x24, 0x00, 0xff, 0x38, 0x28, 0x00, 0xff, 0x38, 0x24, 0x08, 0xff,
    0x38, 0x24, 0x00, 0xff, 0x38, 0x28, 0x08, 0xff, 0x38, 0x24, 0x00, 0xff,
    0x38, 0x24, 0x00, 0xff, 0x38, 0x28, 0x08, 0xff, 0x38, 0x24, 0x08, 0xff,
    0x30, 0x24, 0x00, 0xff, 0x38, 0x24, 0x00, 0xff, 0x38, 0x24, 0x00, 0xff,
    0x38, 0x24, 0x08, 0xff, 0x38, 0x28, 0x00, 0xff, 0x38, 0x24, 0x08, 0xff,
    0x38, 0x24, 0x00, 0xff, 0x30, 0x28, 0x08, 0xff, 0x38, 0x24, 0x00, 0xff,
    0x38, 0x24, 0x00, 0xff, 0x38, 0x24, 0x08, 0xff, 0x38, 0x24, 0x00, 0xff,
    0x38, 0x24, 0x08, 0xff, 0x38, 0x24, 0x00, 0xff, 0x38, 0x24, 0x00, 0xff,
    0x30, 0x24, 0x00, 0xff, 0x38, 0x24, 0x08, 0xff, 0x38, 0x24, 0x00, 0xff,
    0x38, 0x24, 0x00, 0xff, 0x38, 0x24, 0x08, 0xff, 0x38, 0x24, 0x00, 0xff,
    0x38, 0x24, 0x00, 0xff, 0x38, 0x24, 0x08, 0xff, 0x38, 0x24, 0x08, 0xff,
    0x30, 0x24, 0x00, 0xff, 0x38, 0x24, 0x08, 0xff, 0x38, 0x28, 0x00, 0xff,
    0x30, 0x24, 0x00, 0xff, 0x38, 0x24, 0x08, 0xff, 0x38, 0x24, 0x00, 0xff,
    0x38, 0x24, 0x00, 0xff, 0x38, 0x24, 0x00, 0xff, 0x38, 0x24, 0x08, 0xff,
    0x38, 0x28, 0x00, 0xff, 0x30, 0x24, 0x08, 0xff, 0x38, 0x24, 0x00, 0xff,
    0x38, 0x24, 0x08, 0xff, 0x38, 0x28, 0x08, 0xff, 0x38, 0x24, 0x00, 0xff,
    0x38, 0x24, 0x08, 0xff, 0x38, 0x28, 0x08, 0xff, 0x38, 0x24, 0x00, 0xff,
    0x38, 0x24, 0x08, 0xff, 0x38, 0x24, 0x08, 0xff, 0x38, 0x24, 0x00, 0xff,
    0x30, 0x28, 0x00, 0xff, 0x30, 0x24, 0x08, 0xff, 0x38, 0x24, 0x00, 0xff,
    0x38, 0x28, 0x08, 0xff, 0x38, 0x24, 0x00, 0xff, 0x38, 0x24, 0x00, 0xff,
    0x30, 0x28, 0x08, 0xff, 0x38, 0x24, 0x08, 0xff, 0x38, 0x24, 0x00, 0xff,
    0x38, 0x28, 0x00, 0xff, 0x38, 0x24, 0x00, 0xff, 0x38, 0x24, 0x00, 0xff,
    0x38, 0x28, 0x08, 0xff, 0x38, 0x24, 0x00, 0xff, 0x38, 0x24, 0x00, 0xff,
    0x38, 0x24, 0x08, 0xff, 0x30, 0x24, 0x00, 0xff, 0x38, 0x24, 0x00, 0xff,
    0x30, 0x24, 0x08, 0xff, 0x38, 0x24, 0x00, 0xff, 0x38, 0x24, 0x08, 0xff,
    0x38, 0x24, 0x08, 0xff, 0x30, 0x24, 0x00, 0xff, 0x38, 0x24, 0x08, 0xff,
    0x38, 0x28, 0x00, 0xff, 0x38, 0x24, 0x00, 0xff, 0x38, 0x24, 0x08, 0xff,
    0x30, 0x28, 0x00, 0xff, 0x38, 0x24, 0x00, 0xff, 0x38, 0x24, 0x00, 0xff,
    0x38, 0x24, 0x08, 0xff, 0x38, 0x28, 0x08, 0xff, 0x38, 0x28, 0x08, 0xff,
    0x38, 0x2c, 0x08, 0xff, 0x38, 0x28, 0x08, 0xf7, 0x10, 0x0c, 0x00, 0x86,
    0x00, 0x00, 0x00, 0x61, 0x00, 0x00, 0x00, 0x51, 0x00, 0x00, 0x00, 0x41,
    0x00, 0x00, 0x00, 0x30, 0x00, 0x00, 0x00, 0x24, 0x00, 0x00, 0x00, 0x1c,
    0x00, 0x00, 0x00, 0x14, 0x00, 0x00, 0x00, 0x0c, 0x00, 0x00, 0x00, 0x08,
    0x00, 0x00, 0x00, 0x04, 0x00, 0x00, 0x00, 0x04, 0x00, 0x00, 0x00, 0x00,
    0x00, 0x00, 0x00, 0x00, 0x00, 0x00, 0x00, 0x00, 0x00, 0x00, 0x00, 0x00,
    0x00, 0x00, 0x00, 0x00, 0x00, 0x00, 0x00, 0x00, 0x00, 0x00, 0x00, 0x00,
    0x00, 0x00, 0x00, 0x00, 0x00, 0x00, 0x00, 0x00, 0x00, 0x00, 0x00, 0x00,
    0x00, 0x00, 0x00, 0x00, 0x00, 0x00, 0x00, 0x00, 0x00, 0x00, 0x00, 0x00,
    0x00, 0x00, 0x00, 0x00, 0x00, 0x00, 0x00, 0x00, 0x00, 0x00, 0x00, 0x00,
    0x00, 0x00, 0x00, 0x00, 0x00, 0x00, 0x00, 0x00, 0x00, 0x00, 0x00, 0x00,
    0x00, 0x00, 0x00, 0x00, 0x00, 0x00, 0x00, 0x00, 0x00, 0x00, 0x00, 0x00,
    0x00, 0x00, 0x00, 0x00, 0x00, 0x00, 0x00, 0x00, 0x00, 0x00, 0x00, 0x00,
    0x00, 0x00, 0x00, 0x00, 0x00, 0x00, 0x00, 0x00, 0x00, 0x00, 0x00, 0x00,
    0x00, 0x00, 0x00, 0x00, 0x00, 0x00, 0x00, 0x00, 0x00, 0x00, 0x00, 0x00,
    0x00, 0x00, 0x00, 0x04, 0x00, 0x00, 0x00, 0x04, 0x00, 0x00, 0x00, 0x04,
    0x00, 0x00, 0x00, 0x0c, 0x00, 0x00, 0x00, 0x10, 0x00, 0x00, 0x00, 0x18,
    0x00, 0x00, 0x00, 0x24, 0x00, 0x00, 0x00, 0x30, 0x00, 0x00, 0x00, 0x3c,
    0x00, 0x00, 0x00, 0x4d, 0x00, 0x00, 0x00, 0x5d, 0x08, 0x04, 0x00, 0x75,
    0x38, 0x28, 0x10, 0xe7, 0x38, 0x28, 0x08, 0xff, 0x38, 0x28, 0x08, 0xff,
    0x38, 0x28, 0x08, 0xff, 0x38, 0x28, 0x08, 0xff, 0x38, 0x24, 0x00, 0xff,
    0x38, 0x24, 0x08, 0xff, 0x38, 0x24, 0x08, 0xff, 0x38, 0x24, 0x08, 0xff,
    0x38, 0x24, 0x00, 0xff, 0x30, 0x24, 0x08, 0xff, 0x38, 0x28, 0x00, 0xff,
    0x38, 0x24, 0x08, 0xff, 0x30, 0x24, 0x00, 0xff, 0x38, 0x28, 0x08, 0xff,
    0x38, 0x24, 0x00, 0xff, 0x38, 0x24, 0x08, 0xff, 0x38, 0x28, 0x00, 0xff,
    0x38, 0x24, 0x08, 0xff, 0x38, 0x28, 0x00, 0xff, 0x38, 0x24, 0x00, 0xff,
    0x38, 0x24, 0x08, 0xff, 0x30, 0x24, 0x00, 0xff, 0x38, 0x28, 0x08, 0xff,
    0x38, 0x24, 0x00, 0xff, 0x38, 0x24, 0x00, 0xff, 0x38, 0x24, 0x08, 0xff,
    0x38, 0x28, 0x00, 0xff, 0x38, 0x24, 0x00, 0xff, 0x38, 0x24, 0x08, 0xff,
    0x30, 0x24, 0x00, 0xff, 0x38, 0x24, 0x00, 0xff, 0x38, 0x28, 0x00, 0xff,
    0x30, 0x24, 0x08, 0xff, 0x38, 0x24, 0x00, 0xff, 0x38, 0x28, 0x08, 0xff,
    0x38, 0x24, 0x08, 0xff, 0x38, 0x24, 0x00, 0xff, 0x30, 0x28, 0x08, 0xff,
    0x38, 0x24, 0x08, 0xff, 0x38, 0x24, 0x00, 0xff, 0x30, 0x24, 0x08, 0xff,
    0x38, 0x24, 0x08, 0xff, 0x38, 0x24, 0x00, 0xff, 0x38, 0x24, 0x00, 0xff,
    0x38, 0x24, 0x08, 0xff, 0x38, 0x24, 0x08, 0xff, 0x38, 0x24, 0x00, 0xff,
    0x38, 0x24, 0x08, 0xff, 0x38, 0x24, 0x00, 0xff, 0x30, 0x24, 0x08, 0xff,
    0x38, 0x24, 0x08, 0xff, 0x30, 0x24, 0x00, 0xff, 0x30, 0x24, 0x08, 0xff,
    0x38, 0x24, 0x08, 0xff, 0x38, 0x24, 0x00, 0xff, 0x30, 0x28, 0x08, 0xff,
    0x38, 0x24, 0x08, 0xff, 0x38, 0x24, 0x00, 0xff, 0x30, 0x24, 0x00, 0xff,
    0x38, 0x24, 0x08, 0xff, 0x38, 0x24, 0x00, 0xff, 0x38, 0x24, 0x00, 0xff,
    0x38, 0x24, 0x08, 0xff, 0x38, 0x28, 0x00, 0xff, 0x38, 0x24, 0x08, 0xff,
    0x38, 0x24, 0x00, 0xff, 0x30, 0x24, 0x00, 0xff, 0x38, 0x28, 0x00, 0xff,
    0x38, 0x24, 0x08, 0xff, 0x38, 0x24, 0x00, 0xff, 0x38, 0x28, 0x00, 0xff,
    0x30, 0x24, 0x08, 0xff, 0x38, 0x24, 0x08, 0xff, 0x38, 0x24, 0x00, 0xff,
    0x30, 0x24, 0x00, 0xff, 0x38, 0x28, 0x08, 0xff, 0x38, 0x24, 0x00, 0xff,
    0x38, 0x24, 0x08, 0xff, 0x38, 0x28, 0x00, 0xff, 0x38, 0x24, 0x00, 0xff,
    0x38, 0x24, 0x08, 0xff, 0x38, 0x24, 0x08, 0xff, 0x30, 0x24, 0x08, 0xff,
    0x38, 0x28, 0x00, 0xff, 0x38, 0x24, 0x08, 0xff, 0x38, 0x24, 0x08, 0xff,
    0x38, 0x24, 0x08, 0xff, 0x30, 0x24, 0x00, 0xff, 0x38, 0x24, 0x08, 0xff,
    0x38, 0x24, 0x00, 0xff, 0x38, 0x24, 0x00, 0xff, 0x30, 0x24, 0x00, 0xff,
    0x38, 0x24, 0x08, 0xff, 0x38, 0x24, 0x00, 0xff, 0x30, 0x24, 0x00, 0xff,
    0x38, 0x24, 0x00, 0xff, 0x38, 0x24, 0x00, 0xff, 0x38, 0x24, 0x08, 0xff,
    0x38, 0x24, 0x00, 0xff, 0x30, 0x24, 0x08, 0xff, 0x38, 0x24, 0x08, 0xff,
    0x38, 0x24, 0x00, 0xff, 0x38, 0x24, 0x00, 0xff, 0x30, 0x24, 0x08, 0xff,
    0x38, 0x24, 0x00, 0xff, 0x38, 0x24, 0x00, 0xff, 0x30, 0x24, 0x08, 0xff,
    0x38, 0x24, 0x00, 0xff, 0x38, 0x24, 0x08, 0xff, 0x30, 0x24, 0x08, 0xff,
    0x30, 0x24, 0x08, 0xff, 0x38, 0x24, 0x00, 0xff, 0x30, 0x24, 0x08, 0xff,
    0x38, 0x24, 0x08, 0xff, 0x38, 0x24, 0x00, 0xff, 0x30, 0x24, 0x00, 0xff,
    0x38, 0x24, 0x08, 0xff, 0x38, 0x24, 0x08, 0xff, 0x38, 0x24, 0x00, 0xff,
    0x30, 0x24, 0x00, 0xff, 0x38, 0x24, 0x08, 0xff, 0x38, 0x24, 0x00, 0xff,
    0x38, 0x24, 0x00, 0xff, 0x30, 0x28, 0x08, 0xff, 0x38, 0x24, 0x08, 0xff,
    0x30, 0x24, 0x00, 0xff, 0x38, 0x24, 0x08, 0xff, 0x38, 0x24, 0x00, 0xff,
    0x38, 0x24, 0x08, 0xff, 0x38, 0x24, 0x00, 0xff, 0x38, 0x24, 0x00, 0xff,
    0x38, 0x24, 0x08, 0xff, 0x38, 0x28, 0x08, 0xff, 0x38, 0x28, 0x08, 0xff,
    0x38, 0x28, 0x08, 0xff, 0x38, 0x28, 0x10, 0xe7, 0x08, 0x04, 0x00, 0x75,
    0x00, 0x00, 0x00, 0x5d, 0x00, 0x00, 0x00, 0x4d, 0x00, 0x00, 0x00, 0x3c,
    0x00, 0x00, 0x00, 0x30, 0x00, 0x00, 0x00, 0x20, 0x00, 0x00, 0x00, 0x18,
    0x00, 0x00, 0x00, 0x10, 0x00, 0x00, 0x00, 0x0c, 0x00, 0x00, 0x00, 0x04,
    0x00, 0x00, 0x00, 0x04, 0x00, 0x00, 0x00, 0x04, 0x00, 0x00, 0x00, 0x00,
    0x00, 0x00, 0x00, 0x00, 0x00, 0x00, 0x00, 0x00, 0x00, 0x00, 0x00, 0x00,
    0x00, 0x00, 0x00, 0x00, 0x00, 0x00, 0x00, 0x00, 0x00, 0x00, 0x00, 0x00,
    0x00, 0x00, 0x00, 0x00, 0x00, 0x00, 0x00, 0x00, 0x00, 0x00, 0x00, 0x00,
    0x00, 0x00, 0x00, 0x00, 0x00, 0x00, 0x00, 0x00, 0x00, 0x00, 0x00, 0x00,
    0x00, 0x00, 0x00, 0x00, 0x00, 0x00, 0x00, 0x00, 0x00, 0x00, 0x00, 0x00,
    0x00, 0x00, 0x00, 0x00, 0x00, 0x00, 0x00, 0x00, 0x00, 0x00, 0x00, 0x00,
    0x00, 0x00, 0x00, 0x00, 0x00, 0x00, 0x00, 0x00, 0x00, 0x00, 0x00, 0x00,
    0x00, 0x00, 0x00, 0x00, 0x00, 0x00, 0x00, 0x00, 0x00, 0x00, 0x00, 0x00,
    0x00, 0x00, 0x00, 0x00, 0x00, 0x00, 0x00, 0x00, 0x00, 0x00, 0x00, 0x00,
    0x00, 0x00, 0x00, 0x00, 0x00, 0x00, 0x00, 0x00, 0x00, 0x00, 0x00, 0x04,
    0x00, 0x00, 0x00, 0x04, 0x00, 0x00, 0x00, 0x08, 0x00, 0x00, 0x00, 0x10,
    0x00, 0x00, 0x00, 0x18, 0x00, 0x00, 0x00, 0x20, 0x00, 0x00, 0x00, 0x2c,
    0x00, 0x00, 0x00, 0x38, 0x00, 0x00, 0x00, 0x49, 0x00, 0x00, 0x00, 0x59,
    0x00, 0x00, 0x00, 0x6d, 0x30, 0x24, 0x08, 0xcf, 0x38, 0x2c, 0x08, 0xff,
    0x38, 0x28, 0x08, 0xff, 0x38, 0x24, 0x08, 0xff, 0x38, 0x24, 0x08, 0xff,
    0x38, 0x24, 0x00, 0xff, 0x38, 0x24, 0x00, 0xff, 0x38, 0x24, 0x08, 0xff,
    0x30, 0x24, 0x00, 0xff, 0x38, 0x24, 0x00, 0xff, 0x38, 0x24, 0x08, 0xff,
    0x38, 0x24, 0x00, 0xff, 0x38, 0x24, 0x00, 0xff, 0x30, 0x24, 0x08, 0xff,
    0x38, 0x24, 0x00, 0xff, 0x38, 0x24, 0x00, 0xff, 0x30, 0x24, 0x08, 0xff,
    0x38, 0x24, 0x00, 0xff, 0x38, 0x24, 0x08, 0xff, 0x30, 0x24, 0x08, 0xff,
    0x38, 0x24, 0x00, 0xff, 0x38, 0x24, 0x08, 0xff, 0x30, 0x28, 0x00, 0xff,
    0x38, 0x24, 0x08, 0xff, 0x38, 0x24, 0x08, 0xff, 0x38, 0x24, 0x00, 0xff,
    0x30, 0x24, 0x08, 0xff, 0x38, 0x24, 0x08, 0xff, 0x30, 0x24, 0x00, 0xff,
    0x38, 0x24, 0x00, 0xff, 0x38, 0x24, 0x08, 0xff, 0x38, 0x24, 0x08, 0xff,
    0x38, 0x24, 0x00, 0xff, 0x38, 0x24, 0x08, 0xff, 0x38, 0x24, 0x00, 0xff,
    0x38, 0x24, 0x00, 0xff, 0x38, 0x24, 0x08, 0xff, 0x30, 0x24, 0x00, 0xff,
    0x38, 0x24, 0x08, 0xff, 0x38, 0x24, 0x00, 0xff, 0x30, 0x24, 0x08, 0xff,
    0x38, 0x24, 0x00, 0xff, 0x38, 0x28, 0x00, 0xff, 0x38, 0x24, 0x08, 0xff,
    0x38, 0x24, 0x00, 0xff, 0x30, 0x24, 0x00, 0xff, 0x38, 0x24, 0x00, 0xff,
    0x38, 0x28, 0x08, 0xff, 0x38, 0x24, 0x00, 0xff, 0x30, 0x24, 0x08, 0xff,
    0x38, 0x28, 0x00, 0xff, 0x38, 0x24, 0x00, 0xff, 0x38, 0x24, 0x08, 0xff,
    0x38, 0x24, 0x00, 0xff, 0x38, 0x24, 0x00, 0xff, 0x38, 0x24, 0x00, 0xff,
    0x38, 0x24, 0x00, 0xff, 0x38, 0x24, 0x08, 0xff, 0x38, 0x24, 0x00, 0xff,
    0x38, 0x24, 0x08, 0xff, 0x30, 0x24, 0x00, 0xff, 0x38, 0x24, 0x08, 0xff,
    0x30, 0x28, 0x00, 0xff, 0x30, 0x24, 0x00, 0xff, 0x38, 0x24, 0x08, 0xff,
    0x38, 0x24, 0x08, 0xff, 0x30, 0x24, 0x00, 0xff, 0x38, 0x24, 0x08, 0xff,
    0x38, 0x24, 0x08, 0xff, 0x30, 0x24, 0x00, 0xff, 0x38, 0x24, 0x08, 0xff,
    0x38, 0x24, 0x08, 0xff, 0x38, 0x24, 0x00, 0xff, 0x38, 0x24, 0x00, 0xff,
    0x38, 0x28, 0x08, 0xff, 0x38, 0x24, 0x08, 0xff, 0x30, 0x24, 0x08, 0xff,
    0x38, 0x24, 0x00, 0xff, 0x38, 0x24, 0x08, 0xff, 0x30, 0x24, 0x00, 0xff,
    0x30, 0x24, 0x08, 0xff, 0x38, 0x24, 0x00, 0xff, 0x38, 0x24, 0x00, 0xff,
    0x38, 0x24, 0x00, 0xff, 0x38, 0x24, 0x08, 0xff, 0x38, 0x24, 0x00, 0xff,
    0x30, 0x24, 0x00, 0xff, 0x38, 0x24, 0x08, 0xff, 0x38, 0x28, 0x00, 0xff,
    0x38, 0x24, 0x08, 0xff, 0x30, 0x24, 0x00, 0xff, 0x38, 0x24, 0x08, 0xff,
    0x38, 0x24, 0x00, 0xff, 0x30, 0x24, 0x08, 0xff, 0x38, 0x24, 0x00, 0xff,
    0x38, 0x24, 0x00, 0xff, 0x38, 0x24, 0x08, 0xff, 0x30, 0x24, 0x08, 0xff,
    0x38, 0x28, 0x00, 0xff, 0x38, 0x24, 0x00, 0xff, 0x30, 0x24, 0x08, 0xff,
    0x38, 0x24, 0x00, 0xff, 0x38, 0x24, 0x08, 0xff, 0x38, 0x24, 0x00, 0xff,
    0x38, 0x24, 0x08, 0xff, 0x30, 0x24, 0x08, 0xff, 0x38, 0x24, 0x00, 0xff,
    0x38, 0x24, 0x08, 0xff, 0x38, 0x24, 0x00, 0xff, 0x38, 0x24, 0x00, 0xff,
    0x38, 0x24, 0x08, 0xff, 0x38, 0x24, 0x00, 0xff, 0x38, 0x24, 0x00, 0xff,
    0x38, 0x24, 0x08, 0xff, 0x38, 0x24, 0x00, 0xff, 0x30, 0x24, 0x08, 0xff,
    0x38, 0x24, 0x08, 0xff, 0x38, 0x24, 0x00, 0xff, 0x38, 0x28, 0x08, 0xff,
    0x38, 0x24, 0x08, 0xff, 0x38, 0x24, 0x00, 0xff, 0x38, 0x28, 0x08, 0xff,
    0x30, 0x24, 0x00, 0xff, 0x38, 0x24, 0x08, 0xff, 0x38, 0x24, 0x00, 0xff,
    0x38, 0x24, 0x00, 0xff, 0x38, 0x24, 0x08, 0xff, 0x38, 0x24, 0x00, 0xff,
    0x30, 0x24, 0x08, 0xff, 0x38, 0x24, 0x08, 0xff, 0x38, 0x24, 0x08, 0xff,
    0x38, 0x24, 0x00, 0xff, 0x38, 0x24, 0x00, 0xff, 0x38, 0x24, 0x00, 0xff,
    0x38, 0x28, 0x08, 0xff, 0x38, 0x28, 0x08, 0xff, 0x38, 0x28, 0x08, 0xff,
    0x38, 0x2c, 0x08, 0xff, 0x30, 0x24, 0x08, 0xcf, 0x00, 0x00, 0x00, 0x6d,
    0x00, 0x00, 0x00, 0x59, 0x00, 0x00, 0x00, 0x49, 0x00, 0x00, 0x00, 0x38,
    0x00, 0x00, 0x00, 0x2c, 0x00, 0x00, 0x00, 0x20, 0x00, 0x00, 0x00, 0x14,
    0x00, 0x00, 0x00, 0x10, 0x00, 0x00, 0x00, 0x08, 0x00, 0x00, 0x00, 0x04,
    0x00, 0x00, 0x00, 0x04, 0x00, 0x00, 0x00, 0x00, 0x00, 0x00, 0x00, 0x00,
    0x00, 0x00, 0x00, 0x00, 0x00, 0x00, 0x00, 0x00, 0x00, 0x00, 0x00, 0x00,
    0x00, 0x00, 0x00, 0x00, 0x00, 0x00, 0x00, 0x00, 0x00, 0x00, 0x00, 0x00,
    0x00, 0x00, 0x00, 0x00, 0x00, 0x00, 0x00, 0x00, 0x00, 0x00, 0x00, 0x00,
    0x00, 0x00, 0x00, 0x00, 0x00, 0x00, 0x00, 0x00, 0x00, 0x00, 0x00, 0x00,
    0x00, 0x00, 0x00, 0x00, 0x00, 0x00, 0x00, 0x00, 0x00, 0x00, 0x00, 0x00,
    0x00, 0x00, 0x00, 0x00, 0x00, 0x00, 0x00, 0x00, 0x00, 0x00, 0x00, 0x00,
    0x00, 0x00, 0x00, 0x00, 0x00, 0x00, 0x00, 0x00, 0x00, 0x00, 0x00, 0x00,
    0x00, 0x00, 0x00, 0x00, 0x00, 0x00, 0x00, 0x00, 0x00, 0x00, 0x00, 0x00,
    0x00, 0x00, 0x00, 0x00, 0x00, 0x00, 0x00, 0x00, 0x00, 0x00, 0x00, 0x00,
    0x00, 0x00, 0x00, 0x00, 0x00, 0x00, 0x00, 0x04, 0x00, 0x00, 0x00, 0x08,
    0x00, 0x00, 0x00, 0x0c, 0x00, 0x00, 0x00, 0x14, 0x00, 0x00, 0x00, 0x1c,
    0x00, 0x00, 0x00, 0x28, 0x00, 0x00, 0x00, 0x34, 0x00, 0x00, 0x00, 0x45,
    0x00, 0x00, 0x00, 0x55, 0x00, 0x00, 0x00, 0x65, 0x20, 0x18, 0x08, 0xaa,
    0x38, 0x2c, 0x10, 0xff, 0x38, 0x28, 0x08, 0xff, 0x38, 0x28, 0x08, 0xff,
    0x38, 0x24, 0x08, 0xff, 0x38, 0x24, 0x00, 0xff, 0x38, 0x24, 0x00, 0xff,
    0x38, 0x24, 0x08, 0xff, 0x38, 0x24, 0x00, 0xff, 0x38, 0x28, 0x00, 0xff,
    0x38, 0x24, 0x08, 0xff, 0x30, 0x24, 0x00, 0xff, 0x38, 0x24, 0x00, 0xff,
    0x38, 0x24, 0x08, 0xff, 0x38, 0x24, 0x08, 0xff, 0x38, 0x24, 0x00, 0xff,
    0x38, 0x24, 0x08, 0xff, 0x30, 0x28, 0x08, 0xff, 0x38, 0x24, 0x00, 0xff,
    0x38, 0x24, 0x00, 0xff, 0x30, 0x24, 0x08, 0xff, 0x38, 0x24, 0x08, 0xff,
    0x38, 0x24, 0x00, 0xff, 0x38, 0x24, 0x00, 0xff, 0x38, 0x24, 0x00, 0xff,
    0x38, 0x24, 0x08, 0xff, 0x30, 0x24, 0x00, 0xff, 0x38, 0x28, 0x08, 0xff,
    0x38, 0x24, 0x00, 0xff, 0x30, 0x24, 0x08, 0xff, 0x38, 0x24, 0x00, 0xff,
    0x38, 0x24, 0x08, 0xff, 0x30, 0x24, 0x00, 0xff, 0x38, 0x24, 0x08, 0xff,
    0x30, 0x24, 0x08, 0xff, 0x38, 0x24, 0x00, 0xff, 0x38, 0x24, 0x08, 0xff,
    0x30, 0x24, 0x00, 0xff, 0x38, 0x24, 0x00, 0xff, 0x38, 0x24, 0x00, 0xff,
    0x38, 0x24, 0x00, 0xff, 0x38, 0x24, 0x08, 0xff, 0x38, 0x24, 0x00, 0xff,
    0x38, 0x24, 0x08, 0xff, 0x30, 0x24, 0x08, 0xff, 0x38, 0x28, 0x08, 0xff,
    0x38, 0x24, 0x08, 0xff, 0x30, 0x24, 0x00, 0xff, 0x38, 0x24, 0x08, 0xff,
    0x38, 0x24, 0x08, 0xff, 0x30, 0x24, 0x00, 0xff, 0x38, 0x24, 0x08, 0xff,
    0x38, 0x24, 0x00, 0xff, 0x30, 0x24, 0x08, 0xff, 0x38, 0x28, 0x08, 0xff,
    0x38, 0x24, 0x00, 0xff, 0x30, 0x24, 0x08, 0xff, 0x38, 0x24, 0x08, 0xff,
    0x38, 0x24, 0x00, 0xff, 0x30, 0x24, 0x00, 0xff, 0x38, 0x24, 0x08, 0xff,
    0x38, 0x28, 0x08, 0xff, 0x38, 0x24, 0x00, 0xff, 0x38, 0x24, 0x08, 0xff,
    0x38, 0x24, 0x08, 0xff, 0x38, 0x24, 0x00, 0xff, 0x38, 0x24, 0x00, 0xff,
    0x30, 0x24, 0x00, 0xff, 0x38, 0x24, 0x08, 0xff, 0x38, 0x24, 0x08, 0xff,
    0x38, 0x24, 0x00, 0xff, 0x30, 0x24, 0x00, 0xff, 0x30, 0x24, 0x08, 0xff,
    0x38, 0x24, 0x00, 0xff, 0x38, 0x24, 0x00, 0xff, 0x30, 0x24, 0x08, 0xff,
    0x38, 0x24, 0x00, 0xff, 0x38, 0x24, 0x00, 0xff, 0x38, 0x24, 0x08, 0xff,
    0x38, 0x24, 0x00, 0xff, 0x38, 0x28, 0x08, 0xff, 0x38, 0x24, 0x08, 0xff,
    0x30, 0x24, 0x08, 0xff, 0x38, 0x24, 0x00, 0xff, 0x30, 0x28, 0x00, 0xff,
    0x38, 0x24, 0x08, 0xff, 0x38, 0x24, 0x00, 0xff, 0x30, 0x24, 0x08, 0xff,
    0x38, 0x24, 0x00, 0xff, 0x38, 0x24, 0x00, 0xff, 0x38, 0x24, 0x00, 0xff,
    0x38, 0x24, 0x08, 0xff, 0x38, 0x28, 0x08, 0xff, 0x38, 0x24, 0x08, 0xff,
    0x38, 0x24, 0x00, 0xff, 0x30, 0x24, 0x08, 0xff, 0x38, 0x24, 0x00, 0xff,
    0x38, 0x24, 0x00, 0xff, 0x38, 0x28, 0x08, 0xff, 0x30, 0x24, 0x08, 0xff,
    0x38, 0x24, 0x00, 0xff, 0x38, 0x24, 0x08, 0xff, 0x38, 0x24, 0x00, 0xff,
    0x38, 0x24, 0x00, 0xff, 0x30, 0x28, 0x08, 0xff, 0x38, 0x24, 0x00, 0xff,
    0x38, 0x24, 0x00, 0xff, 0x38, 0x24, 0x08, 0xff, 0x30, 0x24, 0x08, 0xff,
    0x38, 0x24, 0x00, 0xff, 0x30, 0x24, 0x08, 0xff, 0x38, 0x24, 0x08, 0xff,
    0x38, 0x24, 0x00, 0xff, 0x38, 0x24, 0x00, 0xff, 0x38, 0x28, 0x08, 0xff,
    0x38, 0x24, 0x00, 0xff, 0x38, 0x24, 0x00, 0xff, 0x30, 0x24, 0x08, 0xff,
    0x38, 0x24, 0x00, 0xff, 0x38, 0x24, 0x00, 0xff, 0x30, 0x24, 0x00, 0xff,
    0x38, 0x24, 0x08, 0xff, 0x38, 0x24, 0x00, 0xff, 0x38, 0x24, 0x08, 0xff,
    0x30, 0x28, 0x08, 0xff, 0x38, 0x24, 0x00, 0xff, 0x38, 0x24, 0x08, 0xff,
    0x38, 0x24, 0x00, 0xff, 0x38, 0x24, 0x00, 0xff, 0x38, 0x24, 0x00, 0xff,
    0x30, 0x24, 0x08, 0xff, 0x38, 0x24, 0x00, 0xff, 0x38, 0x28, 0x08, 0xff,
    0x30, 0x24, 0x08, 0xff, 0x38, 0x24, 0x00, 0xff, 0x38, 0x24, 0x00, 0xff,
    0x38, 0x24, 0x08, 0xff, 0x38, 0x28, 0x08, 0xff, 0x38, 0x28, 0x08, 0xff,
    0x40, 0x2c, 0x10, 0xff, 0x20, 0x18, 0x08, 0xaa, 0x00, 0x00, 0x00, 0x69,
    0x00, 0x00, 0x00, 0x55, 0x00, 0x00, 0x00, 0x45, 0x00, 0x00, 0x00, 0x34,
    0x00, 0x00, 0x00, 0x28, 0x00, 0x00, 0x00, 0x1c, 0x00, 0x00, 0x00, 0x14,
    0x00, 0x00, 0x00, 0x0c, 0x00, 0x00, 0x00, 0x08, 0x00, 0x00, 0x00, 0x04,
    0x00, 0x00, 0x00, 0x04, 0x00, 0x00, 0x00, 0x00, 0x00, 0x00, 0x00, 0x00,
    0x00, 0x00, 0x00, 0x00, 0x00, 0x00, 0x00, 0x00, 0x00, 0x00, 0x00, 0x00,
    0x00, 0x00, 0x00, 0x00, 0x00, 0x00, 0x00, 0x00, 0x00, 0x00, 0x00, 0x00,
    0x00, 0x00, 0x00, 0x00, 0x00, 0x00, 0x00, 0x00, 0x00, 0x00, 0x00, 0x00,
    0x00, 0x00, 0x00, 0x00, 0x00, 0x00, 0x00, 0x00, 0x00, 0x00, 0x00, 0x00,
    0x00, 0x00, 0x00, 0x00, 0x00, 0x00, 0x00, 0x00, 0x00, 0x00, 0x00, 0x00,
    0x00, 0x00, 0x00, 0x00, 0x00, 0x00, 0x00, 0x00, 0x00, 0x00, 0x00, 0x00,
    0x00, 0x00, 0x00, 0x00, 0x00, 0x00, 0x00, 0x00, 0x00, 0x00, 0x00, 0x00,
    0x00, 0x00, 0x00, 0x00, 0x00, 0x00, 0x00, 0x00, 0x00, 0x00, 0x00, 0x00,
    0x00, 0x00, 0x00, 0x00, 0x00, 0x00, 0x00, 0x04, 0x00, 0x00, 0x00, 0x04,
    0x00, 0x00, 0x00, 0x08, 0x00, 0x00, 0x00, 0x0c, 0x00, 0x00, 0x00, 0x10,
    0x00, 0x00, 0x00, 0x18, 0x00, 0x00, 0x00, 0x24, 0x00, 0x00, 0x00, 0x30,
    0x00, 0x00, 0x00, 0x3c, 0x00, 0x00, 0x00, 0x4d, 0x00, 0x00, 0x00, 0x61,
    0x10, 0x0c, 0x00, 0x8a, 0x38, 0x2c, 0x10, 0xfb, 0x38, 0x28, 0x08, 0xff,
    0x38, 0x28, 0x08, 0xff, 0x38, 0x24, 0x08, 0xff, 0x38, 0x24, 0x08, 0xff,
    0x38, 0x24, 0x00, 0xff, 0x38, 0x24, 0x08, 0xff, 0x38, 0x24, 0x08, 0xff,
    0x30, 0x24, 0x00, 0xff, 0x38, 0x24, 0x08, 0xff, 0x38, 0x24, 0x08, 0xff,
    0x38, 0x24, 0x00, 0xff, 0x30, 0x24, 0x08, 0xff, 0x38, 0x24, 0x08, 0xff,
    0x38, 0x24, 0x00, 0xff, 0x30, 0x24, 0x00, 0xff, 0x38, 0x24, 0x08, 0xff,
    0x38, 0x24, 0x00, 0xff, 0x38, 0x24, 0x08, 0xff, 0x38, 0x24, 0x00, 0xff,
    0x38, 0x28, 0x00, 0xff, 0x30, 0x24, 0x00, 0xff, 0x38, 0x24, 0x08, 0xff,
    0x38, 0x24, 0x08, 0xff, 0x30, 0x24, 0x00, 0xff, 0x38, 0x24, 0x00, 0xff,
    0x30, 0x24, 0x08, 0xff, 0x38, 0x24, 0x00, 0xff, 0x38, 0x24, 0x08, 0xff,
    0x38, 0x24, 0x00, 0xff, 0x38, 0x24, 0x08, 0xff, 0x30, 0x24, 0x00, 0xff,
    0x38, 0x24, 0x00, 0xff, 0x30, 0x24, 0x00, 0xff, 0x38, 0x24, 0x08, 0xff,
    0x38, 0x24, 0x00, 0xff, 0x38, 0x24, 0x08, 0xff, 0x38, 0x24, 0x08, 0xff,
    0x38, 0x24, 0x00, 0xff, 0x30, 0x24, 0x08, 0xff, 0x30, 0x24, 0x08, 0xff,
    0x38, 0x24, 0x00, 0xff, 0x38, 0x24, 0x00, 0xff, 0x30, 0x24, 0x08, 0xff,
    0x38, 0x24, 0x00, 0xff, 0x38, 0x24, 0x00, 0xff, 0x38, 0x24, 0x08, 0xff,
    0x30, 0x24, 0x00, 0xff, 0x38, 0x24, 0x00, 0xff, 0x38, 0x24, 0x08, 0xff,
    0x38, 0x24, 0x00, 0xff, 0x30, 0x24, 0x00, 0xff, 0x38, 0x24, 0x08, 0xff,
    0x38, 0x24, 0x00, 0xff, 0x38, 0x24, 0x00, 0xff, 0x38, 0x24, 0x08, 0xff,
    0x30, 0x24, 0x08, 0xff, 0x38, 0x24, 0x00, 0xff, 0x38, 0x28, 0x08, 0xff,
    0x30, 0x24, 0x00, 0xff, 0x38, 0x24, 0x00, 0xff, 0x38, 0x24, 0x08, 0xff,
    0x30, 0x24, 0x00, 0xff, 0x38, 0x24, 0x00, 0xff, 0x38, 0x24, 0x08, 0xff,
    0x38, 0x24, 0x00, 0xff, 0x38, 0x24, 0x00, 0xff, 0x38, 0x24, 0x08, 0xff,
    0x38, 0x24, 0x00, 0xff, 0x38, 0x28, 0x00, 0xff, 0x38, 0x24, 0x00, 0xff,
    0x30, 0x24, 0x08, 0xff, 0x38, 0x28, 0x08, 0xff, 0x38, 0x24, 0x00, 0xff,
    0x38, 0x24, 0x00, 0xff, 0x30, 0x24, 0x08, 0xff, 0x38, 0x24, 0x00, 0xff,
    0x38, 0x24, 0x00, 0xff, 0x30, 0x24, 0x08, 0xff, 0x38, 0x24, 0x00, 0xff,
    0x38, 0x24, 0x00, 0xff, 0x38, 0x24, 0x00, 0xff, 0x38, 0x24, 0x08, 0xff,
    0x38, 0x24, 0x08, 0xff, 0x30, 0x24, 0x08, 0xff, 0x38, 0x24, 0x00, 0xff,
    0x38, 0x24, 0x08, 0xff, 0x30, 0x24, 0x08, 0xff, 0x38, 0x24, 0x08, 0xff,
    0x30, 0x24, 0x00, 0xff, 0x38, 0x24, 0x08, 0xff, 0x38, 0x24, 0x00, 0xff,
    0x30, 0x24, 0x00, 0xff, 0x38, 0x24, 0x08, 0xff, 0x38, 0x24, 0x00, 0xff,
    0x38, 0x24, 0x08, 0xff, 0x30, 0x24, 0x08, 0xff, 0x38, 0x24, 0x00, 0xff,
    0x38, 0x24, 0x00, 0xff, 0x38, 0x24, 0x00, 0xff, 0x38, 0x24, 0x08, 0xff,
    0x38, 0x24, 0x08, 0xff, 0x30, 0x24, 0x00, 0xff, 0x38, 0x24, 0x08, 0xff,
    0x38, 0x24, 0x08, 0xff, 0x38, 0x24, 0x00, 0xff, 0x38, 0x24, 0x00, 0xff,
    0x30, 0x24, 0x08, 0xff, 0x38, 0x24, 0x00, 0xff, 0x38, 0x24, 0x08, 0xff,
    0x38, 0x28, 0x00, 0xff, 0x30, 0x24, 0x08, 0xff, 0x30, 0x24, 0x08, 0xff,
    0x38, 0x24, 0x00, 0xff, 0x30, 0x24, 0x08, 0xff, 0x38, 0x28, 0x08, 0xff,
    0x38, 0x24, 0x00, 0xff, 0x38, 0x24, 0x08, 0xff, 0x30, 0x28, 0x00, 0xff,
    0x38, 0x24, 0x08, 0xff, 0x38, 0x24, 0x00, 0xff, 0x30, 0x24, 0x00, 0xff,
    0x38, 0x24, 0x00, 0xff, 0x38, 0x24, 0x08, 0xff, 0x38, 0x24, 0x00, 0xff,
    0x30, 0x24, 0x08, 0xff, 0x38, 0x24, 0x00, 0xff, 0x30, 0x24, 0x08, 0xff,
    0x38, 0x24, 0x08, 0xff, 0x38, 0x24, 0x00, 0xff, 0x38, 0x24, 0x00, 0xff,
    0x30, 0x24, 0x08, 0xff, 0x38, 0x24, 0x00, 0xff, 0x38, 0x24, 0x08, 0xff,
    0x30, 0x24, 0x08, 0xff, 0x38, 0x24, 0x00, 0xff, 0x38, 0x24, 0x08, 0xff,
    0x38, 0x24, 0x08, 0xff, 0x38, 0x28, 0x08, 0xff, 0x38, 0x28, 0x08, 0xff,
    0x38, 0x28, 0x08, 0xf7, 0x10, 0x0c, 0x08, 0x86, 0x00, 0x00, 0x00, 0x61,
    0x00, 0x00, 0x00, 0x51, 0x00, 0x00, 0x00, 0x41, 0x00, 0x00, 0x00, 0x30,
    0x00, 0x00, 0x00, 0x24, 0x00, 0x00, 0x00, 0x18, 0x00, 0x00, 0x00, 0x10,
    0x00, 0x00, 0x00, 0x0c, 0x00, 0x00, 0x00, 0x08, 0x00, 0x00, 0x00, 0x04,
    0x00, 0x00, 0x00, 0x00, 0x00, 0x00, 0x00, 0x00, 0x00, 0x00, 0x00, 0x00,
    0x00, 0x00, 0x00, 0x00, 0x00, 0x00, 0x00, 0x00, 0x00, 0x00, 0x00, 0x00,
    0x00, 0x00, 0x00, 0x00, 0x00, 0x00, 0x00, 0x00, 0x00, 0x00, 0x00, 0x00,
    0x00, 0x00, 0x00, 0x00, 0x00, 0x00, 0x00, 0x00, 0x00, 0x00, 0x00, 0x00,
    0x00, 0x00, 0x00, 0x00, 0x00, 0x00, 0x00, 0x00, 0x00, 0x00, 0x00, 0x00,
    0x00, 0x00, 0x00, 0x00, 0x00, 0x00, 0x00, 0x00, 0x00, 0x00, 0x00, 0x00,
    0x00, 0x00, 0x00, 0x00, 0x00, 0x00, 0x00, 0x00, 0x00, 0x00, 0x00, 0x00,
    0x00, 0x00, 0x00, 0x00, 0x00, 0x00, 0x00, 0x00, 0x00, 0x00, 0x00, 0x00,
    0x00, 0x00, 0x00, 0x00, 0x00, 0x00, 0x00, 0x00, 0x00, 0x00, 0x00, 0x00,
    0x00, 0x00, 0x00, 0x04, 0x00, 0x00, 0x00, 0x04, 0x00, 0x00, 0x00, 0x08,
    0x00, 0x00, 0x00, 0x0c, 0x00, 0x00, 0x00, 0x18, 0x00, 0x00, 0x00, 0x20,
    0x00, 0x00, 0x00, 0x2c, 0x00, 0x00, 0x00, 0x38, 0x00, 0x00, 0x00, 0x49,
    0x00, 0x00, 0x00, 0x5d, 0x00, 0x00, 0x00, 0x71, 0x38, 0x24, 0x08, 0xe3,
    0x40, 0x28, 0x08, 0xff, 0x38, 0x28, 0x08, 0xff, 0x38, 0x28, 0x00, 0xff,
    0x38, 0x24, 0x08, 0xff, 0x38, 0x24, 0x00, 0xff, 0x38, 0x28, 0x00, 0xff,
    0x38, 0x24, 0x08, 0xff, 0x38, 0x24, 0x00, 0xff, 0x30, 0x24, 0x08, 0xff,
    0x30, 0x24, 0x00, 0xff, 0x38, 0x24, 0x00, 0xff, 0x38, 0x24, 0x00, 0xff,
    0x38, 0x24, 0x00, 0xff, 0x30, 0x24, 0x08, 0xff, 0x38, 0x28, 0x00, 0xff,
    0x30, 0x24, 0x00, 0xff, 0x30, 0x24, 0x08, 0xff, 0x38, 0x24, 0x00, 0xff,
    0x38, 0x24, 0x08, 0xff, 0x30, 0x24, 0x08, 0xff, 0x38, 0x24, 0x00, 0xff,
    0x38, 0x24, 0x08, 0xff, 0x30, 0x24, 0x00, 0xff, 0x38, 0x24, 0x08, 0xff,
    0x38, 0x24, 0x00, 0xff, 0x38, 0x24, 0x08, 0xff, 0x38, 0x24, 0x08, 0xff,
    0x38, 0x24, 0x00, 0xff, 0x30, 0x24, 0x00, 0xff, 0x38, 0x24, 0x08, 0xff,
    0x38, 0x24, 0x08, 0xff, 0x30, 0x24, 0x00, 0xff, 0x38, 0x24, 0x00, 0xff,
    0x38, 0x24, 0x08, 0xff, 0x38, 0x24, 0x00, 0xff, 0x30, 0x24, 0x00, 0xff,
    0x38, 0x24, 0x08, 0xff, 0x38, 0x24, 0x00, 0xff, 0x38, 0x24, 0x08, 0xff,
    0x38, 0x24, 0x00, 0xff, 0x38, 0x24, 0x08, 0xff, 0x30, 0x24, 0x00, 0xff,
    0x38, 0x24, 0x08, 0xff, 0x38, 0x24, 0x00, 0xff, 0x38, 0x24, 0x00, 0xff,
    0x30, 0x24, 0x00, 0xff, 0x38, 0x24, 0x00, 0xff, 0x38, 0x24, 0x08, 0xff,
    0x38, 0x28, 0x00, 0xff, 0x38, 0x24, 0x08, 0xff, 0x30, 0x24, 0x08, 0xff,
    0x38, 0x24, 0x00, 0xff, 0x38, 0x24, 0x08, 0xff, 0x30, 0x24, 0x00, 0xff,
    0x38, 0x24, 0x00, 0xff, 0x38, 0x24, 0x08, 0xff, 0x38, 0x24, 0x00, 0xff,
    0x38, 0x24, 0x00, 0xff, 0x30, 0x24, 0x08, 0xff, 0x38, 0x24, 0x08, 0xff,
    0x38, 0x24, 0x00, 0xff, 0x38, 0x24, 0x08, 0xff, 0x38, 0x24, 0x00, 0xff,
    0x30, 0x24, 0x00, 0xff, 0x38, 0x24, 0x08, 0xff, 0x30, 0x24, 0x08, 0xff,
    0x30, 0x24, 0x08, 0xff, 0x38, 0x24, 0x08, 0xff, 0x30, 0x24, 0x00, 0xff,
    0x30, 0x24, 0x08, 0xff, 0x38, 0x24, 0x08, 0xff, 0x38, 0x24, 0x00, 0xff,
    0x38, 0x24, 0x08, 0xff, 0x38, 0x24, 0x08, 0xff, 0x38, 0x24, 0x00, 0xff,
    0x38, 0x24, 0x00, 0xff, 0x38, 0x24, 0x08, 0xff, 0x30, 0x24, 0x08, 0xff,
    0x30, 0x24, 0x00, 0xff, 0x30, 0x24, 0x08, 0xff, 0x38, 0x24, 0x00, 0xff,
    0x30, 0x24, 0x00, 0xff, 0x38, 0x24, 0x00, 0xff, 0x38, 0x24, 0x08, 0xff,
    0x30, 0x24, 0x00, 0xff, 0x38, 0x24, 0x00, 0xff, 0x38, 0x24, 0x00, 0xff,
    0x38, 0x24, 0x00, 0xff, 0x38, 0x24, 0x00, 0xff, 0x38, 0x24, 0x08, 0xff,
    0x30, 0x24, 0x00, 0xff, 0x38, 0x24, 0x08, 0xff, 0x38, 0x24, 0x00, 0xff,
    0x30, 0x24, 0x00, 0xff, 0x38, 0x24, 0x08, 0xff, 0x38, 0x24, 0x00, 0xff,
    0x38, 0x24, 0x00, 0xff, 0x30, 0x24, 0x08, 0xff, 0x38, 0x24, 0x00, 0xff,
    0x38, 0x24, 0x00, 0xff, 0x30, 0x24, 0x08, 0xff, 0x38, 0x24, 0x00, 0xff,
    0x38, 0x24, 0x00, 0xff, 0x30, 0x24, 0x00, 0xff, 0x38, 0x24, 0x08, 0xff,
    0x38, 0x24, 0x08, 0xff, 0x30, 0x24, 0x00, 0xff, 0x38, 0x24, 0x08, 0xff,
    0x38, 0x24, 0x00, 0xff, 0x38, 0x24, 0x00, 0xff, 0x38, 0x24, 0x08, 0xff,
    0x30, 0x24, 0x00, 0xff, 0x38, 0x24, 0x00, 0xff, 0x38, 0x24, 0x00, 0xff,
    0x30, 0x24, 0x08, 0xff, 0x30, 0x24, 0x00, 0xff, 0x38, 0x24, 0x08, 0xff,
    0x38, 0x24, 0x00, 0xff, 0x38, 0x24, 0x08, 0xff, 0x38, 0x24, 0x08, 0xff,
    0x38, 0x24, 0x08, 0xff, 0x30, 0x24, 0x00, 0xff, 0x38, 0x24, 0x00, 0xff,
    0x38, 0x24, 0x08, 0xff, 0x38, 0x24, 0x00, 0xff, 0x38, 0x24, 0x00, 0xff,
    0x30, 0x24, 0x00, 0xff, 0x38, 0x24, 0x08, 0xff, 0x38, 0x24, 0x00, 0xff,
    0x30, 0x24, 0x08, 0xff, 0x38, 0x24, 0x08, 0xff, 0x38, 0x24, 0x00, 0xff,
    0x38, 0x24, 0x00, 0xff, 0x38, 0x24, 0x08, 0xff, 0x38, 0x24, 0x00, 0xff,
    0x38, 0x24, 0x00, 0xff, 0x38, 0x24, 0x08, 0xff, 0x38, 0x28, 0x00, 0xff,
    0x38, 0x24, 0x08, 0xff, 0x38, 0x28, 0x08, 0xff, 0x38, 0x28, 0x08, 0xff,
    0x38, 0x24, 0x08, 0xe3, 0x00, 0x00, 0x00, 0x71, 0x00, 0x00, 0x00, 0x5d,
    0x00, 0x00, 0x00, 0x49, 0x00, 0x00, 0x00, 0x38, 0x00, 0x00, 0x00, 0x2c,
    0x00, 0x00, 0x00, 0x20, 0x00, 0x00, 0x00, 0x14, 0x00, 0x00, 0x00, 0x0c,
    0x00, 0x00, 0x00, 0x08, 0x00, 0x00, 0x00, 0x04, 0x00, 0x00, 0x00, 0x04,
    0x00, 0x00, 0x00, 0x00, 0x00, 0x00, 0x00, 0x00, 0x00, 0x00, 0x00, 0x00,
    0x00, 0x00, 0x00, 0x00, 0x00, 0x00, 0x00, 0x00, 0x00, 0x00, 0x00, 0x00,
    0x00, 0x00, 0x00, 0x00, 0x00, 0x00, 0x00, 0x00, 0x00, 0x00, 0x00, 0x00,
    0x00, 0x00, 0x00, 0x00, 0x00, 0x00, 0x00, 0x00, 0x00, 0x00, 0x00, 0x00,
    0x00, 0x00, 0x00, 0x00, 0x00, 0x00, 0x00, 0x00, 0x00, 0x00, 0x00, 0x00,
    0x00, 0x00, 0x00, 0x00, 0x00, 0x00, 0x00, 0x00, 0x00, 0x00, 0x00, 0x00,
    0x00, 0x00, 0x00, 0x00, 0x00, 0x00, 0x00, 0x00, 0x00, 0x00, 0x00, 0x00,
    0x00, 0x00, 0x00, 0x00, 0x00, 0x00, 0x00, 0x00, 0x00, 0x00, 0x00, 0x00,
    0x00, 0x00, 0x00, 0x00, 0x00, 0x00, 0x00, 0x00, 0x00, 0x00, 0x00, 0x04,
    0x00, 0x00, 0x00, 0x08, 0x00, 0x00, 0x00, 0x0c, 0x00, 0x00, 0x00, 0x14,
    0x00, 0x00, 0x00, 0x1c, 0x00, 0x00, 0x00, 0x28, 0x00, 0x00, 0x00, 0x34,
    0x00, 0x00, 0x00, 0x45, 0x00, 0x00, 0x00, 0x55, 0x00, 0x00, 0x00, 0x69,
    0x28, 0x1c, 0x08, 0xb6, 0x38, 0x2c, 0x08, 0xff, 0x38, 0x28, 0x08, 0xff,
    0x38, 0x24, 0x08, 0xff, 0x38, 0x24, 0x08, 0xff, 0x38, 0x24, 0x00, 0xff,
    0x38, 0x24, 0x08, 0xff, 0x38, 0x24, 0x00, 0xff, 0x38, 0x24, 0x00, 0xff,
    0x38, 0x24, 0x08, 0xff, 0x38, 0x24, 0x00, 0xff, 0x38, 0x24, 0x00, 0xff,
    0x38, 0x24, 0x08, 0xff, 0x38, 0x24, 0x08, 0xff, 0x30, 0x24, 0x00, 0xff,
    0x38, 0x24, 0x08, 0xff, 0x38, 0x24, 0x00, 0xff, 0x38, 0x24, 0x08, 0xff,
    0x38, 0x24, 0x08, 0xff, 0x38, 0x24, 0x00, 0xff, 0x38, 0x24, 0x00, 0xff,
    0x30, 0x24, 0x08, 0xff, 0x38, 0x24, 0x00, 0xff, 0x38, 0x24, 0x00, 0xff,
    0x38, 0x24, 0x00, 0xff, 0x30, 0x24, 0x08, 0xff, 0x38, 0x24, 0x00, 0xff,
    0x38, 0x24, 0x08, 0xff, 0x30, 0x24, 0x00, 0xff, 0x38, 0x24, 0x08, 0xff,
    0x38, 0x24, 0x00, 0xff, 0x30, 0x24, 0x08, 0xff, 0x38, 0x24, 0x00, 0xff,
    0x38, 0x24, 0x00, 0xff, 0x38, 0x24, 0x08, 0xff, 0x38, 0x24, 0x08, 0xff,
    0x38, 0x24, 0x08, 0xff, 0x30, 0x24, 0x00, 0xff, 0x38, 0x24, 0x00, 0xff,
    0x30, 0x24, 0x08, 0xff, 0x30, 0x24, 0x00, 0xff, 0x38, 0x24, 0x00, 0xff,
    0x38, 0x24, 0x08, 0xff, 0x30, 0x24, 0x00, 0xff, 0x38, 0x24, 0x00, 0xff,
    0x38, 0x24, 0x08, 0xff, 0x30, 0x24, 0x08, 0xff, 0x38, 0x24, 0x08, 0xff,
    0x30, 0x24, 0x00, 0xff, 0x38, 0x24, 0x00, 0xff, 0x38, 0x24, 0x08, 0xff,
    0x30, 0x24, 0x00, 0xff, 0x38, 0x24, 0x00, 0xff, 0x38, 0x24, 0x00, 0xff,
    0x38, 0x24, 0x08, 0xff, 0x30, 0x24, 0x08, 0xff, 0x30, 0x24, 0x00, 0xff,
    0x38, 0x24, 0x00, 0xff, 0x38, 0x24, 0x08, 0xff, 0x30, 0x24, 0x00, 0xff,
    0x38, 0x24, 0x08, 0xff, 0x38, 0x24, 0x00, 0xff, 0x30, 0x24, 0x08, 0xff,
    0x38, 0x24, 0x08, 0xff, 0x38, 0x24, 0x00, 0xff, 0x38, 0x24, 0x00, 0xff,
    0x38, 0x24, 0x00, 0xff, 0x30, 0x24, 0x00, 0xff, 0x38, 0x24, 0x00, 0xff,
    0x38, 0x24, 0x08, 0xff, 0x38, 0x24, 0x00, 0xff, 0x38, 0x24, 0x08, 0xff,
    0x38, 0x24, 0x00, 0xff, 0x30, 0x24, 0x00, 0xff, 0x38, 0x24, 0x00, 0xff,
    0x30, 0x24, 0x00, 0xff, 0x30, 0x24, 0x08, 0xff, 0x38, 0x24, 0x00, 0xff,
    0x38, 0x24, 0x00, 0xff, 0x38, 0x24, 0x00, 0xff, 0x38, 0x24, 0x08, 0xff,
    0x38, 0x24, 0x08, 0xff, 0x30, 0x24, 0x08, 0xff, 0x38, 0x24, 0x00, 0xff,
    0x38, 0x24, 0x08, 0xff, 0x38, 0x24, 0x00, 0xff, 0x38, 0x24, 0x08, 0xff,
    0x30, 0x24, 0x00, 0xff, 0x38, 0x24, 0x08, 0xff, 0x30, 0x24, 0x08, 0xff,
    0x38, 0x24, 0x00, 0xff, 0x30, 0x24, 0x00, 0xff, 0x38, 0x24, 0x08, 0xff,
    0x38, 0x24, 0x08, 0xff, 0x38, 0x24, 0x00, 0xff, 0x30, 0x24, 0x00, 0xff,
    0x38, 0x24, 0x08, 0xff, 0x38, 0x24, 0x08, 0xff, 0x38, 0x24, 0x00, 0xff,
    0x38, 0x24, 0x08, 0xff, 0x30, 0x24, 0x08, 0xff, 0x30, 0x24, 0x08, 0xff,
    0x38, 0x24, 0x00, 0xff, 0x30, 0x24, 0x08, 0xff, 0x38, 0x24, 0x08, 0xff,
    0x38, 0x24, 0x00, 0xff, 0x30, 0x24, 0x00, 0xff, 0x38, 0x24, 0x08, 0xff,
    0x30, 0x24, 0x08, 0xff, 0x38, 0x24, 0x00, 0xff, 0x38, 0x24, 0x00, 0xff,
    0x30, 0x24, 0x08, 0xff, 0x38, 0x24, 0x00, 0xff, 0x38, 0x24, 0x08, 0xff,
    0x38, 0x24, 0x00, 0xff, 0x38, 0x24, 0x08, 0xff, 0x38, 0x24, 0x00, 0xff,
    0x38, 0x24, 0x00, 0xff, 0x30, 0x24, 0x08, 0xff, 0x38, 0x24, 0x00, 0xff,
    0x38, 0x24, 0x00, 0xff, 0x30, 0x24, 0x00, 0xff, 0x38, 0x24, 0x08, 0xff,
    0x30, 0x24, 0x08, 0xff, 0x30, 0x24, 0x08, 0xff, 0x38, 0x24, 0x00, 0xff,
    0x30, 0x24, 0x08, 0xff, 0x38, 0x24, 0x08, 0xff, 0x38, 0x24, 0x08, 0xff,
    0x30, 0x24, 0x00, 0xff, 0x38, 0x24, 0x00, 0xff, 0x30, 0x24, 0x08, 0xff,
    0x38, 0x24, 0x00, 0xff, 0x30, 0x24, 0x08, 0xff, 0x38, 0x24, 0x08, 0xff,
    0x30, 0x24, 0x00, 0xff, 0x38, 0x24, 0x08, 0xff, 0x30, 0x24, 0x00, 0xff,
    0x38, 0x24, 0x00, 0xff, 0x38, 0x24, 0x08, 0xff, 0x38, 0x24, 0x00, 0xff,
    0x38, 0x28, 0x08, 0xff, 0x38, 0x28, 0x08, 0xff, 0x38, 0x2c, 0x08, 0xff,
    0x28, 0x1c, 0x08, 0xba, 0x00, 0x00, 0x00, 0x69, 0x00, 0x00, 0x00, 0x55,
    0x00, 0x00, 0x00, 0x45, 0x00, 0x00, 0x00, 0x34, 0x00, 0x00, 0x00, 0x28,
    0x00, 0x00, 0x00, 0x1c, 0x00, 0x00, 0x00, 0x14, 0x00, 0x00, 0x00, 0x0c,
    0x00, 0x00, 0x00, 0x08, 0x00, 0x00, 0x00, 0x04, 0x00, 0x00, 0x00, 0x04,
    0x00, 0x00, 0x00, 0x00, 0x00, 0x00, 0x00, 0x00, 0x00, 0x00, 0x00, 0x00,
    0x00, 0x00, 0x00, 0x00, 0x00, 0x00, 0x00, 0x00, 0x00, 0x00, 0x00, 0x00,
    0x00, 0x00, 0x00, 0x00, 0x00, 0x00, 0x00, 0x00, 0x00, 0x00, 0x00, 0x00,
    0x00, 0x00, 0x00, 0x00, 0x00, 0x00, 0x00, 0x00, 0x00, 0x00, 0x00, 0x00,
    0x00, 0x00, 0x00, 0x00, 0x00, 0x00, 0x00, 0x00, 0x00, 0x00, 0x00, 0x00,
    0x00, 0x00, 0x00, 0x00, 0x00, 0x00, 0x00, 0x00, 0x00, 0x00, 0x00, 0x00,
    0x00, 0x00, 0x00, 0x00, 0x00, 0x00, 0x00, 0x00, 0x00, 0x00, 0x00, 0x00,
    0x00, 0x00, 0x00, 0x00, 0x00, 0x00, 0x00, 0x00, 0x00, 0x00, 0x00, 0x00,
    0x00, 0x00, 0x00, 0x04, 0x00, 0x00, 0x00, 0x04, 0x00, 0x00, 0x00, 0x0c,
    0x00, 0x00, 0x00, 0x10, 0x00, 0x00, 0x00, 0x18, 0x00, 0x00, 0x00, 0x20,
    0x00, 0x00, 0x00, 0x30, 0x00, 0x00, 0x00, 0x3c, 0x00, 0x00, 0x00, 0x4d,
    0x00, 0x00, 0x00, 0x61, 0x10, 0x0c, 0x00, 0x8a, 0x38, 0x28, 0x10, 0xfb,
    0x38, 0x28, 0x08, 0xff, 0x38, 0x28, 0x08, 0xff, 0x38, 0x24, 0x08, 0xff,
    0x38, 0x24, 0x08, 0xff, 0x38, 0x24, 0x00, 0xff, 0x38, 0x24, 0x08, 0xff,
    0x30, 0x24, 0x08, 0xff, 0x30, 0x24, 0x00, 0xff, 0x30, 0x24, 0x08, 0xff,
    0x38, 0x24, 0x08, 0xff, 0x38, 0x24, 0x00, 0xff, 0x30, 0x24, 0x08, 0xff,
    0x30, 0x24, 0x08, 0xff, 0x38, 0x24, 0x00, 0xff, 0x38, 0x24, 0x00, 0xff,
    0x38, 0x24, 0x00, 0xff, 0x30, 0x24, 0x08, 0xff, 0x38, 0x24, 0x00, 0xff,
    0x38, 0x24, 0x08, 0xff, 0x30, 0x24, 0x00, 0xff, 0x38, 0x24, 0x08, 0xff,
    0x30, 0x24, 0x08, 0xff, 0x38, 0x24, 0x00, 0xff, 0x38, 0x24, 0x08, 0xff,
    0x30, 0x24, 0x08, 0xff, 0x38, 0x24, 0x00, 0xff, 0x38, 0x24, 0x00, 0xff,
    0x30, 0x24, 0x00, 0xff, 0x38, 0x24, 0x08, 0xff, 0x38, 0x24, 0x08, 0xff,
    0x38, 0x24, 0x00, 0xff, 0x30, 0x24, 0x08, 0xff, 0x38, 0x24, 0x08, 0xff,
    0x38, 0x24, 0x00, 0xff, 0x30, 0x24, 0x00, 0xff, 0x30, 0x24, 0x08, 0xff,
    0x38, 0x24, 0x08, 0xff, 0x38, 0x24, 0x00, 0xff, 0x30, 0x28, 0x08, 0xff,
    0x38, 0x24, 0x08, 0xff, 0x38, 0x24, 0x00, 0xff, 0x38, 0x24, 0x08, 0xff,
    0x38, 0x24, 0x00, 0xff, 0x38, 0x24, 0x00, 0xff, 0x30, 0x24, 0x08, 0xff,
    0x38, 0x24, 0x00, 0xff, 0x38, 0x24, 0x00, 0xff, 0x38, 0x24, 0x08, 0xff,
    0x38, 0x24, 0x08, 0xff, 0x30, 0x24, 0x00, 0xff, 0x38, 0x24, 0x08, 0xff,
    0x38, 0x24, 0x00, 0xff, 0x38, 0x24, 0x08, 0xff, 0x38, 0x24, 0x08, 0xff,
    0x38, 0x24, 0x00, 0xff, 0x30, 0x24, 0x08, 0xff, 0x38, 0x24, 0x08, 0xff,
    0x38, 0x24, 0x00, 0xff, 0x30, 0x24, 0x08, 0xff, 0x38, 0x24, 0x00, 0xff,
    0x38, 0x24, 0x00, 0xff, 0x30, 0x24, 0x08, 0xff, 0x38, 0x24, 0x00, 0xff,
    0x30, 0x24, 0x08, 0xff, 0x38, 0x24, 0x08, 0xff, 0x38, 0x24, 0x00, 0xff,
    0x30, 0x24, 0x08, 0xff, 0x38, 0x24, 0x00, 0xff, 0x38, 0x24, 0x00, 0xff,
    0x30, 0x24, 0x08, 0xff, 0x38, 0x24, 0x00, 0xff, 0x38, 0x24, 0x00, 0xff,
    0x38, 0x24, 0x08, 0xff, 0x38, 0x24, 0x08, 0xff, 0x30, 0x24, 0x00, 0xff,
    0x38, 0x24, 0x08, 0xff, 0x38, 0x24, 0x08, 0xff, 0x30, 0x24, 0x00, 0xff,
    0x38, 0x24, 0x08, 0xff, 0x38, 0x24, 0x00, 0xff, 0x38, 0x24, 0x00, 0xff,
    0x38, 0x24, 0x08, 0xff, 0x30, 0x24, 0x00, 0xff, 0x38, 0x28, 0x00, 0xff,
    0x38, 0x24, 0x08, 0xff, 0x30, 0x24, 0x08, 0xff, 0x38, 0x24, 0x00, 0xff,
    0x38, 0x24, 0x08, 0xff, 0x30, 0x24, 0x08, 0xff, 0x38, 0x24, 0x00, 0xff,
    0x38, 0x24, 0x08, 0xff, 0x38, 0x24, 0x00, 0xff, 0x38, 0x24, 0x00, 0xff,
    0x30, 0x24, 0x08, 0xff, 0x38, 0x24, 0x08, 0xff, 0x38, 0x24, 0x00, 0xff,
    0x30, 0x24, 0x00, 0xff, 0x38, 0x24, 0x00, 0xff, 0x38, 0x24, 0x08, 0xff,
    0x30, 0x24, 0x00, 0xff, 0x38, 0x24, 0x00, 0xff, 0x38, 0x24, 0x08, 0xff,
    0x38, 0x24, 0x00, 0xff, 0x38, 0x24, 0x00, 0xff, 0x30, 0x24, 0x08, 0xff,
    0x38, 0x24, 0x00, 0xff, 0x38, 0x24, 0x00, 0xff, 0x30, 0x24, 0x08, 0xff,
    0x38, 0x24, 0x00, 0xff, 0x38, 0x24, 0x00, 0xff, 0x30, 0x24, 0x08, 0xff,
    0x38, 0x24, 0x08, 0xff, 0x38, 0x24, 0x00, 0xff, 0x30, 0x24, 0x08, 0xff,
    0x38, 0x24, 0x00, 0xff, 0x38, 0x24, 0x00, 0xff, 0x38, 0x24, 0x08, 0xff,
    0x38, 0x24, 0x00, 0xff, 0x30, 0x24, 0x08, 0xff, 0x38, 0x24, 0x08, 0xff,
    0x38, 0x24, 0x00, 0xff, 0x38, 0x24, 0x00, 0xff, 0x38, 0x24, 0x08, 0xff,
    0x38, 0x24, 0x00, 0xff, 0x30, 0x24, 0x00, 0xff, 0x38, 0x24, 0x08, 0xff,
    0x38, 0x24, 0x00, 0xff, 0x38, 0x24, 0x00, 0xff, 0x30, 0x24, 0x08, 0xff,
    0x38, 0x28, 0x08, 0xff, 0x38, 0x24, 0x00, 0xff, 0x38, 0x24, 0x00, 0xff,
    0x38, 0x24, 0x08, 0xff, 0x30, 0x24, 0x00, 0xff, 0x38, 0x24, 0x00, 0xff,
    0x38, 0x24, 0x08, 0xff, 0x38, 0x24, 0x08, 0xff, 0x30, 0x24, 0x00, 0xff,
    0x38, 0x24, 0x08, 0xff, 0x38, 0x24, 0x00, 0xff, 0x38, 0x24, 0x08, 0xff,
    0x38, 0x28, 0x08, 0xff, 0x38, 0x28, 0x08, 0xff, 0x38, 0x2c, 0x10, 0xfb,
    0x10, 0x0c, 0x08, 0x86, 0x00, 0x00, 0x00, 0x61, 0x00, 0x00, 0x00, 0x4d,
    0x00, 0x00, 0x00, 0x3c, 0x00, 0x00, 0x00, 0x30, 0x00, 0x00, 0x00, 0x20,
    0x00, 0x00, 0x00, 0x18, 0x00, 0x00, 0x00, 0x10, 0x00, 0x00, 0x00, 0x0c,
    0x00, 0x00, 0x00, 0x04, 0x00, 0x00, 0x00, 0x04, 0x00, 0x00, 0x00, 0x00,
    0x00, 0x00, 0x00, 0x00, 0x00, 0x00, 0x00, 0x00, 0x00, 0x00, 0x00, 0x00,
    0x00, 0x00, 0x00, 0x00, 0x00, 0x00, 0x00, 0x00, 0x00, 0x00, 0x00, 0x00,
    0x00, 0x00, 0x00, 0x00, 0x00, 0x00, 0x00, 0x00, 0x00, 0x00, 0x00, 0x00,
    0x00, 0x00, 0x00, 0x00, 0x00, 0x00, 0x00, 0x00, 0x00, 0x00, 0x00, 0x00,
    0x00, 0x00, 0x00, 0x00, 0x00, 0x00, 0x00, 0x00, 0x00, 0x00, 0x00, 0x00,
    0x00, 0x00, 0x00, 0x00, 0x00, 0x00, 0x00, 0x00, 0x00, 0x00, 0x00, 0x00,
    0x00, 0x00, 0x00, 0x00, 0x00, 0x00, 0x00, 0x00, 0x00, 0x00, 0x00, 0x00,
    0x00, 0x00, 0x00, 0x00, 0x00, 0x00, 0x00, 0x04, 0x00, 0x00, 0x00, 0x04,
    0x00, 0x00, 0x00, 0x08, 0x00, 0x00, 0x00, 0x0c, 0x00, 0x00, 0x00, 0x14,
    0x00, 0x00, 0x00, 0x1c, 0x00, 0x00, 0x00, 0x28, 0x00, 0x00, 0x00, 0x38,
    0x00, 0x00, 0x00, 0x49, 0x00, 0x00, 0x00, 0x59, 0x00, 0x00, 0x00, 0x71,
    0x30, 0x24, 0x08, 0xdf, 0x38, 0x28, 0x08, 0xff, 0x38, 0x28, 0x08, 0xff,
    0x38, 0x28, 0x08, 0xff, 0x38, 0x24, 0x00, 0xff, 0x38, 0x24, 0x00, 0xff,
    0x30, 0x24, 0x00, 0xff, 0x38, 0x24, 0x00, 0xff, 0x38, 0x24, 0x08, 0xff,
    0x38, 0x24, 0x00, 0xff, 0x38, 0x24, 0x00, 0xff, 0x38, 0x24, 0x08, 0xff,
    0x38, 0x24, 0x00, 0xff, 0x38, 0x24, 0x00, 0xff, 0x30, 0x24, 0x08, 0xff,
    0x38, 0x24, 0x08, 0xff, 0x38, 0x24, 0x00, 0xff, 0x30, 0x24, 0x00, 0xff,
    0x30, 0x24, 0x08, 0xff, 0x38, 0x24, 0x00, 0xff, 0x38, 0x24, 0x08, 0xff,
    0x38, 0x24, 0x00, 0xff, 0x30, 0x24, 0x00, 0xff, 0x38, 0x24, 0x08, 0xff,
    0x38, 0x24, 0x00, 0xff, 0x30, 0x24, 0x08, 0xff, 0x38, 0x24, 0x00, 0xff,
    0x38, 0x24, 0x00, 0xff, 0x38, 0x24, 0x08, 0xff, 0x38, 0x24, 0x08, 0xff,
    0x30, 0x24, 0x00, 0xff, 0x30, 0x24, 0x00, 0xff, 0x38, 0x24, 0x00, 0xff,
    0x38, 0x24, 0x08, 0xff, 0x30, 0x24, 0x08, 0xff, 0x38, 0x24, 0x00, 0xff,
    0x30, 0x24, 0x00, 0xff, 0x38, 0x24, 0x00, 0xff, 0x38, 0x24, 0x08, 0xff,
    0x38, 0x24, 0x00, 0xff, 0x38, 0x24, 0x00, 0xff, 0x30, 0x24, 0x08, 0xff,
    0x38, 0x24, 0x00, 0xff, 0x38, 0x24, 0x08, 0xff, 0x30, 0x24, 0x08, 0xff,
    0x38, 0x24, 0x00, 0xff, 0x30, 0x24, 0x08, 0xff, 0x38, 0x24, 0x00, 0xff,
    0x38, 0x24, 0x00, 0xff, 0x38, 0x24, 0x08, 0xff, 0x30, 0x24, 0x08, 0xff,
    0x38, 0x24, 0x00, 0xff, 0x38, 0x24, 0x08, 0xff, 0x30, 0x24, 0x00, 0xff,
    0x30, 0x24, 0x08, 0xff, 0x38, 0x24, 0x00, 0xff, 0x38, 0x24, 0x00, 0xff,
    0x30, 0x24, 0x08, 0xff, 0x38, 0x24, 0x00, 0xff, 0x38, 0x24, 0x00, 0xff,
    0x38, 0x24, 0x08, 0xff, 0x30, 0x24, 0x08, 0xff, 0x38, 0x24, 0x00, 0xff,
    0x38, 0x24, 0x00, 0xff, 0x30, 0x24, 0x08, 0xff, 0x38, 0x24, 0x00, 0xff,
    0x30, 0x24, 0x08, 0xff, 0x38, 0x24, 0x00, 0xff, 0x38, 0x24, 0x08, 0xff,
    0x30, 0x24, 0x08, 0xff, 0x38, 0x24, 0x00, 0xff, 0x38, 0x24, 0x08, 0xff,
    0x30, 0x24, 0x08, 0xff, 0x38, 0x24, 0x00, 0xff, 0x38, 0x24, 0x08, 0xff,
    0x38, 0x24, 0x00, 0xff, 0x38, 0x24, 0x08, 0xff, 0x38, 0x24, 0x00, 0xff,
    0x30, 0x24, 0x08, 0xff, 0x38, 0x24, 0x08, 0xff, 0x38, 0x24, 0x00, 0xff,
    0x30, 0x24, 0x00, 0xff, 0x38, 0x24, 0x08, 0xff, 0x38, 0x24, 0x00, 0xff,
    0x30, 0x24, 0x08, 0xff, 0x38, 0x24, 0x00, 0xff, 0x38, 0x24, 0x08, 0xff,
    0x30, 0x24, 0x00, 0xff, 0x38, 0x24, 0x00, 0xff, 0x38, 0x24, 0x00, 0xff,
    0x38, 0x24, 0x08, 0xff, 0x30, 0x24, 0x00, 0xff, 0x38, 0x24, 0x08, 0xff,
    0x30, 0x24, 0x08, 0xff, 0x38, 0x24, 0x00, 0xff, 0x38, 0x24, 0x08, 0xff,
    0x30, 0x24, 0x00, 0xff, 0x38, 0x24, 0x00, 0xff, 0x30, 0x24, 0x08, 0xff,
    0x30, 0x24, 0x08, 0xff, 0x38, 0x24, 0x00, 0xff, 0x38, 0x24, 0x00, 0xff,
    0x38, 0x24, 0x00, 0xff, 0x38, 0x24, 0x08, 0xff, 0x38, 0x24, 0x08, 0xff,
    0x38, 0x24, 0x00, 0xff, 0x38, 0x24, 0x08, 0xff, 0x30, 0x24, 0x08, 0xff,
    0x38, 0x24, 0x00, 0xff, 0x38, 0x24, 0x08, 0xff, 0x38, 0x24, 0x08, 0xff,
    0x38, 0x24, 0x00, 0xff, 0x38, 0x24, 0x08, 0xff, 0x30, 0x24, 0x00, 0xff,
    0x30, 0x24, 0x00, 0xff, 0x38, 0x24, 0x08, 0xff, 0x38, 0x24, 0x08, 0xff,
    0x30, 0x24, 0x08, 0xff, 0x38, 0x24, 0x00, 0xff, 0x30, 0x24, 0x08, 0xff,
    0x30, 0x24, 0x00, 0xff, 0x38, 0x24, 0x08, 0xff, 0x38, 0x24, 0x00, 0xff,
    0x30, 0x24, 0x08, 0xff, 0x38, 0x24, 0x00, 0xff, 0x38, 0x24, 0x08, 0xff,
    0x38, 0x24, 0x08, 0xff, 0x30, 0x24, 0x00, 0xff, 0x38, 0x24, 0x00, 0xff,
    0x38, 0x24, 0x08, 0xff, 0x38, 0x24, 0x00, 0xff, 0x38, 0x24, 0x00, 0xff,
    0x30, 0x24, 0x00, 0xff, 0x38, 0x24, 0x08, 0xff, 0x38, 0x24, 0x08, 0xff,
    0x38, 0x24, 0x00, 0xff, 0x38, 0x24, 0x00, 0xff, 0x38, 0x24, 0x08, 0xff,
    0x38, 0x24, 0x00, 0xff, 0x30, 0x24, 0x00, 0xff, 0x38, 0x24, 0x00, 0xff,
    0x38, 0x24, 0x08, 0xff, 0x38, 0x24, 0x08, 0xff, 0x38, 0x28, 0x08, 0xff,
    0x38, 0x28, 0x08, 0xff, 0x38, 0x28, 0x08, 0xff, 0x38, 0x24, 0x08, 0xdf,
    0x00, 0x00, 0x00, 0x6d, 0x00, 0x00, 0x00, 0x59, 0x00, 0x00, 0x00, 0x49,
    0x00, 0x00, 0x00, 0x38, 0x00, 0x00, 0x00, 0x28, 0x00, 0x00, 0x00, 0x20,
    0x00, 0x00, 0x00, 0x14, 0x00, 0x00, 0x00, 0x0c, 0x00, 0x00, 0x00, 0x08,
    0x00, 0x00, 0x00, 0x04, 0x00, 0x00, 0x00, 0x04, 0x00, 0x00, 0x00, 0x00,
    0x00, 0x00, 0x00, 0x00, 0x00, 0x00, 0x00, 0x00, 0x00, 0x00, 0x00, 0x00,
    0x00, 0x00, 0x00, 0x00, 0x00, 0x00, 0x00, 0x00, 0x00, 0x00, 0x00, 0x00,
    0x00, 0x00, 0x00, 0x00, 0x00, 0x00, 0x00, 0x00, 0x00, 0x00, 0x00, 0x00,
    0x00, 0x00, 0x00, 0x00, 0x00, 0x00, 0x00, 0x00, 0x00, 0x00, 0x00, 0x00,
    0x00, 0x00, 0x00, 0x00, 0x00, 0x00, 0x00, 0x00, 0x00, 0x00, 0x00, 0x00,
    0x00, 0x00, 0x00, 0x00, 0x00, 0x00, 0x00, 0x00, 0x00, 0x00, 0x00, 0x00,
    0x00, 0x00, 0x00, 0x00, 0x00, 0x00, 0x00, 0x00, 0x00, 0x00, 0x00, 0x00,
    0x00, 0x00, 0x00, 0x04, 0x00, 0x00, 0x00, 0x04, 0x00, 0x00, 0x00, 0x0c,
    0x00, 0x00, 0x00, 0x10, 0x00, 0x00, 0x00, 0x18, 0x00, 0x00, 0x00, 0x24,
    0x00, 0x00, 0x00, 0x34, 0x00, 0x00, 0x00, 0x41, 0x00, 0x00, 0x00, 0x51,
    0x00, 0x00, 0x00, 0x65, 0x20, 0x18, 0x08, 0xae, 0x40, 0x2c, 0x10, 0xff,
    0x38, 0x28, 0x08, 0xff, 0x38, 0x24, 0x08, 0xff, 0x38, 0x24, 0x08, 0xff,
    0x38, 0x24, 0x00, 0xff, 0x30, 0x24, 0x08, 0xff, 0x38, 0x24, 0x00, 0xff,
    0x38, 0x24, 0x00, 0xff, 0x30, 0x24, 0x08, 0xff, 0x38, 0x24, 0x08, 0xff,
    0x38, 0x24, 0x00, 0xff, 0x30, 0x24, 0x00, 0xff, 0x30, 0x24, 0x08, 0xff,
    0x38, 0x24, 0x00, 0xff, 0x38, 0x24, 0x00, 0xff, 0x30, 0x24, 0x08, 0xff,
    0x38, 0x24, 0x08, 0xff, 0x38, 0x24, 0x08, 0xff, 0x38, 0x24, 0x00, 0xff,
    0x30, 0x24, 0x08, 0xff, 0x38, 0x24, 0x00, 0xff, 0x38, 0x24, 0x08, 0xff,
    0x38, 0x24, 0x08, 0xff, 0x38, 0x24, 0x00, 0xff, 0x38, 0x24, 0x00, 0xff,
    0x38, 0x24, 0x08, 0xff, 0x30, 0x24, 0x00, 0xff, 0x38, 0x24, 0x08, 0xff,
    0x30, 0x24, 0x00, 0xff, 0x38, 0x24, 0x08, 0xff, 0x38, 0x24, 0x08, 0xff,
    0x30, 0x24, 0x00, 0xff, 0x38, 0x24, 0x08, 0xff, 0x38, 0x24, 0x00, 0xff,
    0x30, 0x24, 0x00, 0xff, 0x38, 0x24, 0x08, 0xff, 0x38, 0x24, 0x08, 0xff,
    0x30, 0x24, 0x00, 0xff, 0x38, 0x24, 0x00, 0xff, 0x38, 0x24, 0x08, 0xff,
    0x30, 0x24, 0x08, 0xff, 0x38, 0x24, 0x00, 0xff, 0x30, 0x24, 0x00, 0xff,
    0x38, 0x24, 0x00, 0xff, 0x38, 0x24, 0x00, 0xff, 0x38, 0x24, 0x08, 0xff,
    0x30, 0x24, 0x00, 0xff, 0x30, 0x24, 0x08, 0xff, 0x38, 0x24, 0x08, 0xff,
    0x38, 0x24, 0x00, 0xff, 0x38, 0x24, 0x00, 0xff, 0x30, 0x24, 0x00, 0xff,
    0x38, 0x24, 0x08, 0xff, 0x30, 0x24, 0x00, 0xff, 0x38, 0x24, 0x00, 0xff,
    0x30, 0x24, 0x00, 0xff, 0x38, 0x24, 0x08, 0xff, 0x38, 0x24, 0x08, 0xff,
    0x38, 0x24, 0x00, 0xff, 0x30, 0x24, 0x00, 0xff, 0x38, 0x24, 0x00, 0xff,
    0x38, 0x24, 0x08, 0xff, 0x30, 0x24, 0x00, 0xff, 0x38, 0x24, 0x08, 0xff,
    0x38, 0x24, 0x00, 0xff, 0x38, 0x24, 0x00, 0xff, 0x30, 0x24, 0x08, 0xff,
    0x38, 0x24, 0x00, 0xff, 0x38, 0x24, 0x00, 0xff, 0x38, 0x24, 0x08, 0xff,
    0x30, 0x24, 0x00, 0xff, 0x38, 0x24, 0x08, 0xff, 0x30, 0x24, 0x00, 0xff,
    0x38, 0x24, 0x08, 0xff, 0x30, 0x24, 0x00, 0xff, 0x30, 0x24, 0x00, 0xff,
    0x38, 0x24, 0x08, 0xff, 0x30, 0x24, 0x00, 0xff, 0x38, 0x24, 0x00, 0xff,
    0x38, 0x24, 0x08, 0xff, 0x38, 0x24, 0x00, 0xff, 0x30, 0x24, 0x08, 0xff,
    0x30, 0x24, 0x08, 0xff, 0x38, 0x24, 0x00, 0xff, 0x38, 0x24, 0x08, 0xff,
    0x38, 0x24, 0x00, 0xff, 0x30, 0x24, 0x00, 0xff, 0x38, 0x24, 0x08, 0xff,
    0x38, 0x24, 0x08, 0xff, 0x38, 0x24, 0x00, 0xff, 0x30, 0x24, 0x00, 0xff,
    0x38, 0x24, 0x00, 0xff, 0x38, 0x24, 0x08, 0xff, 0x30, 0x24, 0x00, 0xff,
    0x38, 0x24, 0x00, 0xff, 0x38, 0x24, 0x08, 0xff, 0x30, 0x24, 0x08, 0xff,
    0x38, 0x24, 0x00, 0xff, 0x38, 0x24, 0x00, 0xff, 0x38, 0x24, 0x08, 0xff,
    0x38, 0x24, 0x00, 0xff, 0x38, 0x24, 0x08, 0xff, 0x30, 0x24, 0x08, 0xff,
    0x30, 0x24, 0x00, 0xff, 0x30, 0x24, 0x08, 0xff, 0x30, 0x24, 0x00, 0xff,
    0x38, 0x24, 0x00, 0xff, 0x38, 0x24, 0x08, 0xff, 0x30, 0x24, 0x00, 0xff,
    0x38, 0x24, 0x00, 0xff, 0x38, 0x24, 0x00, 0xff, 0x30, 0x24, 0x08, 0xff,
    0x38, 0x24, 0x00, 0xff, 0x38, 0x24, 0x08, 0xff, 0x30, 0x24, 0x00, 0xff,
    0x38, 0x24, 0x00, 0xff, 0x38, 0x24, 0x08, 0xff, 0x30, 0x24, 0x00, 0xff,
    0x38, 0x24, 0x08, 0xff, 0x38, 0x24, 0x00, 0xff, 0x38, 0x24, 0x00, 0xff,
    0x30, 0x24, 0x00, 0xff, 0x30, 0x24, 0x08, 0xff, 0x38, 0x24, 0x00, 0xff,
    0x38, 0x24, 0x08, 0xff, 0x30, 0x24, 0x00, 0xff, 0x38, 0x24, 0x08, 0xff,
    0x38, 0x24, 0x08, 0xff, 0x30, 0x24, 0x00, 0xff, 0x38, 0x24, 0x08, 0xff,
    0x30, 0x24, 0x08, 0xff, 0x38, 0x24, 0x00, 0xff, 0x30, 0x24, 0x00, 0xff,
    0x38, 0x24, 0x08, 0xff, 0x38, 0x24, 0x00, 0xff, 0x30, 0x24, 0x08, 0xff,
    0x30, 0x24, 0x08, 0xff, 0x38, 0x24, 0x00, 0xff, 0x30, 0x24, 0x08, 0xff,
    0x38, 0x24, 0x00, 0xff, 0x30, 0x24, 0x08, 0xff, 0x38, 0x24, 0x00, 0xff,
    0x30, 0x24, 0x00, 0xff, 0x38, 0x24, 0x08, 0xff, 0x38, 0x24, 0x08, 0xff,
    0x38, 0x28, 0x08, 0xff, 0x40, 0x2c, 0x08, 0xff, 0x20, 0x18, 0x08, 0xae,
    0x00, 0x00, 0x00, 0x65, 0x00, 0x00, 0x00, 0x55, 0x00, 0x00, 0x00, 0x41,
    0x00, 0x00, 0x00, 0x30, 0x00, 0x00, 0x00, 0x24, 0x00, 0x00, 0x00, 0x18,
    0x00, 0x00, 0x00, 0x10, 0x00, 0x00, 0x00, 0x0c, 0x00, 0x00, 0x00, 0x04,
    0x00, 0x00, 0x00, 0x04, 0x00, 0x00, 0x00, 0x00, 0x00, 0x00, 0x00, 0x00,
    0x00, 0x00, 0x00, 0x00, 0x00, 0x00, 0x00, 0x00, 0x00, 0x00, 0x00, 0x00,
    0x00, 0x00, 0x00, 0x00, 0x00, 0x00, 0x00, 0x00, 0x00, 0x00, 0x00, 0x00,
    0x00, 0x00, 0x00, 0x00, 0x00, 0x00, 0x00, 0x00, 0x00, 0x00, 0x00, 0x00,
    0x00, 0x00, 0x00, 0x00, 0x00, 0x00, 0x00, 0x00, 0x00, 0x00, 0x00, 0x00,
    0x00, 0x00, 0x00, 0x00, 0x00, 0x00, 0x00, 0x00, 0x00, 0x00, 0x00, 0x00,
    0x00, 0x00, 0x00, 0x00, 0x00, 0x00, 0x00, 0x00, 0x00, 0x00, 0x00, 0x00,
    0x00, 0x00, 0x00, 0x00, 0x00, 0x00, 0x00, 0x04, 0x00, 0x00, 0x00, 0x04,
    0x00, 0x00, 0x00, 0x08, 0x00, 0x00, 0x00, 0x0c, 0x00, 0x00, 0x00, 0x14,
    0x00, 0x00, 0x00, 0x20, 0x00, 0x00, 0x00, 0x2c, 0x00, 0x00, 0x00, 0x38,
    0x00, 0x00, 0x00, 0x4d, 0x00, 0x00, 0x00, 0x5d, 0x08, 0x04, 0x00, 0x79,
    0x38, 0x28, 0x10, 0xf3, 0x38, 0x28, 0x08, 0xff, 0x38, 0x28, 0x08, 0xff,
    0x38, 0x24, 0x08, 0xff, 0x38, 0x24, 0x08, 0xff, 0x30, 0x24, 0x00, 0xff,
    0x38, 0x24, 0x08, 0xff, 0x38, 0x24, 0x08, 0xff, 0x38, 0x24, 0x00, 0xff,
    0x30, 0x24, 0x08, 0xff, 0x30, 0x24, 0x00, 0xff, 0x38, 0x24, 0x08, 0xff,
    0x38, 0x24, 0x08, 0xff, 0x30, 0x24, 0x00, 0xff, 0x38, 0x24, 0x08, 0xff,
    0x38, 0x24, 0x00, 0xff, 0x38, 0x24, 0x00, 0xff, 0x30, 0x24, 0x00, 0xff,
    0x38, 0x24, 0x08, 0xff, 0x38, 0x24, 0x00, 0xff, 0x38, 0x24, 0x00, 0xff,
    0x30, 0x24, 0x08, 0xff, 0x30, 0x24, 0x00, 0xff, 0x38, 0x24, 0x08, 0xff,
    0x30, 0x24, 0x00, 0xff, 0x30, 0x24, 0x00, 0xff, 0x38, 0x24, 0x08, 0xff,
    0x38, 0x24, 0x00, 0xff, 0x30, 0x24, 0x00, 0xff, 0x38, 0x24, 0x08, 0xff,
    0x38, 0x24, 0x00, 0xff, 0x30, 0x24, 0x00, 0xff, 0x38, 0x24, 0x08, 0xff,
    0x38, 0x24, 0x00, 0xff, 0x30, 0x24, 0x00, 0xff, 0x38, 0x24, 0x00, 0xff,
    0x38, 0x24, 0x08, 0xff, 0x30, 0x24, 0x08, 0xff, 0x38, 0x24, 0x00, 0xff,
    0x38, 0x24, 0x08, 0xff, 0x30, 0x24, 0x08, 0xff, 0x38, 0x24, 0x00, 0xff,
    0x38, 0x24, 0x00, 0xff, 0x30, 0x24, 0x08, 0xff, 0x38, 0x24, 0x00, 0xff,
    0x38, 0x24, 0x00, 0xff, 0x30, 0x24, 0x08, 0xff, 0x38, 0x24, 0x00, 0xff,
    0x38, 0x24, 0x00, 0xff, 0x30, 0x24, 0x08, 0xff, 0x38, 0x24, 0x08, 0xff,
    0x30, 0x24, 0x00, 0xff, 0x38, 0x24, 0x00, 0xff, 0x38, 0x24, 0x08, 0xff,
    0x38, 0x24, 0x08, 0xff, 0x38, 0x24, 0x08, 0xff, 0x30, 0x24, 0x00, 0xff,
    0x38, 0x24, 0x00, 0xff, 0x38, 0x24, 0x08, 0xff, 0x30, 0x24, 0x08, 0xff,
    0x38, 0x24, 0x00, 0xff, 0x30, 0x24, 0x00, 0xff, 0x38, 0x24, 0x08, 0xff,
    0x38, 0x24, 0x00, 0xff, 0x30, 0x24, 0x08, 0xff, 0x38, 0x24, 0x08, 0xff,
    0x38, 0x24, 0x00, 0xff, 0x30, 0x24, 0x08, 0xff, 0x38, 0x24, 0x08, 0xff,
    0x30, 0x24, 0x00, 0xff, 0x38, 0x24, 0x00, 0xff, 0x38, 0x24, 0x00, 0xff,
    0x30, 0x24, 0x08, 0xff, 0x38, 0x24, 0x00, 0xff, 0x38, 0x24, 0x00, 0xff,
    0x30, 0x24, 0x08, 0xff, 0x38, 0x24, 0x08, 0xff, 0x38, 0x24, 0x00, 0xff,
    0x30, 0x24, 0x00, 0xff, 0x30, 0x24, 0x00, 0xff, 0x38, 0x24, 0x08, 0xff,
    0x30, 0x24, 0x00, 0xff, 0x38, 0x24, 0x00, 0xff, 0x38, 0x24, 0x08, 0xff,
    0x38, 0x24, 0x00, 0xff, 0x38, 0x24, 0x08, 0xff, 0x30, 0x24, 0x00, 0xff,
    0x38, 0x24, 0x00, 0xff, 0x30, 0x24, 0x08, 0xff, 0x30, 0x24, 0x08, 0xff,
    0x38, 0x24, 0x00, 0xff, 0x30, 0x24, 0x08, 0xff, 0x38, 0x24, 0x00, 0xff,
    0x38, 0x24, 0x08, 0xff, 0x30, 0x24, 0x00, 0xff, 0x38, 0x24, 0x00, 0xff,
    0x38, 0x24, 0x08, 0xff, 0x30, 0x24, 0x08, 0xff, 0x38, 0x24, 0x00, 0xff,
    0x38, 0x24, 0x00, 0xff, 0x30, 0x24, 0x08, 0xff, 0x30, 0x24, 0x00, 0xff,
    0x38, 0x24, 0x00, 0xff, 0x38, 0x24, 0x00, 0xff, 0x38, 0x24, 0x08, 0xff,
    0x38, 0x24, 0x00, 0xff, 0x38, 0x24, 0x08, 0xff, 0x30, 0x24, 0x08, 0xff,
    0x38, 0x24, 0x00, 0xff, 0x30, 0x24, 0x08, 0xff, 0x38, 0x24, 0x00, 0xff,
    0x30, 0x24, 0x08, 0xff, 0x30, 0x24, 0x00, 0xff, 0x38, 0x24, 0x08, 0xff,
    0x38, 0x24, 0x08, 0xff, 0x30, 0x24, 0x08, 0xff, 0x38, 0x24, 0x00, 0xff,
    0x38, 0x24, 0x00, 0xff, 0x30, 0x24, 0x00, 0xff, 0x38, 0x24, 0x00, 0xff,
    0x38, 0x24, 0x08, 0xff, 0x38, 0x24, 0x00, 0xff, 0x38, 0x24, 0x08, 0xff,
    0x30, 0x24, 0x08, 0xff, 0x38, 0x24, 0x00, 0xff, 0x38, 0x24, 0x00, 0xff,
    0x30, 0x24, 0x08, 0xff, 0x38, 0x24, 0x00, 0xff, 0x38, 0x24, 0x00, 0xff,
    0x30, 0x24, 0x00, 0xff, 0x38, 0x24, 0x08, 0xff, 0x38, 0x24, 0x08, 0xff,
    0x30, 0x24, 0x00, 0xff, 0x38, 0x24, 0x08, 0xff, 0x38, 0x24, 0x00, 0xff,
    0x30, 0x24, 0x00, 0xff, 0x38, 0x24, 0x00, 0xff, 0x38, 0x24, 0x08, 0xff,
    0x30, 0x24, 0x00, 0xff, 0x38, 0x24, 0x08, 0xff, 0x38, 0x24, 0x00, 0xff,
    0x30, 0x24, 0x08, 0xff, 0x38, 0x24, 0x00, 0xff, 0x38, 0x24, 0x00, 0xff,
    0x38, 0x24, 0x08, 0xff, 0x38, 0x24, 0x00, 0xff, 0x38, 0x28, 0x08, 0xff,
    0x38, 0x28, 0x08, 0xff, 0x38, 0x28, 0x08, 0xf3, 0x08, 0x04, 0x00, 0x79,
    0x00, 0x00, 0x00, 0x5d, 0x00, 0x00, 0x00, 0x4d, 0x00, 0x00, 0x00, 0x3c,
    0x00, 0x00, 0x00, 0x2c, 0x00, 0x00, 0x00, 0x20, 0x00, 0x00, 0x00, 0x14,
    0x00, 0x00, 0x00, 0x0c, 0x00, 0x00, 0x00, 0x08, 0x00, 0x00, 0x00, 0x04,
    0x00, 0x00, 0x00, 0x04, 0x00, 0x00, 0x00, 0x00, 0x00, 0x00, 0x00, 0x00,
    0x00, 0x00, 0x00, 0x00, 0x00, 0x00, 0x00, 0x00, 0x00, 0x00, 0x00, 0x00,
    0x00, 0x00, 0x00, 0x00, 0x00, 0x00, 0x00, 0x00, 0x00, 0x00, 0x00, 0x00,
    0x00, 0x00, 0x00, 0x00, 0x00, 0x00, 0x00, 0x00, 0x00, 0x00, 0x00, 0x00,
    0x00, 0x00, 0x00, 0x00, 0x00, 0x00, 0x00, 0x00, 0x00, 0x00, 0x00, 0x00,
    0x00, 0x00, 0x00, 0x00, 0x00, 0x00, 0x00, 0x00, 0x00, 0x00, 0x00, 0x00,
    0x00, 0x00, 0x00, 0x00, 0x00, 0x00, 0x00, 0x00, 0x00, 0x00, 0x00, 0x00,
    0x00, 0x00, 0x00, 0x04, 0x00, 0x00, 0x00, 0x04, 0x00, 0x00, 0x00, 0x0c,
    0x00, 0x00, 0x00, 0x10, 0x00, 0x00, 0x00, 0x1c, 0x00, 0x00, 0x00, 0x28,
    0x00, 0x00, 0x00, 0x34, 0x00, 0x00, 0x00, 0x45, 0x00, 0x00, 0x00, 0x55,
    0x00, 0x00, 0x00, 0x69, 0x28, 0x20, 0x08, 0xc3, 0x40, 0x2c, 0x08, 0xff,
    0x38, 0x24, 0x08, 0xff, 0x38, 0x24, 0x08, 0xff, 0x38, 0x24, 0x00, 0xff,
    0x38, 0x24, 0x00, 0xff, 0x30, 0x24, 0x08, 0xff, 0x38, 0x24, 0x00, 0xff,
    0x30, 0x24, 0x08, 0xff, 0x38, 0x24, 0x00, 0xff, 0x38, 0x24, 0x00, 0xff,
    0x38, 0x24, 0x00, 0xff, 0x38, 0x24, 0x08, 0xff, 0x38, 0x24, 0x00, 0xff,
    0x38, 0x24, 0x00, 0xff, 0x38, 0x24, 0x08, 0xff, 0x30, 0x24, 0x00, 0xff,
    0x38, 0x24, 0x08, 0xff, 0x38, 0x24, 0x00, 0xff, 0x30, 0x24, 0x00, 0xff,
    0x38, 0x24, 0x08, 0xff, 0x38, 0x24, 0x08, 0xff, 0x30, 0x24, 0x00, 0xff,
    0x38, 0x24, 0x00, 0xff, 0x38, 0x24, 0x08, 0xff, 0x30, 0x24, 0x08, 0xff,
    0x38, 0x24, 0x00, 0xff, 0x38, 0x24, 0x08, 0xff, 0x30, 0x24, 0x08, 0xff,
    0x38, 0x24, 0x00, 0xff, 0x38, 0x24, 0x08, 0xff, 0x30, 0x24, 0x08, 0xff,
    0x38, 0x24, 0x00, 0xff, 0x38, 0x24, 0x08, 0xff, 0x30, 0x24, 0x08, 0xff,
    0x38, 0x24, 0x00, 0xff, 0x38, 0x24, 0x08, 0xff, 0x38, 0x24, 0x00, 0xff,
    0x30, 0x24, 0x00, 0xff, 0x38, 0x24, 0x00, 0xff, 0x38, 0x24, 0x00, 0xff,
    0x30, 0x24, 0x08, 0xff, 0x38, 0x24, 0x00, 0xff, 0x38, 0x24, 0x08, 0xff,
    0x38, 0x24, 0x08, 0xff, 0x30, 0x24, 0x08, 0xff, 0x38, 0x24, 0x00, 0xff,
    0x30, 0x24, 0x08, 0xff, 0x38, 0x24, 0x00, 0xff, 0x38, 0x24, 0x08, 0xff,
    0x30, 0x24, 0x00, 0xff, 0x38, 0x24, 0x00, 0xff, 0x38, 0x24, 0x08, 0xff,
    0x30, 0x24, 0x00, 0xff, 0x30, 0x24, 0x08, 0xff, 0x38, 0x24, 0x00, 0xff,
    0x30, 0x24, 0x00, 0xff, 0x38, 0x24, 0x08, 0xff, 0x30, 0x24, 0x00, 0xff,
    0x38, 0x24, 0x00, 0xff, 0x38, 0x24, 0x08, 0xff, 0x30, 0x24, 0x00, 0xff,
    0x38, 0x24, 0x08, 0xff, 0x38, 0x24, 0x08, 0xff, 0x30, 0x24, 0x00, 0xff,
    0x38, 0x24, 0x00, 0xff, 0x30, 0x24, 0x08, 0xff, 0x38, 0x24, 0x00, 0xff,
    0x38, 0x24, 0x08, 0xff, 0x30, 0x24, 0x08, 0xff, 0x38, 0x24, 0x00, 0xff,
    0x30, 0x24, 0x08, 0xff, 0x38, 0x24, 0x00, 0xff, 0x38, 0x24, 0x08, 0xff,
    0x30, 0x24, 0x08, 0xff, 0x38, 0x24, 0x00, 0xff, 0x38, 0x24, 0x00, 0xff,
    0x30, 0x24, 0x08, 0xff, 0x38, 0x24, 0x08, 0xff, 0x38, 0x24, 0x08, 0xff,
    0x38, 0x24, 0x00, 0xff, 0x30, 0x24, 0x08, 0xff, 0x38, 0x24, 0x08, 0xff,
    0x38, 0x24, 0x00, 0xff, 0x30, 0x24, 0x00, 0xff, 0x38, 0x24, 0x00, 0xff,
    0x30, 0x24, 0x08, 0xff, 0x38, 0x24, 0x00, 0xff, 0x38, 0x24, 0x00, 0xff,
    0x38, 0x24, 0x08, 0xff, 0x38, 0x24, 0x00, 0xff, 0x30, 0x24, 0x08, 0xff,
    0x38, 0x24, 0x08, 0xff, 0x38, 0x24, 0x00, 0xff, 0x30, 0x24, 0x08, 0xff,
    0x38, 0x24, 0x00, 0xff, 0x38, 0x24, 0x00, 0xff, 0x30, 0x24, 0x08, 0xff,
    0x38, 0x24, 0x00, 0xff, 0x38, 0x24, 0x00, 0xff, 0x38, 0x24, 0x08, 0xff,
    0x30, 0x24, 0x00, 0xff, 0x38, 0x24, 0x08, 0xff, 0x30, 0x24, 0x08, 0xff,
    0x38, 0x24, 0x00, 0xff, 0x30, 0x24, 0x08, 0xff, 0x38, 0x24, 0x00, 0xff,
    0x38, 0x24, 0x08, 0xff, 0x38, 0x24, 0x00, 0xff, 0x38, 0x24, 0x00, 0xff,
    0x38, 0x24, 0x08, 0xff, 0x38, 0x24, 0x00, 0xff, 0x38, 0x24, 0x00, 0xff,
    0x30, 0x24, 0x08, 0xff, 0x38, 0x24, 0x00, 0xff, 0x38, 0x24, 0x00, 0xff,
    0x30, 0x24, 0x08, 0xff, 0x38, 0x24, 0x08, 0xff, 0x38, 0x24, 0x08, 0xff,
    0x30, 0x24, 0x00, 0xff, 0x38, 0x24, 0x08, 0xff, 0x30, 0x24, 0x08, 0xff,
    0x30, 0x24, 0x00, 0xff, 0x38, 0x24, 0x08, 0xff, 0x38, 0x24, 0x00, 0xff,
    0x30, 0x24, 0x00, 0xff, 0x38, 0x24, 0x08, 0xff, 0x38, 0x24, 0x08, 0xff,
    0x30, 0x24, 0x00, 0xff, 0x38, 0x24, 0x00, 0xff, 0x38, 0x24, 0x08, 0xff,
    0x30, 0x24, 0x00, 0xff, 0x38, 0x24, 0x00, 0xff, 0x38, 0x24, 0x08, 0xff,
    0x30, 0x24, 0x00, 0xff, 0x38, 0x24, 0x08, 0xff, 0x38, 0x24, 0x00, 0xff,
    0x30, 0x24, 0x08, 0xff, 0x38, 0x24, 0x00, 0xff, 0x38, 0x24, 0x08, 0xff,
    0x30, 0x24, 0x00, 0xff, 0x38, 0x24, 0x08, 0xff, 0x38, 0x24, 0x00, 0xff,
    0x30, 0x24, 0x08, 0xff, 0x38, 0x24, 0x08, 0xff, 0x30, 0x24, 0x00, 0xff,
    0x38, 0x24, 0x08, 0xff, 0x38, 0x28, 0x08, 0xff, 0x38, 0x28, 0x08, 0xff,
    0x38, 0x28, 0x10, 0xff, 0x28, 0x20, 0x08, 0xc3, 0x00, 0x00, 0x00, 0x69,
    0x00, 0x00, 0x00, 0x55, 0x00, 0x00, 0x00, 0x45, 0x00, 0x00, 0x00, 0x34,
    0x00, 0x00, 0x00, 0x24, 0x00, 0x00, 0x00, 0x1c, 0x00, 0x00, 0x00, 0x10,
    0x00, 0x00, 0x00, 0x0c, 0x00, 0x00, 0x00, 0x08, 0x00, 0x00, 0x00, 0x04,
    0x00, 0x00, 0x00, 0x00, 0x00, 0x00, 0x00, 0x00, 0x00, 0x00, 0x00, 0x00,
    0x00, 0x00, 0x00, 0x00, 0x00, 0x00, 0x00, 0x00, 0x00, 0x00, 0x00, 0x00,
    0x00, 0x00, 0x00, 0x00, 0x00, 0x00, 0x00, 0x00, 0x00, 0x00, 0x00, 0x00,
    0x00, 0x00, 0x00, 0x00, 0x00, 0x00, 0x00, 0x00, 0x00, 0x00, 0x00, 0x00,
    0x00, 0x00, 0x00, 0x00, 0x00, 0x00, 0x00, 0x00, 0x00, 0x00, 0x00, 0x00,
    0x00, 0x00, 0x00, 0x00, 0x00, 0x00, 0x00, 0x00, 0x00, 0x00, 0x00, 0x00,
    0x00, 0x00, 0x00, 0x00, 0x00, 0x00, 0x00, 0x04, 0x00, 0x00, 0x00, 0x04,
    0x00, 0x00, 0x00, 0x08, 0x00, 0x00, 0x00, 0x10, 0x00, 0x00, 0x00, 0x14,
    0x00, 0x00, 0x00, 0x20, 0x00, 0x00, 0x00, 0x2c, 0x00, 0x00, 0x00, 0x3c,
    0x00, 0x00, 0x00, 0x4d, 0x00, 0x00, 0x00, 0x61, 0x10, 0x0c, 0x08, 0x8a,
    0x38, 0x28, 0x08, 0xfb, 0x38, 0x28, 0x08, 0xff, 0x38, 0x28, 0x08, 0xff,
    0x38, 0x24, 0x08, 0xff, 0x38, 0x24, 0x00, 0xff, 0x30, 0x24, 0x00, 0xff,
    0x38, 0x24, 0x08, 0xff, 0x38, 0x24, 0x00, 0xff, 0x30, 0x24, 0x00, 0xff,
    0x30, 0x24, 0x08, 0xff, 0x38, 0x24, 0x00, 0xff, 0x30, 0x24, 0x08, 0xff,
    0x30, 0x24, 0x00, 0xff, 0x30, 0x24, 0x08, 0xff, 0x38, 0x24, 0x08, 0xff,
    0x38, 0x24, 0x00, 0xff, 0x30, 0x24, 0x08, 0xff, 0x38, 0x24, 0x08, 0xff,
    0x38, 0x24, 0x08, 0xff, 0x30, 0x24, 0x00, 0xff, 0x38, 0x24, 0x00, 0xff,
    0x30, 0x24, 0x08, 0xff, 0x38, 0x24, 0x08, 0xff, 0x38, 0x24, 0x00, 0xff,
    0x30, 0x24, 0x00, 0xff, 0x38, 0x24, 0x08, 0xff, 0x38, 0x24, 0x00, 0xff,
    0x30, 0x24, 0x00, 0xff, 0x38, 0x24, 0x08, 0xff, 0x30, 0x24, 0x00, 0xff,
    0x38, 0x24, 0x00, 0xff, 0x30, 0x24, 0x08, 0xff, 0x38, 0x24, 0x00, 0xff,
    0x38, 0x24, 0x00, 0xff, 0x30, 0x24, 0x00, 0xff, 0x38, 0x24, 0x08, 0xff,
    0x38, 0x24, 0x00, 0xff, 0x30, 0x24, 0x00, 0xff, 0x38, 0x24, 0x08, 0xff,
    0x38, 0x24, 0x08, 0xff, 0x30, 0x24, 0x00, 0xff, 0x38, 0x24, 0x00, 0xff,
    0x30, 0x24, 0x08, 0xff, 0x30, 0x24, 0x00, 0xff, 0x38, 0x24, 0x00, 0xff,
    0x38, 0x24, 0x08, 0xff, 0x30, 0x24, 0x08, 0xff, 0x38, 0x24, 0x00, 0xff,
    0x38, 0x24, 0x08, 0xff, 0x30, 0x24, 0x00, 0xff, 0x38, 0x24, 0x00, 0xff,
    0x38, 0x24, 0x08, 0xff, 0x38, 0x24, 0x00, 0xff, 0x30, 0x24, 0x08, 0xff,
    0x38, 0x24, 0x00, 0xff, 0x38, 0x24, 0x08, 0xff, 0x38, 0x24, 0x00, 0xff,
    0x30, 0x24, 0x08, 0xff, 0x38, 0x24, 0x08, 0xff, 0x38, 0x24, 0x00, 0xff,
    0x30, 0x24, 0x08, 0xff, 0x38, 0x24, 0x00, 0xff, 0x38, 0x24, 0x08, 0xff,
    0x30, 0x24, 0x00, 0xff, 0x38, 0x24, 0x00, 0xff, 0x38, 0x24, 0x08, 0xff,
    0x30, 0x24, 0x00, 0xff, 0x38, 0x24, 0x00, 0xff, 0x38, 0x24, 0x00, 0xff,
    0x30, 0x24, 0x00, 0xff, 0x38, 0x24, 0x08, 0xff, 0x38, 0x24, 0x08, 0xff,
    0x30, 0x24, 0x00, 0xff, 0x38, 0x24, 0x00, 0xff, 0x30, 0x24, 0x08, 0xff,
    0x38, 0x24, 0x00, 0xff, 0x38, 0x24, 0x00, 0xff, 0x30, 0x24, 0x00, 0xff,
    0x38, 0x24, 0x00, 0xff, 0x38, 0x24, 0x00, 0xff, 0x30, 0x24, 0x00, 0xff,
    0x38, 0x24, 0x00, 0xff, 0x38, 0x24, 0x08, 0xff, 0x30, 0x24, 0x00, 0xff,
    0x38, 0x24, 0x00, 0xff, 0x30, 0x24, 0x08, 0xff, 0x38, 0x24, 0x08, 0xff,
    0x30, 0x24, 0x08, 0xff, 0x38, 0x24, 0x00, 0xff, 0x30, 0x24, 0x08, 0xff,
    0x38, 0x24, 0x00, 0xff, 0x38, 0x24, 0x00, 0xff, 0x30, 0x24, 0x00, 0xff,
    0x38, 0x24, 0x08, 0xff, 0x38, 0x24, 0x08, 0xff, 0x30, 0x24, 0x00, 0xff,
    0x38, 0x24, 0x08, 0xff, 0x38, 0x24, 0x08, 0xff, 0x30, 0x24, 0x00, 0xff,
    0x38, 0x24, 0x08, 0xff, 0x30, 0x24, 0x08, 0xff, 0x38, 0x24, 0x00, 0xff,
    0x38, 0x24, 0x08, 0xff, 0x38, 0x24, 0x08, 0xff, 0x30, 0x24, 0x00, 0xff,
    0x30, 0x24, 0x08, 0xff, 0x38, 0x24, 0x00, 0xff, 0x30, 0x24, 0x00, 0xff,
    0x38, 0x24, 0x00, 0xff, 0x38, 0x24, 0x08, 0xff, 0x30, 0x24, 0x08, 0xff,
    0x30, 0x24, 0x00, 0xff, 0x38, 0x24, 0x08, 0xff, 0x38, 0x24, 0x08, 0xff,
    0x30, 0x24, 0x00, 0xff, 0x38, 0x24, 0x00, 0xff, 0x38, 0x24, 0x00, 0xff,
    0x30, 0x24, 0x08, 0xff, 0x38, 0x24, 0x00, 0xff, 0x38, 0x24, 0x00, 0xff,
    0x38, 0x24, 0x08, 0xff, 0x38, 0x24, 0x00, 0xff, 0x38, 0x24, 0x00, 0xff,
    0x30, 0x24, 0x00, 0xff, 0x38, 0x24, 0x08, 0xff, 0x38, 0x24, 0x00, 0xff,
    0x30, 0x24, 0x08, 0xff, 0x38, 0x24, 0x00, 0xff, 0x30, 0x24, 0x00, 0xff,
    0x38, 0x24, 0x08, 0xff, 0x38, 0x24, 0x00, 0xff, 0x30, 0x24, 0x08, 0xff,
    0x38, 0x24, 0x00, 0xff, 0x38, 0x24, 0x08, 0xff, 0x30, 0x24, 0x08, 0xff,
    0x38, 0x24, 0x00, 0xff, 0x38, 0x24, 0x08, 0xff, 0x30, 0x24, 0x08, 0xff,
    0x38, 0x24, 0x00, 0xff, 0x38, 0x24, 0x00, 0xff, 0x30, 0x24, 0x08, 0xff,
    0x38, 0x24, 0x00, 0xff, 0x38, 0x24, 0x08, 0xff, 0x30, 0x24, 0x00, 0xff,
    0x38, 0x24, 0x00, 0xff, 0x38, 0x24, 0x08, 0xff, 0x38, 0x24, 0x00, 0xff,
    0x38, 0x24, 0x08, 0xff, 0x38, 0x28, 0x08, 0xff, 0x38, 0x28, 0x08, 0xff,
    0x38, 0x2c, 0x10, 0xfb, 0x10, 0x0c, 0x08, 0x8a, 0x00, 0x00, 0x00, 0x61,
    0x00, 0x00, 0x00, 0x4d, 0x00, 0x00, 0x00, 0x3c, 0x00, 0x00, 0x00, 0x2c,
    0x00, 0x00, 0x00, 0x20, 0x00, 0x00, 0x00, 0x18, 0x00, 0x00, 0x00, 0x0c,
    0x00, 0x00, 0x00, 0x08, 0x00, 0x00, 0x00, 0x04, 0x00, 0x00, 0x00, 0x00,
    0x00, 0x00, 0x00, 0x00, 0x00, 0x00, 0x00, 0x00, 0x00, 0x00, 0x00, 0x00,
    0x00, 0x00, 0x00, 0x00, 0x00, 0x00, 0x00, 0x00, 0x00, 0x00, 0x00, 0x00,
    0x00, 0x00, 0x00, 0x00, 0x00, 0x00, 0x00, 0x00, 0x00, 0x00, 0x00, 0x00,
    0x00, 0x00, 0x00, 0x00, 0x00, 0x00, 0x00, 0x00, 0x00, 0x00, 0x00, 0x00,
    0x00, 0x00, 0x00, 0x00, 0x00, 0x00, 0x00, 0x00, 0x00, 0x00, 0x00, 0x00,
    0x00, 0x00, 0x00, 0x00, 0x00, 0x00, 0x00, 0x00, 0x00, 0x00, 0x00, 0x00,
    0x00, 0x00, 0x00, 0x04, 0x00, 0x00, 0x00, 0x04, 0x00, 0x00, 0x00, 0x0c,
    0x00, 0x00, 0x00, 0x10, 0x00, 0x00, 0x00, 0x1c, 0x00, 0x00, 0x00, 0x28,
    0x00, 0x00, 0x00, 0x34, 0x00, 0x00, 0x00, 0x45, 0x00, 0x00, 0x00, 0x59,
    0x00, 0x00, 0x00, 0x6d, 0x30, 0x24, 0x08, 0xd7, 0x38, 0x28, 0x08, 0xff,
    0x38, 0x28, 0x08, 0xff, 0x38, 0x28, 0x08, 0xff, 0x38, 0x24, 0x08, 0xff,
    0x30, 0x24, 0x00, 0xff, 0x38, 0x24, 0x08, 0xff, 0x38, 0x24, 0x08, 0xff,
    0x30, 0x24, 0x00, 0xff, 0x38, 0x24, 0x00, 0xff, 0x38, 0x24, 0x08, 0xff,
    0x38, 0x24, 0x08, 0xff, 0x38, 0x24, 0x00, 0xff, 0x38, 0x24, 0x00, 0xff,
    0x30, 0x24, 0x08, 0xff, 0x38, 0x24, 0x00, 0xff, 0x30, 0x24, 0x00, 0xff,
    0x38, 0x24, 0x00, 0xff, 0x30, 0x24, 0x00, 0xff, 0x38, 0x24, 0x08, 0xff,
    0x38, 0x24, 0x08, 0xff, 0x30, 0x24, 0x00, 0xff, 0x38, 0x24, 0x00, 0xff,
    0x38, 0x24, 0x08, 0xff, 0x30, 0x24, 0x00, 0xff, 0x38, 0x24, 0x00, 0xff,
    0x38, 0x24, 0x08, 0xff, 0x30, 0x24, 0x08, 0xff, 0x30, 0x24, 0x00, 0xff,
    0x38, 0x24, 0x08, 0xff, 0x38, 0x24, 0x00, 0xff, 0x30, 0x24, 0x08, 0xff,
    0x38, 0x24, 0x00, 0xff, 0x38, 0x24, 0x08, 0xff, 0x30, 0x24, 0x00, 0xff,
    0x38, 0x24, 0x08, 0xff, 0x30, 0x24, 0x08, 0xff, 0x38, 0x24, 0x00, 0xff,
    0x30, 0x24, 0x08, 0xff, 0x38, 0x24, 0x08, 0xff, 0x30, 0x24, 0x00, 0xff,
    0x38, 0x24, 0x00, 0xff, 0x38, 0x24, 0x08, 0xff, 0x38, 0x24, 0x00, 0xff,
    0x30, 0x24, 0x08, 0xff, 0x38, 0x24, 0x00, 0xff, 0x38, 0x24, 0x00, 0xff,
    0x30, 0x24, 0x08, 0xff, 0x38, 0x24, 0x00, 0xff, 0x38, 0x24, 0x08, 0xff,
    0x30, 0x24, 0x00, 0xff, 0x30, 0x24, 0x08, 0xff, 0x30, 0x24, 0x00, 0xff,
    0x38, 0x24, 0x08, 0xff, 0x38, 0x24, 0x00, 0xff, 0x30, 0x24, 0x08, 0xff,
    0x38, 0x24, 0x00, 0xff, 0x38, 0x24, 0x08, 0xff, 0x30, 0x24, 0x00, 0xff,
    0x38, 0x24, 0x08, 0xff, 0x38, 0x24, 0x00, 0xff, 0x30, 0x24, 0x00, 0xff,
    0x38, 0x24, 0x08, 0xff, 0x38, 0x24, 0x00, 0xff, 0x30, 0x24, 0x08, 0xff,
    0x38, 0x24, 0x08, 0xff, 0x38, 0x24, 0x08, 0xff, 0x30, 0x24, 0x00, 0xff,
    0x38, 0x24, 0x08, 0xff, 0x30, 0x24, 0x00, 0xff, 0x38, 0x24, 0x00, 0xff,
    0x38, 0x24, 0x00, 0xff, 0x30, 0x24, 0x08, 0xff, 0x38, 0x24, 0x00, 0xff,
    0x38, 0x24, 0x08, 0xff, 0x30, 0x24, 0x08, 0xff, 0x38, 0x20, 0x08, 0xff,
    0x38, 0x24, 0x08, 0xff, 0x30, 0x24, 0x08, 0xff, 0x38, 0x24, 0x00, 0xff,
    0x30, 0x24, 0x08, 0xff, 0x38, 0x24, 0x08, 0xff, 0x38, 0x24, 0x00, 0xff,
    0x30, 0x24, 0x00, 0xff, 0x38, 0x24, 0x08, 0xff, 0x38, 0x24, 0x00, 0xff,
    0x38, 0x24, 0x08, 0xff, 0x38, 0x24, 0x00, 0xff, 0x30, 0x24, 0x00, 0xff,
    0x38, 0x24, 0x08, 0xff, 0x30, 0x24, 0x00, 0xff, 0x38, 0x24, 0x00, 0xff,
    0x38, 0x24, 0x08, 0xff, 0x30, 0x24, 0x00, 0xff, 0x30, 0x24, 0x00, 0xff,
    0x38, 0x24, 0x00, 0xff, 0x38, 0x24, 0x00, 0xff, 0x30, 0x24, 0x08, 0xff,
    0x38, 0x24, 0x00, 0xff, 0x38, 0x24, 0x00, 0xff, 0x30, 0x24, 0x08, 0xff,
    0x38, 0x24, 0x00, 0xff, 0x38, 0x24, 0x00, 0xff, 0x30, 0x24, 0x00, 0xff,
    0x38, 0x24, 0x00, 0xff, 0x38, 0x24, 0x08, 0xff, 0x38, 0x24, 0x00, 0xff,
    0x30, 0x24, 0x08, 0xff, 0x38, 0x24, 0x00, 0xff, 0x30, 0x24, 0x08, 0xff,
    0x30, 0x24, 0x08, 0xff, 0x38, 0x24, 0x00, 0xff, 0x38, 0x24, 0x00, 0xff,
    0x30, 0x24, 0x08, 0xff, 0x30, 0x24, 0x08, 0xff, 0x38, 0x24, 0x00, 0xff,
    0x38, 0x24, 0x00, 0xff, 0x30, 0x24, 0x08, 0xff, 0x30, 0x24, 0x00, 0xff,
    0x38, 0x24, 0x08, 0xff, 0x30, 0x24, 0x00, 0xff, 0x30, 0x24, 0x08, 0xff,
    0x38, 0x24, 0x08, 0xff, 0x38, 0x24, 0x00, 0xff, 0x30, 0x24, 0x08, 0xff,
    0x38, 0x24, 0x00, 0xff, 0x38, 0x24, 0x00, 0xff, 0x30, 0x24, 0x08, 0xff,
    0x38, 0x24, 0x08, 0xff, 0x38, 0x24, 0x00, 0xff, 0x30, 0x24, 0x00, 0xff,
    0x38, 0x24, 0x08, 0xff, 0x30, 0x24, 0x00, 0xff, 0x38, 0x24, 0x08, 0xff,
    0x30, 0x24, 0x00, 0xff, 0x38, 0x24, 0x00, 0xff, 0x38, 0x24, 0x00, 0xff,
    0x30, 0x24, 0x08, 0xff, 0x38, 0x24, 0x00, 0xff, 0x30, 0x24, 0x08, 0xff,
    0x38, 0x24, 0x08, 0xff, 0x38, 0x24, 0x00, 0xff, 0x30, 0x24, 0x08, 0xff,
    0x38, 0x24, 0x00, 0xff, 0x38, 0x24, 0x08, 0xff, 0x30, 0x24, 0x00, 0xff,
    0x30, 0x24, 0x00, 0xff, 0x38, 0x24, 0x08, 0xff, 0x38, 0x24, 0x00, 0xff,
    0x38, 0x24, 0x08, 0xff, 0x38, 0x28, 0x08, 0xff, 0x38, 0x28, 0x08, 0xff,
    0x30, 0x24, 0x08, 0xd7, 0x00, 0x00, 0x00, 0x6d, 0x00, 0x00, 0x00, 0x59,
    0x00, 0x00, 0x00, 0x45, 0x00, 0x00, 0x00, 0x34, 0x00, 0x00, 0x00, 0x24,
    0x00, 0x00, 0x00, 0x1c, 0x00, 0x00, 0x00, 0x10, 0x00, 0x00, 0x00, 0x0c,
    0x00, 0x00, 0x00, 0x08, 0x00, 0x00, 0x00, 0x04, 0x00, 0x00, 0x00, 0x00,
    0x00, 0x00, 0x00, 0x00, 0x00, 0x00, 0x00, 0x00, 0x00, 0x00, 0x00, 0x00,
    0x00, 0x00, 0x00, 0x00, 0x00, 0x00, 0x00, 0x00, 0x00, 0x00, 0x00, 0x00,
    0x00, 0x00, 0x00, 0x00, 0x00, 0x00, 0x00, 0x00, 0x00, 0x00, 0x00, 0x00,
    0x00, 0x00, 0x00, 0x00, 0x00, 0x00, 0x00, 0x00, 0x00, 0x00, 0x00, 0x00,
    0x00, 0x00, 0x00, 0x00, 0x00, 0x00, 0x00, 0x00, 0x00, 0x00, 0x00, 0x00,
    0x00, 0x00, 0x00, 0x00, 0x00, 0x00, 0x00, 0x00, 0x00, 0x00, 0x00, 0x04,
    0x00, 0x00, 0x00, 0x08, 0x00, 0x00, 0x00, 0x10, 0x00, 0x00, 0x00, 0x14,
    0x00, 0x00, 0x00, 0x20, 0x00, 0x00, 0x00, 0x2c, 0x00, 0x00, 0x00, 0x3c,
    0x00, 0x00, 0x00, 0x4d, 0x00, 0x00, 0x00, 0x61, 0x18, 0x0c, 0x08, 0x92,
    0x38, 0x2c, 0x08, 0xff, 0x38, 0x28, 0x08, 0xff, 0x38, 0x24, 0x08, 0xff,
    0x38, 0x24, 0x08, 0xff, 0x30, 0x24, 0x00, 0xff, 0x30, 0x24, 0x00, 0xff,
    0x30, 0x24, 0x08, 0xff, 0x38, 0x24, 0x00, 0xff, 0x38, 0x24, 0x00, 0xff,
    0x30, 0x24, 0x08, 0xff, 0x38, 0x24, 0x00, 0xff, 0x30, 0x24, 0x00, 0xff,
    0x38, 0x24, 0x00, 0xff, 0x38, 0x24, 0x08, 0xff, 0x38, 0x24, 0x00, 0xff,
    0x30, 0x24, 0x08, 0xff, 0x38, 0x24, 0x08, 0xff, 0x30, 0x20, 0x00, 0xff,
    0x38, 0x24, 0x08, 0xff, 0x30, 0x24, 0x00, 0xff, 0x30, 0x24, 0x00, 0xff,
    0x30, 0x24, 0x08, 0xff, 0x38, 0x24, 0x00, 0xff, 0x38, 0x24, 0x08, 0xff,
    0x30, 0x24, 0x08, 0xff, 0x38, 0x24, 0x00, 0xff, 0x30, 0x24, 0x08, 0xff,
    0x38, 0x24, 0x00, 0xff, 0x38, 0x24, 0x00, 0xff, 0x30, 0x24, 0x08, 0xff,
    0x38, 0x24, 0x00, 0xff, 0x30, 0x24, 0x08, 0xff, 0x30, 0x24, 0x00, 0xff,
    0x38, 0x24, 0x08, 0xff, 0x38, 0x24, 0x00, 0xff, 0x30, 0x24, 0x08, 0xff,
    0x38, 0x24, 0x00, 0xff, 0x38, 0x24, 0x00, 0xff, 0x38, 0x24, 0x08, 0xff,
    0x30, 0x24, 0x00, 0xff, 0x30, 0x24, 0x00, 0xff, 0x38, 0x24, 0x08, 0xff,
    0x38, 0x24, 0x08, 0xff, 0x30, 0x24, 0x00, 0xff, 0x38, 0x24, 0x08, 0xff,
    0x38, 0x24, 0x08, 0xff, 0x30, 0x24, 0x00, 0xff, 0x38, 0x24, 0x00, 0xff,
    0x30, 0x24, 0x08, 0xff, 0x38, 0x24, 0x00, 0xff, 0x38, 0x24, 0x08, 0xff,
    0x38, 0x24, 0x08, 0xff, 0x38, 0x24, 0x00, 0xff, 0x30, 0x24, 0x00, 0xff,
    0x38, 0x24, 0x08, 0xff, 0x30, 0x24, 0x00, 0xff, 0x30, 0x24, 0x00, 0xff,
    0x38, 0x24, 0x08, 0xff, 0x38, 0x24, 0x00, 0xff, 0x30, 0x24, 0x00, 0xff,
    0x38, 0x24, 0x08, 0xff, 0x30, 0x24, 0x08, 0xff, 0x38, 0x24, 0x00, 0xff,
    0x30, 0x24, 0x00, 0xff, 0x38, 0x24, 0x00, 0xff, 0x30, 0x20, 0x08, 0xff,
    0x38, 0x24, 0x00, 0xff, 0x38, 0x24, 0x08, 0xff, 0x30, 0x20, 0x08, 0xff,
    0x30, 0x24, 0x00, 0xff, 0x38, 0x24, 0x08, 0xff, 0x30, 0x24, 0x00, 0xff,
    0x38, 0x20, 0x08, 0xff, 0x38, 0x24, 0x00, 0xff, 0x30, 0x24, 0x00, 0xff,
    0x38, 0x20, 0x00, 0xff, 0x38, 0x24, 0x00, 0xff, 0x30, 0x24, 0x08, 0xff,
    0x30, 0x20, 0x00, 0xff, 0x38, 0x24, 0x00, 0xff, 0x38, 0x24, 0x08, 0xff,
    0x30, 0x24, 0x08, 0xff, 0x38, 0x24, 0x08, 0xff, 0x30, 0x24, 0x08, 0xff,
    0x38, 0x24, 0x00, 0xff, 0x30, 0x24, 0x08, 0xff, 0x38, 0x24, 0x00, 0xff,
    0x30, 0x24, 0x08, 0xff, 0x30, 0x24, 0x00, 0xff, 0x38, 0x20, 0x00, 0xff,
    0x38, 0x24, 0x08, 0xff, 0x30, 0x24, 0x00, 0xff, 0x30, 0x24, 0x08, 0xff,
    0x38, 0x24, 0x08, 0xff, 0x30, 0x24, 0x08, 0xff, 0x38, 0x24, 0x08, 0xff,
    0x38, 0x24, 0x00, 0xff, 0x30, 0x20, 0x08, 0xff, 0x38, 0x24, 0x08, 0xff,
    0x30, 0x24, 0x00, 0xff, 0x38, 0x20, 0x00, 0xff, 0x30, 0x24, 0x08, 0xff,
    0x30, 0x24, 0x08, 0xff, 0x38, 0x20, 0x00, 0xff, 0x30, 0x24, 0x08, 0xff,
    0x38, 0x24, 0x00, 0xff, 0x38, 0x24, 0x08, 0xff, 0x30, 0x24, 0x00, 0xff,
    0x38, 0x24, 0x00, 0xff, 0x38, 0x24, 0x08, 0xff, 0x38, 0x24, 0x00, 0xff,
    0x38, 0x24, 0x00, 0xff, 0x38, 0x24, 0x08, 0xff, 0x38, 0x24, 0x00, 0xff,
    0x30, 0x24, 0x00, 0xff, 0x38, 0x24, 0x08, 0xff, 0x38, 0x24, 0x08, 0xff,
    0x30, 0x24, 0x00, 0xff, 0x38, 0x24, 0x08, 0xff, 0x38, 0x24, 0x00, 0xff,
    0x38, 0x24, 0x08, 0xff, 0x30, 0x24, 0x00, 0xff, 0x38, 0x24, 0x00, 0xff,
    0x30, 0x24, 0x08, 0xff, 0x38, 0x24, 0x08, 0xff, 0x30, 0x24, 0x00, 0xff,
    0x38, 0x24, 0x08, 0xff, 0x38, 0x24, 0x00, 0xff, 0x30, 0x24, 0x08, 0xff,
    0x30, 0x24, 0x08, 0xff, 0x38, 0x24, 0x00, 0xff, 0x38, 0x24, 0x08, 0xff,
    0x30, 0x24, 0x00, 0xff, 0x30, 0x24, 0x08, 0xff, 0x38, 0x24, 0x08, 0xff,
    0x38, 0x24, 0x00, 0xff, 0x30, 0x24, 0x00, 0xff, 0x38, 0x24, 0x08, 0xff,
    0x38, 0x24, 0x00, 0xff, 0x30, 0x24, 0x00, 0xff, 0x30, 0x24, 0x00, 0xff,
    0x38, 0x24, 0x00, 0xff, 0x30, 0x24, 0x00, 0xff, 0x30, 0x24, 0x08, 0xff,
    0x38, 0x24, 0x08, 0xff, 0x38, 0x24, 0x00, 0xff, 0x30, 0x24, 0x08, 0xff,
    0x30, 0x24, 0x00, 0xff, 0x38, 0x24, 0x00, 0xff, 0x38, 0x24, 0x08, 0xff,
    0x38, 0x24, 0x08, 0xff, 0x38, 0x28, 0x08, 0xff, 0x38, 0x2c, 0x08, 0xff,
    0x18, 0x10, 0x08, 0x92, 0x00, 0x00, 0x00, 0x61, 0x00, 0x00, 0x00, 0x4d,
    0x00, 0x00, 0x00, 0x3c, 0x00, 0x00, 0x00, 0x2c, 0x00, 0x00, 0x00, 0x20,
    0x00, 0x00, 0x00, 0x18, 0x00, 0x00, 0x00, 0x0c, 0x00, 0x00, 0x00, 0x08,
    0x00, 0x00, 0x00, 0x04, 0x00, 0x00, 0x00, 0x04, 0x00, 0x00, 0x00, 0x00,
    0x00, 0x00, 0x00, 0x00, 0x00, 0x00, 0x00, 0x00, 0x00, 0x00, 0x00, 0x00,
    0x00, 0x00, 0x00, 0x00, 0x00, 0x00, 0x00, 0x00, 0x00, 0x00, 0x00, 0x00,
    0x00, 0x00, 0x00, 0x00, 0x00, 0x00, 0x00, 0x00, 0x00, 0x00, 0x00, 0x00,
    0x00, 0x00, 0x00, 0x00, 0x00, 0x00, 0x00, 0x00, 0x00, 0x00, 0x00, 0x00,
    0x00, 0x00, 0x00, 0x00, 0x00, 0x00, 0x00, 0x00, 0x00, 0x00, 0x00, 0x00,
    0x00, 0x00, 0x00, 0x04, 0x00, 0x00, 0x00, 0x08, 0x00, 0x00, 0x00, 0x08,
    0x00, 0x00, 0x00, 0x10, 0x00, 0x00, 0x00, 0x1c, 0x00, 0x00, 0x00, 0x28,
    0x00, 0x00, 0x00, 0x34, 0x00, 0x00, 0x00, 0x45, 0x00, 0x00, 0x00, 0x59,
    0x00, 0x00, 0x00, 0x6d, 0x30, 0x24, 0x08, 0xd7, 0x38, 0x28, 0x08, 0xff,
    0x38, 0x28, 0x08, 0xff, 0x38, 0x28, 0x08, 0xff, 0x38, 0x24, 0x00, 0xff,
    0x38, 0x24, 0x00, 0xff, 0x30, 0x24, 0x08, 0xff, 0x38, 0x24, 0x00, 0xff,
    0x30, 0x24, 0x08, 0xff, 0x30, 0x24, 0x00, 0xff, 0x38, 0x24, 0x08, 0xff,
    0x30, 0x24, 0x00, 0xff, 0x30, 0x24, 0x08, 0xff, 0x30, 0x24, 0x08, 0xff,
    0x38, 0x24, 0x00, 0xff, 0x30, 0x20, 0x08, 0xff, 0x38, 0x24, 0x00, 0xff,
    0x38, 0x24, 0x00, 0xff, 0x38, 0x24, 0x08, 0xff, 0x38, 0x24, 0x08, 0xff,
    0x38, 0x24, 0x00, 0xff, 0x30, 0x24, 0x08, 0xff, 0x38, 0x24, 0x00, 0xff,
    0x30, 0x24, 0x08, 0xff, 0x30, 0x24, 0x00, 0xff, 0x38, 0x24, 0x00, 0xff,
    0x30, 0x20, 0x08, 0xff, 0x38, 0x24, 0x00, 0xff, 0x38, 0x24, 0x00, 0xff,
    0x30, 0x24, 0x08, 0xff, 0x38, 0x24, 0x00, 0xff, 0x38, 0x24, 0x08, 0xff,
    0x38, 0x24, 0x00, 0xff, 0x30, 0x24, 0x08, 0xff, 0x30, 0x24, 0x00, 0xff,
    0x38, 0x24, 0x08, 0xff, 0x38, 0x20, 0x00, 0xff, 0x30, 0x24, 0x08, 0xff,
    0x38, 0x24, 0x08, 0xff, 0x30, 0x24, 0x00, 0xff, 0x38, 0x20, 0x08, 0xff,
    0x30, 0x24, 0x08, 0xff, 0x30, 0x24, 0x00, 0xff, 0x38, 0x20, 0x08, 0xff,
    0x30, 0x24, 0x00, 0xff, 0x30, 0x24, 0x00, 0xff, 0x38, 0x24, 0x08, 0xff,
    0x30, 0x20, 0x08, 0xff, 0x30, 0x24, 0x00, 0xff, 0x38, 0x24, 0x08, 0xff,
    0x30, 0x24, 0x00, 0xff, 0x30, 0x24, 0x00, 0xff, 0x38, 0x24, 0x08, 0xff,
    0x30, 0x24, 0x00, 0xff, 0x38, 0x24, 0x08, 0xff, 0x30, 0x24, 0x08, 0xff,
    0x38, 0x24, 0x00, 0xff, 0x38, 0x24, 0x08, 0xff, 0x30, 0x24, 0x08, 0xff,
    0x38, 0x24, 0x00, 0xff, 0x38, 0x24, 0x08, 0xff, 0x30, 0x24, 0x00, 0xff,
    0x38, 0x20, 0x00, 0xff, 0x38, 0x24, 0x08, 0xff, 0x30, 0x24, 0x00, 0xff,
    0x38, 0x24, 0x08, 0xff, 0x38, 0x24, 0x00, 0xff, 0x30, 0x24, 0x00, 0xff,
    0x38, 0x24, 0x00, 0xff, 0x30, 0x24, 0x08, 0xff, 0x38, 0x24, 0x08, 0xff,
    0x38, 0x20, 0x00, 0xff, 0x30, 0x24, 0x08, 0xff, 0x38, 0x24, 0x00, 0xff,
    0x30, 0x24, 0x08, 0xff, 0x30, 0x24, 0x08, 0xff, 0x38, 0x24, 0x00, 0xff,
    0x30, 0x24, 0x00, 0xff, 0x38, 0x24, 0x00, 0xff, 0x38, 0x24, 0x08, 0xff,
    0x30, 0x24, 0x00, 0xff, 0x38, 0x24, 0x00, 0xff, 0x38, 0x24, 0x00, 0xff,
    0x30, 0x20, 0x00, 0xff, 0x38, 0x24, 0x08, 0xff, 0x30, 0x24, 0x00, 0xff,
    0x38, 0x24, 0x08, 0xff, 0x30, 0x24, 0x08, 0xff, 0x38, 0x24, 0x00, 0xff,
    0x38, 0x24, 0x00, 0xff, 0x38, 0x24, 0x08, 0xff, 0x38, 0x24, 0x00, 0xff,
    0x30, 0x24, 0x08, 0xff, 0x38, 0x20, 0x00, 0xff, 0x38, 0x24, 0x00, 0xff,
    0x30, 0x24, 0x08, 0xff, 0x38, 0x24, 0x00, 0xff, 0x30, 0x24, 0x00, 0xff,
    0x38, 0x24, 0x00, 0xff, 0x38, 0x24, 0x08, 0xff, 0x30, 0x24, 0x00, 0xff,
    0x38, 0x24, 0x08, 0xff, 0x30, 0x24, 0x00, 0xff, 0x38, 0x24, 0x08, 0xff,
    0x30, 0x20, 0x08, 0xff, 0x30, 0x24, 0x00, 0xff, 0x38, 0x24, 0x08, 0xff,
    0x38, 0x20, 0x00, 0xff, 0x30, 0x24, 0x08, 0xff, 0x38, 0x24, 0x08, 0xff,
    0x30, 0x24, 0x00, 0xff, 0x30, 0x24, 0x08, 0xff, 0x30, 0x24, 0x08, 0xff,
    0x38, 0x24, 0x00, 0xff, 0x30, 0x24, 0x00, 0xff, 0x30, 0x24, 0x00, 0xff,
    0x38, 0x24, 0x08, 0xff, 0x30, 0x20, 0x00, 0xff, 0x38, 0x24, 0x08, 0xff,
    0x30, 0x24, 0x00, 0xff, 0x38, 0x24, 0x00, 0xff, 0x38, 0x24, 0x00, 0xff,
    0x30, 0x24, 0x08, 0xff, 0x38, 0x24, 0x00, 0xff, 0x38, 0x24, 0x00, 0xff,
    0x30, 0x24, 0x08, 0xff, 0x38, 0x24, 0x00, 0xff, 0x30, 0x24, 0x00, 0xff,
    0x38, 0x24, 0x08, 0xff, 0x38, 0x20, 0x00, 0xff, 0x30, 0x24, 0x00, 0xff,
    0x38, 0x24, 0x08, 0xff, 0x38, 0x24, 0x00, 0xff, 0x38, 0x24, 0x00, 0xff,
    0x38, 0x24, 0x00, 0xff, 0x30, 0x24, 0x08, 0xff, 0x38, 0x24, 0x08, 0xff,
    0x30, 0x24, 0x08, 0xff, 0x38, 0x24, 0x00, 0xff, 0x38, 0x24, 0x08, 0xff,
    0x38, 0x24, 0x00, 0xff, 0x38, 0x24, 0x08, 0xff, 0x38, 0x24, 0x08, 0xff,
    0x30, 0x20, 0x00, 0xff, 0x30, 0x24, 0x08, 0xff, 0x38, 0x20, 0x00, 0xff,
    0x30, 0x24, 0x08, 0xff, 0x38, 0x24, 0x08, 0xff, 0x38, 0x24, 0x00, 0xff,
    0x30, 0x24, 0x08, 0xff, 0x30, 0x24, 0x08, 0xff, 0x38, 0x24, 0x08, 0xff,
    0x38, 0x24, 0x08, 0xff, 0x38, 0x28, 0x08, 0xff, 0x30, 0x24, 0x08, 0xdb,
    0x00, 0x00, 0x00, 0x6d, 0x00, 0x00, 0x00, 0x59, 0x00, 0x00, 0x00, 0x45,
    0x00, 0x00, 0x00, 0x34, 0x00, 0x00, 0x00, 0x28, 0x00, 0x00, 0x00, 0x1c,
    0x00, 0x00, 0x00, 0x10, 0x00, 0x00, 0x00, 0x08, 0x00, 0x00, 0x00, 0x08,
    0x00, 0x00, 0x00, 0x04, 0x00, 0x00, 0x00, 0x00, 0x00, 0x00, 0x00, 0x00,
    0x00, 0x00, 0x00, 0x00, 0x00, 0x00, 0x00, 0x00, 0x00, 0x00, 0x00, 0x00,
    0x00, 0x00, 0x00, 0x00, 0x00, 0x00, 0x00, 0x00, 0x00, 0x00, 0x00, 0x00,
    0x00, 0x00, 0x00, 0x00, 0x00, 0x00, 0x00, 0x00, 0x00, 0x00, 0x00, 0x00,
    0x00, 0x00, 0x00, 0x00, 0x00, 0x00, 0x00, 0x00, 0x00, 0x00, 0x00, 0x00,
    0x00, 0x00, 0x00, 0x00, 0x00, 0x00, 0x00, 0x04, 0x00, 0x00, 0x00, 0x04,
    0x00, 0x00, 0x00, 0x08, 0x00, 0x00, 0x00, 0x0c, 0x00, 0x00, 0x00, 0x14,
    0x00, 0x00, 0x00, 0x20, 0x00, 0x00, 0x00, 0x2c, 0x00, 0x00, 0x00, 0x3c,
    0x00, 0x00, 0x00, 0x4d, 0x00, 0x00, 0x00, 0x61, 0x18, 0x10, 0x08, 0x96,
    0x38, 0x28, 0x08, 0xff, 0x38, 0x28, 0x08, 0xff, 0x38, 0x24, 0x08, 0xff,
    0x38, 0x24, 0x08, 0xff, 0x38, 0x24, 0x00, 0xff, 0x30, 0x24, 0x08, 0xff,
    0x38, 0x24, 0x00, 0xff, 0x38, 0x24, 0x08, 0xff, 0x38, 0x24, 0x00, 0xff,
    0x30, 0x20, 0x00, 0xff, 0x38, 0x24, 0x08, 0xff, 0x38, 0x24, 0x08, 0xff,
    0x38, 0x20, 0x00, 0xff, 0x30, 0x24, 0x00, 0xff, 0x30, 0x24, 0x08, 0xff,
    0x38, 0x24, 0x00, 0xff, 0x30, 0x24, 0x00, 0xff, 0x30, 0x20, 0x08, 0xff,
    0x38, 0x24, 0x00, 0xff, 0x30, 0x24, 0x00, 0xff, 0x30, 0x24, 0x00, 0xff,
    0x38, 0x24, 0x08, 0xff, 0x38, 0x24, 0x00, 0xff, 0x30, 0x24, 0x00, 0xff,
    0x38, 0x20, 0x08, 0xff, 0x30, 0x24, 0x00, 0xff, 0x38, 0x24, 0x08, 0xff,
    0x30, 0x24, 0x08, 0xff, 0x38, 0x24, 0x00, 0xff, 0x30, 0x20, 0x00, 0xff,
    0x30, 0x24, 0x08, 0xff, 0x38, 0x24, 0x00, 0xff, 0x30, 0x20, 0x00, 0xff,
    0x38, 0x24, 0x00, 0xff, 0x38, 0x24, 0x00, 0xff, 0x30, 0x24, 0x08, 0xff,
    0x38, 0x24, 0x00, 0xff, 0x38, 0x24, 0x00, 0xff, 0x30, 0x24, 0x08, 0xff,
    0x38, 0x24, 0x00, 0xff, 0x38, 0x24, 0x00, 0xff, 0x38, 0x24, 0x08, 0xff,
    0x38, 0x24, 0x00, 0xff, 0x38, 0x20, 0x00, 0xff, 0x38, 0x24, 0x08, 0xff,
    0x38, 0x24, 0x00, 0xff, 0x30, 0x20, 0x00, 0xff, 0x38, 0x24, 0x08, 0xff,
    0x38, 0x24, 0x00, 0xff, 0x38, 0x24, 0x08, 0xff, 0x30, 0x20, 0x08, 0xff,
    0x38, 0x24, 0x00, 0xff, 0x38, 0x24, 0x00, 0xff, 0x38, 0x24, 0x00, 0xff,
    0x30, 0x24, 0x08, 0xff, 0x38, 0x24, 0x00, 0xff, 0x30, 0x20, 0x00, 0xff,
    0x38, 0x24, 0x08, 0xff, 0x30, 0x20, 0x00, 0xff, 0x30, 0x24, 0x08, 0xff,
    0x38, 0x24, 0x00, 0xff, 0x30, 0x20, 0x00, 0xff, 0x38, 0x24, 0x00, 0xff,
    0x38, 0x24, 0x08, 0xff, 0x30, 0x20, 0x08, 0xff, 0x30, 0x24, 0x00, 0xff,
    0x38, 0x24, 0x00, 0xff, 0x38, 0x20, 0x08, 0xff, 0x30, 0x24, 0x08, 0xff,
    0x38, 0x24, 0x00, 0xff, 0x38, 0x24, 0x00, 0xff, 0x30, 0x24, 0x00, 0xff,
    0x30, 0x20, 0x08, 0xff, 0x38, 0x24, 0x00, 0xff, 0x38, 0x24, 0x00, 0xff,
    0x38, 0x20, 0x08, 0xff, 0x30, 0x24, 0x08, 0xff, 0x30, 0x24, 0x08, 0xff,
    0x38, 0x20, 0x08, 0xff, 0x38, 0x24, 0x08, 0xff, 0x30, 0x24, 0x08, 0xff,
    0x38, 0x24, 0x00, 0xff, 0x38, 0x24, 0x08, 0xff, 0x30, 0x24, 0x08, 0xff,
    0x38, 0x20, 0x00, 0xff, 0x38, 0x24, 0x00, 0xff, 0x30, 0x24, 0x00, 0xff,
    0x38, 0x20, 0x08, 0xff, 0x38, 0x24, 0x00, 0xff, 0x30, 0x24, 0x08, 0xff,
    0x30, 0x20, 0x08, 0xff, 0x38, 0x24, 0x00, 0xff, 0x38, 0x24, 0x08, 0xff,
    0x38, 0x24, 0x00, 0xff, 0x30, 0x20, 0x00, 0xff, 0x38, 0x24, 0x00, 0xff,
    0x38, 0x20, 0x08, 0xff, 0x30, 0x24, 0x08, 0xff, 0x38, 0x24, 0x00, 0xff,
    0x30, 0x24, 0x00, 0xff, 0x30, 0x20, 0x08, 0xff, 0x38, 0x24, 0x00, 0xff,
    0x38, 0x24, 0x00, 0xff, 0x38, 0x24, 0x00, 0xff, 0x38, 0x24, 0x00, 0xff,
    0x30, 0x24, 0x00, 0xff, 0x38, 0x24, 0x08, 0xff, 0x30, 0x24, 0x00, 0xff,
    0x38, 0x20, 0x00, 0xff, 0x38, 0x24, 0x00, 0xff, 0x38, 0x24, 0x00, 0xff,
    0x30, 0x24, 0x00, 0xff, 0x38, 0x20, 0x08, 0xff, 0x38, 0x24, 0x08, 0xff,
    0x30, 0x24, 0x00, 0xff, 0x38, 0x20, 0x08, 0xff, 0x38, 0x24, 0x08, 0xff,
    0x38, 0x24, 0x00, 0xff, 0x30, 0x20, 0x08, 0xff, 0x38, 0x24, 0x00, 0xff,
    0x30, 0x24, 0x08, 0xff, 0x30, 0x24, 0x08, 0xff, 0x38, 0x24, 0x00, 0xff,
    0x30, 0x24, 0x08, 0xff, 0x38, 0x24, 0x08, 0xff, 0x38, 0x24, 0x00, 0xff,
    0x30, 0x20, 0x08, 0xff, 0x30, 0x24, 0x00, 0xff, 0x38, 0x24, 0x00, 0xff,
    0x30, 0x24, 0x00, 0xff, 0x30, 0x20, 0x08, 0xff, 0x38, 0x24, 0x08, 0xff,
    0x30, 0x20, 0x08, 0xff, 0x30, 0x24, 0x00, 0xff, 0x38, 0x24, 0x08, 0xff,
    0x38, 0x24, 0x00, 0xff, 0x30, 0x24, 0x00, 0xff, 0x30, 0x24, 0x00, 0xff,
    0x38, 0x24, 0x08, 0xff, 0x30, 0x24, 0x08, 0xff, 0x30, 0x24, 0x00, 0xff,
    0x38, 0x24, 0x00, 0xff, 0x38, 0x24, 0x08, 0xff, 0x38, 0x24, 0x08, 0xff,
    0x30, 0x24, 0x00, 0xff, 0x38, 0x24, 0x00, 0xff, 0x30, 0x24, 0x00, 0xff,
    0x38, 0x24, 0x08, 0xff, 0x38, 0x20, 0x00, 0xff, 0x30, 0x24, 0x00, 0xff,
    0x38, 0x24, 0x00, 0xff, 0x38, 0x24, 0x08, 0xff, 0x38, 0x24, 0x08, 0xff,
    0x38, 0x28, 0x08, 0xff, 0x40, 0x28, 0x08, 0xff, 0x18, 0x10, 0x08, 0x92,
    0x00, 0x00, 0x00, 0x61, 0x00, 0x00, 0x00, 0x4d, 0x00, 0x00, 0x00, 0x3c,
    0x00, 0x00, 0x00, 0x2c, 0x00, 0x00, 0x00, 0x20, 0x00, 0x00, 0x00, 0x14,
    0x00, 0x00, 0x00, 0x0c, 0x00, 0x00, 0x00, 0x08, 0x00, 0x00, 0x00, 0x04,
    0x00, 0x00, 0x00, 0x00, 0x00, 0x00, 0x00, 0x00, 0x00, 0x00, 0x00, 0x00,
    0x00, 0x00, 0x00, 0x00, 0x00, 0x00, 0x00, 0x00, 0x00, 0x00, 0x00, 0x00,
    0x00, 0x00, 0x00, 0x00, 0x00, 0x00, 0x00, 0x00, 0x00, 0x00, 0x00, 0x00,
    0x00, 0x00, 0x00, 0x00, 0x00, 0x00, 0x00, 0x00, 0x00, 0x00, 0x00, 0x00,
    0x00, 0x00, 0x00, 0x00, 0x00, 0x00, 0x00, 0x00, 0x00, 0x00, 0x00, 0x00,
    0x00, 0x00, 0x00, 0x00, 0x00, 0x00, 0x00, 0x04, 0x00, 0x00, 0x00, 0x0c,
    0x00, 0x00, 0x00, 0x10, 0x00, 0x00, 0x00, 0x1c, 0x00, 0x00, 0x00, 0x24,
    0x00, 0x00, 0x00, 0x34, 0x00, 0x00, 0x00, 0x45, 0x00, 0x00, 0x00, 0x55,
    0x00, 0x00, 0x00, 0x6d, 0x30, 0x24, 0x08, 0xd7, 0x38, 0x28, 0x08, 0xff,
    0x38, 0x28, 0x08, 0xff, 0x38, 0x24, 0x08, 0xff, 0x30, 0x24, 0x08, 0xff,
    0x38, 0x24, 0x00, 0xff, 0x30, 0x24, 0x08, 0xff, 0x30, 0x20, 0x00, 0xff,
    0x38, 0x24, 0x08, 0xff, 0x30, 0x24, 0x00, 0xff, 0x30, 0x24, 0x00, 0xff,
    0x38, 0x24, 0x08, 0xff, 0x30, 0x24, 0x08, 0xff, 0x38, 0x24, 0x00, 0xff,
    0x38, 0x24, 0x08, 0xff, 0x30, 0x24, 0x08, 0xff, 0x38, 0x24, 0x00, 0xff,
    0x38, 0x24, 0x08, 0xff, 0x30, 0x20, 0x08, 0xff, 0x30, 0x24, 0x00, 0xff,
    0x38, 0x24, 0x08, 0xff, 0x30, 0x24, 0x00, 0xff, 0x38, 0x24, 0x08, 0xff,
    0x30, 0x20, 0x00, 0xff, 0x38, 0x24, 0x00, 0xff, 0x38, 0x24, 0x08, 0xff,
    0x38, 0x24, 0x08, 0xff, 0x30, 0x24, 0x00, 0xff, 0x30, 0x24, 0x08, 0xff,
    0x38, 0x20, 0x08, 0xff, 0x38, 0x24, 0x00, 0xff, 0x38, 0x24, 0x08, 0xff,
    0x30, 0x24, 0x08, 0xff, 0x30, 0x24, 0x08, 0xff, 0x38, 0x20, 0x00, 0xff,
    0x30, 0x24, 0x08, 0xff, 0x38, 0x24, 0x08, 0xff, 0x30, 0x24, 0x00, 0xff,
    0x30, 0x20, 0x00, 0xff, 0x30, 0x24, 0x08, 0xff, 0x38, 0x24, 0x00, 0xff,
    0x30, 0x20, 0x08, 0xff, 0x30, 0x24, 0x00, 0xff, 0x38, 0x24, 0x08, 0xff,
    0x30, 0x24, 0x08, 0xff, 0x30, 0x24, 0x08, 0xff, 0x38, 0x24, 0x00, 0xff,
    0x38, 0x24, 0x00, 0xff, 0x30, 0x24, 0x08, 0xff, 0x30, 0x24, 0x00, 0xff,
    0x38, 0x24, 0x00, 0xff, 0x30, 0x24, 0x08, 0xff, 0x30, 0x24, 0x08, 0xff,
    0x38, 0x20, 0x00, 0xff, 0x30, 0x24, 0x00, 0xff, 0x38, 0x24, 0x08, 0xff,
    0x30, 0x24, 0x00, 0xff, 0x38, 0x24, 0x00, 0xff, 0x30, 0x20, 0x08, 0xff,
    0x38, 0x24, 0x00, 0xff, 0x30, 0x24, 0x00, 0xff, 0x30, 0x24, 0x08, 0xff,
    0x38, 0x24, 0x08, 0xff, 0x38, 0x24, 0x00, 0xff, 0x30, 0x24, 0x00, 0xff,
    0x30, 0x24, 0x00, 0xff, 0x38, 0x24, 0x08, 0xff, 0x30, 0x20, 0x08, 0xff,
    0x30, 0x24, 0x00, 0xff, 0x30, 0x24, 0x08, 0xff, 0x38, 0x20, 0x00, 0xff,
    0x38, 0x24, 0x08, 0xff, 0x30, 0x24, 0x08, 0xff, 0x38, 0x24, 0x00, 0xff,
    0x38, 0x24, 0x08, 0xff, 0x30, 0x24, 0x00, 0xff, 0x38, 0x24, 0x00, 0xff,
    0x38, 0x24, 0x00, 0xff, 0x30, 0x24, 0x00, 0xff, 0x38, 0x24, 0x00, 0xff,
    0x38, 0x20, 0x00, 0xff, 0x30, 0x24, 0x00, 0xff, 0x30, 0x24, 0x00, 0xff,
    0x38, 0x20, 0x08, 0xff, 0x30, 0x24, 0x00, 0xff, 0x30, 0x24, 0x08, 0xff,
    0x38, 0x24, 0x08, 0xff, 0x38, 0x24, 0x00, 0xff, 0x30, 0x20, 0x00, 0xff,
    0x38, 0x24, 0x08, 0xff, 0x30, 0x24, 0x00, 0xff, 0x38, 0x20, 0x00, 0xff,
    0x30, 0x24, 0x08, 0xff, 0x30, 0x24, 0x00, 0xff, 0x30, 0x24, 0x08, 0xff,
    0x30, 0x24, 0x08, 0xff, 0x38, 0x24, 0x00, 0xff, 0x30, 0x24, 0x00, 0xff,
    0x30, 0x20, 0x08, 0xff, 0x38, 0x24, 0x08, 0xff, 0x38, 0x24, 0x00, 0xff,
    0x30, 0x20, 0x00, 0xff, 0x38, 0x24, 0x08, 0xff, 0x30, 0x24, 0x00, 0xff,
    0x30, 0x20, 0x08, 0xff, 0x38, 0x24, 0x08, 0xff, 0x30, 0x24, 0x00, 0xff,
    0x30, 0x20, 0x08, 0xff, 0x38, 0x24, 0x08, 0xff, 0x30, 0x24, 0x00, 0xff,
    0x30, 0x24, 0x08, 0xff, 0x38, 0x24, 0x08, 0xff, 0x38, 0x20, 0x00, 0xff,
    0x30, 0x24, 0x00, 0xff, 0x30, 0x24, 0x00, 0xff, 0x38, 0x24, 0x08, 0xff,
    0x30, 0x24, 0x00, 0xff, 0x38, 0x24, 0x00, 0xff, 0x30, 0x24, 0x00, 0xff,
    0x30, 0x24, 0x08, 0xff, 0x38, 0x24, 0x08, 0xff, 0x30, 0x20, 0x00, 0xff,
    0x38, 0x24, 0x08, 0xff, 0x30, 0x20, 0x00, 0xff, 0x30, 0x24, 0x00, 0xff,
    0x38, 0x24, 0x08, 0xff, 0x38, 0x24, 0x00, 0xff, 0x38, 0x24, 0x08, 0xff,
    0x38, 0x24, 0x08, 0xff, 0x30, 0x24, 0x08, 0xff, 0x38, 0x24, 0x00, 0xff,
    0x38, 0x24, 0x00, 0xff, 0x38, 0x24, 0x00, 0xff, 0x30, 0x24, 0x08, 0xff,
    0x30, 0x20, 0x08, 0xff, 0x38, 0x24, 0x00, 0xff, 0x30, 0x20, 0x00, 0xff,
    0x30, 0x24, 0x08, 0xff, 0x38, 0x20, 0x00, 0xff, 0x30, 0x24, 0x08, 0xff,
    0x38, 0x24, 0x00, 0xff, 0x30, 0x20, 0x08, 0xff, 0x30, 0x24, 0x00, 0xff,
    0x30, 0x24, 0x00, 0xff, 0x38, 0x24, 0x00, 0xff, 0x38, 0x24, 0x08, 0xff,
    0x30, 0x24, 0x08, 0xff, 0x38, 0x24, 0x00, 0xff, 0x38, 0x24, 0x08, 0xff,
    0x30, 0x24, 0x08, 0xff, 0x30, 0x24, 0x00, 0xff, 0x38, 0x24, 0x00, 0xff,
    0x38, 0x24, 0x08, 0xff, 0x38, 0x24, 0x00, 0xff, 0x38, 0x28, 0x08, 0xff,
    0x38, 0x28, 0x08, 0xff, 0x30, 0x24, 0x08, 0xd7, 0x00, 0x00, 0x00, 0x6d,
    0x00, 0x00, 0x00, 0x59, 0x00, 0x00, 0x00, 0x45, 0x00, 0x00, 0x00, 0x34,
    0x00, 0x00, 0x00, 0x24, 0x00, 0x00, 0x00, 0x1c, 0x00, 0x00, 0x00, 0x10,
    0x00, 0x00, 0x00, 0x0c, 0x00, 0x00, 0x00, 0x04, 0x00, 0x00, 0x00, 0x04,
    0x00, 0x00, 0x00, 0x00, 0x00, 0x00, 0x00, 0x00, 0x00, 0x00, 0x00, 0x00,
    0x00, 0x00, 0x00, 0x00, 0x00, 0x00, 0x00, 0x00, 0x00, 0x00, 0x00, 0x00,
    0x00, 0x00, 0x00, 0x00, 0x00, 0x00, 0x00, 0x00, 0x00, 0x00, 0x00, 0x00,
    0x00, 0x00, 0x00, 0x00, 0x00, 0x00, 0x00, 0x00, 0x00, 0x00, 0x00, 0x00,
    0x00, 0x00, 0x00, 0x00, 0x00, 0x00, 0x00, 0x00, 0x00, 0x00, 0x00, 0x04,
    0x00, 0x00, 0x00, 0x08, 0x00, 0x00, 0x00, 0x0c, 0x00, 0x00, 0x00, 0x14,
    0x00, 0x00, 0x00, 0x20, 0x00, 0x00, 0x00, 0x2c, 0x00, 0x00, 0x00, 0x3c,
    0x00, 0x00, 0x00, 0x4d, 0x00, 0x00, 0x00, 0x61, 0x10, 0x0c, 0x08, 0x8e,
    0x38, 0x2c, 0x08, 0xff, 0x38, 0x28, 0x08, 0xff, 0x38, 0x24, 0x08, 0xff,
    0x38, 0x24, 0x08, 0xff, 0x38, 0x24, 0x00, 0xff, 0x30, 0x24, 0x00, 0xff,
    0x38, 0x24, 0x08, 0xff, 0x30, 0x24, 0x00, 0xff, 0x38, 0x24, 0x00, 0xff,
    0x38, 0x24, 0x08, 0xff, 0x30, 0x20, 0x00, 0xff, 0x38, 0x24, 0x00, 0xff,
    0x30, 0x24, 0x08, 0xff, 0x30, 0x24, 0x00, 0xff, 0x38, 0x20, 0x00, 0xff,
    0x30, 0x24, 0x08, 0xff, 0x38, 0x24, 0x00, 0xff, 0x38, 0x20, 0x00, 0xff,
    0x38, 0x24, 0x08, 0xff, 0x30, 0x24, 0x08, 0xff, 0x38, 0x24, 0x00, 0xff,
    0x38, 0x20, 0x00, 0xff, 0x38, 0x24, 0x08, 0xff, 0x30, 0x24, 0x08, 0xff,
    0x38, 0x24, 0x00, 0xff, 0x38, 0x24, 0x00, 0xff, 0x30, 0x24, 0x08, 0xff,
    0x38, 0x24, 0x00, 0xff, 0x30, 0x24, 0x00, 0xff, 0x30, 0x24, 0x08, 0xff,
    0x38, 0x24, 0x00, 0xff, 0x30, 0x24, 0x00, 0xff, 0x38, 0x20, 0x08, 0xff,
    0x38, 0x24, 0x00, 0xff, 0x30, 0x24, 0x00, 0xff, 0x38, 0x24, 0x08, 0xff,
    0x30, 0x20, 0x00, 0xff, 0x38, 0x24, 0x08, 0xff, 0x38, 0x24, 0x08, 0xff,
    0x30, 0x24, 0x00, 0xff, 0x38, 0x24, 0x08, 0xff, 0x30, 0x20, 0x00, 0xff,
    0x38, 0x24, 0x08, 0xff, 0x30, 0x24, 0x00, 0xff, 0x38, 0x24, 0x00, 0xff,
    0x30, 0x20, 0x00, 0xff, 0x38, 0x24, 0x08, 0xff, 0x30, 0x20, 0x08, 0xff,
    0x38, 0x24, 0x00, 0xff, 0x30, 0x20, 0x00, 0xff, 0x38, 0x24, 0x00, 0xff,
    0x38, 0x24, 0x08, 0xff, 0x30, 0x24, 0x00, 0xff, 0x38, 0x24, 0x08, 0xff,
    0x30, 0x24, 0x00, 0xff, 0x38, 0x20, 0x08, 0xff, 0x38, 0x24, 0x08, 0xff,
    0x38, 0x24, 0x00, 0xff, 0x30, 0x24, 0x08, 0xff, 0x38, 0x24, 0x08, 0xff,
    0x38, 0x24, 0x00, 0xff, 0x30, 0x20, 0x08, 0xff, 0x38, 0x24, 0x00, 0xff,
    0x30, 0x24, 0x00, 0xff, 0x38, 0x20, 0x08, 0xff, 0x38, 0x24, 0x00, 0xff,
    0x38, 0x24, 0x08, 0xff, 0x30, 0x24, 0x00, 0xff, 0x38, 0x24, 0x00, 0xff,
    0x30, 0x24, 0x00, 0xff, 0x30, 0x24, 0x00, 0xff, 0x38, 0x20, 0x08, 0xff,
    0x30, 0x24, 0x00, 0xff, 0x30, 0x24, 0x08, 0xff, 0x38, 0x24, 0x08, 0xff,
    0x30, 0x20, 0x08, 0xff, 0x30, 0x24, 0x00, 0xff, 0x38, 0x24, 0x00, 0xff,
    0x38, 0x24, 0x08, 0xff, 0x30, 0x24, 0x08, 0xff, 0x38, 0x24, 0x00, 0xff,
    0x38, 0x20, 0x08, 0xff, 0x38, 0x24, 0x08, 0xff, 0x30, 0x24, 0x00, 0xff,
    0x38, 0x24, 0x00, 0xff, 0x30, 0x24, 0x08, 0xff, 0x30, 0x20, 0x08, 0xff,
    0x38, 0x24, 0x00, 0xff, 0x30, 0x24, 0x08, 0xff, 0x30, 0x24, 0x00, 0xff,
    0x38, 0x24, 0x00, 0xff, 0x38, 0x24, 0x00, 0xff, 0x30, 0x24, 0x08, 0xff,
    0x38, 0x24, 0x00, 0xff, 0x38, 0x20, 0x08, 0xff, 0x38, 0x24, 0x08, 0xff,
    0x30, 0x24, 0x00, 0xff, 0x38, 0x24, 0x08, 0xff, 0x30, 0x24, 0x00, 0xff,
    0x38, 0x24, 0x00, 0xff, 0x38, 0x24, 0x08, 0xff, 0x38, 0x24, 0x08, 0xff,
    0x30, 0x24, 0x00, 0xff, 0x38, 0x24, 0x00, 0xff, 0x30, 0x20, 0x08, 0xff,
    0x38, 0x24, 0x08, 0xff, 0x38, 0x24, 0x00, 0xff, 0x30, 0x24, 0x00, 0xff,
    0x38, 0x24, 0x00, 0xff, 0x38, 0x24, 0x08, 0xff, 0x30, 0x24, 0x00, 0xff,
    0x30, 0x24, 0x08, 0xff, 0x38, 0x24, 0x08, 0xff, 0x38, 0x24, 0x00, 0xff,
    0x30, 0x24, 0x00, 0xff, 0x38, 0x20, 0x08, 0xff, 0x30, 0x24, 0x00, 0xff,
    0x38, 0x24, 0x00, 0xff, 0x38, 0x24, 0x08, 0xff, 0x30, 0x24, 0x00, 0xff,
    0x38, 0x24, 0x00, 0xff, 0x38, 0x24, 0x08, 0xff, 0x38, 0x24, 0x00, 0xff,
    0x38, 0x24, 0x08, 0xff, 0x30, 0x24, 0x00, 0xff, 0x30, 0x20, 0x00, 0xff,
    0x30, 0x24, 0x08, 0xff, 0x38, 0x24, 0x00, 0xff, 0x30, 0x20, 0x00, 0xff,
    0x30, 0x24, 0x08, 0xff, 0x38, 0x20, 0x08, 0xff, 0x38, 0x24, 0x00, 0xff,
    0x30, 0x24, 0x00, 0xff, 0x38, 0x24, 0x00, 0xff, 0x38, 0x24, 0x08, 0xff,
    0x30, 0x24, 0x00, 0xff, 0x38, 0x24, 0x08, 0xff, 0x38, 0x24, 0x00, 0xff,
    0x30, 0x24, 0x08, 0xff, 0x38, 0x24, 0x00, 0xff, 0x38, 0x24, 0x00, 0xff,
    0x38, 0x24, 0x08, 0xff, 0x38, 0x20, 0x08, 0xff, 0x30, 0x24, 0x08, 0xff,
    0x30, 0x24, 0x00, 0xff, 0x38, 0x20, 0x00, 0xff, 0x30, 0x24, 0x08, 0xff,
    0x30, 0x24, 0x00, 0xff, 0x38, 0x20, 0x00, 0xff, 0x30, 0x24, 0x00, 0xff,
    0x38, 0x24, 0x08, 0xff, 0x30, 0x24, 0x08, 0xff, 0x30, 0x24, 0x00, 0xff,
    0x38, 0x24, 0x08, 0xff, 0x38, 0x24, 0x08, 0xff, 0x38, 0x28, 0x08, 0xff,
    0x38, 0x28, 0x08, 0xff, 0x10, 0x0c, 0x08, 0x8a, 0x00, 0x00, 0x00, 0x61,
    0x00, 0x00, 0x00, 0x4d, 0x00, 0x00, 0x00, 0x3c, 0x00, 0x00, 0x00, 0x2c,
    0x00, 0x00, 0x00, 0x20, 0x00, 0x00, 0x00, 0x14, 0x00, 0x00, 0x00, 0x0c,
    0x00, 0x00, 0x00, 0x08, 0x00, 0x00, 0x00, 0x04, 0x00, 0x00, 0x00, 0x00,
    0x00, 0x00, 0x00, 0x00, 0x00, 0x00, 0x00, 0x00, 0x00, 0x00, 0x00, 0x00,
    0x00, 0x00, 0x00, 0x00, 0x00, 0x00, 0x00, 0x00, 0x00, 0x00, 0x00, 0x00,
    0x00, 0x00, 0x00, 0x00, 0x00, 0x00, 0x00, 0x00, 0x00, 0x00, 0x00, 0x00,
    0x00, 0x00, 0x00, 0x00, 0x00, 0x00, 0x00, 0x00, 0x00, 0x00, 0x00, 0x00,
    0x00, 0x00, 0x00, 0x04, 0x00, 0x00, 0x00, 0x04, 0x00, 0x00, 0x00, 0x08,
    0x00, 0x00, 0x00, 0x10, 0x00, 0x00, 0x00, 0x18, 0x00, 0x00, 0x00, 0x24,
    0x00, 0x00, 0x00, 0x30, 0x00, 0x00, 0x00, 0x41, 0x00, 0x00, 0x00, 0x55,
    0x00, 0x00, 0x00, 0x69, 0x30, 0x20, 0x08, 0xcf, 0x38, 0x28, 0x08, 0xff,
    0x38, 0x28, 0x08, 0xff, 0x38, 0x24, 0x08, 0xff, 0x38, 0x24, 0x00, 0xff,
    0x30, 0x24, 0x00, 0xff, 0x30, 0x24, 0x08, 0xff, 0x38, 0x20, 0x08, 0xff,
    0x38, 0x24, 0x00, 0xff, 0x38, 0x24, 0x08, 0xff, 0x30, 0x20, 0x08, 0xff,
    0x38, 0x24, 0x00, 0xff, 0x38, 0x24, 0x08, 0xff, 0x30, 0x20, 0x00, 0xff,
    0x38, 0x24, 0x00, 0xff, 0x30, 0x24, 0x00, 0xff, 0x38, 0x20, 0x08, 0xff,
    0x30, 0x24, 0x00, 0xff, 0x38, 0x24, 0x00, 0xff, 0x38, 0x24, 0x00, 0xff,
    0x30, 0x24, 0x08, 0xff, 0x38, 0x20, 0x00, 0xff, 0x30, 0x24, 0x08, 0xff,
    0x30, 0x24, 0x08, 0xff, 0x38, 0x24, 0x00, 0xff, 0x30, 0x20, 0x00, 0xff,
    0x30, 0x24, 0x08, 0xff, 0x38, 0x20, 0x00, 0xff, 0x38, 0x24, 0x00, 0xff,
    0x38, 0x24, 0x00, 0xff, 0x30, 0x20, 0x00, 0xff, 0x30, 0x24, 0x00, 0xff,
    0x38, 0x24, 0x08, 0xff, 0x30, 0x24, 0x00, 0xff, 0x30, 0x24, 0x08, 0xff,
    0x38, 0x24, 0x08, 0xff, 0x30, 0x24, 0x00, 0xff, 0x38, 0x24, 0x00, 0xff,
    0x30, 0x24, 0x00, 0xff, 0x38, 0x20, 0x08, 0xff, 0x38, 0x24, 0x00, 0xff,
    0x30, 0x24, 0x00, 0xff, 0x38, 0x24, 0x08, 0xff, 0x38, 0x20, 0x00, 0xff,
    0x30, 0x24, 0x08, 0xff, 0x38, 0x24, 0x00, 0xff, 0x38, 0x20, 0x08, 0xff,
    0x30, 0x24, 0x00, 0xff, 0x38, 0x24, 0x08, 0xff, 0x30, 0x24, 0x00, 0xff,
    0x38, 0x24, 0x08, 0xff, 0x30, 0x20, 0x08, 0xff, 0x38, 0x24, 0x00, 0xff,
    0x38, 0x24, 0x00, 0xff, 0x30, 0x24, 0x08, 0xff, 0x38, 0x20, 0x08, 0xff,
    0x30, 0x24, 0x00, 0xff, 0x30, 0x24, 0x00, 0xff, 0x38, 0x20, 0x00, 0xff,
    0x30, 0x24, 0x08, 0xff, 0x30, 0x24, 0x00, 0xff, 0x38, 0x20, 0x00, 0xff,
    0x38, 0x24, 0x08, 0xff, 0x30, 0x24, 0x00, 0xff, 0x30, 0x24, 0x08, 0xff,
    0x38, 0x20, 0x08, 0xff, 0x30, 0x24, 0x00, 0xff, 0x30, 0x24, 0x00, 0xff,
    0x38, 0x24, 0x08, 0xff, 0x38, 0x20, 0x00, 0xff, 0x38, 0x24, 0x08, 0xff,
    0x30, 0x24, 0x00, 0xff, 0x38, 0x24, 0x08, 0xff, 0x38, 0x24, 0x00, 0xff,
    0x30, 0x24, 0x00, 0xff, 0x38, 0x20, 0x00, 0xff, 0x38, 0x24, 0x08, 0xff,
    0x30, 0x24, 0x08, 0xff, 0x30, 0x20, 0x00, 0xff, 0x30, 0x20, 0x00, 0xff,
    0x30, 0x24, 0x08, 0xff, 0x30, 0x24, 0x08, 0xff, 0x38, 0x24, 0x00, 0xff,
    0x30, 0x24, 0x08, 0xff, 0x38, 0x20, 0x08, 0xff, 0x38, 0x24, 0x00, 0xff,
    0x38, 0x24, 0x00, 0xff, 0x30, 0x24, 0x08, 0xff, 0x38, 0x24, 0x00, 0xff,
    0x38, 0x24, 0x08, 0xff, 0x38, 0x20, 0x08, 0xff, 0x30, 0x24, 0x08, 0xff,
    0x30, 0x24, 0x00, 0xff, 0x38, 0x20, 0x08, 0xff, 0x30, 0x24, 0x00, 0xff,
    0x38, 0x24, 0x00, 0xff, 0x30, 0x20, 0x08, 0xff, 0x30, 0x24, 0x00, 0xff,
    0x38, 0x24, 0x00, 0xff, 0x30, 0x20, 0x08, 0xff, 0x30, 0x20, 0x00, 0xff,
    0x30, 0x24, 0x08, 0xff, 0x30, 0x20, 0x00, 0xff, 0x38, 0x24, 0x08, 0xff,
    0x38, 0x24, 0x08, 0xff, 0x30, 0x24, 0x00, 0xff, 0x38, 0x24, 0x00, 0xff,
    0x38, 0x20, 0x08, 0xff, 0x30, 0x24, 0x08, 0xff, 0x38, 0x24, 0x00, 0xff,
    0x38, 0x24, 0x08, 0xff, 0x30, 0x20, 0x00, 0xff, 0x38, 0x24, 0x00, 0xff,
    0x38, 0x24, 0x00, 0xff, 0x30, 0x20, 0x08, 0xff, 0x38, 0x24, 0x08, 0xff,
    0x30, 0x24, 0x00, 0xff, 0x38, 0x20, 0x08, 0xff, 0x30, 0x24, 0x08, 0xff,
    0x38, 0x20, 0x00, 0xff, 0x30, 0x20, 0x08, 0xff, 0x30, 0x24, 0x00, 0xff,
    0x38, 0x24, 0x00, 0xff, 0x30, 0x20, 0x08, 0xff, 0x30, 0x24, 0x00, 0xff,
    0x38, 0x24, 0x08, 0xff, 0x38, 0x24, 0x00, 0xff, 0x30, 0x24, 0x00, 0xff,
    0x38, 0x20, 0x00, 0xff, 0x30, 0x24, 0x08, 0xff, 0x38, 0x24, 0x00, 0xff,
    0x30, 0x24, 0x08, 0xff, 0x30, 0x24, 0x00, 0xff, 0x30, 0x20, 0x08, 0xff,
    0x38, 0x24, 0x08, 0xff, 0x38, 0x24, 0x00, 0xff, 0x30, 0x20, 0x08, 0xff,
    0x38, 0x24, 0x00, 0xff, 0x30, 0x24, 0x00, 0xff, 0x30, 0x24, 0x08, 0xff,
    0x38, 0x20, 0x08, 0xff, 0x30, 0x24, 0x00, 0xff, 0x30, 0x24, 0x00, 0xff,
    0x38, 0x24, 0x08, 0xff, 0x38, 0x24, 0x08, 0xff, 0x30, 0x24, 0x00, 0xff,
    0x38, 0x20, 0x08, 0xff, 0x38, 0x24, 0x00, 0xff, 0x30, 0x24, 0x00, 0xff,
    0x30, 0x20, 0x08, 0xff, 0x38, 0x24, 0x08, 0xff, 0x38, 0x24, 0x00, 0xff,
    0x30, 0x20, 0x00, 0xff, 0x30, 0x24, 0x08, 0xff, 0x38, 0x24, 0x00, 0xff,
    0x38, 0x28, 0x08, 0xff, 0x38, 0x28, 0x08, 0xff, 0x38, 0x28, 0x08, 0xff,
    0x30, 0x20, 0x08, 0xcb, 0x00, 0x00, 0x00, 0x69, 0x00, 0x00, 0x00, 0x55,
    0x00, 0x00, 0x00, 0x41, 0x00, 0x00, 0x00, 0x30, 0x00, 0x00, 0x00, 0x24,
    0x00, 0x00, 0x00, 0x18, 0x00, 0x00, 0x00, 0x10, 0x00, 0x00, 0x00, 0x08,
    0x00, 0x00, 0x00, 0x04, 0x00, 0x00, 0x00, 0x04, 0x00, 0x00, 0x00, 0x00,
    0x00, 0x00, 0x00, 0x00, 0x00, 0x00, 0x00, 0x00, 0x00, 0x00, 0x00, 0x00,
    0x00, 0x00, 0x00, 0x00, 0x00, 0x00, 0x00, 0x00, 0x00, 0x00, 0x00, 0x00,
    0x00, 0x00, 0x00, 0x00, 0x00, 0x00, 0x00, 0x00, 0x00, 0x00, 0x00, 0x00,
    0x00, 0x00, 0x00, 0x00, 0x00, 0x00, 0x00, 0x00, 0x00, 0x00, 0x00, 0x04,
    0x00, 0x00, 0x00, 0x04, 0x00, 0x00, 0x00, 0x0c, 0x00, 0x00, 0x00, 0x14,
    0x00, 0x00, 0x00, 0x1c, 0x00, 0x00, 0x00, 0x28, 0x00, 0x00, 0x00, 0x38,
    0x00, 0x00, 0x00, 0x49, 0x00, 0x00, 0x00, 0x5d, 0x08, 0x08, 0x00, 0x7d,
    0x38, 0x28, 0x10, 0xfb, 0x38, 0x28, 0x08, 0xff, 0x38, 0x24, 0x08, 0xff,
    0x38, 0x24, 0x08, 0xff, 0x30, 0x24, 0x00, 0xff, 0x30, 0x24, 0x08, 0xff,
    0x38, 0x24, 0x00, 0xff, 0x30, 0x24, 0x00, 0xff, 0x30, 0x24, 0x08, 0xff,
    0x30, 0x20, 0x00, 0xff, 0x30, 0x24, 0x00, 0xff, 0x38, 0x24, 0x00, 0xff,
    0x30, 0x24, 0x08, 0xff, 0x38, 0x24, 0x08, 0xff, 0x38, 0x24, 0x00, 0xff,
    0x30, 0x24, 0x08, 0xff, 0x30, 0x24, 0x08, 0xff, 0x38, 0x20, 0x08, 0xff,
    0x30, 0x24, 0x00, 0xff, 0x30, 0x24, 0x00, 0xff, 0x38, 0x20, 0x00, 0xff,
    0x30, 0x24, 0x08, 0xff, 0x38, 0x24, 0x00, 0xff, 0x30, 0x24, 0x08, 0xff,
    0x38, 0x20, 0x00, 0xff, 0x38, 0x24, 0x00, 0xff, 0x30, 0x24, 0x08, 0xff,
    0x30, 0x24, 0x08, 0xff, 0x30, 0x20, 0x08, 0xff, 0x38, 0x24, 0x08, 0xff,
    0x38, 0x24, 0x08, 0xff, 0x30, 0x20, 0x08, 0xff, 0x38, 0x24, 0x00, 0xff,
    0x38, 0x20, 0x00, 0xff, 0x30, 0x24, 0x08, 0xff, 0x38, 0x20, 0x08, 0xff,
    0x38, 0x20, 0x00, 0xff, 0x30, 0x20, 0x00, 0xff, 0x30, 0x20, 0x08, 0xff,
    0x30, 0x24, 0x00, 0xff, 0x38, 0x24, 0x08, 0xff, 0x30, 0x24, 0x08, 0xff,
    0x30, 0x24, 0x00, 0xff, 0x38, 0x24, 0x08, 0xff, 0x30, 0x20, 0x08, 0xff,
    0x30, 0x24, 0x00, 0xff, 0x38, 0x24, 0x00, 0xff, 0x30, 0x24, 0x00, 0xff,
    0x30, 0x24, 0x08, 0xff, 0x38, 0x20, 0x08, 0xff, 0x30, 0x24, 0x00, 0xff,
    0x30, 0x24, 0x00, 0xff, 0x38, 0x20, 0x00, 0xff, 0x30, 0x24, 0x00, 0xff,
    0x30, 0x24, 0x00, 0xff, 0x38, 0x20, 0x08, 0xff, 0x30, 0x24, 0x00, 0xff,
    0x38, 0x24, 0x08, 0xff, 0x30, 0x20, 0x00, 0xff, 0x38, 0x24, 0x08, 0xff,
    0x30, 0x24, 0x00, 0xff, 0x30, 0x24, 0x08, 0xff, 0x38, 0x24, 0x00, 0xff,
    0x30, 0x24, 0x08, 0xff, 0x38, 0x20, 0x00, 0xff, 0x38, 0x24, 0x08, 0xff,
    0x30, 0x24, 0x08, 0xff, 0x30, 0x24, 0x00, 0xff, 0x38, 0x20, 0x08, 0xff,
    0x30, 0x24, 0x08, 0xff, 0x38, 0x24, 0x00, 0xff, 0x30, 0x20, 0x08, 0xff,
    0x30, 0x24, 0x00, 0xff, 0x38, 0x24, 0x00, 0xff, 0x30, 0x20, 0x00, 0xff,
    0x30, 0x24, 0x08, 0xff, 0x38, 0x24, 0x00, 0xff, 0x38, 0x24, 0x08, 0xff,
    0x38, 0x24, 0x00, 0xff, 0x38, 0x24, 0x00, 0xff, 0x30, 0x24, 0x08, 0xff,
    0x38, 0x20, 0x00, 0xff, 0x30, 0x24, 0x00, 0xff, 0x30, 0x24, 0x00, 0xff,
    0x30, 0x20, 0x08, 0xff, 0x38, 0x24, 0x00, 0xff, 0x30, 0x24, 0x00, 0xff,
    0x30, 0x20, 0x08, 0xff, 0x38, 0x20, 0x00, 0xff, 0x30, 0x24, 0x00, 0xff,
    0x30, 0x24, 0x00, 0xff, 0x38, 0x20, 0x08, 0xff, 0x38, 0x24, 0x00, 0xff,
    0x30, 0x24, 0x00, 0xff, 0x38, 0x24, 0x08, 0xff, 0x30, 0x24, 0x00, 0xff,
    0x38, 0x24, 0x00, 0xff, 0x38, 0x24, 0x08, 0xff, 0x30, 0x24, 0x00, 0xff,
    0x38, 0x24, 0x08, 0xff, 0x38, 0x24, 0x00, 0xff, 0x38, 0x24, 0x00, 0xff,
    0x30, 0x24, 0x00, 0xff, 0x38, 0x20, 0x08, 0xff, 0x30, 0x24, 0x00, 0xff,
    0x30, 0x24, 0x00, 0xff, 0x38, 0x24, 0x00, 0xff, 0x30, 0x20, 0x08, 0xff,
    0x30, 0x24, 0x00, 0xff, 0x38, 0x24, 0x00, 0xff, 0x30, 0x20, 0x00, 0xff,
    0x30, 0x24, 0x08, 0xff, 0x38, 0x24, 0x00, 0xff, 0x30, 0x20, 0x08, 0xff,
    0x30, 0x24, 0x00, 0xff, 0x38, 0x24, 0x08, 0xff, 0x38, 0x24, 0x00, 0xff,
    0x30, 0x24, 0x08, 0xff, 0x30, 0x24, 0x00, 0xff, 0x38, 0x24, 0x00, 0xff,
    0x38, 0x24, 0x08, 0xff, 0x30, 0x24, 0x08, 0xff, 0x38, 0x20, 0x00, 0xff,
    0x30, 0x24, 0x00, 0xff, 0x30, 0x24, 0x08, 0xff, 0x38, 0x20, 0x00, 0xff,
    0x38, 0x24, 0x08, 0xff, 0x38, 0x24, 0x08, 0xff, 0x30, 0x24, 0x00, 0xff,
    0x38, 0x24, 0x08, 0xff, 0x38, 0x24, 0x00, 0xff, 0x30, 0x24, 0x00, 0xff,
    0x38, 0x20, 0x08, 0xff, 0x38, 0x24, 0x00, 0xff, 0x30, 0x24, 0x00, 0xff,
    0x30, 0x24, 0x00, 0xff, 0x38, 0x20, 0x08, 0xff, 0x30, 0x24, 0x08, 0xff,
    0x38, 0x24, 0x00, 0xff, 0x38, 0x20, 0x00, 0xff, 0x38, 0x24, 0x00, 0xff,
    0x30, 0x24, 0x08, 0xff, 0x30, 0x20, 0x00, 0xff, 0x38, 0x24, 0x00, 0xff,
    0x30, 0x24, 0x00, 0xff, 0x30, 0x24, 0x08, 0xff, 0x38, 0x24, 0x08, 0xff,
    0x38, 0x24, 0x00, 0xff, 0x30, 0x24, 0x08, 0xff, 0x38, 0x24, 0x00, 0xff,
    0x30, 0x24, 0x00, 0xff, 0x38, 0x24, 0x00, 0xff, 0x38, 0x20, 0x08, 0xff,
    0x30, 0x24, 0x08, 0xff, 0x38, 0x24, 0x00, 0xff, 0x38, 0x24, 0x08, 0xff,
    0x38, 0x24, 0x08, 0xff, 0x38, 0x28, 0x08, 0xff, 0x38, 0x28, 0x08, 0xfb,
    0x08, 0x08, 0x00, 0x7d, 0x00, 0x00, 0x00, 0x5d, 0x00, 0x00, 0x00, 0x49,
    0x00, 0x00, 0x00, 0x38, 0x00, 0x00, 0x00, 0x28, 0x00, 0x00, 0x00, 0x1c,
    0x00, 0x00, 0x00, 0x14, 0x00, 0x00, 0x00, 0x0c, 0x00, 0x00, 0x00, 0x04,
    0x00, 0x00, 0x00, 0x04, 0x00, 0x00, 0x00, 0x00, 0x00, 0x00, 0x00, 0x00,
    0x00, 0x00, 0x00, 0x00, 0x00, 0x00, 0x00, 0x00, 0x00, 0x00, 0x00, 0x00,
    0x00, 0x00, 0x00, 0x00, 0x00, 0x00, 0x00, 0x00, 0x00, 0x00, 0x00, 0x00,
    0x00, 0x00, 0x00, 0x00, 0x00, 0x00, 0x00, 0x00, 0x00, 0x00, 0x00, 0x00,
    0x00, 0x00, 0x00, 0x00, 0x00, 0x00, 0x00, 0x04, 0x00, 0x00, 0x00, 0x08,
    0x00, 0x00, 0x00, 0x0c, 0x00, 0x00, 0x00, 0x18, 0x00, 0x00, 0x00, 0x20,
    0x00, 0x00, 0x00, 0x30, 0x00, 0x00, 0x00, 0x41, 0x00, 0x00, 0x00, 0x51,
    0x00, 0x00, 0x00, 0x69, 0x28, 0x1c, 0x08, 0xba, 0x38, 0x28, 0x08, 0xff,
    0x38, 0x28, 0x08, 0xff, 0x38, 0x24, 0x08, 0xff, 0x38, 0x24, 0x00, 0xff,
    0x30, 0x24, 0x08, 0xff, 0x38, 0x24, 0x08, 0xff, 0x38, 0x20, 0x00, 0xff,
    0x30, 0x24, 0x00, 0xff, 0x38, 0x24, 0x08, 0xff, 0x38, 0x20, 0x08, 0xff,
    0x30, 0x24, 0x00, 0xff, 0x30, 0x20, 0x00, 0xff, 0x38, 0x24, 0x08, 0xff,
    0x30, 0x20, 0x08, 0xff, 0x30, 0x24, 0x00, 0xff, 0x38, 0x24, 0x00, 0xff,
    0x38, 0x20, 0x00, 0xff, 0x30, 0x24, 0x08, 0xff, 0x30, 0x24, 0x08, 0xff,
    0x38, 0x20, 0x08, 0xff, 0x30, 0x24, 0x00, 0xff, 0x38, 0x24, 0x00, 0xff,
    0x38, 0x24, 0x00, 0xff, 0x30, 0x20, 0x00, 0xff, 0x30, 0x24, 0x08, 0xff,
    0x38, 0x24, 0x00, 0xff, 0x38, 0x24, 0x00, 0xff, 0x30, 0x20, 0x08, 0xff,
    0x30, 0x24, 0x00, 0xff, 0x38, 0x24, 0x00, 0xff, 0x30, 0x24, 0x00, 0xff,
    0x30, 0x24, 0x00, 0xff, 0x38, 0x24, 0x00, 0xff, 0x30, 0x20, 0x08, 0xff,
    0x30, 0x24, 0x00, 0xff, 0x38, 0x24, 0x00, 0xff, 0x30, 0x24, 0x00, 0xff,
    0x38, 0x24, 0x08, 0xff, 0x38, 0x24, 0x08, 0xff, 0x30, 0x24, 0x00, 0xff,
    0x38, 0x20, 0x00, 0xff, 0x38, 0x20, 0x08, 0xff, 0x30, 0x24, 0x00, 0xff,
    0x38, 0x24, 0x00, 0xff, 0x30, 0x24, 0x08, 0xff, 0x38, 0x24, 0x00, 0xff,
    0x38, 0x20, 0x00, 0xff, 0x30, 0x24, 0x08, 0xff, 0x38, 0x24, 0x00, 0xff,
    0x38, 0x20, 0x00, 0xff, 0x30, 0x20, 0x00, 0xff, 0x38, 0x24, 0x08, 0xff,
    0x38, 0x24, 0x08, 0xff, 0x30, 0x24, 0x08, 0xff, 0x38, 0x24, 0x00, 0xff,
    0x38, 0x24, 0x00, 0xff, 0x30, 0x24, 0x08, 0xff, 0x38, 0x24, 0x08, 0xff,
    0x38, 0x24, 0x00, 0xff, 0x30, 0x20, 0x00, 0xff, 0x38, 0x24, 0x08, 0xff,
    0x38, 0x20, 0x00, 0xff, 0x30, 0x24, 0x00, 0xff, 0x38, 0x24, 0x08, 0xff,
    0x30, 0x24, 0x00, 0xff, 0x38, 0x24, 0x00, 0xff, 0x38, 0x20, 0x00, 0xff,
    0x30, 0x20, 0x00, 0xff, 0x38, 0x24, 0x08, 0xff, 0x30, 0x20, 0x00, 0xff,
    0x30, 0x24, 0x00, 0xff, 0x38, 0x24, 0x08, 0xff, 0x38, 0x20, 0x00, 0xff,
    0x30, 0x24, 0x08, 0xff, 0x38, 0x24, 0x08, 0xff, 0x30, 0x24, 0x00, 0xff,
    0x30, 0x20, 0x08, 0xff, 0x30, 0x24, 0x00, 0xff, 0x38, 0x24, 0x08, 0xff,
    0x30, 0x20, 0x08, 0xff, 0x38, 0x24, 0x00, 0xff, 0x30, 0x24, 0x00, 0xff,
    0x38, 0x20, 0x08, 0xff, 0x38, 0x24, 0x08, 0xff, 0x30, 0x24, 0x00, 0xff,
    0x38, 0x24, 0x08, 0xff, 0x30, 0x24, 0x08, 0xff, 0x38, 0x20, 0x00, 0xff,
    0x38, 0x24, 0x00, 0xff, 0x30, 0x24, 0x08, 0xff, 0x30, 0x24, 0x08, 0xff,
    0x38, 0x24, 0x00, 0xff, 0x30, 0x20, 0x00, 0xff, 0x38, 0x24, 0x08, 0xff,
    0x30, 0x20, 0x08, 0xff, 0x30, 0x24, 0x00, 0xff, 0x38, 0x24, 0x08, 0xff,
    0x30, 0x20, 0x08, 0xff, 0x30, 0x24, 0x00, 0xff, 0x38, 0x24, 0x08, 0xff,
    0x38, 0x20, 0x08, 0xff, 0x30, 0x24, 0x00, 0xff, 0x38, 0x24, 0x08, 0xff,
    0x30, 0x20, 0x00, 0xff, 0x38, 0x24, 0x08, 0xff, 0x30, 0x24, 0x08, 0xff,
    0x38, 0x20, 0x00, 0xff, 0x30, 0x24, 0x08, 0xff, 0x38, 0x24, 0x00, 0xff,
    0x30, 0x24, 0x08, 0xff, 0x38, 0x20, 0x08, 0xff, 0x38, 0x20, 0x00, 0xff,
    0x30, 0x24, 0x08, 0xff, 0x38, 0x20, 0x08, 0xff, 0x30, 0x24, 0x00, 0xff,
    0x30, 0x20, 0x00, 0xff, 0x38, 0x24, 0x08, 0xff, 0x30, 0x24, 0x00, 0xff,
    0x38, 0x20, 0x08, 0xff, 0x30, 0x24, 0x00, 0xff, 0x38, 0x24, 0x08, 0xff,
    0x30, 0x24, 0x00, 0xff, 0x38, 0x24, 0x00, 0xff, 0x38, 0x24, 0x08, 0xff,
    0x30, 0x24, 0x08, 0xff, 0x38, 0x20, 0x00, 0xff, 0x30, 0x24, 0x00, 0xff,
    0x30, 0x24, 0x08, 0xff, 0x38, 0x20, 0x08, 0xff, 0x30, 0x20, 0x00, 0xff,
    0x30, 0x24, 0x00, 0xff, 0x38, 0x20, 0x08, 0xff, 0x30, 0x24, 0x00, 0xff,
    0x38, 0x24, 0x00, 0xff, 0x30, 0x24, 0x08, 0xff, 0x38, 0x20, 0x08, 0xff,
    0x38, 0x24, 0x00, 0xff, 0x30, 0x24, 0x08, 0xff, 0x30, 0x20, 0x00, 0xff,
    0x38, 0x24, 0x00, 0xff, 0x30, 0x24, 0x08, 0xff, 0x38, 0x24, 0x00, 0xff,
    0x38, 0x24, 0x08, 0xff, 0x30, 0x20, 0x08, 0xff, 0x38, 0x20, 0x00, 0xff,
    0x30, 0x24, 0x00, 0xff, 0x30, 0x20, 0x08, 0xff, 0x38, 0x24, 0x00, 0xff,
    0x30, 0x20, 0x08, 0xff, 0x30, 0x20, 0x08, 0xff, 0x38, 0x20, 0x00, 0xff,
    0x30, 0x24, 0x08, 0xff, 0x38, 0x24, 0x08, 0xff, 0x30, 0x24, 0x00, 0xff,
    0x30, 0x24, 0x00, 0xff, 0x38, 0x20, 0x08, 0xff, 0x38, 0x24, 0x08, 0xff,
    0x38, 0x28, 0x08, 0xff, 0x38, 0x28, 0x10, 0xff, 0x28, 0x1c, 0x08, 0xba,
    0x00, 0x00, 0x00, 0x69, 0x00, 0x00, 0x00, 0x51, 0x00, 0x00, 0x00, 0x41,
    0x00, 0x00, 0x00, 0x30, 0x00, 0x00, 0x00, 0x20, 0x00, 0x00, 0x00, 0x14,
    0x00, 0x00, 0x00, 0x10, 0x00, 0x00, 0x00, 0x08, 0x00, 0x00, 0x00, 0x04,
    0x00, 0x00, 0x00, 0x00, 0x00, 0x00, 0x00, 0x00, 0x00, 0x00, 0x00, 0x00,
    0x00, 0x00, 0x00, 0x00, 0x00, 0x00, 0x00, 0x00, 0x00, 0x00, 0x00, 0x00,
    0x00, 0x00, 0x00, 0x00, 0x00, 0x00, 0x00, 0x00, 0x00, 0x00, 0x00, 0x00,
    0x00, 0x00, 0x00, 0x00, 0x00, 0x00, 0x00, 0x00, 0x00, 0x00, 0x00, 0x04,
    0x00, 0x00, 0x00, 0x04, 0x00, 0x00, 0x00, 0x0c, 0x00, 0x00, 0x00, 0x10,
    0x00, 0x00, 0x00, 0x18, 0x00, 0x00, 0x00, 0x28, 0x00, 0x00, 0x00, 0x34,
    0x00, 0x00, 0x00, 0x45, 0x00, 0x00, 0x00, 0x59, 0x00, 0x00, 0x00, 0x71,
    0x38, 0x24, 0x08, 0xef, 0x38, 0x28, 0x08, 0xff, 0x38, 0x28, 0x08, 0xff,
    0x38, 0x24, 0x08, 0xff, 0x30, 0x24, 0x00, 0xff, 0x30, 0x24, 0x00, 0xff,
    0x38, 0x24, 0x00, 0xff, 0x30, 0x20, 0x08, 0xff, 0x38, 0x24, 0x08, 0xff,
    0x38, 0x24, 0x00, 0xff, 0x30, 0x24, 0x08, 0xff, 0x38, 0x24, 0x08, 0xff,
    0x38, 0x24, 0x00, 0xff, 0x30, 0x20, 0x00, 0xff, 0x38, 0x20, 0x08, 0xff,
    0x30, 0x24, 0x00, 0xff, 0x38, 0x20, 0x08, 0xff, 0x30, 0x24, 0x00, 0xff,
    0x38, 0x24, 0x00, 0xff, 0x38, 0x24, 0x08, 0xff, 0x30, 0x24, 0x00, 0xff,
    0x30, 0x24, 0x08, 0xff, 0x38, 0x24, 0x08, 0xff, 0x30, 0x20, 0x00, 0xff,
    0x38, 0x20, 0x08, 0xff, 0x30, 0x24, 0x08, 0xff, 0x30, 0x24, 0x08, 0xff,
    0x38, 0x20, 0x00, 0xff, 0x38, 0x24, 0x00, 0xff, 0x38, 0x20, 0x00, 0xff,
    0x30, 0x24, 0x08, 0xff, 0x38, 0x20, 0x08, 0xff, 0x38, 0x24, 0x08, 0xff,
    0x30, 0x24, 0x00, 0xff, 0x38, 0x24, 0x08, 0xff, 0x30, 0x24, 0x08, 0xff,
    0x38, 0x24, 0x00, 0xff, 0x30, 0x24, 0x08, 0xff, 0x38, 0x20, 0x08, 0xff,
    0x30, 0x24, 0x00, 0xff, 0x38, 0x24, 0x08, 0xff, 0x30, 0x24, 0x00, 0xff,
    0x30, 0x24, 0x08, 0xff, 0x30, 0x20, 0x00, 0xff, 0x38, 0x24, 0x00, 0xff,
    0x38, 0x24, 0x08, 0xff, 0x30, 0x20, 0x08, 0xff, 0x30, 0x24, 0x08, 0xff,
    0x38, 0x24, 0x00, 0xff, 0x30, 0x24, 0x08, 0xff, 0x30, 0x24, 0x00, 0xff,
    0x38, 0x24, 0x08, 0xff, 0x30, 0x20, 0x00, 0xff, 0x30, 0x24, 0x00, 0xff,
    0x38, 0x20, 0x08, 0xff, 0x30, 0x20, 0x00, 0xff, 0x30, 0x24, 0x00, 0xff,
    0x38, 0x24, 0x08, 0xff, 0x30, 0x20, 0x00, 0xff, 0x30, 0x24, 0x00, 0xff,
    0x38, 0x24, 0x08, 0xff, 0x30, 0x24, 0x00, 0xff, 0x38, 0x20, 0x08, 0xff,
    0x30, 0x24, 0x00, 0xff, 0x30, 0x20, 0x08, 0xff, 0x38, 0x24, 0x00, 0xff,
    0x30, 0x24, 0x08, 0xff, 0x30, 0x24, 0x00, 0xff, 0x38, 0x24, 0x08, 0xff,
    0x38, 0x24, 0x00, 0xff, 0x30, 0x24, 0x08, 0xff, 0x38, 0x24, 0x00, 0xff,
    0x30, 0x24, 0x08, 0xff, 0x30, 0x24, 0x08, 0xff, 0x30, 0x24, 0x00, 0xff,
    0x38, 0x24, 0x00, 0xff, 0x38, 0x20, 0x08, 0xff, 0x30, 0x24, 0x00, 0xff,
    0x38, 0x24, 0x00, 0xff, 0x30, 0x20, 0x00, 0xff, 0x30, 0x20, 0x08, 0xff,
    0x38, 0x24, 0x00, 0xff, 0x30, 0x24, 0x08, 0xff, 0x38, 0x24, 0x08, 0xff,
    0x38, 0x24, 0x00, 0xff, 0x30, 0x20, 0x00, 0xff, 0x38, 0x24, 0x00, 0xff,
    0x38, 0x24, 0x08, 0xff, 0x30, 0x20, 0x08, 0xff, 0x38, 0x24, 0x00, 0xff,
    0x38, 0x24, 0x08, 0xff, 0x30, 0x20, 0x00, 0xff, 0x38, 0x24, 0x08, 0xff,
    0x30, 0x24, 0x08, 0xff, 0x38, 0x24, 0x00, 0xff, 0x38, 0x24, 0x00, 0xff,
    0x30, 0x20, 0x08, 0xff, 0x30, 0x24, 0x00, 0xff, 0x38, 0x24, 0x00, 0xff,
    0x38, 0x20, 0x00, 0xff, 0x30, 0x24, 0x08, 0xff, 0x30, 0x24, 0x00, 0xff,
    0x30, 0x20, 0x08, 0xff, 0x38, 0x24, 0x00, 0xff, 0x38, 0x20, 0x00, 0xff,
    0x30, 0x20, 0x00, 0xff, 0x38, 0x24, 0x08, 0xff, 0x30, 0x24, 0x00, 0xff,
    0x38, 0x24, 0x08, 0xff, 0x30, 0x20, 0x00, 0xff, 0x30, 0x24, 0x08, 0xff,
    0x38, 0x24, 0x00, 0xff, 0x30, 0x24, 0x00, 0xff, 0x30, 0x24, 0x08, 0xff,
    0x38, 0x20, 0x00, 0xff, 0x38, 0x24, 0x00, 0xff, 0x30, 0x20, 0x08, 0xff,
    0x30, 0x24, 0x08, 0xff, 0x38, 0x20, 0x00, 0xff, 0x30, 0x24, 0x00, 0xff,
    0x38, 0x20, 0x08, 0xff, 0x30, 0x24, 0x00, 0xff, 0x30, 0x20, 0x08, 0xff,
    0x38, 0x24, 0x00, 0xff, 0x30, 0x20, 0x08, 0xff, 0x38, 0x20, 0x00, 0xff,
    0x30, 0x24, 0x00, 0xff, 0x38, 0x24, 0x08, 0xff, 0x30, 0x24, 0x00, 0xff,
    0x38, 0x24, 0x00, 0xff, 0x38, 0x24, 0x00, 0xff, 0x30, 0x20, 0x08, 0xff,
    0x38, 0x24, 0x08, 0xff, 0x30, 0x24, 0x00, 0xff, 0x30, 0x24, 0x00, 0xff,
    0x38, 0x20, 0x08, 0xff, 0x30, 0x20, 0x00, 0xff, 0x38, 0x24, 0x00, 0xff,
    0x30, 0x24, 0x08, 0xff, 0x38, 0x24, 0x08, 0xff, 0x30, 0x24, 0x00, 0xff,
    0x30, 0x20, 0x08, 0xff, 0x38, 0x24, 0x08, 0xff, 0x30, 0x24, 0x00, 0xff,
    0x38, 0x24, 0x08, 0xff, 0x38, 0x24, 0x00, 0xff, 0x30, 0x24, 0x00, 0xff,
    0x38, 0x24, 0x00, 0xff, 0x38, 0x24, 0x00, 0xff, 0x30, 0x24, 0x00, 0xff,
    0x38, 0x24, 0x00, 0xff, 0x38, 0x20, 0x00, 0xff, 0x30, 0x24, 0x08, 0xff,
    0x30, 0x20, 0x00, 0xff, 0x38, 0x20, 0x00, 0xff, 0x30, 0x24, 0x00, 0xff,
    0x30, 0x24, 0x08, 0xff, 0x30, 0x24, 0x00, 0xff, 0x38, 0x28, 0x08, 0xff,
    0x38, 0x28, 0x08, 0xff, 0x38, 0x28, 0x08, 0xef, 0x00, 0x00, 0x00, 0x71,
    0x00, 0x00, 0x00, 0x59, 0x00, 0x00, 0x00, 0x45, 0x00, 0x00, 0x00, 0x34,
    0x00, 0x00, 0x00, 0x28, 0x00, 0x00, 0x00, 0x18, 0x00, 0x00, 0x00, 0x10,
    0x00, 0x00, 0x00, 0x0c, 0x00, 0x00, 0x00, 0x04, 0x00, 0x00, 0x00, 0x04,
    0x00, 0x00, 0x00, 0x00, 0x00, 0x00, 0x00, 0x00, 0x00, 0x00, 0x00, 0x00,
    0x00, 0x00, 0x00, 0x00, 0x00, 0x00, 0x00, 0x00, 0x00, 0x00, 0x00, 0x00,
    0x00, 0x00, 0x00, 0x00, 0x00, 0x00, 0x00, 0x00, 0x00, 0x00, 0x00, 0x00,
    0x00, 0x00, 0x00, 0x00, 0x00, 0x00, 0x00, 0x04, 0x00, 0x00, 0x00, 0x04,
    0x00, 0x00, 0x00, 0x0c, 0x00, 0x00, 0x00, 0x14, 0x00, 0x00, 0x00, 0x20,
    0x00, 0x00, 0x00, 0x2c, 0x00, 0x00, 0x00, 0x3c, 0x00, 0x00, 0x00, 0x4d,
    0x00, 0x00, 0x00, 0x61, 0x18, 0x14, 0x08, 0x9a, 0x38, 0x28, 0x08, 0xff,
    0x38, 0x28, 0x08, 0xff, 0x38, 0x24, 0x08, 0xff, 0x30, 0x24, 0x00, 0xff,
    0x30, 0x24, 0x00, 0xff, 0x38, 0x20, 0x08, 0xff, 0x30, 0x20, 0x00, 0xff,
    0x30, 0x24, 0x00, 0xff, 0x38, 0x20, 0x08, 0xff, 0x30, 0x24, 0x00, 0xff,
    0x30, 0x20, 0x00, 0xff, 0x38, 0x24, 0x00, 0xff, 0x30, 0x24, 0x00, 0xff,
    0x30, 0x24, 0x08, 0xff, 0x30, 0x24, 0x00, 0xff, 0x38, 0x20, 0x08, 0xff,
    0x30, 0x20, 0x08, 0xff, 0x30, 0x24, 0x00, 0xff, 0x38, 0x24, 0x00, 0xff,
    0x38, 0x20, 0x00, 0xff, 0x30, 0x20, 0x08, 0xff, 0x38, 0x24, 0x00, 0xff,
    0x30, 0x24, 0x08, 0xff, 0x30, 0x24, 0x08, 0xff, 0x38, 0x24, 0x00, 0xff,
    0x38, 0x24, 0x00, 0xff, 0x30, 0x24, 0x00, 0xff, 0x30, 0x24, 0x08, 0xff,
    0x30, 0x24, 0x08, 0xff, 0x38, 0x24, 0x08, 0xff, 0x30, 0x24, 0x00, 0xff,
    0x30, 0x20, 0x08, 0xff, 0x30, 0x24, 0x00, 0xff, 0x30, 0x20, 0x00, 0xff,
    0x38, 0x20, 0x00, 0xff, 0x30, 0x20, 0x08, 0xff, 0x38, 0x24, 0x08, 0xff,
    0x30, 0x24, 0x00, 0xff, 0x30, 0x24, 0x00, 0xff, 0x38, 0x20, 0x08, 0xff,
    0x30, 0x24, 0x00, 0xff, 0x38, 0x20, 0x08, 0xff, 0x38, 0x20, 0x00, 0xff,
    0x30, 0x20, 0x08, 0xff, 0x30, 0x20, 0x00, 0xff, 0x38, 0x24, 0x00, 0xff,
    0x30, 0x24, 0x08, 0xff, 0x38, 0x20, 0x00, 0xff, 0x38, 0x24, 0x08, 0xff,
    0x30, 0x20, 0x00, 0xff, 0x38, 0x20, 0x00, 0xff, 0x38, 0x24, 0x08, 0xff,
    0x30, 0x24, 0x00, 0xff, 0x38, 0x20, 0x08, 0xff, 0x38, 0x20, 0x08, 0xff,
    0x30, 0x24, 0x00, 0xff, 0x38, 0x24, 0x08, 0xff, 0x38, 0x20, 0x00, 0xff,
    0x30, 0x24, 0x00, 0xff, 0x38, 0x24, 0x08, 0xff, 0x30, 0x20, 0x08, 0xff,
    0x38, 0x24, 0x00, 0xff, 0x30, 0x24, 0x08, 0xff, 0x38, 0x24, 0x00, 0xff,
    0x38, 0x20, 0x00, 0xff, 0x30, 0x20, 0x08, 0xff, 0x38, 0x24, 0x08, 0xff,
    0x30, 0x20, 0x00, 0xff, 0x30, 0x24, 0x00, 0xff, 0x38, 0x24, 0x08, 0xff,
    0x30, 0x20, 0x00, 0xff, 0x38, 0x24, 0x08, 0xff, 0x30, 0x20, 0x00, 0xff,
    0x38, 0x24, 0x00, 0xff, 0x30, 0x20, 0x08, 0xff, 0x38, 0x24, 0x00, 0xff,
    0x30, 0x20, 0x00, 0xff, 0x38, 0x24, 0x08, 0xff, 0x38, 0x24, 0x08, 0xff,
    0x30, 0x24, 0x00, 0xff, 0x38, 0x24, 0x08, 0xff, 0x30, 0x20, 0x00, 0xff,
    0x30, 0x24, 0x00, 0xff, 0x30, 0x24, 0x00, 0xff, 0x30, 0x20, 0x08, 0xff,
    0x38, 0x24, 0x08, 0xff, 0x30, 0x20, 0x00, 0xff, 0x30, 0x20, 0x00, 0xff,
    0x30, 0x20, 0x08, 0xff, 0x30, 0x24, 0x00, 0xff, 0x38, 0x24, 0x00, 0xff,
    0x30, 0x24, 0x08, 0xff, 0x30, 0x20, 0x00, 0xff, 0x30, 0x24, 0x00, 0xff,
    0x38, 0x20, 0x00, 0xff, 0x38, 0x24, 0x00, 0xff, 0x30, 0x24, 0x08, 0xff,
    0x38, 0x24, 0x08, 0xff, 0x30, 0x24, 0x00, 0xff, 0x30, 0x20, 0x08, 0xff,
    0x30, 0x24, 0x00, 0xff, 0x38, 0x24, 0x00, 0xff, 0x38, 0x24, 0x08, 0xff,
    0x30, 0x20, 0x08, 0xff, 0x30, 0x24, 0x08, 0xff, 0x30, 0x24, 0x00, 0xff,
    0x38, 0x24, 0x00, 0xff, 0x30, 0x24, 0x08, 0xff, 0x38, 0x20, 0x00, 0xff,
    0x30, 0x20, 0x00, 0xff, 0x38, 0x20, 0x08, 0xff, 0x38, 0x24, 0x00, 0xff,
    0x30, 0x20, 0x00, 0xff, 0x38, 0x24, 0x00, 0xff, 0x30, 0x24, 0x08, 0xff,
    0x30, 0x20, 0x08, 0xff, 0x38, 0x24, 0x00, 0xff, 0x38, 0x20, 0x00, 0xff,
    0x30, 0x20, 0x08, 0xff, 0x38, 0x24, 0x08, 0xff, 0x30, 0x24, 0x00, 0xff,
    0x38, 0x20, 0x08, 0xff, 0x38, 0x24, 0x00, 0xff, 0x30, 0x24, 0x00, 0xff,
    0x30, 0x24, 0x08, 0xff, 0x38, 0x20, 0x08, 0xff, 0x30, 0x24, 0x00, 0xff,
    0x30, 0x24, 0x08, 0xff, 0x38, 0x20, 0x00, 0xff, 0x30, 0x24, 0x08, 0xff,
    0x30, 0x20, 0x08, 0xff, 0x38, 0x24, 0x00, 0xff, 0x38, 0x24, 0x00, 0xff,
    0x30, 0x20, 0x08, 0xff, 0x38, 0x24, 0x08, 0xff, 0x38, 0x24, 0x00, 0xff,
    0x30, 0x24, 0x00, 0xff, 0x30, 0x20, 0x00, 0xff, 0x38, 0x24, 0x00, 0xff,
    0x30, 0x24, 0x08, 0xff, 0x30, 0x24, 0x00, 0xff, 0x38, 0x20, 0x00, 0xff,
    0x30, 0x24, 0x08, 0xff, 0x30, 0x24, 0x00, 0xff, 0x30, 0x20, 0x00, 0xff,
    0x30, 0x24, 0x08, 0xff, 0x38, 0x20, 0x08, 0xff, 0x30, 0x24, 0x08, 0xff,
    0x30, 0x24, 0x00, 0xff, 0x38, 0x24, 0x08, 0xff, 0x30, 0x24, 0x08, 0xff,
    0x30, 0x24, 0x08, 0xff, 0x30, 0x24, 0x00, 0xff, 0x38, 0x24, 0x00, 0xff,
    0x30, 0x20, 0x08, 0xff, 0x38, 0x24, 0x08, 0xff, 0x30, 0x20, 0x00, 0xff,
    0x38, 0x24, 0x08, 0xff, 0x38, 0x24, 0x08, 0xff, 0x38, 0x24, 0x08, 0xff,
    0x38, 0x28, 0x08, 0xff, 0x18, 0x14, 0x08, 0x9a, 0x00, 0x00, 0x00, 0x61,
    0x00, 0x00, 0x00, 0x4d, 0x00, 0x00, 0x00, 0x3c, 0x00, 0x00, 0x00, 0x2c,
    0x00, 0x00, 0x00, 0x20, 0x00, 0x00, 0x00, 0x14, 0x00, 0x00, 0x00, 0x0c,
    0x00, 0x00, 0x00, 0x04, 0x00, 0x00, 0x00, 0x04, 0x00, 0x00, 0x00, 0x00,
    0x00, 0x00, 0x00, 0x00, 0x00, 0x00, 0x00, 0x00, 0x00, 0x00, 0x00, 0x00,
    0x00, 0x00, 0x00, 0x00, 0x00, 0x00, 0x00, 0x00, 0x00, 0x00, 0x00, 0x00,
    0x00, 0x00, 0x00, 0x00, 0x00, 0x00, 0x00, 0x00, 0x00, 0x00, 0x00, 0x00,
    0x00, 0x00, 0x00, 0x04, 0x00, 0x00, 0x00, 0x08, 0x00, 0x00, 0x00, 0x10,
    0x00, 0x00, 0x00, 0x18, 0x00, 0x00, 0x00, 0x24, 0x00, 0x00, 0x00, 0x30,
    0x00, 0x00, 0x00, 0x41, 0x00, 0x00, 0x00, 0x55, 0x00, 0x00, 0x00, 0x69,
    0x30, 0x24, 0x08, 0xd3, 0x38, 0x28, 0x08, 0xff, 0x38, 0x24, 0x08, 0xff,
    0x38, 0x24, 0x08, 0xff, 0x30, 0x24, 0x00, 0xff, 0x38, 0x24, 0x08, 0xff,
    0x30, 0x20, 0x08, 0xff, 0x30, 0x24, 0x00, 0xff, 0x38, 0x24, 0x08, 0xff,
    0x38, 0x24, 0x00, 0xff, 0x30, 0x24, 0x00, 0xff, 0x30, 0x24, 0x08, 0xff,
    0x38, 0x20, 0x00, 0xff, 0x38, 0x24, 0x08, 0xff, 0x30, 0x24, 0x08, 0xff,
    0x38, 0x24, 0x00, 0xff, 0x30, 0x24, 0x00, 0xff, 0x30, 0x24, 0x08, 0xff,
    0x30, 0x24, 0x08, 0xff, 0x30, 0x24, 0x08, 0xff, 0x30, 0x20, 0x00, 0xff,
    0x38, 0x24, 0x00, 0xff, 0x30, 0x24, 0x00, 0xff, 0x38, 0x20, 0x00, 0xff,
    0x30, 0x24, 0x00, 0xff, 0x38, 0x20, 0x00, 0xff, 0x38, 0x24, 0x00, 0xff,
    0x30, 0x20, 0x08, 0xff, 0x38, 0x20, 0x00, 0xff, 0x30, 0x24, 0x00, 0xff,
    0x38, 0x24, 0x00, 0xff, 0x30, 0x24, 0x00, 0xff, 0x30, 0x24, 0x08, 0xff,
    0x38, 0x24, 0x00, 0xff, 0x38, 0x24, 0x08, 0xff, 0x30, 0x24, 0x00, 0xff,
    0x30, 0x20, 0x00, 0xff, 0x30, 0x24, 0x00, 0xff, 0x38, 0x24, 0x00, 0xff,
    0x38, 0x24, 0x08, 0xff, 0x30, 0x24, 0x00, 0xff, 0x30, 0x24, 0x00, 0xff,
    0x38, 0x24, 0x08, 0xff, 0x30, 0x24, 0x00, 0xff, 0x30, 0x24, 0x00, 0xff,
    0x30, 0x20, 0x08, 0xff, 0x30, 0x24, 0x00, 0xff, 0x30, 0x24, 0x00, 0xff,
    0x38, 0x24, 0x00, 0xff, 0x30, 0x20, 0x00, 0xff, 0x30, 0x24, 0x08, 0xff,
    0x38, 0x24, 0x00, 0xff, 0x30, 0x24, 0x00, 0xff, 0x30, 0x24, 0x00, 0xff,
    0x38, 0x24, 0x00, 0xff, 0x30, 0x20, 0x00, 0xff, 0x30, 0x24, 0x00, 0xff,
    0x38, 0x24, 0x08, 0xff, 0x30, 0x24, 0x08, 0xff, 0x30, 0x20, 0x00, 0xff,
    0x30, 0x20, 0x08, 0xff, 0x38, 0x24, 0x00, 0xff, 0x30, 0x20, 0x00, 0xff,
    0x30, 0x24, 0x00, 0xff, 0x30, 0x24, 0x08, 0xff, 0x38, 0x24, 0x00, 0xff,
    0x30, 0x24, 0x00, 0xff, 0x30, 0x24, 0x00, 0xff, 0x38, 0x24, 0x00, 0xff,
    0x38, 0x20, 0x08, 0xff, 0x30, 0x20, 0x00, 0xff, 0x30, 0x24, 0x08, 0xff,
    0x38, 0x24, 0x00, 0xff, 0x38, 0x24, 0x08, 0xff, 0x30, 0x20, 0x00, 0xff,
    0x30, 0x24, 0x00, 0xff, 0x30, 0x24, 0x08, 0xff, 0x30, 0x24, 0x00, 0xff,
    0x38, 0x24, 0x00, 0xff, 0x30, 0x20, 0x08, 0xff, 0x30, 0x24, 0x08, 0xff,
    0x38, 0x24, 0x00, 0xff, 0x38, 0x24, 0x08, 0xff, 0x38, 0x20, 0x00, 0xff,
    0x30, 0x20, 0x08, 0xff, 0x38, 0x20, 0x00, 0xff, 0x30, 0x24, 0x00, 0xff,
    0x38, 0x24, 0x08, 0xff, 0x38, 0x24, 0x08, 0xff, 0x30, 0x24, 0x00, 0xff,
    0x38, 0x20, 0x00, 0xff, 0x30, 0x24, 0x00, 0xff, 0x38, 0x20, 0x08, 0xff,
    0x38, 0x24, 0x00, 0xff, 0x30, 0x24, 0x08, 0xff, 0x30, 0x20, 0x08, 0xff,
    0x30, 0x20, 0x00, 0xff, 0x38, 0x20, 0x00, 0xff, 0x30, 0x24, 0x08, 0xff,
    0x38, 0x24, 0x00, 0xff, 0x30, 0x20, 0x00, 0xff, 0x38, 0x24, 0x08, 0xff,
    0x30, 0x20, 0x00, 0xff, 0x30, 0x24, 0x00, 0xff, 0x38, 0x24, 0x08, 0xff,
    0x38, 0x20, 0x00, 0xff, 0x30, 0x24, 0x08, 0xff, 0x30, 0x24, 0x08, 0xff,
    0x30, 0x20, 0x00, 0xff, 0x38, 0x24, 0x08, 0xff, 0x30, 0x24, 0x08, 0xff,
    0x30, 0x24, 0x00, 0xff, 0x38, 0x24, 0x08, 0xff, 0x30, 0x24, 0x00, 0xff,
    0x38, 0x24, 0x08, 0xff, 0x38, 0x20, 0x00, 0xff, 0x30, 0x24, 0x08, 0xff,
    0x38, 0x24, 0x00, 0xff, 0x30, 0x24, 0x00, 0xff, 0x30, 0x24, 0x08, 0xff,
    0x38, 0x20, 0x00, 0xff, 0x30, 0x24, 0x00, 0xff, 0x30, 0x24, 0x08, 0xff,
    0x38, 0x24, 0x08, 0xff, 0x30, 0x20, 0x00, 0xff, 0x30, 0x24, 0x00, 0xff,
    0x38, 0x24, 0x00, 0xff, 0x30, 0x24, 0x08, 0xff, 0x38, 0x20, 0x00, 0xff,
    0x30, 0x20, 0x00, 0xff, 0x30, 0x20, 0x08, 0xff, 0x38, 0x20, 0x00, 0xff,
    0x30, 0x24, 0x08, 0xff, 0x30, 0x24, 0x00, 0xff, 0x38, 0x20, 0x00, 0xff,
    0x30, 0x24, 0x08, 0xff, 0x38, 0x24, 0x08, 0xff, 0x30, 0x24, 0x00, 0xff,
    0x38, 0x20, 0x08, 0xff, 0x38, 0x20, 0x00, 0xff, 0x30, 0x20, 0x08, 0xff,
    0x30, 0x24, 0x00, 0xff, 0x38, 0x24, 0x00, 0xff, 0x30, 0x20, 0x08, 0xff,
    0x38, 0x20, 0x00, 0xff, 0x38, 0x20, 0x00, 0xff, 0x30, 0x20, 0x00, 0xff,
    0x38, 0x24, 0x00, 0xff, 0x30, 0x24, 0x00, 0xff, 0x30, 0x20, 0x08, 0xff,
    0x38, 0x20, 0x00, 0xff, 0x30, 0x24, 0x08, 0xff, 0x30, 0x24, 0x00, 0xff,
    0x38, 0x20, 0x00, 0xff, 0x38, 0x20, 0x08, 0xff, 0x30, 0x24, 0x00, 0xff,
    0x38, 0x20, 0x00, 0xff, 0x30, 0x24, 0x08, 0xff, 0x30, 0x24, 0x00, 0xff,
    0x38, 0x24, 0x08, 0xff, 0x38, 0x24, 0x08, 0xff, 0x38, 0x28, 0x08, 0xff,
    0x30, 0x24, 0x08, 0xd3, 0x00, 0x00, 0x00, 0x69, 0x00, 0x00, 0x00, 0x55,
    0x00, 0x00, 0x00, 0x41, 0x00, 0x00, 0x00, 0x30, 0x00, 0x00, 0x00, 0x24,
    0x00, 0x00, 0x00, 0x18, 0x00, 0x00, 0x00, 0x10, 0x00, 0x00, 0x00, 0x08,
    0x00, 0x00, 0x00, 0x04, 0x00, 0x00, 0x00, 0x00, 0x00, 0x00, 0x00, 0x00,
    0x00, 0x00, 0x00, 0x00, 0x00, 0x00, 0x00, 0x00, 0x00, 0x00, 0x00, 0x00,
    0x00, 0x00, 0x00, 0x00, 0x00, 0x00, 0x00, 0x00, 0x00, 0x00, 0x00, 0x00,
    0x00, 0x00, 0x00, 0x00, 0x00, 0x00, 0x00, 0x04, 0x00, 0x00, 0x00, 0x04,
    0x00, 0x00, 0x00, 0x08, 0x00, 0x00, 0x00, 0x10, 0x00, 0x00, 0x00, 0x1c,
    0x00, 0x00, 0x00, 0x28, 0x00, 0x00, 0x00, 0x38, 0x00, 0x00, 0x00, 0x49,
    0x00, 0x00, 0x00, 0x5d, 0x08, 0x04, 0x00, 0x79, 0x38, 0x28, 0x08, 0xfb,
    0x38, 0x24, 0x08, 0xff, 0x38, 0x28, 0x08, 0xff, 0x30, 0x24, 0x08, 0xff,
    0x30, 0x24, 0x00, 0xff, 0x38, 0x20, 0x08, 0xff, 0x30, 0x24, 0x00, 0xff,
    0x38, 0x24, 0x08, 0xff, 0x30, 0x24, 0x08, 0xff, 0x30, 0x20, 0x00, 0xff,
    0x30, 0x24, 0x08, 0xff, 0x38, 0x20, 0x08, 0xff, 0x30, 0x24, 0x00, 0xff,
    0x30, 0x20, 0x00, 0xff, 0x38, 0x20, 0x00, 0xff, 0x30, 0x20, 0x00, 0xff,
    0x38, 0x24, 0x08, 0xff, 0x38, 0x24, 0x00, 0xff, 0x38, 0x24, 0x00, 0xff,
    0x30, 0x20, 0x00, 0xff, 0x30, 0x20, 0x08, 0xff, 0x30, 0x24, 0x08, 0xff,
    0x38, 0x20, 0x00, 0xff, 0x30, 0x24, 0x08, 0xff, 0x38, 0x24, 0x08, 0xff,
    0x30, 0x24, 0x00, 0xff, 0x30, 0x20, 0x08, 0xff, 0x38, 0x20, 0x08, 0xff,
    0x30, 0x24, 0x00, 0xff, 0x30, 0x24, 0x00, 0xff, 0x38, 0x20, 0x08, 0xff,
    0x30, 0x20, 0x08, 0xff, 0x38, 0x20, 0x00, 0xff, 0x38, 0x24, 0x08, 0xff,
    0x30, 0x24, 0x08, 0xff, 0x38, 0x24, 0x00, 0xff, 0x30, 0x24, 0x08, 0xff,
    0x30, 0x20, 0x00, 0xff, 0x38, 0x20, 0x08, 0xff, 0x30, 0x20, 0x08, 0xff,
    0x38, 0x24, 0x00, 0xff, 0x38, 0x20, 0x00, 0xff, 0x30, 0x20, 0x08, 0xff,
    0x30, 0x24, 0x00, 0xff, 0x38, 0x24, 0x08, 0xff, 0x38, 0x24, 0x00, 0xff,
    0x38, 0x20, 0x08, 0xff, 0x30, 0x24, 0x08, 0xff, 0x30, 0x24, 0x08, 0xff,
    0x38, 0x20, 0x00, 0xff, 0x30, 0x24, 0x08, 0xff, 0x30, 0x24, 0x08, 0xff,
    0x38, 0x20, 0x08, 0xff, 0x30, 0x20, 0x00, 0xff, 0x38, 0x24, 0x08, 0xff,
    0x30, 0x20, 0x00, 0xff, 0x30, 0x24, 0x08, 0xff, 0x30, 0x24, 0x00, 0xff,
    0x38, 0x24, 0x00, 0xff, 0x30, 0x24, 0x00, 0xff, 0x38, 0x24, 0x08, 0xff,
    0x30, 0x24, 0x00, 0xff, 0x38, 0x24, 0x08, 0xff, 0x30, 0x20, 0x00, 0xff,
    0x30, 0x20, 0x08, 0xff, 0x38, 0x24, 0x08, 0xff, 0x30, 0x24, 0x00, 0xff,
    0x38, 0x20, 0x08, 0xff, 0x38, 0x24, 0x08, 0xff, 0x30, 0x24, 0x00, 0xff,
    0x30, 0x24, 0x08, 0xff, 0x30, 0x24, 0x00, 0xff, 0x38, 0x24, 0x08, 0xff,
    0x30, 0x20, 0x00, 0xff, 0x30, 0x20, 0x00, 0xff, 0x38, 0x24, 0x08, 0xff,
    0x38, 0x24, 0x08, 0xff, 0x38, 0x20, 0x00, 0xff, 0x30, 0x20, 0x08, 0xff,
    0x38, 0x24, 0x00, 0xff, 0x30, 0x20, 0x00, 0xff, 0x30, 0x20, 0x08, 0xff,
    0x38, 0x24, 0x08, 0xff, 0x30, 0x20, 0x08, 0xff, 0x30, 0x24, 0x00, 0xff,
    0x38, 0x24, 0x08, 0xff, 0x30, 0x20, 0x00, 0xff, 0x30, 0x24, 0x08, 0xff,
    0x30, 0x24, 0x00, 0xff, 0x38, 0x24, 0x00, 0xff, 0x30, 0x24, 0x08, 0xff,
    0x30, 0x20, 0x08, 0xff, 0x30, 0x24, 0x00, 0xff, 0x38, 0x20, 0x00, 0xff,
    0x38, 0x24, 0x00, 0xff, 0x30, 0x24, 0x08, 0xff, 0x38, 0x20, 0x08, 0xff,
    0x30, 0x24, 0x00, 0xff, 0x38, 0x20, 0x08, 0xff, 0x38, 0x24, 0x00, 0xff,
    0x30, 0x24, 0x00, 0xff, 0x30, 0x24, 0x08, 0xff, 0x38, 0x24, 0x00, 0xff,
    0x30, 0x20, 0x00, 0xff, 0x30, 0x24, 0x08, 0xff, 0x38, 0x24, 0x00, 0xff,
    0x38, 0x24, 0x00, 0xff, 0x30, 0x20, 0x00, 0xff, 0x38, 0x24, 0x08, 0xff,
    0x38, 0x24, 0x00, 0xff, 0x30, 0x24, 0x00, 0xff, 0x30, 0x20, 0x08, 0xff,
    0x38, 0x20, 0x00, 0xff, 0x30, 0x24, 0x08, 0xff, 0x30, 0x20, 0x00, 0xff,
    0x30, 0x24, 0x00, 0xff, 0x30, 0x20, 0x00, 0xff, 0x30, 0x24, 0x08, 0xff,
    0x38, 0x24, 0x08, 0xff, 0x30, 0x20, 0x00, 0xff, 0x38, 0x20, 0x00, 0xff,
    0x30, 0x20, 0x00, 0xff, 0x38, 0x24, 0x08, 0xff, 0x38, 0x20, 0x08, 0xff,
    0x30, 0x20, 0x00, 0xff, 0x30, 0x20, 0x08, 0xff, 0x38, 0x24, 0x08, 0xff,
    0x38, 0x20, 0x00, 0xff, 0x30, 0x20, 0x08, 0xff, 0x38, 0x24, 0x08, 0xff,
    0x30, 0x24, 0x00, 0xff, 0x30, 0x24, 0x00, 0xff, 0x38, 0x24, 0x08, 0xff,
    0x30, 0x24, 0x08, 0xff, 0x30, 0x20, 0x00, 0xff, 0x38, 0x20, 0x00, 0xff,
    0x30, 0x24, 0x08, 0xff, 0x30, 0x24, 0x08, 0xff, 0x38, 0x24, 0x00, 0xff,
    0x30, 0x24, 0x08, 0xff, 0x30, 0x24, 0x08, 0xff, 0x38, 0x24, 0x00, 0xff,
    0x30, 0x24, 0x08, 0xff, 0x30, 0x24, 0x08, 0xff, 0x38, 0x24, 0x00, 0xff,
    0x30, 0x24, 0x08, 0xff, 0x38, 0x24, 0x08, 0xff, 0x30, 0x24, 0x08, 0xff,
    0x30, 0x24, 0x00, 0xff, 0x38, 0x24, 0x00, 0xff, 0x30, 0x20, 0x08, 0xff,
    0x38, 0x24, 0x00, 0xff, 0x30, 0x20, 0x00, 0xff, 0x38, 0x20, 0x08, 0xff,
    0x30, 0x24, 0x08, 0xff, 0x30, 0x24, 0x00, 0xff, 0x38, 0x24, 0x08, 0xff,
    0x30, 0x24, 0x00, 0xff, 0x30, 0x24, 0x00, 0xff, 0x38, 0x24, 0x00, 0xff,
    0x30, 0x24, 0x08, 0xff, 0x38, 0x28, 0x08, 0xff, 0x38, 0x28, 0x08, 0xfb,
    0x08, 0x04, 0x00, 0x79, 0x00, 0x00, 0x00, 0x5d, 0x00, 0x00, 0x00, 0x49,
    0x00, 0x00, 0x00, 0x38, 0x00, 0x00, 0x00, 0x28, 0x00, 0x00, 0x00, 0x1c,
    0x00, 0x00, 0x00, 0x10, 0x00, 0x00, 0x00, 0x0c, 0x00, 0x00, 0x00, 0x04,
    0x00, 0x00, 0x00, 0x04, 0x00, 0x00, 0x00, 0x00, 0x00, 0x00, 0x00, 0x00,
    0x00, 0x00, 0x00, 0x00, 0x00, 0x00, 0x00, 0x00, 0x00, 0x00, 0x00, 0x00,
    0x00, 0x00, 0x00, 0x00, 0x00, 0x00, 0x00, 0x00, 0x00, 0x00, 0x00, 0x00,
    0x00, 0x00, 0x00, 0x04, 0x00, 0x00, 0x00, 0x08, 0x00, 0x00, 0x00, 0x0c,
    0x00, 0x00, 0x00, 0x14, 0x00, 0x00, 0x00, 0x20, 0x00, 0x00, 0x00, 0x2c,
    0x00, 0x00, 0x00, 0x3c, 0x00, 0x00, 0x00, 0x4d, 0x00, 0x00, 0x00, 0x65,
    0x20, 0x18, 0x08, 0xa6, 0x38, 0x28, 0x10, 0xff, 0x38, 0x24, 0x08, 0xff,
    0x30, 0x24, 0x08, 0xff, 0x30, 0x24, 0x08, 0xff, 0x38, 0x24, 0x00, 0xff,
    0x38, 0x20, 0x00, 0xff, 0x30, 0x24, 0x00, 0xff, 0x30, 0x20, 0x00, 0xff,
    0x38, 0x24, 0x00, 0xff, 0x30, 0x24, 0x00, 0xff, 0x38, 0x24, 0x08, 0xff,
    0x30, 0x20, 0x00, 0xff, 0x38, 0x20, 0x08, 0xff, 0x30, 0x24, 0x00, 0xff,
    0x30, 0x24, 0x08, 0xff, 0x30, 0x20, 0x00, 0xff, 0x30, 0x24, 0x08, 0xff,
    0x38, 0x24, 0x08, 0xff, 0x30, 0x24, 0x00, 0xff, 0x38, 0x24, 0x00, 0xff,
    0x38, 0x24, 0x08, 0xff, 0x30, 0x20, 0x08, 0xff, 0x30, 0x20, 0x00, 0xff,
    0x38, 0x20, 0x08, 0xff, 0x30, 0x24, 0x08, 0xff, 0x30, 0x20, 0x00, 0xff,
    0x30, 0x24, 0x08, 0xff, 0x38, 0x24, 0x08, 0xff, 0x38, 0x24, 0x00, 0xff,
    0x30, 0x20, 0x08, 0xff, 0x30, 0x24, 0x00, 0xff, 0x38, 0x24, 0x00, 0xff,
    0x30, 0x20, 0x00, 0xff, 0x30, 0x20, 0x08, 0xff, 0x30, 0x20, 0x00, 0xff,
    0x38, 0x20, 0x00, 0xff, 0x38, 0x24, 0x08, 0xff, 0x30, 0x20, 0x00, 0xff,
    0x38, 0x24, 0x00, 0xff, 0x30, 0x20, 0x08, 0xff, 0x30, 0x20, 0x00, 0xff,
    0x30, 0x24, 0x00, 0xff, 0x30, 0x24, 0x08, 0xff, 0x38, 0x24, 0x00, 0xff,
    0x30, 0x20, 0x08, 0xff, 0x30, 0x20, 0x00, 0xff, 0x38, 0x24, 0x00, 0xff,
    0x30, 0x20, 0x08, 0xff, 0x30, 0x24, 0x00, 0xff, 0x38, 0x24, 0x08, 0xff,
    0x30, 0x24, 0x00, 0xff, 0x30, 0x24, 0x00, 0xff, 0x38, 0x20, 0x00, 0xff,
    0x38, 0x24, 0x08, 0xff, 0x30, 0x24, 0x08, 0xff, 0x38, 0x20, 0x00, 0xff,
    0x38, 0x20, 0x08, 0xff, 0x38, 0x24, 0x00, 0xff, 0x30, 0x24, 0x00, 0xff,
    0x38, 0x20, 0x08, 0xff, 0x30, 0x20, 0x08, 0xff, 0x30, 0x24, 0x00, 0xff,
    0x38, 0x24, 0x00, 0xff, 0x38, 0x24, 0x08, 0xff, 0x38, 0x20, 0x00, 0xff,
    0x30, 0x24, 0x00, 0xff, 0x38, 0x20, 0x00, 0xff, 0x30, 0x20, 0x08, 0xff,
    0x30, 0x20, 0x00, 0xff, 0x30, 0x24, 0x00, 0xff, 0x38, 0x20, 0x00, 0xff,
    0x30, 0x20, 0x00, 0xff, 0x30, 0x20, 0x08, 0xff, 0x38, 0x24, 0x00, 0xff,
    0x38, 0x24, 0x08, 0xff, 0x30, 0x24, 0x00, 0xff, 0x30, 0x20, 0x00, 0xff,
    0x30, 0x20, 0x08, 0xff, 0x30, 0x24, 0x00, 0xff, 0x38, 0x24, 0x08, 0xff,
    0x38, 0x20, 0x00, 0xff, 0x30, 0x24, 0x00, 0xff, 0x30, 0x20, 0x00, 0xff,
    0x30, 0x24, 0x00, 0xff, 0x38, 0x20, 0x08, 0xff, 0x30, 0x24, 0x00, 0xff,
    0x30, 0x20, 0x08, 0xff, 0x38, 0x20, 0x00, 0xff, 0x38, 0x24, 0x00, 0xff,
    0x30, 0x24, 0x08, 0xff, 0x30, 0x24, 0x08, 0xff, 0x38, 0x20, 0x00, 0xff,
    0x30, 0x20, 0x00, 0xff, 0x30, 0x24, 0x08, 0xff, 0x30, 0x24, 0x00, 0xff,
    0x38, 0x20, 0x00, 0xff, 0x30, 0x24, 0x08, 0xff, 0x30, 0x24, 0x00, 0xff,
    0x30, 0x24, 0x08, 0xff, 0x30, 0x20, 0x00, 0xff, 0x38, 0x24, 0x08, 0xff,
    0x30, 0x20, 0x08, 0xff, 0x38, 0x24, 0x08, 0xff, 0x38, 0x24, 0x00, 0xff,
    0x30, 0x20, 0x00, 0xff, 0x30, 0x20, 0x08, 0xff, 0x30, 0x20, 0x08, 0xff,
    0x38, 0x24, 0x00, 0xff, 0x38, 0x24, 0x00, 0xff, 0x30, 0x20, 0x08, 0xff,
    0x30, 0x20, 0x00, 0xff, 0x38, 0x24, 0x00, 0xff, 0x30, 0x20, 0x08, 0xff,
    0x38, 0x20, 0x00, 0xff, 0x30, 0x24, 0x08, 0xff, 0x38, 0x24, 0x00, 0xff,
    0x38, 0x24, 0x08, 0xff, 0x38, 0x24, 0x08, 0xff, 0x30, 0x20, 0x00, 0xff,
    0x38, 0x24, 0x08, 0xff, 0x30, 0x24, 0x08, 0xff, 0x30, 0x24, 0x00, 0xff,
    0x30, 0x24, 0x00, 0xff, 0x30, 0x24, 0x00, 0xff, 0x38, 0x24, 0x08, 0xff,
    0x38, 0x20, 0x08, 0xff, 0x30, 0x24, 0x00, 0xff, 0x30, 0x24, 0x00, 0xff,
    0x30, 0x20, 0x00, 0xff, 0x38, 0x24, 0x08, 0xff, 0x30, 0x24, 0x00, 0xff,
    0x30, 0x20, 0x08, 0xff, 0x38, 0x24, 0x00, 0xff, 0x30, 0x20, 0x00, 0xff,
    0x30, 0x20, 0x08, 0xff, 0x38, 0x24, 0x00, 0xff, 0x30, 0x20, 0x00, 0xff,
    0x30, 0x24, 0x00, 0xff, 0x38, 0x20, 0x00, 0xff, 0x30, 0x20, 0x00, 0xff,
    0x30, 0x20, 0x00, 0xff, 0x38, 0x24, 0x08, 0xff, 0x30, 0x20, 0x00, 0xff,
    0x30, 0x24, 0x00, 0xff, 0x38, 0x20, 0x00, 0xff, 0x30, 0x20, 0x08, 0xff,
    0x38, 0x24, 0x00, 0xff, 0x30, 0x20, 0x00, 0xff, 0x38, 0x24, 0x08, 0xff,
    0x38, 0x20, 0x00, 0xff, 0x30, 0x24, 0x00, 0xff, 0x30, 0x20, 0x08, 0xff,
    0x38, 0x24, 0x08, 0xff, 0x38, 0x24, 0x00, 0xff, 0x30, 0x24, 0x00, 0xff,
    0x30, 0x24, 0x08, 0xff, 0x38, 0x24, 0x00, 0xff, 0x30, 0x20, 0x08, 0xff,
    0x38, 0x20, 0x08, 0xff, 0x38, 0x24, 0x00, 0xff, 0x30, 0x24, 0x08, 0xff,
    0x38, 0x24, 0x08, 0xff, 0x38, 0x28, 0x08, 0xff, 0x20, 0x18, 0x08, 0xaa,
    0x00, 0x00, 0x00, 0x65, 0x00, 0x00, 0x00, 0x51, 0x00, 0x00, 0x00, 0x3c,
    0x00, 0x00, 0x00, 0x2c, 0x00, 0x00, 0x00, 0x20, 0x00, 0x00, 0x00, 0x14,
    0x00, 0x00, 0x00, 0x0c, 0x00, 0x00, 0x00, 0x04, 0x00, 0x00, 0x00, 0x04,
    0x00, 0x00, 0x00, 0x00, 0x00, 0x00, 0x00, 0x00, 0x00, 0x00, 0x00, 0x00,
    0x00, 0x00, 0x00, 0x00, 0x00, 0x00, 0x00, 0x00, 0x00, 0x00, 0x00, 0x00,
    0x00, 0x00, 0x00, 0x00, 0x00, 0x00, 0x00, 0x00, 0x00, 0x00, 0x00, 0x04,
    0x00, 0x00, 0x00, 0x08, 0x00, 0x00, 0x00, 0x0c, 0x00, 0x00, 0x00, 0x18,
    0x00, 0x00, 0x00, 0x24, 0x00, 0x00, 0x00, 0x30, 0x00, 0x00, 0x00, 0x41,
    0x00, 0x00, 0x00, 0x55, 0x00, 0x00, 0x00, 0x69, 0x30, 0x20, 0x08, 0xd7,
    0x38, 0x28, 0x08, 0xff, 0x38, 0x28, 0x08, 0xff, 0x38, 0x24, 0x00, 0xff,
    0x30, 0x20, 0x00, 0xff, 0x30, 0x20, 0x08, 0xff, 0x30, 0x24, 0x00, 0xff,
    0x38, 0x24, 0x08, 0xff, 0x30, 0x24, 0x08, 0xff, 0x38, 0x20, 0x00, 0xff,
    0x30, 0x20, 0x08, 0xff, 0x38, 0x24, 0x00, 0xff, 0x30, 0x24, 0x00, 0xff,
    0x30, 0x24, 0x00, 0xff, 0x38, 0x24, 0x08, 0xff, 0x38, 0x20, 0x00, 0xff,
    0x30, 0x24, 0x08, 0xff, 0x38, 0x20, 0x00, 0xff, 0x30, 0x24, 0x00, 0xff,
    0x30, 0x20, 0x08, 0xff, 0x30, 0x20, 0x08, 0xff, 0x38, 0x24, 0x00, 0xff,
    0x30, 0x24, 0x00, 0xff, 0x30, 0x24, 0x00, 0xff, 0x38, 0x24, 0x00, 0xff,
    0x38, 0x20, 0x00, 0xff, 0x30, 0x20, 0x08, 0xff, 0x30, 0x24, 0x00, 0xff,
    0x30, 0x20, 0x00, 0xff, 0x38, 0x20, 0x00, 0xff, 0x30, 0x24, 0x08, 0xff,
    0x30, 0x20, 0x08, 0xff, 0x38, 0x24, 0x00, 0xff, 0x30, 0x24, 0x00, 0xff,
    0x30, 0x20, 0x08, 0xff, 0x38, 0x24, 0x08, 0xff, 0x30, 0x24, 0x00, 0xff,
    0x30, 0x24, 0x08, 0xff, 0x38, 0x24, 0x00, 0xff, 0x30, 0x24, 0x00, 0xff,
    0x30, 0x24, 0x08, 0xff, 0x38, 0x24, 0x00, 0xff, 0x38, 0x20, 0x08, 0xff,
    0x38, 0x24, 0x08, 0xff, 0x30, 0x20, 0x00, 0xff, 0x30, 0x20, 0x00, 0xff,
    0x38, 0x24, 0x08, 0xff, 0x30, 0x24, 0x00, 0xff, 0x30, 0x20, 0x00, 0xff,
    0x38, 0x20, 0x08, 0xff, 0x30, 0x20, 0x00, 0xff, 0x38, 0x20, 0x00, 0xff,
    0x30, 0x20, 0x08, 0xff, 0x30, 0x24, 0x08, 0xff, 0x30, 0x24, 0x00, 0xff,
    0x30, 0x20, 0x00, 0xff, 0x30, 0x24, 0x00, 0xff, 0x30, 0x20, 0x08, 0xff,
    0x30, 0x20, 0x08, 0xff, 0x30, 0x24, 0x00, 0xff, 0x38, 0x24, 0x08, 0xff,
    0x30, 0x20, 0x00, 0xff, 0x30, 0x24, 0x08, 0xff, 0x30, 0x20, 0x00, 0xff,
    0x38, 0x24, 0x08, 0xff, 0x30, 0x24, 0x08, 0xff, 0x30, 0x20, 0x00, 0xff,
    0x30, 0x24, 0x00, 0xff, 0x38, 0x24, 0x08, 0xff, 0x30, 0x24, 0x08, 0xff,
    0x38, 0x24, 0x08, 0xff, 0x38, 0x20, 0x00, 0xff, 0x30, 0x24, 0x08, 0xff,
    0x30, 0x20, 0x08, 0xff, 0x38, 0x20, 0x00, 0xff, 0x30, 0x24, 0x00, 0xff,
    0x30, 0x20, 0x08, 0xff, 0x38, 0x24, 0x00, 0xff, 0x30, 0x24, 0x08, 0xff,
    0x38, 0x24, 0x00, 0xff, 0x30, 0x24, 0x00, 0xff, 0x30, 0x20, 0x08, 0xff,
    0x38, 0x24, 0x00, 0xff, 0x30, 0x24, 0x00, 0xff, 0x38, 0x20, 0x08, 0xff,
    0x38, 0x24, 0x00, 0xff, 0x30, 0x24, 0x00, 0xff, 0x38, 0x24, 0x00, 0xff,
    0x30, 0x20, 0x08, 0xff, 0x30, 0x24, 0x00, 0xff, 0x38, 0x24, 0x08, 0xff,
    0x30, 0x20, 0x00, 0xff, 0x38, 0x24, 0x00, 0xff, 0x38, 0x24, 0x08, 0xff,
    0x30, 0x20, 0x08, 0xff, 0x30, 0x20, 0x08, 0xff, 0x38, 0x24, 0x00, 0xff,
    0x30, 0x20, 0x00, 0xff, 0x38, 0x20, 0x00, 0xff, 0x30, 0x20, 0x08, 0xff,
    0x30, 0x24, 0x00, 0xff, 0x38, 0x24, 0x00, 0xff, 0x30, 0x24, 0x00, 0xff,
    0x30, 0x20, 0x00, 0xff, 0x30, 0x20, 0x08, 0xff, 0x38, 0x24, 0x00, 0xff,
    0x30, 0x24, 0x00, 0xff, 0x30, 0x24, 0x08, 0xff, 0x30, 0x20, 0x08, 0xff,
    0x38, 0x20, 0x00, 0xff, 0x30, 0x24, 0x00, 0xff, 0x30, 0x20, 0x08, 0xff,
    0x38, 0x24, 0x08, 0xff, 0x30, 0x24, 0x00, 0xff, 0x38, 0x20, 0x00, 0xff,
    0x38, 0x24, 0x08, 0xff, 0x30, 0x20, 0x00, 0xff, 0x30, 0x24, 0x00, 0xff,
    0x30, 0x20, 0x00, 0xff, 0x30, 0x20, 0x00, 0xff, 0x38, 0x24, 0x00, 0xff,
    0x30, 0x24, 0x08, 0xff, 0x38, 0x24, 0x08, 0xff, 0x38, 0x20, 0x00, 0xff,
    0x30, 0x20, 0x08, 0xff, 0x30, 0x24, 0x00, 0xff, 0x38, 0x24, 0x00, 0xff,
    0x30, 0x24, 0x00, 0xff, 0x30, 0x24, 0x08, 0xff, 0x38, 0x24, 0x00, 0xff,
    0x38, 0x20, 0x00, 0xff, 0x30, 0x24, 0x08, 0xff, 0x38, 0x20, 0x00, 0xff,
    0x38, 0x20, 0x00, 0xff, 0x30, 0x24, 0x08, 0xff, 0x38, 0x24, 0x08, 0xff,
    0x30, 0x20, 0x00, 0xff, 0x38, 0x24, 0x08, 0xff, 0x30, 0x24, 0x08, 0xff,
    0x38, 0x20, 0x08, 0xff, 0x30, 0x24, 0x00, 0xff, 0x38, 0x24, 0x00, 0xff,
    0x38, 0x20, 0x08, 0xff, 0x30, 0x24, 0x08, 0xff, 0x38, 0x20, 0x00, 0xff,
    0x30, 0x20, 0x08, 0xff, 0x30, 0x24, 0x08, 0xff, 0x38, 0x24, 0x00, 0xff,
    0x30, 0x24, 0x00, 0xff, 0x30, 0x20, 0x08, 0xff, 0x30, 0x24, 0x08, 0xff,
    0x38, 0x20, 0x00, 0xff, 0x30, 0x24, 0x00, 0xff, 0x30, 0x24, 0x08, 0xff,
    0x30, 0x20, 0x00, 0xff, 0x38, 0x20, 0x00, 0xff, 0x30, 0x24, 0x08, 0xff,
    0x30, 0x24, 0x00, 0xff, 0x38, 0x20, 0x08, 0xff, 0x30, 0x24, 0x00, 0xff,
    0x30, 0x24, 0x00, 0xff, 0x38, 0x24, 0x08, 0xff, 0x38, 0x24, 0x08, 0xff,
    0x38, 0x28, 0x08, 0xff, 0x30, 0x24, 0x10, 0xd7, 0x00, 0x00, 0x00, 0x69,
    0x00, 0x00, 0x00, 0x55, 0x00, 0x00, 0x00, 0x41, 0x00, 0x00, 0x00, 0x30,
    0x00, 0x00, 0x00, 0x24, 0x00, 0x00, 0x00, 0x18, 0x00, 0x00, 0x00, 0x0c,
    0x00, 0x00, 0x00, 0x08, 0x00, 0x00, 0x00, 0x04, 0x00, 0x00, 0x00, 0x00,
    0x00, 0x00, 0x00, 0x00, 0x00, 0x00, 0x00, 0x00, 0x00, 0x00, 0x00, 0x00,
    0x00, 0x00, 0x00, 0x00, 0x00, 0x00, 0x00, 0x00, 0x00, 0x00, 0x00, 0x00,
    0x00, 0x00, 0x00, 0x00, 0x00, 0x00, 0x00, 0x04, 0x00, 0x00, 0x00, 0x08,
    0x00, 0x00, 0x00, 0x10, 0x00, 0x00, 0x00, 0x1c, 0x00, 0x00, 0x00, 0x28,
    0x00, 0x00, 0x00, 0x34, 0x00, 0x00, 0x00, 0x49, 0x00, 0x00, 0x00, 0x5d,
    0x08, 0x04, 0x00, 0x79, 0x38, 0x28, 0x10, 0xfb, 0x38, 0x28, 0x08, 0xff,
    0x30, 0x24, 0x08, 0xff, 0x38, 0x24, 0x08, 0xff, 0x30, 0x24, 0x00, 0xff,
    0x30, 0x20, 0x08, 0xff, 0x38, 0x24, 0x08, 0xff, 0x30, 0x24, 0x00, 0xff,
    0x30, 0x20, 0x00, 0xff, 0x30, 0x20, 0x08, 0xff, 0x38, 0x24, 0x08, 0xff,
    0x30, 0x20, 0x08, 0xff, 0x30, 0x20, 0x08, 0xff, 0x38, 0x24, 0x08, 0xff,
    0x30, 0x20, 0x00, 0xff, 0x30, 0x24, 0x00, 0xff, 0x38, 0x24, 0x08, 0xff,
    0x30, 0x24, 0x00, 0xff, 0x30, 0x24, 0x00, 0xff, 0x38, 0x20, 0x08, 0xff,
    0x30, 0x20, 0x00, 0xff, 0x30, 0x24, 0x00, 0xff, 0x38, 0x20, 0x08, 0xff,
    0x30, 0x24, 0x00, 0xff, 0x30, 0x24, 0x08, 0xff, 0x38, 0x24, 0x00, 0xff,
    0x38, 0x20, 0x00, 0xff, 0x30, 0x24, 0x00, 0xff, 0x30, 0x24, 0x08, 0xff,
    0x38, 0x20, 0x08, 0xff, 0x30, 0x24, 0x00, 0xff, 0x38, 0x20, 0x00, 0xff,
    0x30, 0x20, 0x08, 0xff, 0x38, 0x24, 0x08, 0xff, 0x38, 0x24, 0x00, 0xff,
    0x38, 0x20, 0x00, 0xff, 0x30, 0x20, 0x00, 0xff, 0x30, 0x20, 0x08, 0xff,
    0x38, 0x24, 0x08, 0xff, 0x30, 0x20, 0x00, 0xff, 0x30, 0x24, 0x00, 0xff,
    0x30, 0x20, 0x08, 0xff, 0x30, 0x20, 0x00, 0xff, 0x38, 0x24, 0x08, 0xff,
    0x30, 0x24, 0x00, 0xff, 0x30, 0x24, 0x08, 0xff, 0x38, 0x24, 0x08, 0xff,
    0x30, 0x20, 0x08, 0xff, 0x38, 0x24, 0x00, 0xff, 0x30, 0x24, 0x00, 0xff,
    0x30, 0x24, 0x08, 0xff, 0x38, 0x20, 0x08, 0xff, 0x38, 0x24, 0x00, 0xff,
    0x30, 0x24, 0x00, 0xff, 0x38, 0x20, 0x08, 0xff, 0x38, 0x20, 0x00, 0xff,
    0x30, 0x24, 0x08, 0xff, 0x38, 0x24, 0x00, 0xff, 0x30, 0x20, 0x00, 0xff,
    0x38, 0x24, 0x08, 0xff, 0x30, 0x20, 0x00, 0xff, 0x38, 0x24, 0x08, 0xff,
    0x30, 0x20, 0x00, 0xff, 0x30, 0x24, 0x08, 0xff, 0x30, 0x20, 0x00, 0xff,
    0x38, 0x24, 0x08, 0xff, 0x30, 0x24, 0x00, 0xff, 0x30, 0x24, 0x00, 0xff,
    0x38, 0x24, 0x00, 0xff, 0x30, 0x24, 0x08, 0xff, 0x30, 0x24, 0x00, 0xff,
    0x30, 0x20, 0x08, 0xff, 0x38, 0x24, 0x00, 0xff, 0x30, 0x24, 0x00, 0xff,
    0x30, 0x24, 0x00, 0xff, 0x38, 0x24, 0x08, 0xff, 0x30, 0x20, 0x00, 0xff,
    0x38, 0x24, 0x00, 0xff, 0x38, 0x24, 0x08, 0xff, 0x30, 0x24, 0x00, 0xff,
    0x30, 0x20, 0x00, 0xff, 0x38, 0x20, 0x08, 0xff, 0x30, 0x24, 0x00, 0xff,
    0x30, 0x20, 0x08, 0xff, 0x30, 0x20, 0x08, 0xff, 0x30, 0x24, 0x00, 0xff,
    0x30, 0x20, 0x08, 0xff, 0x38, 0x20, 0x08, 0xff, 0x30, 0x24, 0x00, 0xff,
    0x30, 0x20, 0x08, 0xff, 0x38, 0x20, 0x08, 0xff, 0x30, 0x20, 0x00, 0xff,
    0x30, 0x24, 0x00, 0xff, 0x30, 0x24, 0x08, 0xff, 0x38, 0x20, 0x00, 0xff,
    0x30, 0x24, 0x00, 0xff, 0x30, 0x24, 0x08, 0xff, 0x38, 0x20, 0x00, 0xff,
    0x30, 0x24, 0x08, 0xff, 0x38, 0x20, 0x08, 0xff, 0x38, 0x24, 0x00, 0xff,
    0x30, 0x20, 0x08, 0xff, 0x30, 0x20, 0x00, 0xff, 0x30, 0x24, 0x00, 0xff,
    0x38, 0x20, 0x08, 0xff, 0x38, 0x24, 0x00, 0xff, 0x30, 0x20, 0x00, 0xff,
    0x38, 0x24, 0x00, 0xff, 0x30, 0x20, 0x00, 0xff, 0x30, 0x24, 0x08, 0xff,
    0x38, 0x24, 0x00, 0xff, 0x30, 0x24, 0x00, 0xff, 0x30, 0x20, 0x08, 0xff,
    0x38, 0x24, 0x00, 0xff, 0x30, 0x24, 0x08, 0xff, 0x30, 0x24, 0x08, 0xff,
    0x30, 0x20, 0x08, 0xff, 0x38, 0x24, 0x00, 0xff, 0x30, 0x24, 0x08, 0xff,
    0x38, 0x20, 0x00, 0xff, 0x30, 0x24, 0x00, 0xff, 0x30, 0x20, 0x00, 0xff,
    0x30, 0x24, 0x00, 0xff, 0x38, 0x20, 0x08, 0xff, 0x30, 0x20, 0x00, 0xff,
    0x30, 0x24, 0x00, 0xff, 0x30, 0x20, 0x08, 0xff, 0x38, 0x20, 0x08, 0xff,
    0x30, 0x20, 0x00, 0xff, 0x30, 0x24, 0x08, 0xff, 0x30, 0x24, 0x00, 0xff,
    0x30, 0x24, 0x00, 0xff, 0x30, 0x24, 0x08, 0xff, 0x30, 0x24, 0x08, 0xff,
    0x38, 0x24, 0x00, 0xff, 0x30, 0x24, 0x00, 0xff, 0x30, 0x24, 0x00, 0xff,
    0x38, 0x20, 0x00, 0xff, 0x30, 0x24, 0x08, 0xff, 0x30, 0x24, 0x08, 0xff,
    0x30, 0x24, 0x00, 0xff, 0x30, 0x20, 0x08, 0xff, 0x30, 0x24, 0x08, 0xff,
    0x38, 0x24, 0x00, 0xff, 0x30, 0x24, 0x00, 0xff, 0x30, 0x20, 0x08, 0xff,
    0x38, 0x24, 0x00, 0xff, 0x30, 0x24, 0x08, 0xff, 0x38, 0x20, 0x00, 0xff,
    0x30, 0x20, 0x08, 0xff, 0x30, 0x24, 0x08, 0xff, 0x38, 0x24, 0x00, 0xff,
    0x30, 0x24, 0x00, 0xff, 0x30, 0x20, 0x08, 0xff, 0x38, 0x24, 0x08, 0xff,
    0x30, 0x20, 0x00, 0xff, 0x30, 0x20, 0x08, 0xff, 0x38, 0x20, 0x00, 0xff,
    0x30, 0x24, 0x00, 0xff, 0x30, 0x20, 0x08, 0xff, 0x30, 0x24, 0x08, 0xff,
    0x38, 0x24, 0x08, 0xff, 0x38, 0x24, 0x08, 0xff, 0x38, 0x28, 0x08, 0xff,
    0x38, 0x28, 0x08, 0xfb, 0x08, 0x04, 0x00, 0x79, 0x00, 0x00, 0x00, 0x5d,
    0x00, 0x00, 0x00, 0x49, 0x00, 0x00, 0x00, 0x34, 0x00, 0x00, 0x00, 0x28,
    0x00, 0x00, 0x00, 0x1c, 0x00, 0x00, 0x00, 0x10, 0x00, 0x00, 0x00, 0x08,
    0x00, 0x00, 0x00, 0x04, 0x00, 0x00, 0x00, 0x04, 0x00, 0x00, 0x00, 0x00,
    0x00, 0x00, 0x00, 0x00, 0x00, 0x00, 0x00, 0x00, 0x00, 0x00, 0x00, 0x00,
    0x00, 0x00, 0x00, 0x00, 0x00, 0x00, 0x00, 0x00, 0x00, 0x00, 0x00, 0x04,
    0x00, 0x00, 0x00, 0x04, 0x00, 0x00, 0x00, 0x0c, 0x00, 0x00, 0x00, 0x14,
    0x00, 0x00, 0x00, 0x1c, 0x00, 0x00, 0x00, 0x2c, 0x00, 0x00, 0x00, 0x3c,
    0x00, 0x00, 0x00, 0x4d, 0x00, 0x00, 0x00, 0x61, 0x20, 0x14, 0x08, 0xa6,
    0x38, 0x28, 0x08, 0xff, 0x38, 0x24, 0x08, 0xff, 0x38, 0x24, 0x08, 0xff,
    0x30, 0x24, 0x08, 0xff, 0x38, 0x20, 0x00, 0xff, 0x38, 0x24, 0x00, 0xff,
    0x30, 0x20, 0x00, 0xff, 0x38, 0x20, 0x08, 0xff, 0x30, 0x24, 0x00, 0xff,
    0x38, 0x24, 0x00, 0xff, 0x30, 0x20, 0x00, 0xff, 0x30, 0x24, 0x00, 0xff,
    0x38, 0x24, 0x00, 0xff, 0x30, 0x20, 0x00, 0xff, 0x30, 0x20, 0x08, 0xff,
    0x30, 0x24, 0x00, 0xff, 0x38, 0x20, 0x08, 0xff, 0x30, 0x24, 0x08, 0xff,
    0x38, 0x24, 0x00, 0xff, 0x30, 0x20, 0x08, 0xff, 0x30, 0x24, 0x00, 0xff,
    0x38, 0x24, 0x00, 0xff, 0x30, 0x20, 0x08, 0xff, 0x30, 0x20, 0x08, 0xff,
    0x30, 0x20, 0x08, 0xff, 0x30, 0x24, 0x00, 0xff, 0x38, 0x20, 0x08, 0xff,
    0x30, 0x24, 0x08, 0xff, 0x38, 0x20, 0x00, 0xff, 0x30, 0x24, 0x00, 0xff,
    0x30, 0x24, 0x00, 0xff, 0x38, 0x20, 0x00, 0xff, 0x30, 0x24, 0x08, 0xff,
    0x30, 0x20, 0x00, 0xff, 0x30, 0x20, 0x00, 0xff, 0x30, 0x24, 0x08, 0xff,
    0x30, 0x20, 0x08, 0xff, 0x38, 0x24, 0x00, 0xff, 0x30, 0x24, 0x00, 0xff,
    0x38, 0x20, 0x08, 0xff, 0x38, 0x20, 0x08, 0xff, 0x30, 0x24, 0x00, 0xff,
    0x30, 0x24, 0x00, 0xff, 0x38, 0x20, 0x00, 0xff, 0x30, 0x20, 0x08, 0xff,
    0x38, 0x24, 0x00, 0xff, 0x30, 0x20, 0x00, 0xff, 0x30, 0x20, 0x08, 0xff,
    0x38, 0x24, 0x00, 0xff, 0x30, 0x24, 0x08, 0xff, 0x30, 0x24, 0x08, 0xff,
    0x30, 0x20, 0x00, 0xff, 0x30, 0x24, 0x00, 0xff, 0x38, 0x24, 0x00, 0xff,
    0x30, 0x24, 0x08, 0xff, 0x30, 0x24, 0x00, 0xff, 0x38, 0x20, 0x00, 0xff,
    0x30, 0x24, 0x08, 0xff, 0x38, 0x24, 0x00, 0xff, 0x30, 0x20, 0x08, 0xff,
    0x30, 0x24, 0x08, 0xff, 0x38, 0x20, 0x00, 0xff, 0x38, 0x24, 0x00, 0xff,
    0x30, 0x20, 0x00, 0xff, 0x38, 0x20, 0x00, 0xff, 0x30, 0x24, 0x08, 0xff,
    0x30, 0x20, 0x08, 0xff, 0x38, 0x24, 0x00, 0xff, 0x30, 0x20, 0x08, 0xff,
    0x30, 0x20, 0x00, 0xff, 0x38, 0x24, 0x00, 0xff, 0x30, 0x20, 0x00, 0xff,
    0x30, 0x24, 0x08, 0xff, 0x38, 0x24, 0x08, 0xff, 0x30, 0x20, 0x00, 0xff,
    0x30, 0x20, 0x08, 0xff, 0x38, 0x24, 0x00, 0xff, 0x30, 0x20, 0x00, 0xff,
    0x30, 0x20, 0x08, 0xff, 0x30, 0x24, 0x00, 0xff, 0x38, 0x24, 0x08, 0xff,
    0x30, 0x20, 0x00, 0xff, 0x38, 0x24, 0x08, 0xff, 0x38, 0x24, 0x00, 0xff,
    0x30, 0x20, 0x00, 0xff, 0x38, 0x24, 0x00, 0xff, 0x30, 0x20, 0x08, 0xff,
    0x30, 0x24, 0x00, 0xff, 0x38, 0x24, 0x00, 0xff, 0x30, 0x24, 0x00, 0xff,
    0x30, 0x20, 0x08, 0xff, 0x38, 0x24, 0x08, 0xff, 0x30, 0x24, 0x00, 0xff,
    0x30, 0x20, 0x00, 0xff, 0x30, 0x24, 0x00, 0xff, 0x38, 0x24, 0x00, 0xff,
    0x30, 0x20, 0x08, 0xff, 0x30, 0x24, 0x00, 0xff, 0x30, 0x24, 0x08, 0xff,
    0x30, 0x20, 0x00, 0xff, 0x38, 0x24, 0x00, 0xff, 0x30, 0x20, 0x08, 0xff,
    0x38, 0x24, 0x08, 0xff, 0x30, 0x24, 0x00, 0xff, 0x30, 0x20, 0x08, 0xff,
    0x30, 0x20, 0x08, 0xff, 0x38, 0x24, 0x08, 0xff, 0x30, 0x24, 0x08, 0xff,
    0x38, 0x20, 0x00, 0xff, 0x30, 0x20, 0x08, 0xff, 0x38, 0x24, 0x00, 0xff,
    0x30, 0x20, 0x00, 0xff, 0x30, 0x20, 0x08, 0xff, 0x38, 0x24, 0x00, 0xff,
    0x30, 0x20, 0x00, 0xff, 0x30, 0x20, 0x00, 0xff, 0x38, 0x24, 0x00, 0xff,
    0x30, 0x20, 0x08, 0xff, 0x38, 0x24, 0x08, 0xff, 0x30, 0x24, 0x08, 0xff,
    0x30, 0x20, 0x00, 0xff, 0x38, 0x20, 0x08, 0xff, 0x30, 0x24, 0x00, 0xff,
    0x30, 0x24, 0x00, 0xff, 0x38, 0x24, 0x08, 0xff, 0x38, 0x20, 0x08, 0xff,
    0x30, 0x24, 0x00, 0xff, 0x38, 0x20, 0x00, 0xff, 0x30, 0x24, 0x08, 0xff,
    0x38, 0x20, 0x00, 0xff, 0x38, 0x20, 0x08, 0xff, 0x30, 0x20, 0x08, 0xff,
    0x30, 0x20, 0x00, 0xff, 0x38, 0x20, 0x00, 0xff, 0x30, 0x24, 0x08, 0xff,
    0x30, 0x24, 0x00, 0xff, 0x38, 0x20, 0x08, 0xff, 0x30, 0x24, 0x00, 0xff,
    0x38, 0x20, 0x00, 0xff, 0x30, 0x24, 0x00, 0xff, 0x38, 0x24, 0x08, 0xff,
    0x30, 0x20, 0x00, 0xff, 0x30, 0x20, 0x00, 0xff, 0x38, 0x24, 0x08, 0xff,
    0x30, 0x20, 0x08, 0xff, 0x30, 0x20, 0x00, 0xff, 0x38, 0x24, 0x00, 0xff,
    0x30, 0x20, 0x08, 0xff, 0x30, 0x20, 0x00, 0xff, 0x38, 0x24, 0x00, 0xff,
    0x30, 0x20, 0x08, 0xff, 0x38, 0x20, 0x00, 0xff, 0x30, 0x20, 0x08, 0xff,
    0x38, 0x24, 0x00, 0xff, 0x38, 0x24, 0x00, 0xff, 0x30, 0x24, 0x00, 0xff,
    0x38, 0x20, 0x08, 0xff, 0x30, 0x24, 0x00, 0xff, 0x38, 0x20, 0x08, 0xff,
    0x38, 0x20, 0x00, 0xff, 0x30, 0x24, 0x00, 0xff, 0x30, 0x24, 0x00, 0xff,
    0x38, 0x24, 0x08, 0xff, 0x38, 0x24, 0x08, 0xff, 0x38, 0x28, 0x08, 0xff,
    0x20, 0x14, 0x08, 0xa6, 0x00, 0x00, 0x00, 0x65, 0x00, 0x00, 0x00, 0x4d,
    0x00, 0x00, 0x00, 0x3c, 0x00, 0x00, 0x00, 0x2c, 0x00, 0x00, 0x00, 0x1c,
    0x00, 0x00, 0x00, 0x14, 0x00, 0x00, 0x00, 0x0c, 0x00, 0x00, 0x00, 0x04,
    0x00, 0x00, 0x00, 0x04, 0x00, 0x00, 0x00, 0x00, 0x00, 0x00, 0x00, 0x00,
    0x00, 0x00, 0x00, 0x00, 0x00, 0x00, 0x00, 0x00, 0x00, 0x00, 0x00, 0x00,
    0x00, 0x00, 0x00, 0x00, 0x00, 0x00, 0x00, 0x04, 0x00, 0x00, 0x00, 0x08,
    0x00, 0x00, 0x00, 0x0c, 0x00, 0x00, 0x00, 0x18, 0x00, 0x00, 0x00, 0x20,
    0x00, 0x00, 0x00, 0x30, 0x00, 0x00, 0x00, 0x41, 0x00, 0x00, 0x00, 0x51,
    0x00, 0x00, 0x00, 0x69, 0x28, 0x20, 0x08, 0xcf, 0x38, 0x28, 0x08, 0xff,
    0x38, 0x24, 0x08, 0xff, 0x30, 0x24, 0x08, 0xff, 0x30, 0x24, 0x00, 0xff,
    0x30, 0x20, 0x00, 0xff, 0x30, 0x24, 0x08, 0xff, 0x30, 0x24, 0x08, 0xff,
    0x30, 0x20, 0x00, 0xff, 0x38, 0x24, 0x08, 0xff, 0x30, 0x20, 0x00, 0xff,
    0x30, 0x20, 0x08, 0xff, 0x38, 0x24, 0x08, 0xff, 0x38, 0x24, 0x00, 0xff,
    0x30, 0x20, 0x00, 0xff, 0x38, 0x24, 0x08, 0xff, 0x38, 0x20, 0x00, 0xff,
    0x30, 0x20, 0x00, 0xff, 0x30, 0x24, 0x08, 0xff, 0x38, 0x20, 0x00, 0xff,
    0x30, 0x20, 0x08, 0xff, 0x30, 0x24, 0x00, 0xff, 0x38, 0x24, 0x00, 0xff,
    0x38, 0x20, 0x08, 0xff, 0x30, 0x24, 0x00, 0xff, 0x38, 0x24, 0x00, 0xff,
    0x30, 0x20, 0x08, 0xff, 0x30, 0x24, 0x00, 0xff, 0x30, 0x20, 0x08, 0xff,
    0x30, 0x20, 0x08, 0xff, 0x38, 0x24, 0x00, 0xff, 0x30, 0x20, 0x08, 0xff,
    0x30, 0x24, 0x08, 0xff, 0x30, 0x24, 0x00, 0xff, 0x38, 0x20, 0x00, 0xff,
    0x30, 0x24, 0x00, 0xff, 0x30, 0x24, 0x08, 0xff, 0x38, 0x20, 0x08, 0xff,
    0x30, 0x24, 0x00, 0xff, 0x30, 0x24, 0x00, 0xff, 0x30, 0x20, 0x00, 0xff,
    0x38, 0x24, 0x08, 0xff, 0x30, 0x24, 0x08, 0xff, 0x30, 0x24, 0x00, 0xff,
    0x30, 0x20, 0x00, 0xff, 0x38, 0x24, 0x08, 0xff, 0x30, 0x20, 0x00, 0xff,
    0x30, 0x24, 0x00, 0xff, 0x38, 0x24, 0x08, 0xff, 0x30, 0x20, 0x00, 0xff,
    0x30, 0x20, 0x00, 0xff, 0x38, 0x20, 0x00, 0xff, 0x38, 0x24, 0x00, 0xff,
    0x30, 0x20, 0x08, 0xff, 0x30, 0x20, 0x08, 0xff, 0x30, 0x24, 0x00, 0xff,
    0x38, 0x20, 0x08, 0xff, 0x30, 0x24, 0x00, 0xff, 0x30, 0x24, 0x00, 0xff,
    0x38, 0x20, 0x08, 0xff, 0x30, 0x24, 0x00, 0xff, 0x30, 0x24, 0x00, 0xff,
    0x30, 0x20, 0x00, 0xff, 0x30, 0x24, 0x08, 0xff, 0x38, 0x24, 0x08, 0xff,
    0x30, 0x20, 0x00, 0xff, 0x30, 0x20, 0x08, 0xff, 0x38, 0x24, 0x00, 0xff,
    0x30, 0x20, 0x08, 0xff, 0x30, 0x20, 0x00, 0xff, 0x30, 0x24, 0x08, 0xff,
    0x38, 0x20, 0x00, 0xff, 0x38, 0x24, 0x00, 0xff, 0x30, 0x20, 0x08, 0xff,
    0x38, 0x20, 0x08, 0xff, 0x30, 0x24, 0x00, 0xff, 0x30, 0x24, 0x08, 0xff,
    0x38, 0x20, 0x08, 0xff, 0x30, 0x24, 0x00, 0xff, 0x30, 0x20, 0x00, 0xff,
    0x38, 0x20, 0x08, 0xff, 0x30, 0x24, 0x00, 0xff, 0x30, 0x20, 0x00, 0xff,
    0x30, 0x24, 0x08, 0xff, 0x30, 0x20, 0x00, 0xff, 0x38, 0x24, 0x08, 0xff,
    0x30, 0x20, 0x00, 0xff, 0x30, 0x24, 0x00, 0xff, 0x38, 0x20, 0x08, 0xff,
    0x38, 0x20, 0x00, 0xff, 0x30, 0x24, 0x08, 0xff, 0x30, 0x24, 0x00, 0xff,
    0x38, 0x20, 0x00, 0xff, 0x30, 0x24, 0x08, 0xff, 0x38, 0x20, 0x08, 0xff,
    0x38, 0x20, 0x00, 0xff, 0x30, 0x24, 0x08, 0xff, 0x38, 0x20, 0x00, 0xff,
    0x38, 0x24, 0x00, 0xff, 0x30, 0x20, 0x00, 0xff, 0x30, 0x24, 0x08, 0xff,
    0x30, 0x20, 0x00, 0xff, 0x38, 0x24, 0x00, 0xff, 0x30, 0x20, 0x00, 0xff,
    0x38, 0x24, 0x00, 0xff, 0x30, 0x20, 0x00, 0xff, 0x30, 0x24, 0x00, 0xff,
    0x30, 0x20, 0x00, 0xff, 0x38, 0x24, 0x08, 0xff, 0x30, 0x24, 0x00, 0xff,
    0x30, 0x20, 0x08, 0xff, 0x38, 0x24, 0x08, 0xff, 0x30, 0x24, 0x08, 0xff,
    0x30, 0x20, 0x00, 0xff, 0x38, 0x24, 0x08, 0xff, 0x30, 0x24, 0x08, 0xff,
    0x38, 0x24, 0x00, 0xff, 0x30, 0x24, 0x00, 0xff, 0x30, 0x20, 0x08, 0xff,
    0x30, 0x20, 0x00, 0xff, 0x38, 0x24, 0x00, 0xff, 0x30, 0x24, 0x08, 0xff,
    0x38, 0x20, 0x08, 0xff, 0x38, 0x24, 0x08, 0xff, 0x30, 0x20, 0x00, 0xff,
    0x30, 0x20, 0x00, 0xff, 0x30, 0x24, 0x08, 0xff, 0x38, 0x24, 0x00, 0xff,
    0x30, 0x24, 0x00, 0xff, 0x30, 0x20, 0x08, 0xff, 0x30, 0x24, 0x00, 0xff,
    0x38, 0x24, 0x08, 0xff, 0x30, 0x20, 0x00, 0xff, 0x30, 0x24, 0x00, 0xff,
    0x38, 0x20, 0x08, 0xff, 0x30, 0x24, 0x08, 0xff, 0x38, 0x20, 0x00, 0xff,
    0x30, 0x20, 0x08, 0xff, 0x30, 0x24, 0x08, 0xff, 0x30, 0x20, 0x00, 0xff,
    0x38, 0x20, 0x00, 0xff, 0x38, 0x24, 0x08, 0xff, 0x30, 0x24, 0x00, 0xff,
    0x38, 0x20, 0x00, 0xff, 0x30, 0x24, 0x00, 0xff, 0x38, 0x20, 0x00, 0xff,
    0x30, 0x24, 0x00, 0xff, 0x30, 0x24, 0x08, 0xff, 0x38, 0x24, 0x00, 0xff,
    0x30, 0x20, 0x00, 0xff, 0x30, 0x24, 0x00, 0xff, 0x30, 0x24, 0x00, 0xff,
    0x30, 0x20, 0x08, 0xff, 0x38, 0x24, 0x08, 0xff, 0x30, 0x20, 0x00, 0xff,
    0x30, 0x20, 0x00, 0xff, 0x30, 0x24, 0x08, 0xff, 0x30, 0x24, 0x00, 0xff,
    0x30, 0x20, 0x00, 0xff, 0x30, 0x24, 0x08, 0xff, 0x30, 0x24, 0x08, 0xff,
    0x38, 0x20, 0x00, 0xff, 0x30, 0x24, 0x00, 0xff, 0x30, 0x24, 0x08, 0xff,
    0x38, 0x24, 0x08, 0xff, 0x38, 0x28, 0x08, 0xff, 0x28, 0x24, 0x08, 0xcf,
    0x00, 0x00, 0x00, 0x69, 0x00, 0x00, 0x00, 0x51, 0x00, 0x00, 0x00, 0x41,
    0x00, 0x00, 0x00, 0x30, 0x00, 0x00, 0x00, 0x20, 0x00, 0x00, 0x00, 0x18,
    0x00, 0x00, 0x00, 0x0c, 0x00, 0x00, 0x00, 0x08, 0x00, 0x00, 0x00, 0x04,
    0x00, 0x00, 0x00, 0x00, 0x00, 0x00, 0x00, 0x00, 0x00, 0x00, 0x00, 0x00,
    0x00, 0x00, 0x00, 0x00, 0x00, 0x00, 0x00, 0x00, 0x00, 0x00, 0x00, 0x00,
    0x00, 0x00, 0x00, 0x04, 0x00, 0x00, 0x00, 0x08, 0x00, 0x00, 0x00, 0x10,
    0x00, 0x00, 0x00, 0x18, 0x00, 0x00, 0x00, 0x24, 0x00, 0x00, 0x00, 0x34,
    0x00, 0x00, 0x00, 0x45, 0x00, 0x00, 0x00, 0x59, 0x00, 0x00, 0x00, 0x71,
    0x38, 0x28, 0x08, 0xf3, 0x38, 0x28, 0x08, 0xff, 0x30, 0x24, 0x08, 0xff,
    0x38, 0x24, 0x00, 0xff, 0x30, 0x20, 0x08, 0xff, 0x38, 0x24, 0x00, 0xff,
    0x30, 0x20, 0x00, 0xff, 0x38, 0x20, 0x08, 0xff, 0x30, 0x24, 0x00, 0xff,
    0x30, 0x20, 0x00, 0xff, 0x30, 0x24, 0x08, 0xff, 0x38, 0x20, 0x08, 0xff,
    0x30, 0x24, 0x00, 0xff, 0x30, 0x20, 0x08, 0xff, 0x30, 0x24, 0x08, 0xff,
    0x30, 0x24, 0x00, 0xff, 0x38, 0x24, 0x08, 0xff, 0x30, 0x20, 0x00, 0xff,
    0x30, 0x24, 0x00, 0xff, 0x38, 0x24, 0x00, 0xff, 0x30, 0x20, 0x08, 0xff,
    0x30, 0x20, 0x00, 0xff, 0x30, 0x24, 0x08, 0xff, 0x30, 0x20, 0x08, 0xff,
    0x30, 0x24, 0x00, 0xff, 0x30, 0x24, 0x00, 0xff, 0x38, 0x20, 0x00, 0xff,
    0x30, 0x24, 0x00, 0xff, 0x38, 0x24, 0x00, 0xff, 0x30, 0x20, 0x00, 0xff,
    0x30, 0x24, 0x08, 0xff, 0x38, 0x20, 0x00, 0xff, 0x30, 0x20, 0x00, 0xff,
    0x38, 0x24, 0x08, 0xff, 0x30, 0x20, 0x08, 0xff, 0x30, 0x24, 0x00, 0xff,
    0x38, 0x20, 0x00, 0xff, 0x30, 0x20, 0x08, 0xff, 0x38, 0x24, 0x08, 0xff,
    0x30, 0x20, 0x00, 0xff, 0x30, 0x20, 0x08, 0xff, 0x38, 0x24, 0x00, 0xff,
    0x30, 0x20, 0x00, 0xff, 0x30, 0x20, 0x08, 0xff, 0x38, 0x24, 0x08, 0xff,
    0x30, 0x24, 0x00, 0xff, 0x30, 0x20, 0x08, 0xff, 0x30, 0x20, 0x00, 0xff,
    0x38, 0x24, 0x08, 0xff, 0x30, 0x24, 0x08, 0xff, 0x30, 0x20, 0x08, 0xff,
    0x30, 0x24, 0x00, 0xff, 0x38, 0x24, 0x08, 0xff, 0x30, 0x20, 0x00, 0xff,
    0x30, 0x20, 0x00, 0xff, 0x38, 0x24, 0x08, 0xff, 0x30, 0x20, 0x08, 0xff,
    0x30, 0x20, 0x00, 0xff, 0x30, 0x24, 0x08, 0xff, 0x38, 0x20, 0x08, 0xff,
    0x30, 0x20, 0x00, 0xff, 0x30, 0x24, 0x00, 0xff, 0x30, 0x20, 0x08, 0xff,
    0x38, 0x20, 0x00, 0xff, 0x30, 0x24, 0x08, 0xff, 0x30, 0x24, 0x00, 0xff,
    0x30, 0x24, 0x00, 0xff, 0x30, 0x20, 0x08, 0xff, 0x38, 0x24, 0x00, 0xff,
    0x38, 0x24, 0x08, 0xff, 0x30, 0x20, 0x00, 0xff, 0x30, 0x24, 0x08, 0xff,
    0x30, 0x24, 0x00, 0xff, 0x30, 0x20, 0x00, 0xff, 0x30, 0x24, 0x00, 0xff,
    0x38, 0x24, 0x00, 0xff, 0x30, 0x20, 0x08, 0xff, 0x30, 0x20, 0x00, 0xff,
    0x38, 0x24, 0x00, 0xff, 0x30, 0x24, 0x08, 0xff, 0x30, 0x20, 0x08, 0xff,
    0x30, 0x24, 0x00, 0xff, 0x38, 0x24, 0x08, 0xff, 0x30, 0x20, 0x00, 0xff,
    0x30, 0x20, 0x00, 0xff, 0x38, 0x24, 0x08, 0xff, 0x30, 0x24, 0x00, 0xff,
    0x30, 0x20, 0x08, 0xff, 0x38, 0x24, 0x08, 0xff, 0x30, 0x20, 0x00, 0xff,
    0x30, 0x20, 0x00, 0xff, 0x30, 0x24, 0x08, 0xff, 0x38, 0x20, 0x00, 0xff,
    0x30, 0x24, 0x00, 0xff, 0x30, 0x24, 0x08, 0xff, 0x30, 0x20, 0x00, 0xff,
    0x30, 0x20, 0x08, 0xff, 0x30, 0x24, 0x08, 0xff, 0x38, 0x20, 0x08, 0xff,
    0x38, 0x24, 0x00, 0xff, 0x30, 0x20, 0x08, 0xff, 0x38, 0x24, 0x08, 0xff,
    0x30, 0x20, 0x08, 0xff, 0x30, 0x20, 0x00, 0xff, 0x38, 0x24, 0x08, 0xff,
    0x38, 0x24, 0x08, 0xff, 0x30, 0x20, 0x00, 0xff, 0x30, 0x24, 0x00, 0xff,
    0x38, 0x20, 0x08, 0xff, 0x30, 0x20, 0x00, 0xff, 0x30, 0x24, 0x00, 0xff,
    0x30, 0x20, 0x08, 0xff, 0x38, 0x24, 0x00, 0xff, 0x30, 0x20, 0x00, 0xff,
    0x30, 0x20, 0x08, 0xff, 0x38, 0x24, 0x00, 0xff, 0x30, 0x20, 0x00, 0xff,
    0x38, 0x24, 0x08, 0xff, 0x30, 0x24, 0x08, 0xff, 0x38, 0x20, 0x00, 0xff,
    0x30, 0x20, 0x00, 0xff, 0x30, 0x24, 0x08, 0xff, 0x30, 0x24, 0x00, 0xff,
    0x30, 0x20, 0x00, 0xff, 0x38, 0x24, 0x08, 0xff, 0x30, 0x20, 0x08, 0xff,
    0x30, 0x20, 0x00, 0xff, 0x30, 0x24, 0x00, 0xff, 0x38, 0x20, 0x08, 0xff,
    0x30, 0x20, 0x00, 0xff, 0x30, 0x24, 0x00, 0xff, 0x38, 0x24, 0x08, 0xff,
    0x30, 0x20, 0x00, 0xff, 0x38, 0x24, 0x08, 0xff, 0x30, 0x24, 0x00, 0xff,
    0x30, 0x20, 0x00, 0xff, 0x38, 0x24, 0x00, 0xff, 0x30, 0x24, 0x08, 0xff,
    0x30, 0x24, 0x00, 0xff, 0x38, 0x20, 0x00, 0xff, 0x30, 0x24, 0x08, 0xff,
    0x30, 0x20, 0x08, 0xff, 0x30, 0x20, 0x00, 0xff, 0x30, 0x24, 0x08, 0xff,
    0x38, 0x20, 0x08, 0xff, 0x30, 0x24, 0x00, 0xff, 0x30, 0x20, 0x08, 0xff,
    0x30, 0x20, 0x00, 0xff, 0x30, 0x24, 0x08, 0xff, 0x38, 0x20, 0x08, 0xff,
    0x38, 0x24, 0x08, 0xff, 0x30, 0x24, 0x00, 0xff, 0x30, 0x20, 0x00, 0xff,
    0x38, 0x24, 0x00, 0xff, 0x30, 0x24, 0x08, 0xff, 0x30, 0x20, 0x08, 0xff,
    0x38, 0x20, 0x08, 0xff, 0x38, 0x24, 0x00, 0xff, 0x30, 0x20, 0x00, 0xff,
    0x38, 0x24, 0x00, 0xff, 0x30, 0x20, 0x00, 0xff, 0x30, 0x20, 0x08, 0xff,
    0x30, 0x24, 0x00, 0xff, 0x30, 0x24, 0x08, 0xff, 0x38, 0x24, 0x08, 0xff,
    0x38, 0x24, 0x08, 0xff, 0x38, 0x28, 0x10, 0xf3, 0x00, 0x00, 0x00, 0x71,
    0x00, 0x00, 0x00, 0x59, 0x00, 0x00, 0x00, 0x45, 0x00, 0x00, 0x00, 0x34,
    0x00, 0x00, 0x00, 0x24, 0x00, 0x00, 0x00, 0x18, 0x00, 0x00, 0x00, 0x10,
    0x00, 0x00, 0x00, 0x08, 0x00, 0x00, 0x00, 0x04, 0x00, 0x00, 0x00, 0x00,
    0x00, 0x00, 0x00, 0x00, 0x00, 0x00, 0x00, 0x00, 0x00, 0x00, 0x00, 0x00,
    0x00, 0x00, 0x00, 0x00, 0x00, 0x00, 0x00, 0x00, 0x00, 0x00, 0x00, 0x04,
    0x00, 0x00, 0x00, 0x08, 0x00, 0x00, 0x00, 0x10, 0x00, 0x00, 0x00, 0x1c,
    0x00, 0x00, 0x00, 0x28, 0x00, 0x00, 0x00, 0x38, 0x00, 0x00, 0x00, 0x49,
    0x00, 0x00, 0x00, 0x61, 0x10, 0x0c, 0x08, 0x8e, 0x38, 0x28, 0x08, 0xff,
    0x38, 0x28, 0x08, 0xff, 0x30, 0x24, 0x08, 0xff, 0x38, 0x24, 0x08, 0xff,
    0x30, 0x20, 0x00, 0xff, 0x30, 0x24, 0x00, 0xff, 0x38, 0x24, 0x08, 0xff,
    0x30, 0x20, 0x08, 0xff, 0x38, 0x24, 0x00, 0xff, 0x30, 0x24, 0x00, 0xff,
    0x30, 0x20, 0x00, 0xff, 0x38, 0x24, 0x00, 0xff, 0x30, 0x20, 0x00, 0xff,
    0x30, 0x20, 0x00, 0xff, 0x38, 0x20, 0x00, 0xff, 0x30, 0x24, 0x00, 0xff,
    0x30, 0x20, 0x08, 0xff, 0x30, 0x20, 0x08, 0xff, 0x30, 0x24, 0x00, 0xff,
    0x38, 0x24, 0x08, 0xff, 0x30, 0x20, 0x08, 0xff, 0x30, 0x24, 0x00, 0xff,
    0x38, 0x20, 0x00, 0xff, 0x30, 0x20, 0x08, 0xff, 0x30, 0x24, 0x08, 0xff,
    0x38, 0x20, 0x00, 0xff, 0x30, 0x20, 0x08, 0xff, 0x30, 0x24, 0x08, 0xff,
    0x38, 0x20, 0x00, 0xff, 0x30, 0x24, 0x00, 0xff, 0x30, 0x24, 0x08, 0xff,
    0x30, 0x20, 0x00, 0xff, 0x30, 0x24, 0x00, 0xff, 0x38, 0x20, 0x08, 0xff,
    0x30, 0x24, 0x00, 0xff, 0x30, 0x20, 0x00, 0xff, 0x38, 0x24, 0x00, 0xff,
    0x30, 0x24, 0x00, 0xff, 0x30, 0x20, 0x00, 0xff, 0x30, 0x24, 0x08, 0xff,
    0x38, 0x24, 0x00, 0xff, 0x30, 0x20, 0x08, 0xff, 0x30, 0x20, 0x00, 0xff,
    0x30, 0x24, 0x00, 0xff, 0x30, 0x20, 0x08, 0xff, 0x38, 0x20, 0x08, 0xff,
    0x30, 0x24, 0x00, 0xff, 0x30, 0x20, 0x08, 0xff, 0x30, 0x24, 0x00, 0xff,
    0x38, 0x20, 0x00, 0xff, 0x30, 0x24, 0x00, 0xff, 0x30, 0x20, 0x08, 0xff,
    0x38, 0x24, 0x08, 0xff, 0x30, 0x24, 0x00, 0xff, 0x30, 0x20, 0x00, 0xff,
    0x30, 0x24, 0x08, 0xff, 0x38, 0x24, 0x00, 0xff, 0x30, 0x20, 0x00, 0xff,
    0x30, 0x24, 0x00, 0xff, 0x38, 0x24, 0x00, 0xff, 0x30, 0x20, 0x08, 0xff,
    0x30, 0x20, 0x00, 0xff, 0x38, 0x24, 0x00, 0xff, 0x30, 0x20, 0x08, 0xff,
    0x30, 0x20, 0x08, 0xff, 0x38, 0x24, 0x00, 0xff, 0x38, 0x20, 0x08, 0xff,
    0x30, 0x20, 0x08, 0xff, 0x30, 0x24, 0x00, 0xff, 0x30, 0x20, 0x00, 0xff,
    0x30, 0x20, 0x08, 0xff, 0x38, 0x20, 0x00, 0xff, 0x30, 0x24, 0x08, 0xff,
    0x38, 0x20, 0x00, 0xff, 0x30, 0x20, 0x08, 0xff, 0x30, 0x24, 0x00, 0xff,
    0x38, 0x20, 0x00, 0xff, 0x30, 0x24, 0x08, 0xff, 0x30, 0x20, 0x00, 0xff,
    0x38, 0x24, 0x00, 0xff, 0x30, 0x20, 0x08, 0xff, 0x38, 0x20, 0x08, 0xff,
    0x38, 0x24, 0x00, 0xff, 0x30, 0x20, 0x00, 0xff, 0x30, 0x24, 0x08, 0xff,
    0x30, 0x20, 0x08, 0xff, 0x38, 0x20, 0x00, 0xff, 0x30, 0x24, 0x00, 0xff,
    0x30, 0x24, 0x00, 0xff, 0x38, 0x20, 0x00, 0xff, 0x30, 0x24, 0x08, 0xff,
    0x38, 0x20, 0x00, 0xff, 0x30, 0x20, 0x00, 0xff, 0x30, 0x24, 0x08, 0xff,
    0x30, 0x20, 0x00, 0xff, 0x30, 0x24, 0x08, 0xff, 0x38, 0x24, 0x00, 0xff,
    0x30, 0x20, 0x00, 0xff, 0x30, 0x24, 0x08, 0xff, 0x30, 0x20, 0x00, 0xff,
    0x30, 0x20, 0x00, 0xff, 0x38, 0x24, 0x00, 0xff, 0x30, 0x24, 0x08, 0xff,
    0x30, 0x20, 0x08, 0xff, 0x30, 0x20, 0x00, 0xff, 0x30, 0x24, 0x08, 0xff,
    0x38, 0x20, 0x00, 0xff, 0x30, 0x24, 0x08, 0xff, 0x30, 0x24, 0x00, 0xff,
    0x30, 0x20, 0x00, 0xff, 0x38, 0x24, 0x08, 0xff, 0x30, 0x20, 0x00, 0xff,
    0x30, 0x20, 0x00, 0xff, 0x30, 0x24, 0x00, 0xff, 0x38, 0x24, 0x08, 0xff,
    0x30, 0x20, 0x00, 0xff, 0x30, 0x20, 0x00, 0xff, 0x30, 0x20, 0x08, 0xff,
    0x30, 0x24, 0x00, 0xff, 0x38, 0x24, 0x00, 0xff, 0x30, 0x20, 0x08, 0xff,
    0x38, 0x20, 0x00, 0xff, 0x30, 0x20, 0x00, 0xff, 0x30, 0x24, 0x08, 0xff,
    0x30, 0x24, 0x00, 0xff, 0x38, 0x24, 0x00, 0xff, 0x30, 0x20, 0x08, 0xff,
    0x38, 0x24, 0x08, 0xff, 0x30, 0x20, 0x08, 0xff, 0x30, 0x24, 0x00, 0xff,
    0x38, 0x20, 0x08, 0xff, 0x30, 0x20, 0x00, 0xff, 0x30, 0x24, 0x00, 0xff,
    0x30, 0x20, 0x08, 0xff, 0x30, 0x20, 0x00, 0xff, 0x30, 0x24, 0x00, 0xff,
    0x30, 0x20, 0x08, 0xff, 0x38, 0x20, 0x08, 0xff, 0x30, 0x24, 0x00, 0xff,
    0x30, 0x24, 0x00, 0xff, 0x38, 0x20, 0x08, 0xff, 0x30, 0x24, 0x00, 0xff,
    0x30, 0x20, 0x00, 0xff, 0x30, 0x24, 0x08, 0xff, 0x38, 0x20, 0x08, 0xff,
    0x30, 0x24, 0x00, 0xff, 0x30, 0x20, 0x08, 0xff, 0x38, 0x24, 0x00, 0xff,
    0x30, 0x20, 0x00, 0xff, 0x30, 0x20, 0x08, 0xff, 0x30, 0x24, 0x00, 0xff,
    0x38, 0x20, 0x08, 0xff, 0x30, 0x20, 0x00, 0xff, 0x30, 0x20, 0x00, 0xff,
    0x38, 0x24, 0x08, 0xff, 0x30, 0x20, 0x00, 0xff, 0x30, 0x24, 0x00, 0xff,
    0x38, 0x20, 0x08, 0xff, 0x30, 0x24, 0x08, 0xff, 0x30, 0x20, 0x00, 0xff,
    0x38, 0x20, 0x08, 0xff, 0x38, 0x24, 0x00, 0xff, 0x30, 0x20, 0x00, 0xff,
    0x30, 0x24, 0x08, 0xff, 0x38, 0x24, 0x08, 0xff, 0x38, 0x28, 0x08, 0xff,
    0x38, 0x28, 0x10, 0xff, 0x10, 0x0c, 0x08, 0x8e, 0x00, 0x00, 0x00, 0x5d,
    0x00, 0x00, 0x00, 0x49, 0x00, 0x00, 0x00, 0x38, 0x00, 0x00, 0x00, 0x28,
    0x00, 0x00, 0x00, 0x1c, 0x00, 0x00, 0x00, 0x10, 0x00, 0x00, 0x00, 0x08,
    0x00, 0x00, 0x00, 0x04, 0x00, 0x00, 0x00, 0x00, 0x00, 0x00, 0x00, 0x00,
    0x00, 0x00, 0x00, 0x00, 0x00, 0x00, 0x00, 0x00, 0x00, 0x00, 0x00, 0x00,
    0x00, 0x00, 0x00, 0x04, 0x00, 0x00, 0x00, 0x04, 0x00, 0x00, 0x00, 0x0c,
    0x00, 0x00, 0x00, 0x14, 0x00, 0x00, 0x00, 0x20, 0x00, 0x00, 0x00, 0x2c,
    0x00, 0x00, 0x00, 0x3c, 0x00, 0x00, 0x00, 0x51, 0x00, 0x00, 0x00, 0x65,
    0x20, 0x18, 0x08, 0xb2, 0x38, 0x28, 0x08, 0xff, 0x38, 0x24, 0x08, 0xff,
    0x38, 0x24, 0x08, 0xff, 0x30, 0x24, 0x08, 0xff, 0x30, 0x20, 0x00, 0xff,
    0x30, 0x20, 0x00, 0xff, 0x30, 0x24, 0x08, 0xff, 0x30, 0x20, 0x00, 0xff,
    0x30, 0x20, 0x00, 0xff, 0x38, 0x24, 0x08, 0xff, 0x30, 0x20, 0x08, 0xff,
    0x30, 0x24, 0x08, 0xff, 0x38, 0x20, 0x00, 0xff, 0x30, 0x24, 0x08, 0xff,
    0x38, 0x24, 0x00, 0xff, 0x30, 0x20, 0x00, 0xff, 0x30, 0x24, 0x08, 0xff,
    0x38, 0x20, 0x08, 0xff, 0x30, 0x20, 0x00, 0xff, 0x30, 0x20, 0x00, 0xff,
    0x30, 0x24, 0x00, 0xff, 0x38, 0x24, 0x00, 0xff, 0x30, 0x20, 0x08, 0xff,
    0x30, 0x24, 0x00, 0xff, 0x38, 0x20, 0x00, 0xff, 0x30, 0x24, 0x08, 0xff,
    0x30, 0x20, 0x00, 0xff, 0x30, 0x20, 0x08, 0xff, 0x30, 0x24, 0x00, 0xff,
    0x38, 0x20, 0x00, 0xff, 0x38, 0x20, 0x08, 0xff, 0x30, 0x24, 0x00, 0xff,
    0x30, 0x20, 0x08, 0xff, 0x30, 0x24, 0x08, 0xff, 0x38, 0x20, 0x00, 0xff,
    0x30, 0x20, 0x08, 0xff, 0x30, 0x24, 0x08, 0xff, 0x38, 0x20, 0x00, 0xff,
    0x30, 0x20, 0x08, 0xff, 0x30, 0x24, 0x00, 0xff, 0x38, 0x24, 0x08, 0xff,
    0x30, 0x20, 0x00, 0xff, 0x30, 0x24, 0x08, 0xff, 0x38, 0x24, 0x00, 0xff,
    0x30, 0x20, 0x00, 0xff, 0x30, 0x24, 0x00, 0xff, 0x38, 0x24, 0x08, 0xff,
    0x38, 0x20, 0x00, 0xff, 0x30, 0x20, 0x08, 0xff, 0x30, 0x20, 0x00, 0xff,
    0x30, 0x20, 0x00, 0xff, 0x38, 0x24, 0x00, 0xff, 0x30, 0x20, 0x08, 0xff,
    0x38, 0x20, 0x00, 0xff, 0x30, 0x24, 0x08, 0xff, 0x38, 0x20, 0x08, 0xff,
    0x30, 0x24, 0x00, 0xff, 0x38, 0x20, 0x08, 0xff, 0x30, 0x20, 0x00, 0xff,
    0x30, 0x24, 0x08, 0xff, 0x30, 0x24, 0x08, 0xff, 0x38, 0x20, 0x00, 0xff,
    0x38, 0x24, 0x00, 0xff, 0x30, 0x20, 0x08, 0xff, 0x30, 0x20, 0x00, 0xff,
    0x38, 0x24, 0x00, 0xff, 0x30, 0x24, 0x00, 0xff, 0x30, 0x20, 0x00, 0xff,
    0x30, 0x20, 0x08, 0xff, 0x38, 0x24, 0x00, 0xff, 0x30, 0x20, 0x08, 0xff,
    0x30, 0x24, 0x08, 0xff, 0x30, 0x20, 0x00, 0xff, 0x30, 0x20, 0x08, 0xff,
    0x30, 0x24, 0x08, 0xff, 0x30, 0x20, 0x00, 0xff, 0x30, 0x20, 0x00, 0xff,
    0x30, 0x24, 0x08, 0xff, 0x30, 0x20, 0x08, 0xff, 0x38, 0x24, 0x00, 0xff,
    0x30, 0x24, 0x00, 0xff, 0x30, 0x20, 0x08, 0xff, 0x30, 0x24, 0x00, 0xff,
    0x30, 0x24, 0x00, 0xff, 0x30, 0x20, 0x08, 0xff, 0x30, 0x24, 0x00, 0xff,
    0x38, 0x20, 0x00, 0xff, 0x30, 0x24, 0x08, 0xff, 0x30, 0x20, 0x08, 0xff,
    0x30, 0x24, 0x00, 0xff, 0x30, 0x24, 0x08, 0xff, 0x30, 0x20, 0x08, 0xff,
    0x30, 0x24, 0x08, 0xff, 0x38, 0x20, 0x00, 0xff, 0x30, 0x20, 0x08, 0xff,
    0x38, 0x24, 0x00, 0xff, 0x30, 0x20, 0x00, 0xff, 0x30, 0x20, 0x00, 0xff,
    0x30, 0x24, 0x00, 0xff, 0x30, 0x24, 0x08, 0xff, 0x38, 0x20, 0x00, 0xff,
    0x30, 0x20, 0x00, 0xff, 0x30, 0x24, 0x00, 0xff, 0x30, 0x24, 0x00, 0xff,
    0x38, 0x20, 0x08, 0xff, 0x30, 0x20, 0x00, 0xff, 0x30, 0x24, 0x08, 0xff,
    0x38, 0x20, 0x08, 0xff, 0x30, 0x20, 0x00, 0xff, 0x38, 0x24, 0x08, 0xff,
    0x30, 0x24, 0x00, 0xff, 0x30, 0x20, 0x08, 0xff, 0x30, 0x24, 0x00, 0xff,
    0x38, 0x20, 0x08, 0xff, 0x30, 0x20, 0x08, 0xff, 0x30, 0x24, 0x00, 0xff,
    0x38, 0x24, 0x08, 0xff, 0x30, 0x20, 0x08, 0xff, 0x38, 0x20, 0x00, 0xff,
    0x30, 0x24, 0x00, 0xff, 0x30, 0x20, 0x08, 0xff, 0x30, 0x24, 0x00, 0xff,
    0x38, 0x20, 0x08, 0xff, 0x30, 0x20, 0x08, 0xff, 0x30, 0x20, 0x00, 0xff,
    0x38, 0x24, 0x00, 0xff, 0x30, 0x20, 0x08, 0xff, 0x30, 0x24, 0x00, 0xff,
    0x38, 0x24, 0x00, 0xff, 0x30, 0x20, 0x08, 0xff, 0x30, 0x24, 0x08, 0xff,
    0x30, 0x20, 0x00, 0xff, 0x30, 0x20, 0x00, 0xff, 0x38, 0x24, 0x08, 0xff,
    0x30, 0x24, 0x00, 0xff, 0x38, 0x20, 0x08, 0xff, 0x38, 0x20, 0x00, 0xff,
    0x30, 0x20, 0x08, 0xff, 0x30, 0x20, 0x00, 0xff, 0x30, 0x20, 0x08, 0xff,
    0x30, 0x24, 0x08, 0xff, 0x38, 0x20, 0x00, 0xff, 0x38, 0x24, 0x00, 0xff,
    0x30, 0x20, 0x00, 0xff, 0x30, 0x24, 0x00, 0xff, 0x30, 0x20, 0x00, 0xff,
    0x38, 0x20, 0x00, 0xff, 0x38, 0x24, 0x08, 0xff, 0x30, 0x24, 0x08, 0xff,
    0x30, 0x20, 0x00, 0xff, 0x30, 0x24, 0x00, 0xff, 0x30, 0x24, 0x08, 0xff,
    0x30, 0x20, 0x08, 0xff, 0x30, 0x24, 0x00, 0xff, 0x38, 0x20, 0x00, 0xff,
    0x30, 0x24, 0x08, 0xff, 0x30, 0x20, 0x00, 0xff, 0x38, 0x24, 0x00, 0xff,
    0x30, 0x20, 0x08, 0xff, 0x30, 0x24, 0x08, 0xff, 0x30, 0x24, 0x08, 0xff,
    0x30, 0x20, 0x00, 0xff, 0x30, 0x20, 0x08, 0xff, 0x38, 0x24, 0x00, 0xff,
    0x30, 0x24, 0x08, 0xff, 0x38, 0x24, 0x08, 0xff, 0x38, 0x28, 0x08, 0xff,
    0x20, 0x1c, 0x08, 0xb2, 0x00, 0x00, 0x00, 0x65, 0x00, 0x00, 0x00, 0x51,
    0x00, 0x00, 0x00, 0x3c, 0x00, 0x00, 0x00, 0x2c, 0x00, 0x00, 0x00, 0x20,
    0x00, 0x00, 0x00, 0x14, 0x00, 0x00, 0x00, 0x0c, 0x00, 0x00, 0x00, 0x04,
    0x00, 0x00, 0x00, 0x04, 0x00, 0x00, 0x00, 0x00, 0x00, 0x00, 0x00, 0x00,
    0x00, 0x00, 0x00, 0x00, 0x00, 0x00, 0x00, 0x00, 0x00, 0x00, 0x00, 0x00,
    0x00, 0x00, 0x00, 0x08, 0x00, 0x00, 0x00, 0x0c, 0x00, 0x00, 0x00, 0x18,
    0x00, 0x00, 0x00, 0x24, 0x00, 0x00, 0x00, 0x30, 0x00, 0x00, 0x00, 0x41,
    0x00, 0x00, 0x00, 0x55, 0x00, 0x00, 0x00, 0x69, 0x30, 0x20, 0x08, 0xd3,
    0x38, 0x28, 0x08, 0xff, 0x30, 0x24, 0x08, 0xff, 0x30, 0x24, 0x00, 0xff,
    0x30, 0x20, 0x08, 0xff, 0x38, 0x24, 0x08, 0xff, 0x30, 0x20, 0x00, 0xff,
    0x38, 0x24, 0x00, 0xff, 0x38, 0x20, 0x08, 0xff, 0x30, 0x20, 0x00, 0xff,
    0x30, 0x20, 0x08, 0xff, 0x30, 0x24, 0x08, 0xff, 0x38, 0x20, 0x00, 0xff,
    0x30, 0x20, 0x00, 0xff, 0x30, 0x24, 0x08, 0xff, 0x30, 0x20, 0x08, 0xff,
    0x30, 0x20, 0x00, 0xff, 0x38, 0x24, 0x00, 0xff, 0x30, 0x24, 0x00, 0xff,
    0x38, 0x20, 0x00, 0xff, 0x30, 0x20, 0x08, 0xff, 0x30, 0x24, 0x08, 0xff,
    0x30, 0x20, 0x00, 0xff, 0x30, 0x24, 0x00, 0xff, 0x30, 0x20, 0x08, 0xff,
    0x30, 0x20, 0x00, 0xff, 0x38, 0x24, 0x00, 0xff, 0x38, 0x24, 0x08, 0xff,
    0x30, 0x20, 0x00, 0xff, 0x30, 0x20, 0x08, 0xff, 0x30, 0x24, 0x00, 0xff,
    0x38, 0x20, 0x08, 0xff, 0x30, 0x20, 0x00, 0xff, 0x30, 0x24, 0x00, 0xff,
    0x38, 0x24, 0x08, 0xff, 0x30, 0x20, 0x00, 0xff, 0x30, 0x24, 0x08, 0xff,
    0x30, 0x20, 0x08, 0xff, 0x30, 0x20, 0x00, 0xff, 0x38, 0x24, 0x00, 0xff,
    0x30, 0x20, 0x00, 0xff, 0x30, 0x20, 0x00, 0xff, 0x38, 0x24, 0x08, 0xff,
    0x30, 0x20, 0x00, 0xff, 0x30, 0x20, 0x08, 0xff, 0x30, 0x20, 0x08, 0xff,
    0x30, 0x24, 0x00, 0xff, 0x30, 0x20, 0x00, 0xff, 0x30, 0x24, 0x00, 0xff,
    0x30, 0x20, 0x08, 0xff, 0x30, 0x20, 0x08, 0xff, 0x38, 0x20, 0x00, 0xff,
    0x30, 0x20, 0x00, 0xff, 0x30, 0x20, 0x08, 0xff, 0x30, 0x20, 0x00, 0xff,
    0x38, 0x20, 0x00, 0xff, 0x30, 0x24, 0x08, 0xff, 0x30, 0x20, 0x00, 0xff,
    0x30, 0x24, 0x00, 0xff, 0x38, 0x20, 0x08, 0xff, 0x30, 0x20, 0x00, 0xff,
    0x38, 0x24, 0x08, 0xff, 0x30, 0x20, 0x00, 0xff, 0x30, 0x24, 0x08, 0xff,
    0x30, 0x24, 0x00, 0xff, 0x30, 0x20, 0x00, 0xff, 0x30, 0x20, 0x08, 0xff,
    0x30, 0x20, 0x00, 0xff, 0x30, 0x20, 0x00, 0xff, 0x38, 0x20, 0x08, 0xff,
    0x30, 0x20, 0x00, 0xff, 0x30, 0x24, 0x00, 0xff, 0x38, 0x24, 0x08, 0xff,
    0x38, 0x20, 0x00, 0xff, 0x30, 0x24, 0x00, 0xff, 0x38, 0x24, 0x08, 0xff,
    0x30, 0x20, 0x08, 0xff, 0x38, 0x24, 0x00, 0xff, 0x30, 0x20, 0x00, 0xff,
    0x30, 0x20, 0x08, 0xff, 0x38, 0x24, 0x00, 0xff, 0x30, 0x20, 0x08, 0xff,
    0x30, 0x20, 0x08, 0xff, 0x30, 0x20, 0x00, 0xff, 0x38, 0x24, 0x08, 0xff,
    0x30, 0x20, 0x00, 0xff, 0x30, 0x20, 0x00, 0xff, 0x30, 0x24, 0x08, 0xff,
    0x38, 0x20, 0x08, 0xff, 0x30, 0x20, 0x00, 0xff, 0x30, 0x24, 0x00, 0xff,
    0x38, 0x20, 0x08, 0xff, 0x30, 0x20, 0x00, 0xff, 0x30, 0x24, 0x00, 0xff,
    0x30, 0x24, 0x08, 0xff, 0x30, 0x20, 0x08, 0xff, 0x38, 0x20, 0x00, 0xff,
    0x30, 0x24, 0x08, 0xff, 0x30, 0x20, 0x08, 0xff, 0x38, 0x20, 0x08, 0xff,
    0x38, 0x24, 0x00, 0xff, 0x30, 0x24, 0x08, 0xff, 0x30, 0x20, 0x08, 0xff,
    0x30, 0x20, 0x00, 0xff, 0x38, 0x24, 0x08, 0xff, 0x30, 0x24, 0x00, 0xff,
    0x30, 0x20, 0x00, 0xff, 0x30, 0x24, 0x08, 0xff, 0x38, 0x20, 0x00, 0xff,
    0x30, 0x20, 0x08, 0xff, 0x30, 0x24, 0x00, 0xff, 0x30, 0x20, 0x08, 0xff,
    0x30, 0x24, 0x08, 0xff, 0x38, 0x20, 0x00, 0xff, 0x30, 0x20, 0x08, 0xff,
    0x30, 0x24, 0x00, 0xff, 0x30, 0x20, 0x00, 0xff, 0x30, 0x24, 0x08, 0xff,
    0x30, 0x20, 0x00, 0xff, 0x30, 0x24, 0x08, 0xff, 0x30, 0x20, 0x08, 0xff,
    0x30, 0x20, 0x00, 0xff, 0x30, 0x24, 0x08, 0xff, 0x30, 0x24, 0x00, 0xff,
    0x30, 0x20, 0x08, 0xff, 0x30, 0x24, 0x00, 0xff, 0x30, 0x20, 0x00, 0xff,
    0x30, 0x20, 0x08, 0xff, 0x30, 0x24, 0x00, 0xff, 0x30, 0x20, 0x00, 0xff,
    0x38, 0x20, 0x00, 0xff, 0x30, 0x20, 0x00, 0xff, 0x30, 0x24, 0x08, 0xff,
    0x38, 0x24, 0x08, 0xff, 0x30, 0x20, 0x00, 0xff, 0x30, 0x24, 0x08, 0xff,
    0x30, 0x24, 0x00, 0xff, 0x30, 0x20, 0x08, 0xff, 0x30, 0x20, 0x00, 0xff,
    0x30, 0x20, 0x00, 0xff, 0x38, 0x24, 0x00, 0xff, 0x30, 0x20, 0x00, 0xff,
    0x30, 0x20, 0x08, 0xff, 0x30, 0x24, 0x08, 0xff, 0x30, 0x20, 0x00, 0xff,
    0x38, 0x20, 0x08, 0xff, 0x30, 0x24, 0x00, 0xff, 0x30, 0x20, 0x00, 0xff,
    0x30, 0x20, 0x08, 0xff, 0x30, 0x24, 0x08, 0xff, 0x38, 0x20, 0x00, 0xff,
    0x30, 0x20, 0x00, 0xff, 0x30, 0x24, 0x08, 0xff, 0x38, 0x24, 0x08, 0xff,
    0x38, 0x20, 0x00, 0xff, 0x30, 0x24, 0x08, 0xff, 0x30, 0x20, 0x00, 0xff,
    0x30, 0x20, 0x00, 0xff, 0x30, 0x24, 0x08, 0xff, 0x30, 0x20, 0x00, 0xff,
    0x38, 0x20, 0x00, 0xff, 0x30, 0x20, 0x00, 0xff, 0x30, 0x24, 0x08, 0xff,
    0x30, 0x20, 0x00, 0xff, 0x30, 0x24, 0x00, 0xff, 0x30, 0x24, 0x08, 0xff,
    0x38, 0x24, 0x08, 0xff, 0x38, 0x28, 0x08, 0xff, 0x30, 0x20, 0x08, 0xd3,
    0x00, 0x00, 0x00, 0x69, 0x00, 0x00, 0x00, 0x55, 0x00, 0x00, 0x00, 0x41,
    0x00, 0x00, 0x00, 0x30, 0x00, 0x00, 0x00, 0x24, 0x00, 0x00, 0x00, 0x18,
    0x00, 0x00, 0x00, 0x0c, 0x00, 0x00, 0x00, 0x08, 0x00, 0x00, 0x00, 0x00,
    0x00, 0x00, 0x00, 0x00, 0x00, 0x00, 0x00, 0x00, 0x00, 0x00, 0x00, 0x00,
    0x00, 0x00, 0x00, 0x00, 0x00, 0x00, 0x00, 0x04, 0x00, 0x00, 0x00, 0x08,
    0x00, 0x00, 0x00, 0x10, 0x00, 0x00, 0x00, 0x18, 0x00, 0x00, 0x00, 0x24,
    0x00, 0x00, 0x00, 0x34, 0x00, 0x00, 0x00, 0x45, 0x00, 0x00, 0x00, 0x59,
    0x00, 0x00, 0x00, 0x6d, 0x38, 0x28, 0x10, 0xef, 0x38, 0x24, 0x08, 0xff,
    0x38, 0x24, 0x08, 0xff, 0x30, 0x24, 0x00, 0xff, 0x38, 0x20, 0x00, 0xff,
    0x30, 0x24, 0x00, 0xff, 0x30, 0x20, 0x08, 0xff, 0x30, 0x24, 0x08, 0xff,
    0x30, 0x24, 0x00, 0xff, 0x30, 0x24, 0x08, 0xff, 0x38, 0x20, 0x00, 0xff,
    0x30, 0x24, 0x00, 0xff, 0x30, 0x20, 0x00, 0xff, 0x30, 0x20, 0x08, 0xff,
    0x30, 0x20, 0x00, 0xff, 0x38, 0x20, 0x08, 0xff, 0x30, 0x24, 0x00, 0xff,
    0x30, 0x20, 0x08, 0xff, 0x30, 0x24, 0x00, 0xff, 0x30, 0x20, 0x08, 0xff,
    0x38, 0x20, 0x08, 0xff, 0x30, 0x24, 0x08, 0xff, 0x38, 0x20, 0x00, 0xff,
    0x30, 0x20, 0x08, 0xff, 0x30, 0x24, 0x08, 0xff, 0x30, 0x20, 0x00, 0xff,
    0x30, 0x20, 0x08, 0xff, 0x30, 0x24, 0x08, 0xff, 0x38, 0x24, 0x00, 0xff,
    0x30, 0x20, 0x00, 0xff, 0x30, 0x24, 0x08, 0xff, 0x30, 0x24, 0x00, 0xff,
    0x30, 0x20, 0x08, 0xff, 0x38, 0x20, 0x00, 0xff, 0x30, 0x24, 0x00, 0xff,
    0x30, 0x20, 0x08, 0xff, 0x38, 0x20, 0x00, 0xff, 0x30, 0x24, 0x00, 0xff,
    0x30, 0x24, 0x08, 0xff, 0x30, 0x20, 0x00, 0xff, 0x30, 0x20, 0x08, 0xff,
    0x30, 0x20, 0x00, 0xff, 0x30, 0x20, 0x00, 0xff, 0x38, 0x24, 0x00, 0xff,
    0x30, 0x24, 0x08, 0xff, 0x38, 0x20, 0x08, 0xff, 0x30, 0x20, 0x00, 0xff,
    0x30, 0x24, 0x08, 0xff, 0x38, 0x24, 0x08, 0xff, 0x30, 0x20, 0x00, 0xff,
    0x30, 0x24, 0x08, 0xff, 0x30, 0x24, 0x00, 0xff, 0x30, 0x24, 0x08, 0xff,
    0x30, 0x20, 0x00, 0xff, 0x38, 0x24, 0x08, 0xff, 0x30, 0x20, 0x08, 0xff,
    0x30, 0x24, 0x00, 0xff, 0x30, 0x20, 0x00, 0xff, 0x38, 0x20, 0x08, 0xff,
    0x30, 0x20, 0x08, 0xff, 0x30, 0x24, 0x00, 0xff, 0x30, 0x20, 0x00, 0xff,
    0x30, 0x20, 0x00, 0xff, 0x30, 0x20, 0x08, 0xff, 0x38, 0x20, 0x00, 0xff,
    0x30, 0x24, 0x08, 0xff, 0x38, 0x24, 0x08, 0xff, 0x30, 0x24, 0x00, 0xff,
    0x38, 0x24, 0x08, 0xff, 0x30, 0x20, 0x00, 0xff, 0x30, 0x24, 0x00, 0xff,
    0x30, 0x20, 0x08, 0xff, 0x38, 0x20, 0x00, 0xff, 0x30, 0x20, 0x08, 0xff,
    0x30, 0x24, 0x00, 0xff, 0x38, 0x20, 0x00, 0xff, 0x30, 0x20, 0x00, 0xff,
    0x30, 0x20, 0x08, 0xff, 0x38, 0x24, 0x00, 0xff, 0x30, 0x20, 0x08, 0xff,
    0x30, 0x24, 0x00, 0xff, 0x30, 0x24, 0x00, 0xff, 0x30, 0x20, 0x00, 0xff,
    0x38, 0x24, 0x00, 0xff, 0x30, 0x20, 0x08, 0xff, 0x38, 0x24, 0x08, 0xff,
    0x30, 0x24, 0x00, 0xff, 0x30, 0x20, 0x00, 0xff, 0x38, 0x24, 0x08, 0xff,
    0x30, 0x24, 0x00, 0xff, 0x30, 0x20, 0x08, 0xff, 0x38, 0x20, 0x00, 0xff,
    0x30, 0x20, 0x00, 0xff, 0x38, 0x24, 0x08, 0xff, 0x30, 0x20, 0x00, 0xff,
    0x38, 0x24, 0x00, 0xff, 0x30, 0x24, 0x08, 0xff, 0x30, 0x20, 0x00, 0xff,
    0x30, 0x24, 0x00, 0xff, 0x30, 0x20, 0x08, 0xff, 0x30, 0x20, 0x00, 0xff,
    0x30, 0x24, 0x00, 0xff, 0x30, 0x20, 0x00, 0xff, 0x38, 0x20, 0x08, 0xff,
    0x30, 0x24, 0x00, 0xff, 0x30, 0x20, 0x00, 0xff, 0x30, 0x20, 0x00, 0xff,
    0x30, 0x24, 0x08, 0xff, 0x38, 0x24, 0x00, 0xff, 0x30, 0x20, 0x00, 0xff,
    0x38, 0x20, 0x00, 0xff, 0x30, 0x24, 0x00, 0xff, 0x30, 0x20, 0x00, 0xff,
    0x38, 0x20, 0x08, 0xff, 0x38, 0x24, 0x00, 0xff, 0x30, 0x24, 0x00, 0xff,
    0x38, 0x20, 0x08, 0xff, 0x30, 0x20, 0x00, 0xff, 0x30, 0x24, 0x00, 0xff,
    0x38, 0x20, 0x00, 0xff, 0x38, 0x20, 0x08, 0xff, 0x30, 0x20, 0x00, 0xff,
    0x38, 0x24, 0x00, 0xff, 0x38, 0x20, 0x00, 0xff, 0x30, 0x24, 0x08, 0xff,
    0x38, 0x24, 0x00, 0xff, 0x30, 0x20, 0x08, 0xff, 0x38, 0x24, 0x00, 0xff,
    0x38, 0x20, 0x08, 0xff, 0x30, 0x24, 0x08, 0xff, 0x30, 0x20, 0x00, 0xff,
    0x38, 0x20, 0x08, 0xff, 0x30, 0x24, 0x00, 0xff, 0x30, 0x20, 0x00, 0xff,
    0x30, 0x20, 0x00, 0xff, 0x30, 0x20, 0x08, 0xff, 0x38, 0x24, 0x08, 0xff,
    0x30, 0x24, 0x00, 0xff, 0x38, 0x20, 0x08, 0xff, 0x38, 0x24, 0x08, 0xff,
    0x30, 0x24, 0x00, 0xff, 0x30, 0x20, 0x00, 0xff, 0x30, 0x24, 0x08, 0xff,
    0x30, 0x24, 0x08, 0xff, 0x30, 0x20, 0x00, 0xff, 0x30, 0x24, 0x08, 0xff,
    0x38, 0x24, 0x08, 0xff, 0x30, 0x20, 0x00, 0xff, 0x30, 0x20, 0x00, 0xff,
    0x38, 0x24, 0x00, 0xff, 0x30, 0x24, 0x08, 0xff, 0x38, 0x20, 0x00, 0xff,
    0x30, 0x20, 0x00, 0xff, 0x30, 0x20, 0x00, 0xff, 0x30, 0x24, 0x08, 0xff,
    0x30, 0x24, 0x08, 0xff, 0x38, 0x20, 0x00, 0xff, 0x30, 0x24, 0x08, 0xff,
    0x38, 0x20, 0x08, 0xff, 0x30, 0x20, 0x00, 0xff, 0x38, 0x24, 0x00, 0xff,
    0x38, 0x24, 0x08, 0xff, 0x30, 0x20, 0x00, 0xff, 0x38, 0x24, 0x08, 0xff,
    0x38, 0x20, 0x08, 0xff, 0x30, 0x20, 0x00, 0xff, 0x30, 0x24, 0x08, 0xff,
    0x38, 0x24, 0x08, 0xff, 0x38, 0x28, 0x08, 0xef, 0x00, 0x00, 0x00, 0x71,
    0x00, 0x00, 0x00, 0x59, 0x00, 0x00, 0x00, 0x45, 0x00, 0x00, 0x00, 0x34,
    0x00, 0x00, 0x00, 0x24, 0x00, 0x00, 0x00, 0x18, 0x00, 0x00, 0x00, 0x10,
    0x00, 0x00, 0x00, 0x08, 0x00, 0x00, 0x00, 0x04, 0x00, 0x00, 0x00, 0x00,
    0x00, 0x00, 0x00, 0x00, 0x00, 0x00, 0x00, 0x00, 0x00, 0x00, 0x00, 0x00,
    0x00, 0x00, 0x00, 0x04, 0x00, 0x00, 0x00, 0x08, 0x00, 0x00, 0x00, 0x10,
    0x00, 0x00, 0x00, 0x1c, 0x00, 0x00, 0x00, 0x28, 0x00, 0x00, 0x00, 0x38,
    0x00, 0x00, 0x00, 0x49, 0x00, 0x00, 0x00, 0x5d, 0x10, 0x08, 0x00, 0x82,
    0x38, 0x28, 0x10, 0xff, 0x38, 0x28, 0x08, 0xff, 0x30, 0x24, 0x08, 0xff,
    0x30, 0x24, 0x08, 0xff, 0x30, 0x20, 0x00, 0xff, 0x30, 0x20, 0x08, 0xff,
    0x30, 0x20, 0x00, 0xff, 0x30, 0x20, 0x00, 0xff, 0x30, 0x20, 0x00, 0xff,
    0x38, 0x20, 0x00, 0xff, 0x30, 0x24, 0x08, 0xff, 0x30, 0x20, 0x00, 0xff,
    0x38, 0x24, 0x08, 0xff, 0x30, 0x20, 0x00, 0xff, 0x30, 0x24, 0x00, 0xff,
    0x38, 0x20, 0x00, 0xff, 0x30, 0x24, 0x08, 0xff, 0x30, 0x20, 0x00, 0xff,
    0x30, 0x20, 0x08, 0xff, 0x30, 0x20, 0x00, 0xff, 0x30, 0x24, 0x00, 0xff,
    0x30, 0x24, 0x00, 0xff, 0x38, 0x20, 0x08, 0xff, 0x30, 0x24, 0x00, 0xff,
    0x38, 0x24, 0x00, 0xff, 0x38, 0x20, 0x08, 0xff, 0x30, 0x20, 0x00, 0xff,
    0x30, 0x20, 0x00, 0xff, 0x30, 0x24, 0x08, 0xff, 0x30, 0x20, 0x00, 0xff,
    0x38, 0x20, 0x08, 0xff, 0x30, 0x20, 0x08, 0xff, 0x30, 0x20, 0x00, 0xff,
    0x30, 0x24, 0x00, 0xff, 0x30, 0x20, 0x08, 0xff, 0x30, 0x20, 0x08, 0xff,
    0x38, 0x20, 0x00, 0xff, 0x30, 0x20, 0x00, 0xff, 0x30, 0x20, 0x08, 0xff,
    0x38, 0x24, 0x00, 0xff, 0x38, 0x20, 0x08, 0xff, 0x30, 0x20, 0x08, 0xff,
    0x30, 0x24, 0x00, 0xff, 0x30, 0x20, 0x00, 0xff, 0x30, 0x24, 0x00, 0xff,
    0x38, 0x20, 0x08, 0xff, 0x30, 0x20, 0x00, 0xff, 0x30, 0x24, 0x00, 0xff,
    0x38, 0x20, 0x08, 0xff, 0x30, 0x20, 0x00, 0xff, 0x30, 0x20, 0x00, 0xff,
    0x38, 0x20, 0x08, 0xff, 0x30, 0x20, 0x00, 0xff, 0x30, 0x24, 0x00, 0xff,
    0x30, 0x24, 0x00, 0xff, 0x30, 0x20, 0x08, 0xff, 0x30, 0x20, 0x00, 0xff,
    0x30, 0x20, 0x08, 0xff, 0x30, 0x20, 0x00, 0xff, 0x30, 0x24, 0x00, 0xff,
    0x30, 0x24, 0x08, 0xff, 0x38, 0x20, 0x08, 0xff, 0x30, 0x20, 0x00, 0xff,
    0x30, 0x24, 0x00, 0xff, 0x30, 0x20, 0x08, 0xff, 0x30, 0x20, 0x00, 0xff,
    0x30, 0x20, 0x08, 0xff, 0x30, 0x20, 0x08, 0xff, 0x30, 0x24, 0x00, 0xff,
    0x38, 0x20, 0x08, 0xff, 0x30, 0x20, 0x00, 0xff, 0x30, 0x20, 0x08, 0xff,
    0x30, 0x20, 0x08, 0xff, 0x30, 0x20, 0x00, 0xff, 0x30, 0x24, 0x08, 0xff,
    0x30, 0x20, 0x08, 0xff, 0x30, 0x20, 0x00, 0xff, 0x30, 0x24, 0x08, 0xff,
    0x30, 0x20, 0x00, 0xff, 0x30, 0x20, 0x08, 0xff, 0x38, 0x20, 0x08, 0xff,
    0x30, 0x20, 0x00, 0xff, 0x30, 0x20, 0x00, 0xff, 0x30, 0x24, 0x08, 0xff,
    0x30, 0x20, 0x00, 0xff, 0x30, 0x20, 0x00, 0xff, 0x38, 0x24, 0x08, 0xff,
    0x30, 0x20, 0x00, 0xff, 0x30, 0x20, 0x08, 0xff, 0x30, 0x24, 0x00, 0xff,
    0x30, 0x24, 0x08, 0xff, 0x30, 0x20, 0x08, 0xff, 0x30, 0x20, 0x00, 0xff,
    0x30, 0x20, 0x00, 0xff, 0x30, 0x20, 0x08, 0xff, 0x30, 0x20, 0x00, 0xff,
    0x30, 0x24, 0x00, 0xff, 0x38, 0x20, 0x00, 0xff, 0x30, 0x24, 0x08, 0xff,
    0x30, 0x20, 0x00, 0xff, 0x38, 0x20, 0x00, 0xff, 0x30, 0x20, 0x08, 0xff,
    0x30, 0x24, 0x00, 0xff, 0x30, 0x20, 0x00, 0xff, 0x30, 0x24, 0x08, 0xff,
    0x38, 0x20, 0x08, 0xff, 0x30, 0x24, 0x08, 0xff, 0x30, 0x20, 0x00, 0xff,
    0x30, 0x20, 0x08, 0xff, 0x30, 0x24, 0x00, 0xff, 0x30, 0x20, 0x08, 0xff,
    0x38, 0x20, 0x08, 0xff, 0x30, 0x24, 0x00, 0xff, 0x30, 0x20, 0x08, 0xff,
    0x30, 0x20, 0x00, 0xff, 0x30, 0x20, 0x00, 0xff, 0x30, 0x24, 0x08, 0xff,
    0x38, 0x20, 0x00, 0xff, 0x30, 0x24, 0x08, 0xff, 0x30, 0x24, 0x00, 0xff,
    0x30, 0x24, 0x08, 0xff, 0x30, 0x20, 0x08, 0xff, 0x30, 0x20, 0x00, 0xff,
    0x30, 0x20, 0x08, 0xff, 0x30, 0x24, 0x00, 0xff, 0x30, 0x20, 0x08, 0xff,
    0x30, 0x24, 0x00, 0xff, 0x30, 0x20, 0x00, 0xff, 0x30, 0x20, 0x00, 0xff,
    0x30, 0x24, 0x08, 0xff, 0x30, 0x24, 0x08, 0xff, 0x30, 0x20, 0x00, 0xff,
    0x38, 0x24, 0x00, 0xff, 0x30, 0x20, 0x08, 0xff, 0x30, 0x24, 0x08, 0xff,
    0x38, 0x20, 0x00, 0xff, 0x30, 0x20, 0x00, 0xff, 0x30, 0x24, 0x08, 0xff,
    0x30, 0x20, 0x00, 0xff, 0x30, 0x20, 0x08, 0xff, 0x30, 0x20, 0x00, 0xff,
    0x38, 0x24, 0x08, 0xff, 0x30, 0x20, 0x00, 0xff, 0x38, 0x20, 0x00, 0xff,
    0x30, 0x20, 0x00, 0xff, 0x30, 0x20, 0x00, 0xff, 0x38, 0x20, 0x08, 0xff,
    0x30, 0x20, 0x00, 0xff, 0x30, 0x20, 0x08, 0xff, 0x30, 0x20, 0x00, 0xff,
    0x30, 0x20, 0x00, 0xff, 0x30, 0x24, 0x08, 0xff, 0x38, 0x24, 0x08, 0xff,
    0x30, 0x20, 0x00, 0xff, 0x30, 0x20, 0x00, 0xff, 0x30, 0x24, 0x00, 0xff,
    0x30, 0x20, 0x00, 0xff, 0x38, 0x20, 0x00, 0xff, 0x30, 0x24, 0x08, 0xff,
    0x30, 0x20, 0x00, 0xff, 0x30, 0x24, 0x08, 0xff, 0x30, 0x20, 0x08, 0xff,
    0x30, 0x20, 0x00, 0xff, 0x30, 0x24, 0x00, 0xff, 0x30, 0x20, 0x00, 0xff,
    0x38, 0x24, 0x00, 0xff, 0x30, 0x24, 0x08, 0xff, 0x38, 0x24, 0x08, 0xff,
    0x38, 0x28, 0x08, 0xff, 0x08, 0x08, 0x00, 0x82, 0x00, 0x00, 0x00, 0x5d,
    0x00, 0x00, 0x00, 0x49, 0x00, 0x00, 0x00, 0x38, 0x00, 0x00, 0x00, 0x28,
    0x00, 0x00, 0x00, 0x1c, 0x00, 0x00, 0x00, 0x10, 0x00, 0x00, 0x00, 0x08,
    0x00, 0x00, 0x00, 0x04, 0x00, 0x00, 0x00, 0x00, 0x00, 0x00, 0x00, 0x00,
    0x00, 0x00, 0x00, 0x00, 0x00, 0x00, 0x00, 0x00, 0x00, 0x00, 0x00, 0x04,
    0x00, 0x00, 0x00, 0x0c, 0x00, 0x00, 0x00, 0x10, 0x00, 0x00, 0x00, 0x1c,
    0x00, 0x00, 0x00, 0x28, 0x00, 0x00, 0x00, 0x38, 0x00, 0x00, 0x00, 0x4d,
    0x00, 0x00, 0x00, 0x61, 0x18, 0x14, 0x08, 0xa2, 0x38, 0x28, 0x08, 0xff,
    0x38, 0x24, 0x08, 0xff, 0x30, 0x24, 0x08, 0xff, 0x30, 0x20, 0x08, 0xff,
    0x38, 0x20, 0x00, 0xff, 0x30, 0x20, 0x00, 0xff, 0x30, 0x24, 0x08, 0xff,
    0x38, 0x20, 0x08, 0xff, 0x30, 0x24, 0x00, 0xff, 0x30, 0x20, 0x08, 0xff,
    0x30, 0x24, 0x00, 0xff, 0x30, 0x20, 0x00, 0xff, 0x38, 0x20, 0x08, 0xff,
    0x30, 0x24, 0x00, 0xff, 0x30, 0x20, 0x08, 0xff, 0x30, 0x24, 0x08, 0xff,
    0x30, 0x20, 0x00, 0xff, 0x38, 0x20, 0x00, 0xff, 0x38, 0x20, 0x08, 0xff,
    0x30, 0x24, 0x08, 0xff, 0x30, 0x20, 0x00, 0xff, 0x30, 0x20, 0x08, 0xff,
    0x30, 0x20, 0x08, 0xff, 0x30, 0x20, 0x00, 0xff, 0x30, 0x24, 0x00, 0xff,
    0x30, 0x20, 0x08, 0xff, 0x30, 0x20, 0x00, 0xff, 0x30, 0x20, 0x00, 0xff,
    0x30, 0x20, 0x08, 0xff, 0x30, 0x24, 0x00, 0xff, 0x38, 0x20, 0x00, 0xff,
    0x30, 0x24, 0x08, 0xff, 0x30, 0x20, 0x00, 0xff, 0x30, 0x20, 0x08, 0xff,
    0x38, 0x24, 0x00, 0xff, 0x30, 0x24, 0x00, 0xff, 0x30, 0x24, 0x00, 0xff,
    0x30, 0x20, 0x08, 0xff, 0x30, 0x20, 0x08, 0xff, 0x30, 0x24, 0x00, 0xff,
    0x30, 0x20, 0x00, 0xff, 0x38, 0x24, 0x08, 0xff, 0x30, 0x20, 0x00, 0xff,
    0x30, 0x20, 0x08, 0xff, 0x30, 0x20, 0x00, 0xff, 0x30, 0x20, 0x00, 0xff,
    0x30, 0x24, 0x00, 0xff, 0x30, 0x20, 0x00, 0xff, 0x30, 0x24, 0x00, 0xff,
    0x30, 0x20, 0x08, 0xff, 0x38, 0x20, 0x00, 0xff, 0x30, 0x24, 0x00, 0xff,
    0x38, 0x24, 0x08, 0xff, 0x30, 0x20, 0x00, 0xff, 0x30, 0x20, 0x00, 0xff,
    0x38, 0x20, 0x00, 0xff, 0x38, 0x20, 0x08, 0xff, 0x30, 0x24, 0x00, 0xff,
    0x30, 0x20, 0x00, 0xff, 0x38, 0x24, 0x00, 0xff, 0x30, 0x20, 0x08, 0xff,
    0x30, 0x24, 0x00, 0xff, 0x38, 0x20, 0x00, 0xff, 0x30, 0x20, 0x08, 0xff,
    0x30, 0x24, 0x00, 0xff, 0x38, 0x20, 0x00, 0xff, 0x30, 0x20, 0x00, 0xff,
    0x30, 0x24, 0x00, 0xff, 0x30, 0x20, 0x00, 0xff, 0x30, 0x24, 0x08, 0xff,
    0x38, 0x20, 0x00, 0xff, 0x30, 0x24, 0x00, 0xff, 0x30, 0x24, 0x08, 0xff,
    0x38, 0x20, 0x00, 0xff, 0x30, 0x20, 0x00, 0xff, 0x30, 0x24, 0x08, 0xff,
    0x30, 0x20, 0x00, 0xff, 0x30, 0x24, 0x00, 0xff, 0x38, 0x20, 0x08, 0xff,
    0x30, 0x20, 0x00, 0xff, 0x30, 0x20, 0x08, 0xff, 0x38, 0x20, 0x00, 0xff,
    0x30, 0x20, 0x08, 0xff, 0x30, 0x24, 0x08, 0xff, 0x38, 0x20, 0x00, 0xff,
    0x30, 0x24, 0x08, 0xff, 0x30, 0x20, 0x08, 0xff, 0x30, 0x20, 0x00, 0xff,
    0x38, 0x20, 0x00, 0xff, 0x30, 0x24, 0x08, 0xff, 0x38, 0x20, 0x00, 0xff,
    0x30, 0x24, 0x00, 0xff, 0x38, 0x20, 0x08, 0xff, 0x30, 0x24, 0x08, 0xff,
    0x30, 0x24, 0x00, 0xff, 0x38, 0x20, 0x00, 0xff, 0x30, 0x20, 0x08, 0xff,
    0x30, 0x20, 0x08, 0xff, 0x30, 0x24, 0x00, 0xff, 0x38, 0x20, 0x00, 0xff,
    0x30, 0x24, 0x08, 0xff, 0x30, 0x20, 0x08, 0xff, 0x38, 0x20, 0x00, 0xff,
    0x30, 0x24, 0x00, 0xff, 0x30, 0x20, 0x08, 0xff, 0x38, 0x20, 0x00, 0xff,
    0x30, 0x24, 0x00, 0xff, 0x30, 0x24, 0x08, 0xff, 0x38, 0x20, 0x00, 0xff,
    0x30, 0x20, 0x00, 0xff, 0x30, 0x20, 0x08, 0xff, 0x30, 0x20, 0x00, 0xff,
    0x30, 0x20, 0x00, 0xff, 0x30, 0x20, 0x08, 0xff, 0x30, 0x24, 0x08, 0xff,
    0x30, 0x20, 0x00, 0xff, 0x30, 0x20, 0x08, 0xff, 0x30, 0x24, 0x08, 0xff,
    0x38, 0x20, 0x00, 0xff, 0x30, 0x20, 0x00, 0xff, 0x30, 0x20, 0x00, 0xff,
    0x38, 0x24, 0x08, 0xff, 0x30, 0x24, 0x00, 0xff, 0x30, 0x20, 0x00, 0xff,
    0x38, 0x20, 0x08, 0xff, 0x30, 0x24, 0x00, 0xff, 0x30, 0x20, 0x08, 0xff,
    0x30, 0x20, 0x00, 0xff, 0x38, 0x20, 0x08, 0xff, 0x30, 0x20, 0x00, 0xff,
    0x30, 0x20, 0x00, 0xff, 0x30, 0x20, 0x00, 0xff, 0x30, 0x20, 0x08, 0xff,
    0x38, 0x20, 0x08, 0xff, 0x30, 0x24, 0x00, 0xff, 0x30, 0x20, 0x00, 0xff,
    0x30, 0x20, 0x08, 0xff, 0x30, 0x24, 0x00, 0xff, 0x30, 0x24, 0x00, 0xff,
    0x30, 0x20, 0x08, 0xff, 0x30, 0x20, 0x00, 0xff, 0x30, 0x24, 0x00, 0xff,
    0x30, 0x20, 0x08, 0xff, 0x30, 0x24, 0x00, 0xff, 0x30, 0x24, 0x08, 0xff,
    0x30, 0x20, 0x00, 0xff, 0x30, 0x24, 0x08, 0xff, 0x38, 0x20, 0x00, 0xff,
    0x30, 0x24, 0x08, 0xff, 0x30, 0x24, 0x08, 0xff, 0x38, 0x20, 0x00, 0xff,
    0x30, 0x20, 0x00, 0xff, 0x30, 0x24, 0x08, 0xff, 0x30, 0x20, 0x08, 0xff,
    0x38, 0x20, 0x00, 0xff, 0x30, 0x24, 0x08, 0xff, 0x30, 0x20, 0x08, 0xff,
    0x30, 0x20, 0x00, 0xff, 0x30, 0x20, 0x00, 0xff, 0x30, 0x20, 0x08, 0xff,
    0x30, 0x24, 0x00, 0xff, 0x30, 0x20, 0x00, 0xff, 0x30, 0x20, 0x08, 0xff,
    0x30, 0x24, 0x00, 0xff, 0x30, 0x20, 0x08, 0xff, 0x38, 0x24, 0x08, 0xff,
    0x38, 0x24, 0x08, 0xff, 0x30, 0x24, 0x08, 0xff, 0x38, 0x28, 0x08, 0xff,
    0x20, 0x18, 0x08, 0xa6, 0x00, 0x00, 0x00, 0x61, 0x00, 0x00, 0x00, 0x4d,
    0x00, 0x00, 0x00, 0x38, 0x00, 0x00, 0x00, 0x28, 0x00, 0x00, 0x00, 0x1c,
    0x00, 0x00, 0x00, 0x10, 0x00, 0x00, 0x00, 0x0c, 0x00, 0x00, 0x00, 0x04,
    0x00, 0x00, 0x00, 0x00, 0x00, 0x00, 0x00, 0x00, 0x00, 0x00, 0x00, 0x00,
    0x00, 0x00, 0x00, 0x04, 0x00, 0x00, 0x00, 0x04, 0x00, 0x00, 0x00, 0x0c,
    0x00, 0x00, 0x00, 0x14, 0x00, 0x00, 0x00, 0x20, 0x00, 0x00, 0x00, 0x2c,
    0x00, 0x00, 0x00, 0x3c, 0x00, 0x00, 0x00, 0x51, 0x00, 0x00, 0x00, 0x65,
    0x28, 0x1c, 0x08, 0xbe, 0x38, 0x28, 0x08, 0xff, 0x30, 0x24, 0x08, 0xff,
    0x38, 0x24, 0x08, 0xff, 0x30, 0x20, 0x00, 0xff, 0x30, 0x24, 0x00, 0xff,
    0x38, 0x20, 0x00, 0xff, 0x30, 0x24, 0x08, 0xff, 0x30, 0x20, 0x08, 0xff,
    0x38, 0x24, 0x00, 0xff, 0x30, 0x24, 0x00, 0xff, 0x30, 0x20, 0x08, 0xff,
    0x30, 0x24, 0x08, 0xff, 0x30, 0x20, 0x00, 0xff, 0x38, 0x20, 0x08, 0xff,
    0x30, 0x20, 0x00, 0xff, 0x30, 0x20, 0x08, 0xff, 0x30, 0x20, 0x08, 0xff,
    0x30, 0x20, 0x00, 0xff, 0x30, 0x24, 0x00, 0xff, 0x38, 0x24, 0x00, 0xff,
    0x30, 0x20, 0x00, 0xff, 0x38, 0x24, 0x00, 0xff, 0x30, 0x20, 0x00, 0xff,
    0x30, 0x20, 0x08, 0xff, 0x38, 0x20, 0x00, 0xff, 0x30, 0x20, 0x08, 0xff,
    0x30, 0x24, 0x00, 0xff, 0x38, 0x20, 0x00, 0xff, 0x30, 0x20, 0x08, 0xff,
    0x30, 0x20, 0x00, 0xff, 0x30, 0x20, 0x00, 0xff, 0x30, 0x20, 0x00, 0xff,
    0x38, 0x24, 0x00, 0xff, 0x30, 0x20, 0x08, 0xff, 0x30, 0x20, 0x00, 0xff,
    0x30, 0x20, 0x00, 0xff, 0x38, 0x24, 0x08, 0xff, 0x30, 0x20, 0x00, 0xff,
    0x30, 0x20, 0x00, 0xff, 0x30, 0x20, 0x00, 0xff, 0x30, 0x20, 0x08, 0xff,
    0x30, 0x20, 0x00, 0xff, 0x38, 0x24, 0x00, 0xff, 0x30, 0x24, 0x08, 0xff,
    0x38, 0x20, 0x08, 0xff, 0x30, 0x24, 0x00, 0xff, 0x38, 0x20, 0x08, 0xff,
    0x30, 0x24, 0x08, 0xff, 0x30, 0x20, 0x00, 0xff, 0x30, 0x20, 0x00, 0xff,
    0x30, 0x20, 0x08, 0xff, 0x30, 0x24, 0x08, 0xff, 0x30, 0x20, 0x00, 0xff,
    0x38, 0x20, 0x08, 0xff, 0x30, 0x20, 0x08, 0xff, 0x30, 0x24, 0x00, 0xff,
    0x30, 0x24, 0x00, 0xff, 0x30, 0x20, 0x08, 0xff, 0x38, 0x20, 0x00, 0xff,
    0x30, 0x24, 0x08, 0xff, 0x30, 0x20, 0x00, 0xff, 0x30, 0x24, 0x00, 0xff,
    0x30, 0x20, 0x08, 0xff, 0x30, 0x24, 0x08, 0xff, 0x38, 0x20, 0x00, 0xff,
    0x30, 0x20, 0x08, 0xff, 0x30, 0x20, 0x08, 0xff, 0x38, 0x20, 0x00, 0xff,
    0x30, 0x24, 0x08, 0xff, 0x30, 0x20, 0x00, 0xff, 0x30, 0x24, 0x00, 0xff,
    0x30, 0x24, 0x00, 0xff, 0x38, 0x20, 0x08, 0xff, 0x30, 0x20, 0x00, 0xff,
    0x30, 0x24, 0x00, 0xff, 0x38, 0x20, 0x00, 0xff, 0x38, 0x20, 0x08, 0xff,
    0x30, 0x24, 0x08, 0xff, 0x30, 0x20, 0x00, 0xff, 0x30, 0x20, 0x00, 0xff,
    0x30, 0x24, 0x00, 0xff, 0x30, 0x20, 0x08, 0xff, 0x30, 0x20, 0x00, 0xff,
    0x30, 0x24, 0x00, 0xff, 0x38, 0x20, 0x08, 0xff, 0x30, 0x24, 0x00, 0xff,
    0x30, 0x20, 0x00, 0xff, 0x30, 0x24, 0x08, 0xff, 0x30, 0x24, 0x00, 0xff,
    0x30, 0x20, 0x08, 0xff, 0x30, 0x20, 0x00, 0xff, 0x30, 0x20, 0x00, 0xff,
    0x30, 0x24, 0x08, 0xff, 0x38, 0x20, 0x00, 0xff, 0x30, 0x20, 0x00, 0xff,
    0x30, 0x20, 0x08, 0xff, 0x38, 0x20, 0x00, 0xff, 0x30, 0x20, 0x00, 0xff,
    0x30, 0x24, 0x08, 0xff, 0x30, 0x20, 0x00, 0xff, 0x30, 0x24, 0x08, 0xff,
    0x30, 0x20, 0x00, 0xff, 0x38, 0x20, 0x08, 0xff, 0x30, 0x20, 0x00, 0xff,
    0x30, 0x20, 0x00, 0xff, 0x30, 0x20, 0x00, 0xff, 0x30, 0x20, 0x00, 0xff,
    0x38, 0x20, 0x08, 0xff, 0x30, 0x20, 0x00, 0xff, 0x30, 0x20, 0x00, 0xff,
    0x38, 0x20, 0x00, 0xff, 0x30, 0x24, 0x00, 0xff, 0x30, 0x20, 0x08, 0xff,
    0x30, 0x24, 0x00, 0xff, 0x38, 0x20, 0x08, 0xff, 0x38, 0x20, 0x00, 0xff,
    0x30, 0x24, 0x00, 0xff, 0x30, 0x20, 0x08, 0xff, 0x30, 0x20, 0x00, 0xff,
    0x30, 0x20, 0x00, 0xff, 0x30, 0x20, 0x08, 0xff, 0x30, 0x20, 0x00, 0xff,
    0x30, 0x20, 0x00, 0xff, 0x30, 0x20, 0x08, 0xff, 0x38, 0x20, 0x00, 0xff,
    0x30, 0x20, 0x00, 0xff, 0x30, 0x20, 0x00, 0xff, 0x38, 0x20, 0x08, 0xff,
    0x30, 0x24, 0x00, 0xff, 0x30, 0x20, 0x00, 0xff, 0x38, 0x20, 0x08, 0xff,
    0x30, 0x24, 0x00, 0xff, 0x30, 0x24, 0x00, 0xff, 0x30, 0x20, 0x00, 0xff,
    0x30, 0x20, 0x00, 0xff, 0x30, 0x20, 0x08, 0xff, 0x30, 0x20, 0x00, 0xff,
    0x38, 0x20, 0x00, 0xff, 0x38, 0x20, 0x08, 0xff, 0x30, 0x20, 0x08, 0xff,
    0x38, 0x24, 0x00, 0xff, 0x30, 0x20, 0x08, 0xff, 0x30, 0x20, 0x00, 0xff,
    0x38, 0x20, 0x08, 0xff, 0x30, 0x20, 0x08, 0xff, 0x30, 0x20, 0x00, 0xff,
    0x30, 0x24, 0x00, 0xff, 0x30, 0x20, 0x08, 0xff, 0x30, 0x24, 0x00, 0xff,
    0x38, 0x20, 0x08, 0xff, 0x30, 0x20, 0x00, 0xff, 0x30, 0x20, 0x00, 0xff,
    0x30, 0x24, 0x00, 0xff, 0x30, 0x20, 0x08, 0xff, 0x38, 0x20, 0x00, 0xff,
    0x30, 0x24, 0x08, 0xff, 0x30, 0x20, 0x08, 0xff, 0x38, 0x24, 0x00, 0xff,
    0x30, 0x24, 0x08, 0xff, 0x38, 0x20, 0x08, 0xff, 0x38, 0x24, 0x00, 0xff,
    0x30, 0x20, 0x08, 0xff, 0x30, 0x20, 0x00, 0xff, 0x30, 0x20, 0x00, 0xff,
    0x30, 0x20, 0x00, 0xff, 0x30, 0x20, 0x08, 0xff, 0x30, 0x24, 0x08, 0xff,
    0x38, 0x24, 0x08, 0xff, 0x38, 0x28, 0x08, 0xff, 0x28, 0x1c, 0x08, 0xbe,
    0x00, 0x00, 0x00, 0x65, 0x00, 0x00, 0x00, 0x51, 0x00, 0x00, 0x00, 0x3c,
    0x00, 0x00, 0x00, 0x2c, 0x00, 0x00, 0x00, 0x20, 0x00, 0x00, 0x00, 0x14,
    0x00, 0x00, 0x00, 0x0c, 0x00, 0x00, 0x00, 0x04, 0x00, 0x00, 0x00, 0x04,
    0x00, 0x00, 0x00, 0x00, 0x00, 0x00, 0x00, 0x00, 0x00, 0x00, 0x00, 0x00,
    0x00, 0x00, 0x00, 0x08, 0x00, 0x00, 0x00, 0x0c, 0x00, 0x00, 0x00, 0x18,
    0x00, 0x00, 0x00, 0x24, 0x00, 0x00, 0x00, 0x30, 0x00, 0x00, 0x00, 0x41,
    0x00, 0x00, 0x00, 0x55, 0x00, 0x00, 0x00, 0x69, 0x30, 0x20, 0x08, 0xd7,
    0x38, 0x28, 0x08, 0xff, 0x30, 0x24, 0x08, 0xff, 0x30, 0x24, 0x00, 0xff,
    0x30, 0x20, 0x00, 0xff, 0x30, 0x20, 0x08, 0xff, 0x30, 0x20, 0x00, 0xff,
    0x30, 0x20, 0x00, 0xff, 0x30, 0x20, 0x00, 0xff, 0x30, 0x20, 0x08, 0xff,
    0x30, 0x20, 0x00, 0xff, 0x30, 0x20, 0x00, 0xff, 0x38, 0x20, 0x08, 0xff,
    0x30, 0x20, 0x00, 0xff, 0x30, 0x24, 0x00, 0xff, 0x38, 0x20, 0x00, 0xff,
    0x30, 0x20, 0x00, 0xff, 0x38, 0x24, 0x08, 0xff, 0x30, 0x20, 0x00, 0xff,
    0x30, 0x24, 0x00, 0xff, 0x30, 0x20, 0x08, 0xff, 0x30, 0x20, 0x08, 0xff,
    0x30, 0x24, 0x08, 0xff, 0x38, 0x24, 0x00, 0xff, 0x30, 0x24, 0x00, 0xff,
    0x30, 0x20, 0x08, 0xff, 0x30, 0x20, 0x08, 0xff, 0x30, 0x24, 0x00, 0xff,
    0x30, 0x24, 0x08, 0xff, 0x30, 0x20, 0x00, 0xff, 0x38, 0x20, 0x08, 0xff,
    0x30, 0x24, 0x08, 0xff, 0x30, 0x20, 0x08, 0xff, 0x30, 0x20, 0x00, 0xff,
    0x30, 0x20, 0x00, 0xff, 0x30, 0x20, 0x08, 0xff, 0x38, 0x24, 0x08, 0xff,
    0x30, 0x20, 0x00, 0xff, 0x30, 0x20, 0x00, 0xff, 0x38, 0x24, 0x08, 0xff,
    0x30, 0x24, 0x08, 0xff, 0x30, 0x20, 0x00, 0xff, 0x30, 0x20, 0x00, 0xff,
    0x30, 0x20, 0x08, 0xff, 0x30, 0x20, 0x00, 0xff, 0x30, 0x24, 0x08, 0xff,
    0x30, 0x20, 0x00, 0xff, 0x30, 0x20, 0x08, 0xff, 0x38, 0x20, 0x00, 0xff,
    0x30, 0x24, 0x08, 0xff, 0x30, 0x24, 0x08, 0xff, 0x30, 0x20, 0x00, 0xff,
    0x38, 0x20, 0x00, 0xff, 0x30, 0x20, 0x00, 0xff, 0x30, 0x20, 0x00, 0xff,
    0x30, 0x20, 0x08, 0xff, 0x30, 0x20, 0x08, 0xff, 0x30, 0x20, 0x00, 0xff,
    0x30, 0x24, 0x00, 0xff, 0x30, 0x24, 0x08, 0xff, 0x30, 0x20, 0x08, 0xff,
    0x30, 0x20, 0x00, 0xff, 0x38, 0x20, 0x00, 0xff, 0x30, 0x20, 0x08, 0xff,
    0x30, 0x20, 0x00, 0xff, 0x30, 0x24, 0x00, 0xff, 0x30, 0x20, 0x08, 0xff,
    0x30, 0x20, 0x00, 0xff, 0x30, 0x24, 0x00, 0xff, 0x38, 0x20, 0x08, 0xff,
    0x30, 0x20, 0x08, 0xff, 0x30, 0x20, 0x08, 0xff, 0x38, 0x20, 0x00, 0xff,
    0x30, 0x24, 0x00, 0xff, 0x30, 0x20, 0x08, 0xff, 0x30, 0x20, 0x08, 0xff,
    0x30, 0x20, 0x00, 0xff, 0x30, 0x20, 0x08, 0xff, 0x30, 0x24, 0x00, 0xff,
    0x30, 0x20, 0x00, 0xff, 0x38, 0x20, 0x08, 0xff, 0x30, 0x24, 0x08, 0xff,
    0x30, 0x20, 0x00, 0xff, 0x38, 0x20, 0x08, 0xff, 0x30, 0x20, 0x00, 0xff,
    0x30, 0x20, 0x08, 0xff, 0x30, 0x20, 0x00, 0xff, 0x38, 0x20, 0x00, 0xff,
    0x30, 0x20, 0x00, 0xff, 0x30, 0x20, 0x08, 0xff, 0x30, 0x20, 0x08, 0xff,
    0x38, 0x20, 0x00, 0xff, 0x30, 0x20, 0x00, 0xff, 0x30, 0x20, 0x08, 0xff,
    0x30, 0x20, 0x00, 0xff, 0x30, 0x20, 0x00, 0xff, 0x30, 0x24, 0x08, 0xff,
    0x30, 0x20, 0x00, 0xff, 0x38, 0x24, 0x08, 0xff, 0x30, 0x20, 0x08, 0xff,
    0x30, 0x20, 0x00, 0xff, 0x30, 0x20, 0x00, 0xff, 0x30, 0x20, 0x08, 0xff,
    0x30, 0x20, 0x00, 0xff, 0x30, 0x20, 0x08, 0xff, 0x30, 0x24, 0x08, 0xff,
    0x38, 0x24, 0x08, 0xff, 0x30, 0x20, 0x08, 0xff, 0x30, 0x24, 0x08, 0xff,
    0x30, 0x24, 0x00, 0xff, 0x30, 0x20, 0x08, 0xff, 0x38, 0x20, 0x08, 0xff,
    0x30, 0x24, 0x00, 0xff, 0x30, 0x24, 0x00, 0xff, 0x30, 0x20, 0x00, 0xff,
    0x30, 0x20, 0x00, 0xff, 0x30, 0x20, 0x08, 0xff, 0x30, 0x24, 0x00, 0xff,
    0x38, 0x20, 0x00, 0xff, 0x30, 0x20, 0x08, 0xff, 0x30, 0x20, 0x08, 0xff,
    0x30, 0x20, 0x08, 0xff, 0x38, 0x20, 0x00, 0xff, 0x30, 0x20, 0x00, 0xff,
    0x30, 0x24, 0x08, 0xff, 0x30, 0x24, 0x00, 0xff, 0x30, 0x20, 0x00, 0xff,
    0x38, 0x20, 0x08, 0xff, 0x30, 0x24, 0x00, 0xff, 0x30, 0x20, 0x00, 0xff,
    0x30, 0x20, 0x08, 0xff, 0x30, 0x24, 0x08, 0xff, 0x38, 0x24, 0x00, 0xff,
    0x30, 0x20, 0x08, 0xff, 0x30, 0x24, 0x08, 0xff, 0x30, 0x20, 0x00, 0xff,
    0x30, 0x20, 0x08, 0xff, 0x38, 0x24, 0x00, 0xff, 0x30, 0x20, 0x00, 0xff,
    0x30, 0x20, 0x08, 0xff, 0x30, 0x20, 0x00, 0xff, 0x30, 0x24, 0x00, 0xff,
    0x30, 0x20, 0x08, 0xff, 0x38, 0x24, 0x00, 0xff, 0x30, 0x24, 0x00, 0xff,
    0x30, 0x20, 0x08, 0xff, 0x30, 0x20, 0x00, 0xff, 0x38, 0x24, 0x00, 0xff,
    0x30, 0x20, 0x08, 0xff, 0x30, 0x20, 0x00, 0xff, 0x30, 0x24, 0x00, 0xff,
    0x30, 0x20, 0x08, 0xff, 0x30, 0x24, 0x08, 0xff, 0x38, 0x20, 0x00, 0xff,
    0x30, 0x20, 0x00, 0xff, 0x30, 0x20, 0x00, 0xff, 0x30, 0x20, 0x00, 0xff,
    0x30, 0x20, 0x08, 0xff, 0x30, 0x20, 0x00, 0xff, 0x30, 0x20, 0x00, 0xff,
    0x30, 0x20, 0x00, 0xff, 0x30, 0x20, 0x00, 0xff, 0x30, 0x24, 0x08, 0xff,
    0x30, 0x20, 0x00, 0xff, 0x38, 0x24, 0x00, 0xff, 0x30, 0x24, 0x08, 0xff,
    0x30, 0x20, 0x00, 0xff, 0x38, 0x24, 0x00, 0xff, 0x30, 0x24, 0x08, 0xff,
    0x38, 0x28, 0x08, 0xff, 0x30, 0x20, 0x08, 0xd7, 0x00, 0x00, 0x00, 0x69,
    0x00, 0x00, 0x00, 0x55, 0x00, 0x00, 0x00, 0x41, 0x00, 0x00, 0x00, 0x30,
    0x00, 0x00, 0x00, 0x24, 0x00, 0x00, 0x00, 0x18, 0x00, 0x00, 0x00, 0x0c,
    0x00, 0x00, 0x00, 0x04, 0x00, 0x00, 0x00, 0x04, 0x00, 0x00, 0x00, 0x00,
    0x00, 0x00, 0x00, 0x00, 0x00, 0x00, 0x00, 0x00, 0x00, 0x00, 0x00, 0x08,
    0x00, 0x00, 0x00, 0x0c, 0x00, 0x00, 0x00, 0x18, 0x00, 0x00, 0x00, 0x24,
    0x00, 0x00, 0x00, 0x30, 0x00, 0x00, 0x00, 0x45, 0x00, 0x00, 0x00, 0x59,
    0x00, 0x00, 0x00, 0x6d, 0x30, 0x28, 0x10, 0xef, 0x38, 0x24, 0x08, 0xff,
    0x30, 0x24, 0x08, 0xff, 0x38, 0x24, 0x08, 0xff, 0x30, 0x20, 0x00, 0xff,
    0x30, 0x20, 0x08, 0xff, 0x30, 0x24, 0x08, 0xff, 0x30, 0x20, 0x00, 0xff,
    0x30, 0x24, 0x08, 0xff, 0x38, 0x20, 0x08, 0xff, 0x30, 0x20, 0x00, 0xff,
    0x30, 0x20, 0x00, 0xff, 0x30, 0x20, 0x08, 0xff, 0x30, 0x20, 0x00, 0xff,
    0x30, 0x24, 0x08, 0xff, 0x30, 0x20, 0x08, 0xff, 0x30, 0x20, 0x00, 0xff,
    0x30, 0x24, 0x00, 0xff, 0x30, 0x20, 0x08, 0xff, 0x30, 0x20, 0x08, 0xff,
    0x30, 0x20, 0x00, 0xff, 0x30, 0x20, 0x00, 0xff, 0x30, 0x20, 0x08, 0xff,
    0x30, 0x20, 0x08, 0xff, 0x30, 0x20, 0x00, 0xff, 0x38, 0x24, 0x00, 0xff,
    0x30, 0x20, 0x00, 0xff, 0x30, 0x20, 0x00, 0xff, 0x30, 0x24, 0x08, 0xff,
    0x30, 0x20, 0x00, 0xff, 0x38, 0x20, 0x00, 0xff, 0x30, 0x24, 0x00, 0xff,
    0x30, 0x20, 0x08, 0xff, 0x30, 0x20, 0x08, 0xff, 0x30, 0x24, 0x00, 0xff,
    0x30, 0x20, 0x00, 0xff, 0x30, 0x20, 0x08, 0xff, 0x30, 0x20, 0x08, 0xff,
    0x30, 0x24, 0x00, 0xff, 0x30, 0x20, 0x08, 0xff, 0x38, 0x20, 0x08, 0xff,
    0x30, 0x24, 0x00, 0xff, 0x38, 0x20, 0x00, 0xff, 0x30, 0x20, 0x08, 0xff,
    0x30, 0x24, 0x00, 0xff, 0x30, 0x20, 0x00, 0xff, 0x30, 0x20, 0x00, 0xff,
    0x30, 0x24, 0x08, 0xff, 0x30, 0x20, 0x00, 0xff, 0x30, 0x20, 0x00, 0xff,
    0x38, 0x20, 0x08, 0xff, 0x30, 0x20, 0x08, 0xff, 0x30, 0x20, 0x00, 0xff,
    0x30, 0x24, 0x08, 0xff, 0x30, 0x20, 0x00, 0xff, 0x30, 0x24, 0x00, 0xff,
    0x38, 0x20, 0x08, 0xff, 0x30, 0x20, 0x00, 0xff, 0x30, 0x20, 0x00, 0xff,
    0x30, 0x20, 0x08, 0xff, 0x38, 0x20, 0x00, 0xff, 0x30, 0x20, 0x00, 0xff,
    0x30, 0x20, 0x08, 0xff, 0x38, 0x24, 0x00, 0xff, 0x30, 0x20, 0x08, 0xff,
    0x30, 0x20, 0x08, 0xff, 0x30, 0x20, 0x00, 0xff, 0x38, 0x24, 0x08, 0xff,
    0x30, 0x20, 0x00, 0xff, 0x30, 0x20, 0x00, 0xff, 0x30, 0x20, 0x08, 0xff,
    0x30, 0x20, 0x08, 0xff, 0x30, 0x20, 0x00, 0xff, 0x30, 0x24, 0x00, 0xff,
    0x38, 0x20, 0x08, 0xff, 0x30, 0x24, 0x08, 0xff, 0x30, 0x24, 0x00, 0xff,
    0x30, 0x20, 0x00, 0xff, 0x30, 0x20, 0x00, 0xff, 0x38, 0x20, 0x08, 0xff,
    0x30, 0x20, 0x00, 0xff, 0x30, 0x20, 0x00, 0xff, 0x30, 0x24, 0x08, 0xff,
    0x30, 0x20, 0x00, 0xff, 0x38, 0x24, 0x00, 0xff, 0x30, 0x20, 0x08, 0xff,
    0x30, 0x20, 0x00, 0xff, 0x30, 0x20, 0x08, 0xff, 0x30, 0x20, 0x00, 0xff,
    0x30, 0x20, 0x00, 0xff, 0x38, 0x20, 0x00, 0xff, 0x30, 0x24, 0x08, 0xff,
    0x30, 0x24, 0x00, 0xff, 0x38, 0x20, 0x08, 0xff, 0x30, 0x20, 0x08, 0xff,
    0x30, 0x20, 0x00, 0xff, 0x30, 0x20, 0x00, 0xff, 0x30, 0x20, 0x08, 0xff,
    0x30, 0x20, 0x00, 0xff, 0x38, 0x20, 0x00, 0xff, 0x30, 0x20, 0x08, 0xff,
    0x30, 0x24, 0x00, 0xff, 0x30, 0x20, 0x00, 0xff, 0x30, 0x20, 0x08, 0xff,
    0x30, 0x24, 0x00, 0xff, 0x30, 0x20, 0x00, 0xff, 0x38, 0x20, 0x08, 0xff,
    0x30, 0x20, 0x00, 0xff, 0x30, 0x20, 0x00, 0xff, 0x38, 0x20, 0x00, 0xff,
    0x30, 0x24, 0x08, 0xff, 0x30, 0x20, 0x08, 0xff, 0x30, 0x20, 0x00, 0xff,
    0x30, 0x20, 0x08, 0xff, 0x38, 0x20, 0x08, 0xff, 0x30, 0x24, 0x08, 0xff,
    0x30, 0x20, 0x08, 0xff, 0x30, 0x20, 0x00, 0xff, 0x30, 0x20, 0x00, 0xff,
    0x38, 0x24, 0x00, 0xff, 0x30, 0x24, 0x00, 0xff, 0x30, 0x20, 0x00, 0xff,
    0x38, 0x24, 0x08, 0xff, 0x30, 0x20, 0x08, 0xff, 0x30, 0x20, 0x08, 0xff,
    0x30, 0x20, 0x08, 0xff, 0x30, 0x20, 0x08, 0xff, 0x30, 0x24, 0x00, 0xff,
    0x30, 0x20, 0x08, 0xff, 0x30, 0x24, 0x08, 0xff, 0x30, 0x20, 0x00, 0xff,
    0x30, 0x20, 0x00, 0xff, 0x30, 0x20, 0x00, 0xff, 0x30, 0x20, 0x08, 0xff,
    0x38, 0x20, 0x00, 0xff, 0x38, 0x20, 0x08, 0xff, 0x30, 0x24, 0x00, 0xff,
    0x30, 0x20, 0x08, 0xff, 0x30, 0x24, 0x00, 0xff, 0x30, 0x20, 0x08, 0xff,
    0x30, 0x20, 0x00, 0xff, 0x30, 0x24, 0x08, 0xff, 0x30, 0x20, 0x00, 0xff,
    0x30, 0x20, 0x00, 0xff, 0x30, 0x20, 0x00, 0xff, 0x38, 0x20, 0x08, 0xff,
    0x30, 0x20, 0x08, 0xff, 0x30, 0x20, 0x08, 0xff, 0x30, 0x20, 0x00, 0xff,
    0x30, 0x20, 0x08, 0xff, 0x38, 0x20, 0x00, 0xff, 0x30, 0x20, 0x08, 0xff,
    0x30, 0x24, 0x00, 0xff, 0x30, 0x20, 0x08, 0xff, 0x30, 0x20, 0x08, 0xff,
    0x30, 0x20, 0x00, 0xff, 0x38, 0x20, 0x08, 0xff, 0x30, 0x20, 0x00, 0xff,
    0x30, 0x20, 0x00, 0xff, 0x30, 0x24, 0x08, 0xff, 0x30, 0x20, 0x00, 0xff,
    0x30, 0x20, 0x08, 0xff, 0x30, 0x20, 0x00, 0xff, 0x38, 0x20, 0x08, 0xff,
    0x30, 0x20, 0x08, 0xff, 0x30, 0x20, 0x00, 0xff, 0x30, 0x20, 0x00, 0xff,
    0x30, 0x24, 0x08, 0xff, 0x30, 0x24, 0x08, 0xff, 0x38, 0x24, 0x08, 0xff,
    0x30, 0x28, 0x10, 0xef, 0x00, 0x00, 0x00, 0x6d, 0x00, 0x00, 0x00, 0x59,
    0x00, 0x00, 0x00, 0x45, 0x00, 0x00, 0x00, 0x30, 0x00, 0x00, 0x00, 0x24,
    0x00, 0x00, 0x00, 0x18, 0x00, 0x00, 0x00, 0x0c, 0x00, 0x00, 0x00, 0x08,
    0x00, 0x00, 0x00, 0x00, 0x00, 0x00, 0x00, 0x00, 0x00, 0x00, 0x00, 0x00,
    0x00, 0x00, 0x00, 0x04, 0x00, 0x00, 0x00, 0x08, 0x00, 0x00, 0x00, 0x10,
    0x00, 0x00, 0x00, 0x18, 0x00, 0x00, 0x00, 0x24, 0x00, 0x00, 0x00, 0x34,
    0x00, 0x00, 0x00, 0x45, 0x00, 0x00, 0x00, 0x5d, 0x00, 0x04, 0x00, 0x75,
    0x38, 0x28, 0x08, 0xff, 0x38, 0x24, 0x08, 0xff, 0x30, 0x24, 0x08, 0xff,
    0x30, 0x24, 0x08, 0xff, 0x30, 0x20, 0x00, 0xff, 0x38, 0x20, 0x00, 0xff,
    0x38, 0x20, 0x00, 0xff, 0x30, 0x20, 0x08, 0xff, 0x30, 0x24, 0x00, 0xff,
    0x30, 0x20, 0x00, 0xff, 0x30, 0x24, 0x08, 0xff, 0x30, 0x24, 0x00, 0xff,
    0x30, 0x20, 0x08, 0xff, 0x38, 0x20, 0x08, 0xff, 0x30, 0x20, 0x00, 0xff,
    0x30, 0x20, 0x00, 0xff, 0x30, 0x20, 0x08, 0xff, 0x30, 0x20, 0x00, 0xff,
    0x38, 0x20, 0x08, 0xff, 0x30, 0x20, 0x08, 0xff, 0x30, 0x24, 0x00, 0xff,
    0x30, 0x20, 0x00, 0xff, 0x30, 0x20, 0x00, 0xff, 0x38, 0x20, 0x00, 0xff,
    0x30, 0x20, 0x08, 0xff, 0x30, 0x20, 0x00, 0xff, 0x30, 0x20, 0x00, 0xff,
    0x30, 0x20, 0x08, 0xff, 0x30, 0x20, 0x00, 0xff, 0x30, 0x20, 0x00, 0xff,
    0x30, 0x20, 0x08, 0xff, 0x30, 0x20, 0x00, 0xff, 0x30, 0x20, 0x00, 0xff,
    0x38, 0x24, 0x08, 0xff, 0x30, 0x20, 0x08, 0xff, 0x30, 0x20, 0x00, 0xff,
    0x30, 0x20, 0x00, 0xff, 0x30, 0x20, 0x00, 0xff, 0x30, 0x20, 0x08, 0xff,
    0x30, 0x20, 0x00, 0xff, 0x30, 0x20, 0x00, 0xff, 0x30, 0x20, 0x00, 0xff,
    0x30, 0x20, 0x08, 0xff, 0x30, 0x20, 0x08, 0xff, 0x30, 0x20, 0x00, 0xff,
    0x38, 0x24, 0x08, 0xff, 0x30, 0x20, 0x08, 0xff, 0x30, 0x20, 0x00, 0xff,
    0x38, 0x20, 0x08, 0xff, 0x30, 0x20, 0x00, 0xff, 0x30, 0x24, 0x00, 0xff,
    0x30, 0x20, 0x08, 0xff, 0x30, 0x20, 0x00, 0xff, 0x30, 0x20, 0x08, 0xff,
    0x38, 0x24, 0x00, 0xff, 0x30, 0x20, 0x08, 0xff, 0x30, 0x20, 0x00, 0xff,
    0x30, 0x24, 0x08, 0xff, 0x38, 0x24, 0x08, 0xff, 0x30, 0x20, 0x00, 0xff,
    0x30, 0x20, 0x00, 0xff, 0x30, 0x24, 0x08, 0xff, 0x30, 0x24, 0x00, 0xff,
    0x30, 0x20, 0x00, 0xff, 0x38, 0x20, 0x08, 0xff, 0x30, 0x24, 0x00, 0xff,
    0x30, 0x20, 0x00, 0xff, 0x30, 0x24, 0x08, 0xff, 0x30, 0x20, 0x08, 0xff,
    0x30, 0x20, 0x00, 0xff, 0x30, 0x24, 0x00, 0xff, 0x30, 0x20, 0x00, 0xff,
    0x30, 0x24, 0x08, 0xff, 0x30, 0x20, 0x00, 0xff, 0x30, 0x20, 0x00, 0xff,
    0x30, 0x20, 0x00, 0xff, 0x30, 0x20, 0x08, 0xff, 0x30, 0x20, 0x00, 0xff,
    0x30, 0x20, 0x08, 0xff, 0x30, 0x24, 0x00, 0xff, 0x30, 0x20, 0x00, 0xff,
    0x30, 0x20, 0x00, 0xff, 0x38, 0x20, 0x08, 0xff, 0x30, 0x20, 0x08, 0xff,
    0x30, 0x24, 0x00, 0xff, 0x30, 0x20, 0x08, 0xff, 0x30, 0x24, 0x08, 0xff,
    0x30, 0x24, 0x00, 0xff, 0x38, 0x20, 0x08, 0xff, 0x30, 0x20, 0x00, 0xff,
    0x30, 0x24, 0x08, 0xff, 0x30, 0x20, 0x08, 0xff, 0x30, 0x20, 0x00, 0xff,
    0x30, 0x24, 0x00, 0xff, 0x30, 0x20, 0x08, 0xff, 0x30, 0x24, 0x00, 0xff,
    0x38, 0x20, 0x00, 0xff, 0x30, 0x24, 0x08, 0xff, 0x30, 0x20, 0x00, 0xff,
    0x30, 0x20, 0x00, 0xff, 0x30, 0x24, 0x08, 0xff, 0x30, 0x20, 0x00, 0xff,
    0x38, 0x20, 0x08, 0xff, 0x38, 0x24, 0x00, 0xff, 0x30, 0x20, 0x00, 0xff,
    0x30, 0x20, 0x00, 0xff, 0x30, 0x20, 0x00, 0xff, 0x30, 0x24, 0x00, 0xff,
    0x30, 0x20, 0x00, 0xff, 0x30, 0x20, 0x08, 0xff, 0x30, 0x20, 0x00, 0xff,
    0x30, 0x24, 0x00, 0xff, 0x38, 0x20, 0x00, 0xff, 0x30, 0x20, 0x00, 0xff,
    0x30, 0x20, 0x08, 0xff, 0x38, 0x20, 0x00, 0xff, 0x30, 0x24, 0x00, 0xff,
    0x30, 0x20, 0x08, 0xff, 0x30, 0x24, 0x08, 0xff, 0x30, 0x20, 0x00, 0xff,
    0x30, 0x20, 0x08, 0xff, 0x30, 0x20, 0x08, 0xff, 0x30, 0x24, 0x00, 0xff,
    0x30, 0x20, 0x00, 0xff, 0x30, 0x24, 0x00, 0xff, 0x38, 0x20, 0x00, 0xff,
    0x30, 0x20, 0x08, 0xff, 0x30, 0x20, 0x00, 0xff, 0x38, 0x20, 0x00, 0xff,
    0x30, 0x20, 0x00, 0xff, 0x38, 0x24, 0x08, 0xff, 0x30, 0x20, 0x00, 0xff,
    0x30, 0x20, 0x00, 0xff, 0x30, 0x20, 0x08, 0xff, 0x30, 0x24, 0x00, 0xff,
    0x30, 0x20, 0x00, 0xff, 0x30, 0x20, 0x08, 0xff, 0x30, 0x20, 0x08, 0xff,
    0x30, 0x24, 0x00, 0xff, 0x30, 0x20, 0x00, 0xff, 0x30, 0x20, 0x08, 0xff,
    0x30, 0x20, 0x08, 0xff, 0x30, 0x20, 0x00, 0xff, 0x30, 0x20, 0x08, 0xff,
    0x30, 0x24, 0x00, 0xff, 0x30, 0x20, 0x08, 0xff, 0x30, 0x20, 0x00, 0xff,
    0x38, 0x24, 0x00, 0xff, 0x30, 0x20, 0x00, 0xff, 0x30, 0x20, 0x00, 0xff,
    0x38, 0x24, 0x08, 0xff, 0x30, 0x20, 0x00, 0xff, 0x30, 0x20, 0x00, 0xff,
    0x30, 0x20, 0x08, 0xff, 0x30, 0x24, 0x00, 0xff, 0x30, 0x24, 0x00, 0xff,
    0x38, 0x20, 0x08, 0xff, 0x30, 0x24, 0x00, 0xff, 0x30, 0x20, 0x08, 0xff,
    0x38, 0x20, 0x08, 0xff, 0x30, 0x24, 0x00, 0xff, 0x38, 0x20, 0x08, 0xff,
    0x30, 0x20, 0x00, 0xff, 0x30, 0x24, 0x00, 0xff, 0x30, 0x20, 0x08, 0xff,
    0x38, 0x20, 0x00, 0xff, 0x30, 0x20, 0x00, 0xff, 0x38, 0x24, 0x08, 0xff,
    0x30, 0x24, 0x08, 0xff, 0x38, 0x24, 0x08, 0xff, 0x38, 0x28, 0x08, 0xff,
    0x00, 0x04, 0x00, 0x75, 0x00, 0x00, 0x00, 0x59, 0x00, 0x00, 0x00, 0x45,
    0x00, 0x00, 0x00, 0x34, 0x00, 0x00, 0x00, 0x28, 0x00, 0x00, 0x00, 0x18,
    0x00, 0x00, 0x00, 0x10, 0x00, 0x00, 0x00, 0x08, 0x00, 0x00, 0x00, 0x04,
    0x00, 0x00, 0x00, 0x00, 0x00, 0x00, 0x00, 0x00, 0x00, 0x00, 0x00, 0x04,
    0x00, 0x00, 0x00, 0x08, 0x00, 0x00, 0x00, 0x10, 0x00, 0x00, 0x00, 0x1c,
    0x00, 0x00, 0x00, 0x28, 0x00, 0x00, 0x00, 0x38, 0x00, 0x00, 0x00, 0x49,
    0x00, 0x00, 0x00, 0x5d, 0x10, 0x0c, 0x08, 0x8a, 0x38, 0x28, 0x08, 0xff,
    0x38, 0x24, 0x08, 0xff, 0x30, 0x24, 0x08, 0xff, 0x30, 0x20, 0x08, 0xff,
    0x30, 0x20, 0x00, 0xff, 0x30, 0x24, 0x00, 0xff, 0x30, 0x24, 0x08, 0xff,
    0x30, 0x20, 0x00, 0xff, 0x30, 0x20, 0x08, 0xff, 0x30, 0x20, 0x00, 0xff,
    0x30, 0x20, 0x08, 0xff, 0x30, 0x20, 0x08, 0xff, 0x38, 0x20, 0x00, 0xff,
    0x30, 0x24, 0x00, 0xff, 0x30, 0x20, 0x00, 0xff, 0x30, 0x24, 0x08, 0xff,
    0x38, 0x24, 0x08, 0xff, 0x30, 0x20, 0x00, 0xff, 0x30, 0x20, 0x00, 0xff,
    0x30, 0x24, 0x08, 0xff, 0x30, 0x20, 0x00, 0xff, 0x38, 0x20, 0x08, 0xff,
    0x30, 0x24, 0x08, 0xff, 0x30, 0x20, 0x00, 0xff, 0x30, 0x20, 0x08, 0xff,
    0x30, 0x24, 0x08, 0xff, 0x30, 0x20, 0x08, 0xff, 0x38, 0x20, 0x00, 0xff,
    0x30, 0x24, 0x08, 0xff, 0x30, 0x20, 0x00, 0xff, 0x38, 0x24, 0x08, 0xff,
    0x30, 0x20, 0x00, 0xff, 0x30, 0x20, 0x00, 0xff, 0x30, 0x20, 0x00, 0xff,
    0x30, 0x20, 0x00, 0xff, 0x30, 0x24, 0x08, 0xff, 0x38, 0x24, 0x08, 0xff,
    0x38, 0x20, 0x00, 0xff, 0x30, 0x20, 0x00, 0xff, 0x30, 0x24, 0x08, 0xff,
    0x30, 0x20, 0x00, 0xff, 0x30, 0x24, 0x00, 0xff, 0x30, 0x20, 0x08, 0xff,
    0x30, 0x20, 0x00, 0xff, 0x30, 0x24, 0x00, 0xff, 0x30, 0x20, 0x00, 0xff,
    0x30, 0x20, 0x00, 0xff, 0x30, 0x24, 0x00, 0xff, 0x30, 0x20, 0x08, 0xff,
    0x30, 0x20, 0x08, 0xff, 0x30, 0x24, 0x00, 0xff, 0x30, 0x20, 0x00, 0xff,
    0x30, 0x20, 0x08, 0xff, 0x30, 0x20, 0x00, 0xff, 0x30, 0x20, 0x08, 0xff,
    0x30, 0x20, 0x00, 0xff, 0x30, 0x20, 0x08, 0xff, 0x30, 0x20, 0x00, 0xff,
    0x30, 0x20, 0x00, 0xff, 0x30, 0x20, 0x08, 0xff, 0x30, 0x20, 0x00, 0xff,
    0x30, 0x20, 0x08, 0xff, 0x30, 0x20, 0x00, 0xff, 0x30, 0x20, 0x00, 0xff,
    0x30, 0x20, 0x08, 0xff, 0x30, 0x20, 0x00, 0xff, 0x30, 0x20, 0x00, 0xff,
    0x30, 0x20, 0x08, 0xff, 0x30, 0x20, 0x00, 0xff, 0x30, 0x24, 0x00, 0xff,
    0x38, 0x20, 0x08, 0xff, 0x30, 0x20, 0x08, 0xff, 0x30, 0x20, 0x00, 0xff,
    0x38, 0x20, 0x08, 0xff, 0x30, 0x20, 0x00, 0xff, 0x30, 0x20, 0x08, 0xff,
    0x38, 0x24, 0x08, 0xff, 0x30, 0x20, 0x08, 0xff, 0x38, 0x20, 0x00, 0xff,
    0x30, 0x24, 0x08, 0xff, 0x30, 0x20, 0x00, 0xff, 0x30, 0x20, 0x08, 0xff,
    0x30, 0x24, 0x00, 0xff, 0x30, 0x20, 0x00, 0xff, 0x30, 0x20, 0x00, 0xff,
    0x30, 0x20, 0x00, 0xff, 0x30, 0x20, 0x00, 0xff, 0x30, 0x20, 0x00, 0xff,
    0x30, 0x20, 0x08, 0xff, 0x30, 0x24, 0x08, 0xff, 0x30, 0x20, 0x00, 0xff,
    0x30, 0x20, 0x00, 0xff, 0x30, 0x20, 0x00, 0xff, 0x38, 0x20, 0x08, 0xff,
    0x30, 0x20, 0x00, 0xff, 0x30, 0x20, 0x08, 0xff, 0x30, 0x24, 0x00, 0xff,
    0x30, 0x20, 0x08, 0xff, 0x30, 0x20, 0x00, 0xff, 0x30, 0x24, 0x00, 0xff,
    0x38, 0x20, 0x08, 0xff, 0x30, 0x20, 0x08, 0xff, 0x30, 0x20, 0x00, 0xff,
    0x30, 0x20, 0x08, 0xff, 0x30, 0x20, 0x08, 0xff, 0x30, 0x24, 0x08, 0xff,
    0x30, 0x20, 0x08, 0xff, 0x30, 0x20, 0x08, 0xff, 0x30, 0x24, 0x08, 0xff,
    0x38, 0x20, 0x00, 0xff, 0x30, 0x20, 0x00, 0xff, 0x30, 0x20, 0x08, 0xff,
    0x30, 0x24, 0x08, 0xff, 0x30, 0x20, 0x00, 0xff, 0x30, 0x20, 0x00, 0xff,
    0x30, 0x24, 0x00, 0xff, 0x38, 0x20, 0x00, 0xff, 0x30, 0x20, 0x00, 0xff,
    0x30, 0x20, 0x08, 0xff, 0x30, 0x20, 0x00, 0xff, 0x30, 0x20, 0x00, 0xff,
    0x30, 0x20, 0x08, 0xff, 0x30, 0x20, 0x00, 0xff, 0x30, 0x20, 0x00, 0xff,
    0x30, 0x20, 0x00, 0xff, 0x30, 0x24, 0x00, 0xff, 0x30, 0x20, 0x00, 0xff,
    0x30, 0x20, 0x08, 0xff, 0x30, 0x24, 0x08, 0xff, 0x30, 0x24, 0x00, 0xff,
    0x30, 0x20, 0x00, 0xff, 0x38, 0x20, 0x08, 0xff, 0x30, 0x24, 0x08, 0xff,
    0x30, 0x20, 0x00, 0xff, 0x38, 0x20, 0x00, 0xff, 0x30, 0x24, 0x08, 0xff,
    0x30, 0x20, 0x00, 0xff, 0x30, 0x20, 0x00, 0xff, 0x38, 0x20, 0x00, 0xff,
    0x30, 0x24, 0x00, 0xff, 0x30, 0x20, 0x00, 0xff, 0x38, 0x20, 0x00, 0xff,
    0x30, 0x24, 0x08, 0xff, 0x38, 0x20, 0x00, 0xff, 0x30, 0x20, 0x00, 0xff,
    0x30, 0x24, 0x00, 0xff, 0x30, 0x20, 0x08, 0xff, 0x30, 0x20, 0x08, 0xff,
    0x30, 0x24, 0x00, 0xff, 0x30, 0x20, 0x00, 0xff, 0x30, 0x20, 0x08, 0xff,
    0x30, 0x24, 0x08, 0xff, 0x38, 0x20, 0x00, 0xff, 0x30, 0x20, 0x00, 0xff,
    0x30, 0x20, 0x08, 0xff, 0x30, 0x20, 0x00, 0xff, 0x30, 0x20, 0x00, 0xff,
    0x30, 0x20, 0x08, 0xff, 0x30, 0x24, 0x00, 0xff, 0x30, 0x20, 0x00, 0xff,
    0x30, 0x20, 0x08, 0xff, 0x30, 0x20, 0x08, 0xff, 0x30, 0x24, 0x00, 0xff,
    0x30, 0x20, 0x00, 0xff, 0x30, 0x20, 0x08, 0xff, 0x30, 0x24, 0x00, 0xff,
    0x30, 0x20, 0x00, 0xff, 0x30, 0x24, 0x08, 0xff, 0x38, 0x24, 0x08, 0xff,
    0x38, 0x24, 0x08, 0xff, 0x38, 0x28, 0x10, 0xff, 0x10, 0x0c, 0x08, 0x8a,
    0x00, 0x00, 0x00, 0x5d, 0x00, 0x00, 0x00, 0x49, 0x00, 0x00, 0x00, 0x38,
    0x00, 0x00, 0x00, 0x28, 0x00, 0x00, 0x00, 0x1c, 0x00, 0x00, 0x00, 0x10,
    0x00, 0x00, 0x00, 0x08, 0x00, 0x00, 0x00, 0x04, 0x00, 0x00, 0x00, 0x00,
    0x00, 0x00, 0x00, 0x00, 0x00, 0x00, 0x00, 0x04, 0x00, 0x00, 0x00, 0x08,
    0x00, 0x00, 0x00, 0x14, 0x00, 0x00, 0x00, 0x1c, 0x00, 0x00, 0x00, 0x2c,
    0x00, 0x00, 0x00, 0x38, 0x00, 0x00, 0x00, 0x4d, 0x00, 0x00, 0x00, 0x61,
    0x18, 0x14, 0x08, 0x9e, 0x38, 0x28, 0x08, 0xff, 0x38, 0x24, 0x08, 0xff,
    0x30, 0x24, 0x08, 0xff, 0x30, 0x20, 0x08, 0xff, 0x30, 0x20, 0x00, 0xff,
    0x30, 0x20, 0x00, 0xff, 0x30, 0x20, 0x08, 0xff, 0x38, 0x20, 0x00, 0xff,
    0x30, 0x20, 0x00, 0xff, 0x30, 0x24, 0x08, 0xff, 0x30, 0x20, 0x00, 0xff,
    0x30, 0x20, 0x00, 0xff, 0x30, 0x20, 0x00, 0xff, 0x30, 0x20, 0x08, 0xff,
    0x30, 0x20, 0x08, 0xff, 0x30, 0x20, 0x00, 0xff, 0x30, 0x20, 0x00, 0xff,
    0x30, 0x20, 0x00, 0xff, 0x30, 0x24, 0x00, 0xff, 0x30, 0x20, 0x00, 0xff,
    0x30, 0x20, 0x00, 0xff, 0x30, 0x20, 0x00, 0xff, 0x30, 0x24, 0x08, 0xff,
    0x30, 0x20, 0x00, 0xff, 0x38, 0x20, 0x00, 0xff, 0x30, 0x24, 0x08, 0xff,
    0x30, 0x20, 0x00, 0xff, 0x30, 0x20, 0x00, 0xff, 0x30, 0x20, 0x00, 0xff,
    0x30, 0x24, 0x08, 0xff, 0x30, 0x20, 0x08, 0xff, 0x30, 0x20, 0x00, 0xff,
    0x30, 0x24, 0x08, 0xff, 0x30, 0x20, 0x00, 0xff, 0x30, 0x20, 0x00, 0xff,
    0x30, 0x20, 0x00, 0xff, 0x30, 0x20, 0x08, 0xff, 0x30, 0x20, 0x00, 0xff,
    0x30, 0x24, 0x08, 0xff, 0x30, 0x20, 0x08, 0xff, 0x30, 0x20, 0x00, 0xff,
    0x38, 0x20, 0x00, 0xff, 0x30, 0x24, 0x08, 0xff, 0x30, 0x20, 0x00, 0xff,
    0x38, 0x20, 0x08, 0xff, 0x30, 0x20, 0x08, 0xff, 0x30, 0x20, 0x00, 0xff,
    0x30, 0x24, 0x00, 0xff, 0x30, 0x20, 0x08, 0xff, 0x30, 0x20, 0x00, 0xff,
    0x38, 0x20, 0x08, 0xff, 0x30, 0x24, 0x00, 0xff, 0x38, 0x20, 0x00, 0xff,
    0x30, 0x24, 0x08, 0xff, 0x30, 0x20, 0x00, 0xff, 0x30, 0x24, 0x00, 0xff,
    0x30, 0x20, 0x08, 0xff, 0x30, 0x20, 0x00, 0xff, 0x30, 0x20, 0x00, 0xff,
    0x30, 0x24, 0x08, 0xff, 0x38, 0x20, 0x08, 0xff, 0x30, 0x20, 0x00, 0xff,
    0x30, 0x24, 0x08, 0xff, 0x30, 0x20, 0x00, 0xff, 0x38, 0x24, 0x00, 0xff,
    0x30, 0x20, 0x08, 0xff, 0x30, 0x20, 0x00, 0xff, 0x38, 0x24, 0x08, 0xff,
    0x30, 0x20, 0x00, 0xff, 0x30, 0x20, 0x08, 0xff, 0x30, 0x20, 0x00, 0xff,
    0x30, 0x20, 0x00, 0xff, 0x30, 0x24, 0x08, 0xff, 0x30, 0x20, 0x00, 0xff,
    0x30, 0x20, 0x00, 0xff, 0x30, 0x24, 0x08, 0xff, 0x30, 0x20, 0x00, 0xff,
    0x30, 0x20, 0x00, 0xff, 0x30, 0x20, 0x00, 0xff, 0x30, 0x20, 0x08, 0xff,
    0x30, 0x24, 0x08, 0xff, 0x30, 0x20, 0x00, 0xff, 0x30, 0x20, 0x08, 0xff,
    0x30, 0x24, 0x08, 0xff, 0x30, 0x20, 0x00, 0xff, 0x30, 0x20, 0x08, 0xff,
    0x38, 0x24, 0x00, 0xff, 0x30, 0x20, 0x00, 0xff, 0x30, 0x20, 0x00, 0xff,
    0x30, 0x20, 0x00, 0xff, 0x30, 0x20, 0x08, 0xff, 0x38, 0x20, 0x00, 0xff,
    0x30, 0x24, 0x08, 0xff, 0x30, 0x20, 0x00, 0xff, 0x30, 0x20, 0x08, 0xff,
    0x30, 0x20, 0x00, 0xff, 0x30, 0x20, 0x08, 0xff, 0x30, 0x20, 0x00, 0xff,
    0x30, 0x20, 0x08, 0xff, 0x30, 0x20, 0x00, 0xff, 0x30, 0x20, 0x00, 0xff,
    0x30, 0x24, 0x08, 0xff, 0x30, 0x20, 0x00, 0xff, 0x30, 0x20, 0x00, 0xff,
    0x30, 0x24, 0x00, 0xff, 0x30, 0x20, 0x00, 0xff, 0x38, 0x20, 0x00, 0xff,
    0x30, 0x20, 0x00, 0xff, 0x30, 0x20, 0x08, 0xff, 0x30, 0x24, 0x00, 0xff,
    0x30, 0x20, 0x00, 0xff, 0x30, 0x20, 0x08, 0xff, 0x30, 0x20, 0x00, 0xff,
    0x30, 0x20, 0x08, 0xff, 0x30, 0x20, 0x08, 0xff, 0x30, 0x20, 0x00, 0xff,
    0x30, 0x20, 0x08, 0xff, 0x30, 0x20, 0x08, 0xff, 0x30, 0x24, 0x00, 0xff,
    0x38, 0x24, 0x00, 0xff, 0x30, 0x20, 0x00, 0xff, 0x30, 0x24, 0x08, 0xff,
    0x38, 0x20, 0x08, 0xff, 0x30, 0x20, 0x00, 0xff, 0x30, 0x20, 0x08, 0xff,
    0x30, 0x24, 0x08, 0xff, 0x30, 0x20, 0x00, 0xff, 0x30, 0x20, 0x00, 0xff,
    0x30, 0x20, 0x08, 0xff, 0x30, 0x20, 0x00, 0xff, 0x30, 0x20, 0x08, 0xff,
    0x30, 0x20, 0x00, 0xff, 0x30, 0x20, 0x08, 0xff, 0x30, 0x24, 0x00, 0xff,
    0x30, 0x20, 0x00, 0xff, 0x30, 0x20, 0x08, 0xff, 0x30, 0x24, 0x00, 0xff,
    0x30, 0x20, 0x08, 0xff, 0x30, 0x20, 0x08, 0xff, 0x30, 0x20, 0x08, 0xff,
    0x30, 0x24, 0x00, 0xff, 0x30, 0x20, 0x08, 0xff, 0x30, 0x20, 0x08, 0xff,
    0x30, 0x20, 0x00, 0xff, 0x30, 0x20, 0x08, 0xff, 0x38, 0x20, 0x00, 0xff,
    0x30, 0x20, 0x08, 0xff, 0x30, 0x20, 0x00, 0xff, 0x30, 0x24, 0x00, 0xff,
    0x30, 0x20, 0x08, 0xff, 0x30, 0x20, 0x08, 0xff, 0x30, 0x20, 0x00, 0xff,
    0x30, 0x24, 0x00, 0xff, 0x30, 0x20, 0x08, 0xff, 0x30, 0x20, 0x00, 0xff,
    0x30, 0x24, 0x08, 0xff, 0x30, 0x20, 0x08, 0xff, 0x30, 0x20, 0x00, 0xff,
    0x30, 0x20, 0x00, 0xff, 0x30, 0x20, 0x00, 0xff, 0x30, 0x20, 0x00, 0xff,
    0x38, 0x24, 0x08, 0xff, 0x30, 0x20, 0x00, 0xff, 0x30, 0x20, 0x00, 0xff,
    0x30, 0x20, 0x08, 0xff, 0x30, 0x20, 0x00, 0xff, 0x30, 0x20, 0x00, 0xff,
    0x30, 0x20, 0x08, 0xff, 0x30, 0x24, 0x08, 0xff, 0x38, 0x24, 0x08, 0xff,
    0x38, 0x24, 0x08, 0xff, 0x18, 0x14, 0x08, 0x9e, 0x00, 0x00, 0x00, 0x61,
    0x00, 0x00, 0x00, 0x4d, 0x00, 0x00, 0x00, 0x38, 0x00, 0x00, 0x00, 0x28,
    0x00, 0x00, 0x00, 0x1c, 0x00, 0x00, 0x00, 0x14, 0x00, 0x00, 0x00, 0x08,
    0x00, 0x00, 0x00, 0x04, 0x00, 0x00, 0x00, 0x00, 0x00, 0x00, 0x00, 0x00,
    0x00, 0x00, 0x00, 0x04, 0x00, 0x00, 0x00, 0x0c, 0x00, 0x00, 0x00, 0x14,
    0x00, 0x00, 0x00, 0x1c, 0x00, 0x00, 0x00, 0x2c, 0x00, 0x00, 0x00, 0x3c,
    0x00, 0x00, 0x00, 0x4d, 0x00, 0x00, 0x00, 0x61, 0x20, 0x18, 0x08, 0xb2,
    0x38, 0x28, 0x08, 0xff, 0x38, 0x24, 0x08, 0xff, 0x30, 0x24, 0x08, 0xff,
    0x30, 0x20, 0x00, 0xff, 0x38, 0x20, 0x00, 0xff, 0x30, 0x24, 0x08, 0xff,
    0x30, 0x20, 0x00, 0xff, 0x30, 0x20, 0x08, 0xff, 0x30, 0x24, 0x00, 0xff,
    0x38, 0x20, 0x00, 0xff, 0x30, 0x20, 0x08, 0xff, 0x30, 0x24, 0x08, 0xff,
    0x30, 0x20, 0x00, 0xff, 0x30, 0x24, 0x00, 0xff, 0x30, 0x20, 0x08, 0xff,
    0x30, 0x20, 0x00, 0xff, 0x30, 0x20, 0x00, 0xff, 0x30, 0x20, 0x08, 0xff,
    0x30, 0x20, 0x08, 0xff, 0x38, 0x24, 0x08, 0xff, 0x30, 0x20, 0x08, 0xff,
    0x30, 0x20, 0x00, 0xff, 0x30, 0x20, 0x00, 0xff, 0x30, 0x20, 0x00, 0xff,
    0x30, 0x20, 0x00, 0xff, 0x30, 0x20, 0x00, 0xff, 0x30, 0x24, 0x08, 0xff,
    0x30, 0x20, 0x00, 0xff, 0x30, 0x20, 0x00, 0xff, 0x30, 0x20, 0x08, 0xff,
    0x30, 0x20, 0x00, 0xff, 0x30, 0x20, 0x00, 0xff, 0x38, 0x24, 0x08, 0xff,
    0x30, 0x20, 0x08, 0xff, 0x30, 0x20, 0x00, 0xff, 0x30, 0x24, 0x08, 0xff,
    0x30, 0x20, 0x00, 0xff, 0x30, 0x20, 0x08, 0xff, 0x30, 0x20, 0x00, 0xff,
    0x30, 0x20, 0x00, 0xff, 0x30, 0x20, 0x08, 0xff, 0x30, 0x20, 0x08, 0xff,
    0x30, 0x24, 0x00, 0xff, 0x30, 0x20, 0x00, 0xff, 0x30, 0x20, 0x08, 0xff,
    0x30, 0x24, 0x08, 0xff, 0x30, 0x20, 0x00, 0xff, 0x38, 0x20, 0x08, 0xff,
    0x30, 0x20, 0x00, 0xff, 0x30, 0x20, 0x00, 0xff, 0x30, 0x20, 0x00, 0xff,
    0x30, 0x20, 0x08, 0xff, 0x30, 0x20, 0x00, 0xff, 0x30, 0x20, 0x00, 0xff,
    0x30, 0x20, 0x08, 0xff, 0x38, 0x20, 0x00, 0xff, 0x30, 0x24, 0x00, 0xff,
    0x30, 0x20, 0x08, 0xff, 0x38, 0x20, 0x00, 0xff, 0x30, 0x24, 0x08, 0xff,
    0x30, 0x20, 0x00, 0xff, 0x30, 0x20, 0x00, 0xff, 0x30, 0x24, 0x08, 0xff,
    0x30, 0x20, 0x00, 0xff, 0x30, 0x20, 0x00, 0xff, 0x30, 0x24, 0x08, 0xff,
    0x30, 0x20, 0x00, 0xff, 0x30, 0x20, 0x00, 0xff, 0x30, 0x20, 0x08, 0xff,
    0x30, 0x24, 0x00, 0xff, 0x30, 0x20, 0x08, 0xff, 0x30, 0x20, 0x00, 0xff,
    0x30, 0x24, 0x00, 0xff, 0x30, 0x20, 0x08, 0xff, 0x30, 0x20, 0x08, 0xff,
    0x30, 0x24, 0x00, 0xff, 0x30, 0x20, 0x00, 0xff, 0x30, 0x20, 0x00, 0xff,
    0x30, 0x24, 0x08, 0xff, 0x30, 0x20, 0x00, 0xff, 0x38, 0x20, 0x00, 0xff,
    0x30, 0x20, 0x00, 0xff, 0x30, 0x20, 0x00, 0xff, 0x38, 0x20, 0x08, 0xff,
    0x30, 0x20, 0x08, 0xff, 0x30, 0x24, 0x00, 0xff, 0x30, 0x20, 0x08, 0xff,
    0x30, 0x20, 0x08, 0xff, 0x30, 0x20, 0x00, 0xff, 0x30, 0x24, 0x00, 0xff,
    0x30, 0x20, 0x08, 0xff, 0x30, 0x20, 0x00, 0xff, 0x30, 0x20, 0x00, 0xff,
    0x30, 0x24, 0x08, 0xff, 0x30, 0x20, 0x00, 0xff, 0x38, 0x24, 0x08, 0xff,
    0x30, 0x20, 0x00, 0xff, 0x30, 0x24, 0x00, 0xff, 0x38, 0x20, 0x08, 0xff,
    0x30, 0x20, 0x08, 0xff, 0x30, 0x20, 0x00, 0xff, 0x30, 0x24, 0x00, 0xff,
    0x30, 0x20, 0x08, 0xff, 0x30, 0x20, 0x08, 0xff, 0x30, 0x24, 0x00, 0xff,
    0x30, 0x20, 0x00, 0xff, 0x30, 0x20, 0x08, 0xff, 0x30, 0x20, 0x00, 0xff,
    0x30, 0x20, 0x00, 0xff, 0x30, 0x20, 0x08, 0xff, 0x30, 0x24, 0x08, 0xff,
    0x30, 0x20, 0x00, 0xff, 0x38, 0x20, 0x00, 0xff, 0x30, 0x24, 0x08, 0xff,
    0x30, 0x20, 0x00, 0xff, 0x30, 0x24, 0x00, 0xff, 0x30, 0x20, 0x08, 0xff,
    0x30, 0x20, 0x00, 0xff, 0x30, 0x20, 0x00, 0xff, 0x30, 0x20, 0x08, 0xff,
    0x30, 0x20, 0x08, 0xff, 0x30, 0x20, 0x00, 0xff, 0x30, 0x24, 0x00, 0xff,
    0x30, 0x20, 0x00, 0xff, 0x38, 0x20, 0x08, 0xff, 0x30, 0x20, 0x00, 0xff,
    0x30, 0x20, 0x00, 0xff, 0x38, 0x24, 0x08, 0xff, 0x30, 0x20, 0x00, 0xff,
    0x30, 0x20, 0x08, 0xff, 0x30, 0x24, 0x00, 0xff, 0x30, 0x20, 0x00, 0xff,
    0x30, 0x20, 0x08, 0xff, 0x30, 0x20, 0x00, 0xff, 0x30, 0x20, 0x08, 0xff,
    0x30, 0x20, 0x00, 0xff, 0x30, 0x20, 0x08, 0xff, 0x30, 0x24, 0x00, 0xff,
    0x30, 0x20, 0x00, 0xff, 0x30, 0x20, 0x00, 0xff, 0x30, 0x20, 0x08, 0xff,
    0x30, 0x24, 0x00, 0xff, 0x30, 0x20, 0x00, 0xff, 0x30, 0x24, 0x08, 0xff,
    0x30, 0x20, 0x00, 0xff, 0x30, 0x20, 0x00, 0xff, 0x30, 0x24, 0x00, 0xff,
    0x30, 0x20, 0x08, 0xff, 0x30, 0x20, 0x00, 0xff, 0x30, 0x20, 0x08, 0xff,
    0x30, 0x20, 0x00, 0xff, 0x30, 0x20, 0x00, 0xff, 0x30, 0x20, 0x08, 0xff,
    0x30, 0x20, 0x00, 0xff, 0x30, 0x20, 0x08, 0xff, 0x38, 0x24, 0x00, 0xff,
    0x30, 0x20, 0x00, 0xff, 0x30, 0x20, 0x08, 0xff, 0x38, 0x24, 0x08, 0xff,
    0x30, 0x20, 0x00, 0xff, 0x30, 0x20, 0x08, 0xff, 0x30, 0x20, 0x00, 0xff,
    0x30, 0x20, 0x08, 0xff, 0x30, 0x20, 0x00, 0xff, 0x30, 0x24, 0x08, 0xff,
    0x38, 0x20, 0x00, 0xff, 0x30, 0x20, 0x00, 0xff, 0x30, 0x20, 0x00, 0xff,
    0x30, 0x24, 0x08, 0xff, 0x38, 0x24, 0x08, 0xff, 0x38, 0x28, 0x08, 0xff,
    0x20, 0x18, 0x08, 0xae, 0x00, 0x00, 0x00, 0x65, 0x00, 0x00, 0x00, 0x4d,
    0x00, 0x00, 0x00, 0x3c, 0x00, 0x00, 0x00, 0x2c, 0x00, 0x00, 0x00, 0x1c,
    0x00, 0x00, 0x00, 0x14, 0x00, 0x00, 0x00, 0x0c, 0x00, 0x00, 0x00, 0x04,
    0x00, 0x00, 0x00, 0x00, 0x00, 0x00, 0x00, 0x00, 0x00, 0x00, 0x00, 0x04,
    0x00, 0x00, 0x00, 0x0c, 0x00, 0x00, 0x00, 0x14, 0x00, 0x00, 0x00, 0x20,
    0x00, 0x00, 0x00, 0x2c, 0x00, 0x00, 0x00, 0x3c, 0x00, 0x00, 0x00, 0x51,
    0x00, 0x00, 0x00, 0x65, 0x28, 0x1c, 0x08, 0xc3, 0x38, 0x24, 0x08, 0xff,
    0x30, 0x24, 0x08, 0xff, 0x30, 0x24, 0x08, 0xff, 0x30, 0x20, 0x00, 0xff,
    0x30, 0x20, 0x08, 0xff, 0x30, 0x24, 0x00, 0xff, 0x30, 0x20, 0x08, 0xff,
    0x30, 0x20, 0x00, 0xff, 0x30, 0x20, 0x00, 0xff, 0x30, 0x20, 0x08, 0xff,
    0x30, 0x20, 0x00, 0xff, 0x30, 0x20, 0x08, 0xff, 0x38, 0x20, 0x08, 0xff,
    0x30, 0x24, 0x00, 0xff, 0x30, 0x20, 0x00, 0xff, 0x30, 0x20, 0x08, 0xff,
    0x30, 0x20, 0x08, 0xff, 0x30, 0x20, 0x00, 0xff, 0x30, 0x20, 0x00, 0xff,
    0x30, 0x20, 0x08, 0xff, 0x30, 0x24, 0x00, 0xff, 0x30, 0x20, 0x08, 0xff,
    0x30, 0x20, 0x08, 0xff, 0x30, 0x20, 0x08, 0xff, 0x30, 0x24, 0x08, 0xff,
    0x30, 0x20, 0x00, 0xff, 0x38, 0x20, 0x08, 0xff, 0x30, 0x20, 0x08, 0xff,
    0x30, 0x20, 0x00, 0xff, 0x30, 0x24, 0x00, 0xff, 0x38, 0x20, 0x08, 0xff,
    0x30, 0x20, 0x00, 0xff, 0x30, 0x20, 0x00, 0xff, 0x30, 0x20, 0x00, 0xff,
    0x30, 0x20, 0x08, 0xff, 0x30, 0x24, 0x00, 0xff, 0x30, 0x20, 0x08, 0xff,
    0x30, 0x20, 0x00, 0xff, 0x30, 0x24, 0x08, 0xff, 0x38, 0x20, 0x00, 0xff,
    0x30, 0x20, 0x00, 0xff, 0x30, 0x20, 0x08, 0xff, 0x30, 0x20, 0x00, 0xff,
    0x30, 0x20, 0x00, 0xff, 0x30, 0x20, 0x08, 0xff, 0x30, 0x20, 0x00, 0xff,
    0x30, 0x20, 0x00, 0xff, 0x30, 0x20, 0x08, 0xff, 0x30, 0x20, 0x00, 0xff,
    0x30, 0x24, 0x00, 0xff, 0x30, 0x20, 0x08, 0xff, 0x30, 0x20, 0x00, 0xff,
    0x30, 0x24, 0x08, 0xff, 0x30, 0x20, 0x00, 0xff, 0x30, 0x20, 0x08, 0xff,
    0x30, 0x20, 0x00, 0xff, 0x30, 0x20, 0x08, 0xff, 0x30, 0x20, 0x08, 0xff,
    0x30, 0x20, 0x00, 0xff, 0x30, 0x20, 0x00, 0xff, 0x30, 0x20, 0x08, 0xff,
    0x30, 0x20, 0x00, 0xff, 0x30, 0x20, 0x00, 0xff, 0x30, 0x20, 0x08, 0xff,
    0x30, 0x20, 0x00, 0xff, 0x30, 0x20, 0x08, 0xff, 0x30, 0x20, 0x00, 0xff,
    0x30, 0x20, 0x08, 0xff, 0x30, 0x20, 0x00, 0xff, 0x38, 0x20, 0x00, 0xff,
    0x30, 0x24, 0x08, 0xff, 0x30, 0x20, 0x00, 0xff, 0x38, 0x20, 0x00, 0xff,
    0x30, 0x20, 0x08, 0xff, 0x30, 0x20, 0x00, 0xff, 0x38, 0x20, 0x08, 0xff,
    0x30, 0x20, 0x00, 0xff, 0x30, 0x20, 0x08, 0xff, 0x30, 0x20, 0x08, 0xff,
    0x30, 0x20, 0x00, 0xff, 0x30, 0x20, 0x00, 0xff, 0x30, 0x20, 0x08, 0xff,
    0x30, 0x24, 0x00, 0xff, 0x30, 0x20, 0x00, 0xff, 0x30, 0x20, 0x00, 0xff,
    0x30, 0x20, 0x00, 0xff, 0x30, 0x20, 0x00, 0xff, 0x30, 0x20, 0x08, 0xff,
    0x38, 0x20, 0x00, 0xff, 0x30, 0x20, 0x08, 0xff, 0x30, 0x24, 0x00, 0xff,
    0x30, 0x20, 0x00, 0xff, 0x30, 0x20, 0x08, 0xff, 0x30, 0x20, 0x00, 0xff,
    0x30, 0x20, 0x00, 0xff, 0x30, 0x20, 0x00, 0xff, 0x30, 0x20, 0x08, 0xff,
    0x30, 0x20, 0x00, 0xff, 0x30, 0x24, 0x00, 0xff, 0x30, 0x20, 0x08, 0xff,
    0x30, 0x20, 0x00, 0xff, 0x30, 0x20, 0x00, 0xff, 0x30, 0x20, 0x08, 0xff,
    0x38, 0x20, 0x00, 0xff, 0x30, 0x20, 0x00, 0xff, 0x30, 0x24, 0x08, 0xff,
    0x30, 0x20, 0x08, 0xff, 0x30, 0x24, 0x08, 0xff, 0x30, 0x20, 0x00, 0xff,
    0x30, 0x20, 0x00, 0xff, 0x30, 0x20, 0x08, 0xff, 0x30, 0x20, 0x00, 0xff,
    0x30, 0x20, 0x00, 0xff, 0x30, 0x20, 0x08, 0xff, 0x30, 0x24, 0x00, 0xff,
    0x38, 0x20, 0x00, 0xff, 0x30, 0x20, 0x08, 0xff, 0x30, 0x24, 0x00, 0xff,
    0x30, 0x20, 0x00, 0xff, 0x30, 0x20, 0x08, 0xff, 0x30, 0x20, 0x00, 0xff,
    0x30, 0x20, 0x08, 0xff, 0x30, 0x20, 0x00, 0xff, 0x30, 0x20, 0x00, 0xff,
    0x30, 0x20, 0x08, 0xff, 0x30, 0x20, 0x08, 0xff, 0x30, 0x24, 0x00, 0xff,
    0x30, 0x20, 0x00, 0xff, 0x30, 0x20, 0x00, 0xff, 0x30, 0x20, 0x08, 0xff,
    0x38, 0x24, 0x00, 0xff, 0x30, 0x20, 0x00, 0xff, 0x30, 0x20, 0x08, 0xff,
    0x38, 0x20, 0x00, 0xff, 0x30, 0x20, 0x00, 0xff, 0x30, 0x20, 0x08, 0xff,
    0x38, 0x20, 0x00, 0xff, 0x30, 0x20, 0x00, 0xff, 0x30, 0x20, 0x00, 0xff,
    0x38, 0x20, 0x08, 0xff, 0x30, 0x20, 0x00, 0xff, 0x30, 0x20, 0x08, 0xff,
    0x38, 0x20, 0x00, 0xff, 0x30, 0x20, 0x00, 0xff, 0x30, 0x20, 0x08, 0xff,
    0x30, 0x24, 0x00, 0xff, 0x30, 0x20, 0x08, 0xff, 0x38, 0x20, 0x00, 0xff,
    0x30, 0x20, 0x00, 0xff, 0x30, 0x24, 0x00, 0xff, 0x30, 0x24, 0x08, 0xff,
    0x30, 0x20, 0x00, 0xff, 0x30, 0x20, 0x00, 0xff, 0x30, 0x24, 0x08, 0xff,
    0x30, 0x20, 0x00, 0xff, 0x30, 0x20, 0x00, 0xff, 0x30, 0x20, 0x08, 0xff,
    0x30, 0x24, 0x08, 0xff, 0x30, 0x20, 0x00, 0xff, 0x30, 0x20, 0x00, 0xff,
    0x30, 0x24, 0x08, 0xff, 0x30, 0x20, 0x00, 0xff, 0x30, 0x20, 0x08, 0xff,
    0x30, 0x20, 0x08, 0xff, 0x30, 0x20, 0x00, 0xff, 0x30, 0x20, 0x08, 0xff,
    0x30, 0x20, 0x08, 0xff, 0x30, 0x20, 0x00, 0xff, 0x38, 0x24, 0x08, 0xff,
    0x30, 0x24, 0x08, 0xff, 0x38, 0x24, 0x08, 0xff, 0x28, 0x1c, 0x08, 0xc3,
    0x00, 0x00, 0x00, 0x65, 0x00, 0x00, 0x00, 0x51, 0x00, 0x00, 0x00, 0x3c,
    0x00, 0x00, 0x00, 0x2c, 0x00, 0x00, 0x00, 0x20, 0x00, 0x00, 0x00, 0x14,
    0x00, 0x00, 0x00, 0x0c, 0x00, 0x00, 0x00, 0x04, 0x00, 0x00, 0x00, 0x00,
    0x00, 0x00, 0x00, 0x00, 0x00, 0x00, 0x00, 0x04, 0x00, 0x00, 0x00, 0x0c,
    0x00, 0x00, 0x00, 0x14, 0x00, 0x00, 0x00, 0x20, 0x00, 0x00, 0x00, 0x2c,
    0x00, 0x00, 0x00, 0x41, 0x00, 0x00, 0x00, 0x51, 0x00, 0x00, 0x00, 0x69,
    0x28, 0x20, 0x08, 0xcf, 0x38, 0x24, 0x08, 0xff, 0x30, 0x24, 0x08, 0xff,
    0x30, 0x20, 0x08, 0xff, 0x30, 0x20, 0x00, 0xff, 0x30, 0x20, 0x00, 0xff,
    0x30, 0x20, 0x08, 0xff, 0x38, 0x20, 0x00, 0xff, 0x30, 0x20, 0x00, 0xff,
    0x30, 0x20, 0x08, 0xff, 0x30, 0x20, 0x00, 0xff, 0x30, 0x24, 0x00, 0xff,
    0x30, 0x20, 0x00, 0xff, 0x30, 0x20, 0x00, 0xff, 0x30, 0x20, 0x08, 0xff,
    0x30, 0x20, 0x08, 0xff, 0x38, 0x24, 0x00, 0xff, 0x30, 0x24, 0x00, 0xff,
    0x30, 0x20, 0x00, 0xff, 0x30, 0x20, 0x00, 0xff, 0x30, 0x20, 0x08, 0xff,
    0x30, 0x20, 0x00, 0xff, 0x38, 0x24, 0x00, 0xff, 0x30, 0x20, 0x08, 0xff,
    0x30, 0x20, 0x00, 0xff, 0x30, 0x20, 0x08, 0xff, 0x30, 0x20, 0x00, 0xff,
    0x30, 0x20, 0x00, 0xff, 0x30, 0x20, 0x08, 0xff, 0x30, 0x24, 0x08, 0xff,
    0x30, 0x20, 0x08, 0xff, 0x30, 0x20, 0x00, 0xff, 0x30, 0x20, 0x08, 0xff,
    0x30, 0x20, 0x00, 0xff, 0x30, 0x20, 0x08, 0xff, 0x38, 0x20, 0x00, 0xff,
    0x30, 0x20, 0x08, 0xff, 0x30, 0x20, 0x00, 0xff, 0x30, 0x20, 0x00, 0xff,
    0x30, 0x24, 0x08, 0xff, 0x30, 0x20, 0x00, 0xff, 0x30, 0x20, 0x08, 0xff,
    0x30, 0x24, 0x00, 0xff, 0x30, 0x20, 0x08, 0xff, 0x30, 0x20, 0x08, 0xff,
    0x30, 0x24, 0x00, 0xff, 0x38, 0x20, 0x00, 0xff, 0x30, 0x20, 0x00, 0xff,
    0x30, 0x24, 0x08, 0xff, 0x30, 0x20, 0x00, 0xff, 0x30, 0x20, 0x08, 0xff,
    0x30, 0x20, 0x08, 0xff, 0x30, 0x20, 0x00, 0xff, 0x38, 0x20, 0x00, 0xff,
    0x30, 0x20, 0x08, 0xff, 0x30, 0x20, 0x00, 0xff, 0x30, 0x24, 0x00, 0xff,
    0x30, 0x20, 0x00, 0xff, 0x30, 0x20, 0x00, 0xff, 0x30, 0x20, 0x00, 0xff,
    0x30, 0x24, 0x08, 0xff, 0x30, 0x20, 0x00, 0xff, 0x30, 0x20, 0x08, 0xff,
    0x30, 0x24, 0x00, 0xff, 0x38, 0x20, 0x08, 0xff, 0x30, 0x20, 0x00, 0xff,
    0x30, 0x24, 0x08, 0xff, 0x38, 0x20, 0x00, 0xff, 0x30, 0x24, 0x00, 0xff,
    0x30, 0x20, 0x08, 0xff, 0x30, 0x20, 0x00, 0xff, 0x30, 0x20, 0x08, 0xff,
    0x30, 0x20, 0x08, 0xff, 0x30, 0x20, 0x00, 0xff, 0x30, 0x20, 0x00, 0xff,
    0x30, 0x20, 0x00, 0xff, 0x30, 0x24, 0x00, 0xff, 0x30, 0x20, 0x08, 0xff,
    0x30, 0x20, 0x00, 0xff, 0x38, 0x24, 0x00, 0xff, 0x30, 0x20, 0x08, 0xff,
    0x30, 0x20, 0x08, 0xff, 0x30, 0x24, 0x00, 0xff, 0x30, 0x20, 0x08, 0xff,
    0x30, 0x20, 0x08, 0xff, 0x30, 0x24, 0x00, 0xff, 0x30, 0x20, 0x08, 0xff,
    0x30, 0x20, 0x00, 0xff, 0x30, 0x24, 0x00, 0xff, 0x30, 0x20, 0x08, 0xff,
    0x30, 0x20, 0x00, 0xff, 0x30, 0x20, 0x08, 0xff, 0x38, 0x20, 0x00, 0xff,
    0x30, 0x20, 0x08, 0xff, 0x30, 0x20, 0x00, 0xff, 0x30, 0x20, 0x08, 0xff,
    0x30, 0x20, 0x00, 0xff, 0x30, 0x20, 0x08, 0xff, 0x30, 0x20, 0x08, 0xff,
    0x30, 0x20, 0x00, 0xff, 0x30, 0x24, 0x08, 0xff, 0x30, 0x20, 0x08, 0xff,
    0x30, 0x20, 0x00, 0xff, 0x30, 0x24, 0x08, 0xff, 0x30, 0x20, 0x00, 0xff,
    0x30, 0x20, 0x08, 0xff, 0x30, 0x20, 0x00, 0xff, 0x30, 0x20, 0x00, 0xff,
    0x38, 0x20, 0x00, 0xff, 0x30, 0x24, 0x00, 0xff, 0x30, 0x20, 0x08, 0xff,
    0x38, 0x20, 0x08, 0xff, 0x30, 0x24, 0x00, 0xff, 0x30, 0x20, 0x00, 0xff,
    0x30, 0x20, 0x08, 0xff, 0x30, 0x20, 0x08, 0xff, 0x30, 0x20, 0x00, 0xff,
    0x30, 0x20, 0x00, 0xff, 0x30, 0x20, 0x08, 0xff, 0x38, 0x24, 0x00, 0xff,
    0x30, 0x24, 0x00, 0xff, 0x30, 0x20, 0x08, 0xff, 0x38, 0x24, 0x00, 0xff,
    0x30, 0x20, 0x08, 0xff, 0x30, 0x20, 0x00, 0xff, 0x30, 0x24, 0x00, 0xff,
    0x30, 0x20, 0x08, 0xff, 0x30, 0x20, 0x00, 0xff, 0x30, 0x20, 0x08, 0xff,
    0x30, 0x20, 0x00, 0xff, 0x30, 0x20, 0x08, 0xff, 0x30, 0x20, 0x08, 0xff,
    0x30, 0x20, 0x00, 0xff, 0x30, 0x24, 0x00, 0xff, 0x30, 0x20, 0x08, 0xff,
    0x30, 0x20, 0x08, 0xff, 0x30, 0x20, 0x00, 0xff, 0x30, 0x20, 0x00, 0xff,
    0x30, 0x24, 0x08, 0xff, 0x30, 0x20, 0x08, 0xff, 0x30, 0x24, 0x00, 0xff,
    0x30, 0x20, 0x00, 0xff, 0x30, 0x20, 0x08, 0xff, 0x30, 0x20, 0x00, 0xff,
    0x30, 0x20, 0x00, 0xff, 0x30, 0x20, 0x08, 0xff, 0x30, 0x20, 0x08, 0xff,
    0x30, 0x20, 0x00, 0xff, 0x30, 0x20, 0x08, 0xff, 0x30, 0x20, 0x08, 0xff,
    0x30, 0x20, 0x00, 0xff, 0x38, 0x20, 0x08, 0xff, 0x30, 0x20, 0x00, 0xff,
    0x30, 0x20, 0x00, 0xff, 0x38, 0x20, 0x08, 0xff, 0x30, 0x20, 0x00, 0xff,
    0x30, 0x20, 0x00, 0xff, 0x30, 0x24, 0x00, 0xff, 0x30, 0x20, 0x00, 0xff,
    0x30, 0x20, 0x00, 0xff, 0x30, 0x20, 0x08, 0xff, 0x30, 0x20, 0x00, 0xff,
    0x30, 0x24, 0x00, 0xff, 0x30, 0x20, 0x00, 0xff, 0x30, 0x20, 0x08, 0xff,
    0x30, 0x20, 0x00, 0xff, 0x30, 0x24, 0x00, 0xff, 0x30, 0x20, 0x08, 0xff,
    0x30, 0x20, 0x00, 0xff, 0x30, 0x24, 0x00, 0xff, 0x30, 0x24, 0x08, 0xff,
    0x38, 0x24, 0x08, 0xff, 0x28, 0x20, 0x08, 0xcf, 0x00, 0x00, 0x00, 0x69,
    0x00, 0x00, 0x00, 0x51, 0x00, 0x00, 0x00, 0x41, 0x00, 0x00, 0x00, 0x2c,
    0x00, 0x00, 0x00, 0x20, 0x00, 0x00, 0x00, 0x14, 0x00, 0x00, 0x00, 0x0c,
    0x00, 0x00, 0x00, 0x04, 0x00, 0x00, 0x00, 0x00, 0x00, 0x00, 0x00, 0x04,
    0x00, 0x00, 0x00, 0x08, 0x00, 0x00, 0x00, 0x0c, 0x00, 0x00, 0x00, 0x14,
    0x00, 0x00, 0x00, 0x20, 0x00, 0x00, 0x00, 0x30, 0x00, 0x00, 0x00, 0x41,
    0x00, 0x00, 0x00, 0x55, 0x00, 0x00, 0x00, 0x69, 0x30, 0x20, 0x08, 0xd7,
    0x38, 0x28, 0x08, 0xff, 0x30, 0x24, 0x08, 0xff, 0x30, 0x24, 0x08, 0xff,
    0x38, 0x20, 0x00, 0xff, 0x30, 0x20, 0x08, 0xff, 0x30, 0x24, 0x00, 0xff,
    0x30, 0x20, 0x00, 0xff, 0x30, 0x20, 0x08, 0xff, 0x30, 0x20, 0x08, 0xff,
    0x30, 0x24, 0x00, 0xff, 0x30, 0x20, 0x08, 0xff, 0x30, 0x20, 0x08, 0xff,
    0x30, 0x24, 0x00, 0xff, 0x30, 0x20, 0x00, 0xff, 0x30, 0x20, 0x00, 0xff,
    0x30, 0x20, 0x08, 0xff, 0x30, 0x20, 0x00, 0xff, 0x30, 0x20, 0x08, 0xff,
    0x38, 0x24, 0x08, 0xff, 0x30, 0x20, 0x00, 0xff, 0x30, 0x20, 0x08, 0xff,
    0x30, 0x20, 0x00, 0xff, 0x30, 0x20, 0x00, 0xff, 0x30, 0x20, 0x00, 0xff,
    0x38, 0x24, 0x00, 0xff, 0x30, 0x20, 0x08, 0xff, 0x30, 0x20, 0x00, 0xff,
    0x30, 0x24, 0x00, 0xff, 0x30, 0x20, 0x00, 0xff, 0x30, 0x20, 0x00, 0xff,
    0x30, 0x20, 0x00, 0xff, 0x30, 0x20, 0x00, 0xff, 0x30, 0x20, 0x08, 0xff,
    0x30, 0x20, 0x00, 0xff, 0x30, 0x20, 0x08, 0xff, 0x30, 0x20, 0x00, 0xff,
    0x30, 0x24, 0x00, 0xff, 0x38, 0x20, 0x00, 0xff, 0x30, 0x20, 0x08, 0xff,
    0x30, 0x20, 0x00, 0xff, 0x30, 0x20, 0x00, 0xff, 0x30, 0x20, 0x00, 0xff,
    0x38, 0x20, 0x00, 0xff, 0x30, 0x20, 0x00, 0xff, 0x30, 0x20, 0x08, 0xff,
    0x30, 0x24, 0x00, 0xff, 0x30, 0x20, 0x08, 0xff, 0x30, 0x20, 0x08, 0xff,
    0x38, 0x20, 0x00, 0xff, 0x30, 0x20, 0x00, 0xff, 0x30, 0x24, 0x00, 0xff,
    0x30, 0x20, 0x00, 0xff, 0x30, 0x20, 0x08, 0xff, 0x30, 0x20, 0x08, 0xff,
    0x30, 0x20, 0x08, 0xff, 0x30, 0x20, 0x00, 0xff, 0x38, 0x20, 0x08, 0xff,
    0x30, 0x20, 0x08, 0xff, 0x30, 0x20, 0x00, 0xff, 0x38, 0x20, 0x00, 0xff,
    0x30, 0x20, 0x08, 0xff, 0x30, 0x20, 0x00, 0xff, 0x30, 0x20, 0x00, 0xff,
    0x30, 0x20, 0x00, 0xff, 0x30, 0x20, 0x08, 0xff, 0x30, 0x20, 0x08, 0xff,
    0x30, 0x20, 0x00, 0xff, 0x30, 0x20, 0x00, 0xff, 0x30, 0x20, 0x08, 0xff,
    0x30, 0x20, 0x00, 0xff, 0x30, 0x20, 0x00, 0xff, 0x30, 0x20, 0x08, 0xff,
    0x30, 0x20, 0x00, 0xff, 0x30, 0x24, 0x08, 0xff, 0x30, 0x20, 0x08, 0xff,
    0x30, 0x20, 0x08, 0xff, 0x30, 0x24, 0x00, 0xff, 0x30, 0x20, 0x00, 0xff,
    0x30, 0x20, 0x00, 0xff, 0x30, 0x20, 0x00, 0xff, 0x30, 0x20, 0x08, 0xff,
    0x30, 0x20, 0x00, 0xff, 0x30, 0x20, 0x00, 0xff, 0x30, 0x20, 0x00, 0xff,
    0x30, 0x20, 0x08, 0xff, 0x30, 0x20, 0x00, 0xff, 0x30, 0x20, 0x08, 0xff,
    0x30, 0x20, 0x08, 0xff, 0x30, 0x20, 0x00, 0xff, 0x30, 0x20, 0x00, 0xff,
    0x30, 0x20, 0x08, 0xff, 0x30, 0x20, 0x00, 0xff, 0x30, 0x24, 0x00, 0xff,
    0x30, 0x20, 0x08, 0xff, 0x30, 0x20, 0x00, 0xff, 0x30, 0x24, 0x00, 0xff,
    0x30, 0x24, 0x08, 0xff, 0x30, 0x20, 0x00, 0xff, 0x30, 0x20, 0x00, 0xff,
    0x30, 0x20, 0x08, 0xff, 0x30, 0x20, 0x00, 0xff, 0x30, 0x24, 0x00, 0xff,
    0x30, 0x20, 0x08, 0xff, 0x30, 0x20, 0x08, 0xff, 0x30, 0x20, 0x00, 0xff,
    0x30, 0x20, 0x00, 0xff, 0x30, 0x20, 0x08, 0xff, 0x30, 0x20, 0x00, 0xff,
    0x30, 0x20, 0x00, 0xff, 0x30, 0x20, 0x08, 0xff, 0x30, 0x20, 0x00, 0xff,
    0x30, 0x24, 0x00, 0xff, 0x30, 0x20, 0x08, 0xff, 0x30, 0x20, 0x00, 0xff,
    0x30, 0x24, 0x08, 0xff, 0x30, 0x20, 0x08, 0xff, 0x30, 0x20, 0x00, 0xff,
    0x30, 0x20, 0x08, 0xff, 0x30, 0x20, 0x00, 0xff, 0x30, 0x20, 0x00, 0xff,
    0x30, 0x20, 0x08, 0xff, 0x30, 0x20, 0x00, 0xff, 0x30, 0x20, 0x00, 0xff,
    0x30, 0x20, 0x08, 0xff, 0x30, 0x20, 0x00, 0xff, 0x30, 0x20, 0x00, 0xff,
    0x30, 0x20, 0x08, 0xff, 0x30, 0x20, 0x00, 0xff, 0x38, 0x20, 0x08, 0xff,
    0x30, 0x20, 0x00, 0xff, 0x30, 0x24, 0x00, 0xff, 0x30, 0x20, 0x08, 0xff,
    0x30, 0x20, 0x00, 0xff, 0x30, 0x20, 0x00, 0xff, 0x30, 0x24, 0x08, 0xff,
    0x30, 0x20, 0x08, 0xff, 0x30, 0x20, 0x00, 0xff, 0x30, 0x20, 0x00, 0xff,
    0x30, 0x20, 0x08, 0xff, 0x30, 0x24, 0x00, 0xff, 0x30, 0x20, 0x08, 0xff,
    0x30, 0x20, 0x00, 0xff, 0x30, 0x20, 0x00, 0xff, 0x30, 0x24, 0x08, 0xff,
    0x30, 0x20, 0x00, 0xff, 0x30, 0x20, 0x00, 0xff, 0x30, 0x24, 0x00, 0xff,
    0x30, 0x20, 0x08, 0xff, 0x30, 0x20, 0x00, 0xff, 0x30, 0x24, 0x00, 0xff,
    0x30, 0x20, 0x08, 0xff, 0x30, 0x20, 0x00, 0xff, 0x30, 0x20, 0x08, 0xff,
    0x30, 0x20, 0x08, 0xff, 0x30, 0x24, 0x00, 0xff, 0x30, 0x20, 0x08, 0xff,
    0x30, 0x20, 0x08, 0xff, 0x30, 0x20, 0x00, 0xff, 0x30, 0x20, 0x08, 0xff,
    0x38, 0x24, 0x00, 0xff, 0x30, 0x20, 0x08, 0xff, 0x30, 0x20, 0x00, 0xff,
    0x30, 0x20, 0x00, 0xff, 0x30, 0x24, 0x00, 0xff, 0x30, 0x20, 0x08, 0xff,
    0x30, 0x20, 0x00, 0xff, 0x38, 0x20, 0x00, 0xff, 0x30, 0x20, 0x08, 0xff,
    0x30, 0x24, 0x08, 0xff, 0x38, 0x24, 0x08, 0xff, 0x38, 0x24, 0x08, 0xff,
    0x30, 0x20, 0x08, 0xd7, 0x00, 0x00, 0x00, 0x69, 0x00, 0x00, 0x00, 0x55,
    0x00, 0x00, 0x00, 0x41, 0x00, 0x00, 0x00, 0x30, 0x00, 0x00, 0x00, 0x20,
    0x00, 0x00, 0x00, 0x18, 0x00, 0x00, 0x00, 0x0c, 0x00, 0x00, 0x00, 0x08,
    0x00, 0x00, 0x00, 0x00, 0x00, 0x00, 0x00, 0x00, 0x00, 0x00, 0x00, 0x04,
    0x00, 0x00, 0x00, 0x0c, 0x00, 0x00, 0x00, 0x18, 0x00, 0x00, 0x00, 0x24,
    0x00, 0x00, 0x00, 0x30, 0x00, 0x00, 0x00, 0x41, 0x00, 0x00, 0x00, 0x55,
    0x00, 0x00, 0x00, 0x6d, 0x30, 0x24, 0x08, 0xe3, 0x38, 0x24, 0x08, 0xff,
    0x30, 0x24, 0x08, 0xff, 0x30, 0x24, 0x00, 0xff, 0x30, 0x20, 0x08, 0xff,
    0x30, 0x20, 0x00, 0xff, 0x30, 0x20, 0x00, 0xff, 0x30, 0x20, 0x08, 0xff,
    0x30, 0x20, 0x00, 0xff, 0x38, 0x20, 0x00, 0xff, 0x30, 0x20, 0x08, 0xff,
    0x30, 0x20, 0x00, 0xff, 0x30, 0x20, 0x00, 0xff, 0x30, 0x20, 0x08, 0xff,
    0x30, 0x20, 0x08, 0xff, 0x30, 0x20, 0x00, 0xff, 0x30, 0x20, 0x08, 0xff,
    0x30, 0x20, 0x00, 0xff, 0x30, 0x20, 0x00, 0xff, 0x30, 0x20, 0x00, 0xff,
    0x30, 0x24, 0x08, 0xff, 0x30, 0x20, 0x00, 0xff, 0x30, 0x20, 0x08, 0xff,
    0x30, 0x20, 0x08, 0xff, 0x30, 0x20, 0x08, 0xff, 0x30, 0x24, 0x00, 0xff,
    0x30, 0x20, 0x08, 0xff, 0x30, 0x20, 0x00, 0xff, 0x30, 0x20, 0x00, 0xff,
    0x30, 0x20, 0x08, 0xff, 0x30, 0x20, 0x00, 0xff, 0x38, 0x20, 0x08, 0xff,
    0x30, 0x20, 0x00, 0xff, 0x30, 0x20, 0x00, 0xff, 0x30, 0x24, 0x00, 0xff,
    0x30, 0x20, 0x00, 0xff, 0x30, 0x20, 0x08, 0xff, 0x30, 0x20, 0x08, 0xff,
    0x30, 0x20, 0x00, 0xff, 0x30, 0x20, 0x08, 0xff, 0x30, 0x20, 0x00, 0xff,
    0x30, 0x24, 0x08, 0xff, 0x30, 0x20, 0x08, 0xff, 0x30, 0x20, 0x00, 0xff,
    0x30, 0x20, 0x00, 0xff, 0x30, 0x20, 0x08, 0xff, 0x30, 0x20, 0x08, 0xff,
    0x30, 0x20, 0x00, 0xff, 0x30, 0x20, 0x08, 0xff, 0x30, 0x20, 0x00, 0xff,
    0x30, 0x20, 0x00, 0xff, 0x30, 0x20, 0x08, 0xff, 0x30, 0x20, 0x00, 0xff,
    0x30, 0x24, 0x00, 0xff, 0x30, 0x20, 0x08, 0xff, 0x30, 0x20, 0x00, 0xff,
    0x30, 0x20, 0x08, 0xff, 0x30, 0x20, 0x08, 0xff, 0x30, 0x20, 0x00, 0xff,
    0x30, 0x24, 0x08, 0xff, 0x30, 0x20, 0x08, 0xff, 0x30, 0x20, 0x00, 0xff,
    0x30, 0x24, 0x00, 0xff, 0x30, 0x20, 0x08, 0xff, 0x30, 0x20, 0x00, 0xff,
    0x30, 0x24, 0x00, 0xff, 0x30, 0x20, 0x08, 0xff, 0x30, 0x20, 0x00, 0xff,
    0x30, 0x24, 0x08, 0xff, 0x30, 0x20, 0x00, 0xff, 0x30, 0x20, 0x00, 0xff,
    0x30, 0x20, 0x00, 0xff, 0x30, 0x24, 0x00, 0xff, 0x30, 0x20, 0x00, 0xff,
    0x30, 0x20, 0x00, 0xff, 0x30, 0x20, 0x00, 0xff, 0x30, 0x20, 0x08, 0xff,
    0x30, 0x20, 0x00, 0xff, 0x30, 0x20, 0x08, 0xff, 0x30, 0x20, 0x08, 0xff,
    0x30, 0x20, 0x00, 0xff, 0x30, 0x20, 0x00, 0xff, 0x30, 0x20, 0x08, 0xff,
    0x30, 0x20, 0x00, 0xff, 0x38, 0x20, 0x00, 0xff, 0x30, 0x24, 0x08, 0xff,
    0x30, 0x20, 0x00, 0xff, 0x30, 0x20, 0x00, 0xff, 0x30, 0x20, 0x08, 0xff,
    0x30, 0x24, 0x00, 0xff, 0x30, 0x20, 0x00, 0xff, 0x30, 0x20, 0x08, 0xff,
    0x30, 0x20, 0x00, 0xff, 0x30, 0x20, 0x08, 0xff, 0x30, 0x20, 0x00, 0xff,
    0x30, 0x20, 0x00, 0xff, 0x30, 0x20, 0x08, 0xff, 0x30, 0x20, 0x08, 0xff,
    0x30, 0x20, 0x00, 0xff, 0x30, 0x20, 0x00, 0xff, 0x38, 0x20, 0x00, 0xff,
    0x30, 0x20, 0x08, 0xff, 0x30, 0x20, 0x00, 0xff, 0x30, 0x20, 0x00, 0xff,
    0x30, 0x20, 0x00, 0xff, 0x38, 0x20, 0x08, 0xff, 0x30, 0x24, 0x08, 0xff,
    0x30, 0x20, 0x00, 0xff, 0x30, 0x20, 0x08, 0xff, 0x30, 0x20, 0x00, 0xff,
    0x30, 0x20, 0x00, 0xff, 0x30, 0x20, 0x08, 0xff, 0x30, 0x20, 0x00, 0xff,
    0x30, 0x20, 0x00, 0xff, 0x30, 0x20, 0x08, 0xff, 0x30, 0x20, 0x00, 0xff,
    0x30, 0x20, 0x00, 0xff, 0x30, 0x20, 0x00, 0xff, 0x30, 0x20, 0x08, 0xff,
    0x30, 0x20, 0x00, 0xff, 0x30, 0x20, 0x08, 0xff, 0x30, 0x20, 0x00, 0xff,
    0x30, 0x20, 0x00, 0xff, 0x30, 0x20, 0x08, 0xff, 0x30, 0x20, 0x08, 0xff,
    0x30, 0x20, 0x00, 0xff, 0x30, 0x20, 0x00, 0xff, 0x30, 0x20, 0x08, 0xff,
    0x30, 0x24, 0x00, 0xff, 0x30, 0x20, 0x08, 0xff, 0x30, 0x20, 0x00, 0xff,
    0x30, 0x20, 0x00, 0xff, 0x30, 0x20, 0x08, 0xff, 0x30, 0x20, 0x00, 0xff,
    0x30, 0x20, 0x00, 0xff, 0x30, 0x20, 0x08, 0xff, 0x30, 0x20, 0x00, 0xff,
    0x30, 0x20, 0x00, 0xff, 0x30, 0x20, 0x08, 0xff, 0x30, 0x20, 0x00, 0xff,
    0x30, 0x20, 0x08, 0xff, 0x30, 0x20, 0x00, 0xff, 0x30, 0x20, 0x00, 0xff,
    0x30, 0x20, 0x08, 0xff, 0x30, 0x20, 0x00, 0xff, 0x30, 0x20, 0x08, 0xff,
    0x30, 0x20, 0x00, 0xff, 0x30, 0x20, 0x00, 0xff, 0x30, 0x24, 0x08, 0xff,
    0x30, 0x20, 0x08, 0xff, 0x30, 0x20, 0x00, 0xff, 0x30, 0x20, 0x08, 0xff,
    0x30, 0x20, 0x08, 0xff, 0x30, 0x20, 0x00, 0xff, 0x30, 0x24, 0x00, 0xff,
    0x30, 0x20, 0x00, 0xff, 0x30, 0x20, 0x08, 0xff, 0x30, 0x20, 0x00, 0xff,
    0x30, 0x20, 0x00, 0xff, 0x30, 0x20, 0x08, 0xff, 0x30, 0x20, 0x00, 0xff,
    0x30, 0x20, 0x08, 0xff, 0x30, 0x20, 0x08, 0xff, 0x30, 0x20, 0x08, 0xff,
    0x30, 0x20, 0x08, 0xff, 0x30, 0x20, 0x00, 0xff, 0x30, 0x20, 0x00, 0xff,
    0x30, 0x20, 0x08, 0xff, 0x30, 0x20, 0x00, 0xff, 0x30, 0x20, 0x00, 0xff,
    0x30, 0x24, 0x08, 0xff, 0x38, 0x28, 0x08, 0xff, 0x30, 0x24, 0x08, 0xe3,
    0x00, 0x00, 0x00, 0x69, 0x00, 0x00, 0x00, 0x55, 0x00, 0x00, 0x00, 0x41,
    0x00, 0x00, 0x00, 0x30, 0x00, 0x00, 0x00, 0x24, 0x00, 0x00, 0x00, 0x14,
    0x00, 0x00, 0x00, 0x0c, 0x00, 0x00, 0x00, 0x08, 0x00, 0x00, 0x00, 0x00,
    0x00, 0x00, 0x00, 0x00, 0x00, 0x00, 0x00, 0x08, 0x00, 0x00, 0x00, 0x0c,
    0x00, 0x00, 0x00, 0x18, 0x00, 0x00, 0x00, 0x24, 0x00, 0x00, 0x00, 0x30,
    0x00, 0x00, 0x00, 0x45, 0x00, 0x00, 0x00, 0x55, 0x00, 0x00, 0x00, 0x6d,
    0x30, 0x24, 0x08, 0xeb, 0x38, 0x24, 0x08, 0xff, 0x30, 0x24, 0x08, 0xff,
    0x30, 0x20, 0x08, 0xff, 0x30, 0x20, 0x00, 0xff, 0x30, 0x20, 0x00, 0xff,
    0x30, 0x20, 0x08, 0xff, 0x30, 0x20, 0x08, 0xff, 0x30, 0x24, 0x00, 0xff,
    0x30, 0x20, 0x00, 0xff, 0x30, 0x20, 0x08, 0xff, 0x30, 0x20, 0x00, 0xff,
    0x30, 0x20, 0x00, 0xff, 0x30, 0x20, 0x08, 0xff, 0x30, 0x20, 0x00, 0xff,
    0x38, 0x20, 0x00, 0xff, 0x30, 0x20, 0x00, 0xff, 0x30, 0x20, 0x08, 0xff,
    0x30, 0x20, 0x08, 0xff, 0x30, 0x20, 0x00, 0xff, 0x30, 0x20, 0x00, 0xff,
    0x30, 0x20, 0x00, 0xff, 0x30, 0x24, 0x00, 0xff, 0x30, 0x20, 0x08, 0xff,
    0x30, 0x20, 0x00, 0xff, 0x30, 0x20, 0x00, 0xff, 0x30, 0x20, 0x08, 0xff,
    0x30, 0x20, 0x00, 0xff, 0x30, 0x20, 0x08, 0xff, 0x30, 0x20, 0x08, 0xff,
    0x30, 0x20, 0x08, 0xff, 0x30, 0x20, 0x08, 0xff, 0x30, 0x20, 0x08, 0xff,
    0x30, 0x20, 0x08, 0xff, 0x30, 0x20, 0x08, 0xff, 0x30, 0x20, 0x00, 0xff,
    0x30, 0x20, 0x00, 0xff, 0x30, 0x20, 0x00, 0xff, 0x30, 0x20, 0x08, 0xff,
    0x30, 0x24, 0x00, 0xff, 0x30, 0x20, 0x00, 0xff, 0x30, 0x20, 0x08, 0xff,
    0x30, 0x20, 0x00, 0xff, 0x30, 0x24, 0x08, 0xff, 0x30, 0x20, 0x08, 0xff,
    0x30, 0x20, 0x00, 0xff, 0x30, 0x20, 0x00, 0xff, 0x30, 0x20, 0x00, 0xff,
    0x30, 0x20, 0x00, 0xff, 0x30, 0x20, 0x08, 0xff, 0x30, 0x24, 0x08, 0xff,
    0x30, 0x20, 0x00, 0xff, 0x30, 0x20, 0x08, 0xff, 0x30, 0x20, 0x00, 0xff,
    0x30, 0x20, 0x00, 0xff, 0x30, 0x20, 0x00, 0xff, 0x30, 0x20, 0x00, 0xff,
    0x30, 0x20, 0x00, 0xff, 0x30, 0x20, 0x00, 0xff, 0x30, 0x20, 0x00, 0xff,
    0x30, 0x20, 0x00, 0xff, 0x30, 0x20, 0x08, 0xff, 0x30, 0x24, 0x08, 0xff,
    0x30, 0x20, 0x00, 0xff, 0x30, 0x20, 0x08, 0xff, 0x30, 0x24, 0x08, 0xff,
    0x30, 0x20, 0x00, 0xff, 0x30, 0x20, 0x08, 0xff, 0x30, 0x20, 0x00, 0xff,
    0x30, 0x20, 0x08, 0xff, 0x30, 0x20, 0x08, 0xff, 0x30, 0x24, 0x08, 0xff,
    0x30, 0x20, 0x08, 0xff, 0x30, 0x20, 0x00, 0xff, 0x30, 0x20, 0x08, 0xff,
    0x30, 0x20, 0x00, 0xff, 0x30, 0x24, 0x00, 0xff, 0x30, 0x20, 0x00, 0xff,
    0x30, 0x20, 0x08, 0xff, 0x30, 0x20, 0x08, 0xff, 0x30, 0x20, 0x00, 0xff,
    0x30, 0x20, 0x08, 0xff, 0x30, 0x20, 0x08, 0xff, 0x30, 0x20, 0x08, 0xff,
    0x30, 0x20, 0x00, 0xff, 0x30, 0x20, 0x00, 0xff, 0x30, 0x20, 0x08, 0xff,
    0x30, 0x20, 0x00, 0xff, 0x30, 0x20, 0x00, 0xff, 0x30, 0x20, 0x08, 0xff,
    0x30, 0x20, 0x00, 0xff, 0x30, 0x20, 0x08, 0xff, 0x30, 0x20, 0x00, 0xff,
    0x30, 0x20, 0x00, 0xff, 0x30, 0x20, 0x08, 0xff, 0x30, 0x20, 0x00, 0xff,
    0x30, 0x20, 0x00, 0xff, 0x38, 0x20, 0x00, 0xff, 0x30, 0x20, 0x08, 0xff,
    0x30, 0x20, 0x00, 0xff, 0x30, 0x20, 0x00, 0xff, 0x30, 0x20, 0x08, 0xff,
    0x30, 0x20, 0x00, 0xff, 0x30, 0x20, 0x00, 0xff, 0x30, 0x20, 0x00, 0xff,
    0x30, 0x20, 0x00, 0xff, 0x30, 0x20, 0x00, 0xff, 0x30, 0x20, 0x00, 0xff,
    0x30, 0x20, 0x08, 0xff, 0x30, 0x20, 0x00, 0xff, 0x30, 0x20, 0x00, 0xff,
    0x30, 0x24, 0x08, 0xff, 0x30, 0x20, 0x00, 0xff, 0x30, 0x20, 0x00, 0xff,
    0x30, 0x20, 0x08, 0xff, 0x30, 0x20, 0x00, 0xff, 0x30, 0x24, 0x00, 0xff,
    0x30, 0x20, 0x08, 0xff, 0x30, 0x20, 0x00, 0xff, 0x30, 0x24, 0x00, 0xff,
    0x30, 0x20, 0x08, 0xff, 0x30, 0x20, 0x00, 0xff, 0x30, 0x20, 0x00, 0xff,
    0x30, 0x20, 0x08, 0xff, 0x30, 0x20, 0x00, 0xff, 0x30, 0x20, 0x08, 0xff,
    0x30, 0x24, 0x00, 0xff, 0x30, 0x20, 0x00, 0xff, 0x30, 0x20, 0x08, 0xff,
    0x30, 0x20, 0x00, 0xff, 0x30, 0x20, 0x00, 0xff, 0x30, 0x20, 0x08, 0xff,
    0x30, 0x24, 0x00, 0xff, 0x30, 0x20, 0x08, 0xff, 0x30, 0x20, 0x00, 0xff,
    0x30, 0x20, 0x00, 0xff, 0x30, 0x20, 0x00, 0xff, 0x38, 0x20, 0x08, 0xff,
    0x30, 0x24, 0x00, 0xff, 0x30, 0x20, 0x00, 0xff, 0x30, 0x20, 0x08, 0xff,
    0x30, 0x20, 0x00, 0xff, 0x30, 0x20, 0x08, 0xff, 0x38, 0x20, 0x00, 0xff,
    0x30, 0x20, 0x00, 0xff, 0x30, 0x20, 0x08, 0xff, 0x30, 0x20, 0x08, 0xff,
    0x30, 0x20, 0x00, 0xff, 0x38, 0x20, 0x00, 0xff, 0x30, 0x20, 0x00, 0xff,
    0x30, 0x20, 0x08, 0xff, 0x30, 0x20, 0x00, 0xff, 0x30, 0x20, 0x00, 0xff,
    0x30, 0x20, 0x00, 0xff, 0x30, 0x20, 0x08, 0xff, 0x30, 0x20, 0x08, 0xff,
    0x30, 0x20, 0x00, 0xff, 0x38, 0x20, 0x00, 0xff, 0x30, 0x24, 0x08, 0xff,
    0x30, 0x20, 0x00, 0xff, 0x30, 0x20, 0x00, 0xff, 0x30, 0x20, 0x00, 0xff,
    0x30, 0x20, 0x00, 0xff, 0x30, 0x24, 0x08, 0xff, 0x38, 0x20, 0x00, 0xff,
    0x30, 0x20, 0x00, 0xff, 0x30, 0x20, 0x08, 0xff, 0x30, 0x20, 0x00, 0xff,
    0x30, 0x20, 0x00, 0xff, 0x30, 0x24, 0x08, 0xff, 0x30, 0x24, 0x08, 0xff,
    0x30, 0x24, 0x08, 0xff, 0x30, 0x24, 0x08, 0xeb, 0x00, 0x00, 0x00, 0x6d,
    0x00, 0x00, 0x00, 0x59, 0x00, 0x00, 0x00, 0x45, 0x00, 0x00, 0x00, 0x30,
    0x00, 0x00, 0x00, 0x24, 0x00, 0x00, 0x00, 0x18, 0x00, 0x00, 0x00, 0x0c,
    0x00, 0x00, 0x00, 0x08, 0x00, 0x00, 0x00, 0x00, 0x00, 0x00, 0x00, 0x04,
    0x00, 0x00, 0x00, 0x08, 0x00, 0x00, 0x00, 0x0c, 0x00, 0x00, 0x00, 0x18,
    0x00, 0x00, 0x00, 0x24, 0x00, 0x00, 0x00, 0x30, 0x00, 0x00, 0x00, 0x45,
    0x00, 0x00, 0x00, 0x59, 0x00, 0x00, 0x00, 0x6d, 0x38, 0x24, 0x10, 0xf3,
    0x30, 0x24, 0x08, 0xff, 0x30, 0x24, 0x08, 0xff, 0x30, 0x20, 0x08, 0xff,
    0x30, 0x20, 0x00, 0xff, 0x30, 0x20, 0x00, 0xff, 0x30, 0x20, 0x08, 0xff,
    0x30, 0x20, 0x00, 0xff, 0x30, 0x20, 0x00, 0xff, 0x30, 0x20, 0x08, 0xff,
    0x30, 0x20, 0x08, 0xff, 0x30, 0x20, 0x08, 0xff, 0x30, 0x20, 0x00, 0xff,
    0x30, 0x24, 0x00, 0xff, 0x30, 0x20, 0x08, 0xff, 0x30, 0x20, 0x00, 0xff,
    0x30, 0x20, 0x08, 0xff, 0x30, 0x20, 0x00, 0xff, 0x30, 0x24, 0x00, 0xff,
    0x30, 0x20, 0x08, 0xff, 0x30, 0x20, 0x08, 0xff, 0x30, 0x20, 0x00, 0xff,
    0x30, 0x20, 0x00, 0xff, 0x30, 0x20, 0x08, 0xff, 0x30, 0x20, 0x00, 0xff,
    0x30, 0x20, 0x00, 0xff, 0x30, 0x20, 0x08, 0xff, 0x30, 0x24, 0x00, 0xff,
    0x30, 0x20, 0x00, 0xff, 0x30, 0x20, 0x00, 0xff, 0x30, 0x20, 0x00, 0xff,
    0x30, 0x20, 0x00, 0xff, 0x30, 0x20, 0x00, 0xff, 0x30, 0x20, 0x00, 0xff,
    0x30, 0x20, 0x08, 0xff, 0x30, 0x20, 0x08, 0xff, 0x30, 0x20, 0x00, 0xff,
    0x30, 0x20, 0x00, 0xff, 0x30, 0x20, 0x08, 0xff, 0x30, 0x20, 0x00, 0xff,
    0x30, 0x20, 0x00, 0xff, 0x30, 0x20, 0x00, 0xff, 0x30, 0x20, 0x08, 0xff,
    0x30, 0x20, 0x00, 0xff, 0x30, 0x20, 0x00, 0xff, 0x30, 0x20, 0x00, 0xff,
    0x30, 0x20, 0x08, 0xff, 0x30, 0x20, 0x08, 0xff, 0x30, 0x20, 0x00, 0xff,
    0x30, 0x20, 0x08, 0xff, 0x30, 0x20, 0x00, 0xff, 0x30, 0x20, 0x00, 0xff,
    0x30, 0x20, 0x08, 0xff, 0x30, 0x20, 0x00, 0xff, 0x30, 0x20, 0x00, 0xff,
    0x30, 0x20, 0x08, 0xff, 0x30, 0x24, 0x08, 0xff, 0x30, 0x20, 0x00, 0xff,
    0x30, 0x20, 0x08, 0xff, 0x30, 0x20, 0x00, 0xff, 0x30, 0x20, 0x00, 0xff,
    0x30, 0x20, 0x08, 0xff, 0x30, 0x20, 0x00, 0xff, 0x30, 0x20, 0x00, 0xff,
    0x30, 0x20, 0x08, 0xff, 0x30, 0x20, 0x00, 0xff, 0x30, 0x20, 0x00, 0xff,
    0x30, 0x20, 0x00, 0xff, 0x30, 0x20, 0x00, 0xff, 0x30, 0x20, 0x00, 0xff,
    0x30, 0x20, 0x00, 0xff, 0x30, 0x20, 0x00, 0xff, 0x30, 0x20, 0x08, 0xff,
    0x30, 0x20, 0x00, 0xff, 0x30, 0x20, 0x08, 0xff, 0x30, 0x20, 0x08, 0xff,
    0x30, 0x20, 0x00, 0xff, 0x30, 0x20, 0x00, 0xff, 0x30, 0x20, 0x00, 0xff,
    0x30, 0x20, 0x00, 0xff, 0x30, 0x20, 0x00, 0xff, 0x30, 0x20, 0x00, 0xff,
    0x30, 0x20, 0x00, 0xff, 0x30, 0x20, 0x00, 0xff, 0x30, 0x20, 0x08, 0xff,
    0x30, 0x20, 0x00, 0xff, 0x30, 0x20, 0x08, 0xff, 0x30, 0x20, 0x00, 0xff,
    0x30, 0x20, 0x00, 0xff, 0x30, 0x20, 0x08, 0xff, 0x30, 0x20, 0x00, 0xff,
    0x30, 0x20, 0x00, 0xff, 0x30, 0x20, 0x08, 0xff, 0x30, 0x20, 0x00, 0xff,
    0x30, 0x20, 0x08, 0xff, 0x30, 0x20, 0x08, 0xff, 0x30, 0x20, 0x00, 0xff,
    0x30, 0x20, 0x00, 0xff, 0x30, 0x20, 0x08, 0xff, 0x30, 0x20, 0x08, 0xff,
    0x30, 0x24, 0x00, 0xff, 0x30, 0x20, 0x08, 0xff, 0x30, 0x20, 0x08, 0xff,
    0x30, 0x20, 0x00, 0xff, 0x30, 0x20, 0x08, 0xff, 0x30, 0x20, 0x08, 0xff,
    0x30, 0x20, 0x00, 0xff, 0x30, 0x20, 0x08, 0xff, 0x30, 0x20, 0x00, 0xff,
    0x30, 0x20, 0x08, 0xff, 0x30, 0x20, 0x08, 0xff, 0x30, 0x20, 0x00, 0xff,
    0x38, 0x24, 0x08, 0xff, 0x30, 0x20, 0x08, 0xff, 0x30, 0x20, 0x00, 0xff,
    0x30, 0x20, 0x08, 0xff, 0x30, 0x20, 0x08, 0xff, 0x30, 0x20, 0x00, 0xff,
    0x30, 0x20, 0x00, 0xff, 0x30, 0x20, 0x08, 0xff, 0x30, 0x20, 0x00, 0xff,
    0x30, 0x20, 0x08, 0xff, 0x30, 0x24, 0x08, 0xff, 0x30, 0x20, 0x00, 0xff,
    0x30, 0x20, 0x00, 0xff, 0x30, 0x20, 0x08, 0xff, 0x30, 0x20, 0x00, 0xff,
    0x30, 0x20, 0x00, 0xff, 0x30, 0x20, 0x08, 0xff, 0x30, 0x24, 0x08, 0xff,
    0x30, 0x20, 0x00, 0xff, 0x30, 0x20, 0x00, 0xff, 0x30, 0x20, 0x08, 0xff,
    0x30, 0x20, 0x08, 0xff, 0x30, 0x20, 0x00, 0xff, 0x30, 0x20, 0x08, 0xff,
    0x30, 0x20, 0x08, 0xff, 0x30, 0x24, 0x00, 0xff, 0x30, 0x20, 0x00, 0xff,
    0x30, 0x20, 0x08, 0xff, 0x30, 0x20, 0x00, 0xff, 0x30, 0x24, 0x00, 0xff,
    0x30, 0x20, 0x08, 0xff, 0x30, 0x20, 0x00, 0xff, 0x30, 0x20, 0x08, 0xff,
    0x30, 0x24, 0x00, 0xff, 0x30, 0x20, 0x00, 0xff, 0x30, 0x20, 0x08, 0xff,
    0x30, 0x20, 0x00, 0xff, 0x30, 0x20, 0x00, 0xff, 0x30, 0x20, 0x08, 0xff,
    0x30, 0x20, 0x00, 0xff, 0x30, 0x20, 0x08, 0xff, 0x30, 0x20, 0x08, 0xff,
    0x30, 0x20, 0x00, 0xff, 0x30, 0x20, 0x08, 0xff, 0x30, 0x20, 0x00, 0xff,
    0x30, 0x20, 0x00, 0xff, 0x30, 0x20, 0x08, 0xff, 0x30, 0x20, 0x08, 0xff,
    0x30, 0x20, 0x00, 0xff, 0x30, 0x24, 0x00, 0xff, 0x30, 0x20, 0x08, 0xff,
    0x30, 0x20, 0x00, 0xff, 0x30, 0x20, 0x08, 0xff, 0x30, 0x20, 0x00, 0xff,
    0x30, 0x20, 0x08, 0xff, 0x30, 0x20, 0x00, 0xff, 0x30, 0x20, 0x00, 0xff,
    0x30, 0x20, 0x08, 0xff, 0x38, 0x24, 0x08, 0xff, 0x38, 0x24, 0x08, 0xff,
    0x30, 0x24, 0x08, 0xf3, 0x00, 0x00, 0x00, 0x6d, 0x00, 0x00, 0x00, 0x59,
    0x00, 0x00, 0x00, 0x45, 0x00, 0x00, 0x00, 0x30, 0x00, 0x00, 0x00, 0x24,
    0x00, 0x00, 0x00, 0x18, 0x00, 0x00, 0x00, 0x0c, 0x00, 0x00, 0x00, 0x08,
    0x00, 0x00, 0x00, 0x04, 0x00, 0x00, 0x00, 0x00, 0x00, 0x00, 0x00, 0x08,
    0x00, 0x00, 0x00, 0x0c, 0x00, 0x00, 0x00, 0x18, 0x00, 0x00, 0x00, 0x24,
    0x00, 0x00, 0x00, 0x34, 0x00, 0x00, 0x00, 0x45, 0x00, 0x00, 0x00, 0x59,
    0x00, 0x00, 0x00, 0x6d, 0x30, 0x28, 0x08, 0xf7, 0x38, 0x24, 0x08, 0xff,
    0x30, 0x24, 0x08, 0xff, 0x30, 0x20, 0x00, 0xff, 0x30, 0x20, 0x00, 0xff,
    0x30, 0x20, 0x08, 0xff, 0x30, 0x20, 0x00, 0xff, 0x30, 0x20, 0x00, 0xff,
    0x30, 0x20, 0x00, 0xff, 0x30, 0x20, 0x00, 0xff, 0x30, 0x20, 0x00, 0xff,
    0x30, 0x20, 0x00, 0xff, 0x30, 0x20, 0x08, 0xff, 0x30, 0x20, 0x08, 0xff,
    0x30, 0x20, 0x00, 0xff, 0x30, 0x20, 0x08, 0xff, 0x30, 0x20, 0x00, 0xff,
    0x30, 0x20, 0x00, 0xff, 0x30, 0x20, 0x00, 0xff, 0x30, 0x20, 0x08, 0xff,
    0x30, 0x20, 0x00, 0xff, 0x30, 0x20, 0x08, 0xff, 0x30, 0x20, 0x08, 0xff,
    0x30, 0x20, 0x00, 0xff, 0x30, 0x24, 0x08, 0xff, 0x30, 0x20, 0x00, 0xff,
    0x30, 0x20, 0x00, 0xff, 0x30, 0x20, 0x08, 0xff, 0x30, 0x20, 0x08, 0xff,
    0x30, 0x20, 0x00, 0xff, 0x30, 0x20, 0x08, 0xff, 0x30, 0x20, 0x00, 0xff,
    0x30, 0x20, 0x00, 0xff, 0x30, 0x20, 0x08, 0xff, 0x30, 0x24, 0x00, 0xff,
    0x30, 0x20, 0x08, 0xff, 0x30, 0x20, 0x08, 0xff, 0x30, 0x20, 0x00, 0xff,
    0x30, 0x20, 0x08, 0xff, 0x30, 0x20, 0x08, 0xff, 0x30, 0x20, 0x00, 0xff,
    0x30, 0x20, 0x08, 0xff, 0x30, 0x20, 0x08, 0xff, 0x30, 0x20, 0x00, 0xff,
    0x30, 0x20, 0x00, 0xff, 0x30, 0x20, 0x08, 0xff, 0x30, 0x20, 0x00, 0xff,
    0x30, 0x20, 0x00, 0xff, 0x30, 0x24, 0x08, 0xff, 0x30, 0x20, 0x00, 0xff,
    0x30, 0x20, 0x00, 0xff, 0x30, 0x20, 0x00, 0xff, 0x30, 0x20, 0x08, 0xff,
    0x30, 0x20, 0x08, 0xff, 0x30, 0x20, 0x00, 0xff, 0x30, 0x20, 0x00, 0xff,
    0x30, 0x20, 0x08, 0xff, 0x30, 0x20, 0x08, 0xff, 0x30, 0x20, 0x00, 0xff,
    0x30, 0x20, 0x08, 0xff, 0x30, 0x20, 0x00, 0xff, 0x30, 0x20, 0x00, 0xff,
    0x30, 0x20, 0x00, 0xff, 0x30, 0x20, 0x08, 0xff, 0x30, 0x20, 0x00, 0xff,
    0x30, 0x20, 0x00, 0xff, 0x30, 0x20, 0x08, 0xff, 0x30, 0x20, 0x08, 0xff,
    0x30, 0x20, 0x00, 0xff, 0x30, 0x20, 0x08, 0xff, 0x30, 0x20, 0x00, 0xff,
    0x30, 0x20, 0x08, 0xff, 0x30, 0x20, 0x00, 0xff, 0x30, 0x20, 0x00, 0xff,
    0x30, 0x20, 0x00, 0xff, 0x30, 0x20, 0x00, 0xff, 0x30, 0x20, 0x08, 0xff,
    0x30, 0x20, 0x08, 0xff, 0x30, 0x20, 0x08, 0xff, 0x30, 0x20, 0x00, 0xff,
    0x30, 0x24, 0x08, 0xff, 0x30, 0x20, 0x00, 0xff, 0x30, 0x20, 0x00, 0xff,
    0x30, 0x20, 0x08, 0xff, 0x30, 0x20, 0x00, 0xff, 0x30, 0x20, 0x00, 0xff,
    0x30, 0x20, 0x08, 0xff, 0x30, 0x20, 0x00, 0xff, 0x30, 0x20, 0x08, 0xff,
    0x30, 0x20, 0x00, 0xff, 0x30, 0x24, 0x08, 0xff, 0x30, 0x20, 0x00, 0xff,
    0x30, 0x20, 0x08, 0xff, 0x30, 0x20, 0x00, 0xff, 0x30, 0x20, 0x00, 0xff,
    0x30, 0x20, 0x08, 0xff, 0x30, 0x20, 0x00, 0xff, 0x30, 0x20, 0x08, 0xff,
    0x30, 0x20, 0x08, 0xff, 0x30, 0x20, 0x00, 0xff, 0x30, 0x20, 0x00, 0xff,
    0x30, 0x20, 0x00, 0xff, 0x30, 0x20, 0x08, 0xff, 0x30, 0x20, 0x08, 0xff,
    0x30, 0x20, 0x00, 0xff, 0x30, 0x20, 0x00, 0xff, 0x30, 0x20, 0x08, 0xff,
    0x30, 0x20, 0x00, 0xff, 0x30, 0x20, 0x00, 0xff, 0x30, 0x20, 0x00, 0xff,
    0x30, 0x20, 0x00, 0xff, 0x30, 0x20, 0x08, 0xff, 0x30, 0x20, 0x00, 0xff,
    0x30, 0x20, 0x00, 0xff, 0x30, 0x20, 0x00, 0xff, 0x30, 0x20, 0x08, 0xff,
    0x30, 0x20, 0x00, 0xff, 0x30, 0x20, 0x00, 0xff, 0x30, 0x20, 0x08, 0xff,
    0x30, 0x20, 0x08, 0xff, 0x30, 0x20, 0x00, 0xff, 0x30, 0x20, 0x08, 0xff,
    0x30, 0x20, 0x00, 0xff, 0x30, 0x20, 0x08, 0xff, 0x30, 0x20, 0x00, 0xff,
    0x30, 0x20, 0x00, 0xff, 0x30, 0x20, 0x08, 0xff, 0x30, 0x20, 0x00, 0xff,
    0x30, 0x20, 0x00, 0xff, 0x30, 0x20, 0x08, 0xff, 0x30, 0x20, 0x00, 0xff,
    0x30, 0x20, 0x00, 0xff, 0x30, 0x20, 0x08, 0xff, 0x30, 0x20, 0x00, 0xff,
    0x30, 0x20, 0x00, 0xff, 0x30, 0x20, 0x08, 0xff, 0x30, 0x20, 0x00, 0xff,
    0x30, 0x20, 0x00, 0xff, 0x30, 0x20, 0x08, 0xff, 0x30, 0x20, 0x00, 0xff,
    0x30, 0x20, 0x00, 0xff, 0x30, 0x20, 0x08, 0xff, 0x30, 0x20, 0x00, 0xff,
    0x30, 0x20, 0x08, 0xff, 0x30, 0x20, 0x00, 0xff, 0x30, 0x20, 0x00, 0xff,
    0x30, 0x20, 0x08, 0xff, 0x30, 0x20, 0x00, 0xff, 0x30, 0x20, 0x08, 0xff,
    0x30, 0x20, 0x00, 0xff, 0x30, 0x20, 0x08, 0xff, 0x30, 0x20, 0x00, 0xff,
    0x30, 0x20, 0x08, 0xff, 0x30, 0x20, 0x00, 0xff, 0x30, 0x20, 0x00, 0xff,
    0x30, 0x20, 0x00, 0xff, 0x30, 0x20, 0x08, 0xff, 0x30, 0x24, 0x08, 0xff,
    0x30, 0x20, 0x00, 0xff, 0x30, 0x20, 0x00, 0xff, 0x30, 0x20, 0x08, 0xff,
    0x30, 0x20, 0x08, 0xff, 0x30, 0x20, 0x00, 0xff, 0x30, 0x20, 0x00, 0xff,
    0x30, 0x20, 0x00, 0xff, 0x30, 0x20, 0x08, 0xff, 0x30, 0x20, 0x00, 0xff,
    0x30, 0x20, 0x08, 0xff, 0x30, 0x20, 0x08, 0xff, 0x30, 0x20, 0x00, 0xff,
    0x30, 0x24, 0x08, 0xff, 0x38, 0x24, 0x08, 0xff, 0x38, 0x28, 0x10, 0xf7,
    0x00, 0x00, 0x00, 0x6d, 0x00, 0x00, 0x00, 0x59, 0x00, 0x00, 0x00, 0x45,
    0x00, 0x00, 0x00, 0x34, 0x00, 0x00, 0x00, 0x24, 0x00, 0x00, 0x00, 0x18,
    0x00, 0x00, 0x00, 0x0c, 0x00, 0x00, 0x00, 0x08, 0x00, 0x00, 0x00, 0x00,
    0x00, 0x00, 0x00, 0x00, 0x00, 0x00, 0x00, 0x08, 0x00, 0x00, 0x00, 0x10,
    0x00, 0x00, 0x00, 0x18, 0x00, 0x00, 0x00, 0x24, 0x00, 0x00, 0x00, 0x34,
    0x00, 0x00, 0x00, 0x45, 0x00, 0x00, 0x00, 0x59, 0x00, 0x00, 0x00, 0x71,
    0x38, 0x28, 0x10, 0xf7, 0x38, 0x24, 0x08, 0xff, 0x30, 0x24, 0x08, 0xff,
    0x30, 0x20, 0x08, 0xff, 0x30, 0x20, 0x00, 0xff, 0x30, 0x20, 0x00, 0xff,
    0x30, 0x20, 0x08, 0xff, 0x30, 0x20, 0x08, 0xff, 0x30, 0x20, 0x08, 0xff,
    0x30, 0x20, 0x08, 0xff, 0x30, 0x20, 0x00, 0xff, 0x30, 0x20, 0x00, 0xff,
    0x30, 0x20, 0x08, 0xff, 0x30, 0x20, 0x00, 0xff, 0x30, 0x20, 0x00, 0xff,
    0x30, 0x20, 0x00, 0xff, 0x30, 0x20, 0x08, 0xff, 0x30, 0x20, 0x08, 0xff,
    0x30, 0x20, 0x08, 0xff, 0x30, 0x20, 0x00, 0xff, 0x30, 0x20, 0x00, 0xff,
    0x30, 0x20, 0x00, 0xff, 0x30, 0x20, 0x00, 0xff, 0x30, 0x20, 0x00, 0xff,
    0x30, 0x20, 0x08, 0xff, 0x30, 0x20, 0x00, 0xff, 0x30, 0x20, 0x00, 0xff,
    0x30, 0x20, 0x08, 0xff, 0x30, 0x20, 0x00, 0xff, 0x30, 0x20, 0x00, 0xff,
    0x30, 0x20, 0x08, 0xff, 0x30, 0x24, 0x08, 0xff, 0x30, 0x20, 0x00, 0xff,
    0x30, 0x20, 0x00, 0xff, 0x30, 0x20, 0x00, 0xff, 0x30, 0x20, 0x00, 0xff,
    0x30, 0x20, 0x00, 0xff, 0x30, 0x20, 0x08, 0xff, 0x30, 0x20, 0x00, 0xff,
    0x30, 0x20, 0x00, 0xff, 0x30, 0x20, 0x00, 0xff, 0x30, 0x20, 0x08, 0xff,
    0x30, 0x20, 0x00, 0xff, 0x30, 0x20, 0x00, 0xff, 0x30, 0x20, 0x08, 0xff,
    0x30, 0x20, 0x00, 0xff, 0x30, 0x20, 0x00, 0xff, 0x30, 0x20, 0x00, 0xff,
    0x30, 0x20, 0x08, 0xff, 0x30, 0x20, 0x00, 0xff, 0x30, 0x20, 0x08, 0xff,
    0x30, 0x20, 0x00, 0xff, 0x30, 0x20, 0x00, 0xff, 0x30, 0x20, 0x08, 0xff,
    0x30, 0x20, 0x00, 0xff, 0x30, 0x20, 0x00, 0xff, 0x30, 0x20, 0x08, 0xff,
    0x30, 0x20, 0x00, 0xff, 0x30, 0x20, 0x00, 0xff, 0x30, 0x20, 0x08, 0xff,
    0x30, 0x20, 0x08, 0xff, 0x30, 0x24, 0x00, 0xff, 0x30, 0x20, 0x08, 0xff,
    0x30, 0x20, 0x00, 0xff, 0x30, 0x20, 0x00, 0xff, 0x30, 0x20, 0x08, 0xff,
    0x30, 0x20, 0x00, 0xff, 0x30, 0x20, 0x00, 0xff, 0x30, 0x20, 0x08, 0xff,
    0x30, 0x20, 0x00, 0xff, 0x30, 0x20, 0x08, 0xff, 0x30, 0x20, 0x00, 0xff,
    0x30, 0x20, 0x00, 0xff, 0x30, 0x20, 0x08, 0xff, 0x30, 0x20, 0x08, 0xff,
    0x30, 0x20, 0x00, 0xff, 0x30, 0x20, 0x00, 0xff, 0x30, 0x20, 0x08, 0xff,
    0x30, 0x20, 0x00, 0xff, 0x30, 0x20, 0x00, 0xff, 0x30, 0x20, 0x08, 0xff,
    0x30, 0x20, 0x08, 0xff, 0x30, 0x20, 0x00, 0xff, 0x30, 0x20, 0x08, 0xff,
    0x30, 0x20, 0x08, 0xff, 0x30, 0x20, 0x00, 0xff, 0x30, 0x20, 0x00, 0xff,
    0x30, 0x20, 0x08, 0xff, 0x30, 0x20, 0x00, 0xff, 0x30, 0x20, 0x00, 0xff,
    0x30, 0x20, 0x08, 0xff, 0x30, 0x20, 0x00, 0xff, 0x30, 0x20, 0x08, 0xff,
    0x30, 0x20, 0x08, 0xff, 0x30, 0x20, 0x00, 0xff, 0x30, 0x20, 0x08, 0xff,
    0x30, 0x20, 0x00, 0xff, 0x30, 0x20, 0x00, 0xff, 0x30, 0x24, 0x00, 0xff,
    0x30, 0x20, 0x08, 0xff, 0x30, 0x20, 0x00, 0xff, 0x30, 0x20, 0x00, 0xff,
    0x30, 0x20, 0x00, 0xff, 0x30, 0x24, 0x00, 0xff, 0x30, 0x20, 0x08, 0xff,
    0x30, 0x20, 0x08, 0xff, 0x30, 0x20, 0x00, 0xff, 0x30, 0x20, 0x08, 0xff,
    0x30, 0x20, 0x08, 0xff, 0x30, 0x20, 0x00, 0xff, 0x30, 0x20, 0x00, 0xff,
    0x30, 0x20, 0x08, 0xff, 0x30, 0x20, 0x08, 0xff, 0x30, 0x20, 0x00, 0xff,
    0x30, 0x24, 0x08, 0xff, 0x30, 0x20, 0x00, 0xff, 0x30, 0x20, 0x00, 0xff,
    0x30, 0x20, 0x08, 0xff, 0x30, 0x20, 0x00, 0xff, 0x30, 0x20, 0x00, 0xff,
    0x30, 0x20, 0x00, 0xff, 0x30, 0x20, 0x08, 0xff, 0x30, 0x20, 0x00, 0xff,
    0x30, 0x20, 0x00, 0xff, 0x30, 0x20, 0x08, 0xff, 0x30, 0x20, 0x00, 0xff,
    0x30, 0x20, 0x08, 0xff, 0x30, 0x20, 0x00, 0xff, 0x30, 0x20, 0x08, 0xff,
    0x30, 0x20, 0x00, 0xff, 0x30, 0x20, 0x00, 0xff, 0x30, 0x20, 0x08, 0xff,
    0x30, 0x20, 0x08, 0xff, 0x30, 0x20, 0x00, 0xff, 0x30, 0x20, 0x00, 0xff,
    0x30, 0x20, 0x00, 0xff, 0x30, 0x20, 0x08, 0xff, 0x30, 0x20, 0x00, 0xff,
    0x30, 0x20, 0x08, 0xff, 0x30, 0x20, 0x00, 0xff, 0x30, 0x20, 0x08, 0xff,
    0x30, 0x20, 0x08, 0xff, 0x30, 0x20, 0x00, 0xff, 0x30, 0x20, 0x00, 0xff,
    0x30, 0x20, 0x08, 0xff, 0x30, 0x20, 0x00, 0xff, 0x30, 0x20, 0x00, 0xff,
    0x30, 0x20, 0x08, 0xff, 0x30, 0x20, 0x00, 0xff, 0x30, 0x20, 0x00, 0xff,
    0x30, 0x20, 0x08, 0xff, 0x30, 0x20, 0x00, 0xff, 0x30, 0x20, 0x00, 0xff,
    0x30, 0x20, 0x08, 0xff, 0x30, 0x20, 0x00, 0xff, 0x30, 0x24, 0x00, 0xff,
    0x30, 0x20, 0x08, 0xff, 0x30, 0x20, 0x00, 0xff, 0x30, 0x20, 0x00, 0xff,
    0x30, 0x20, 0x00, 0xff, 0x30, 0x20, 0x00, 0xff, 0x30, 0x20, 0x08, 0xff,
    0x30, 0x20, 0x00, 0xff, 0x30, 0x20, 0x00, 0xff, 0x30, 0x20, 0x08, 0xff,
    0x30, 0x20, 0x00, 0xff, 0x30, 0x20, 0x00, 0xff, 0x30, 0x20, 0x00, 0xff,
    0x30, 0x20, 0x00, 0xff, 0x30, 0x20, 0x08, 0xff, 0x30, 0x24, 0x08, 0xff,
    0x38, 0x24, 0x08, 0xff, 0x30, 0x24, 0x08, 0xf7, 0x00, 0x00, 0x00, 0x71,
    0x00, 0x00, 0x00, 0x59, 0x00, 0x00, 0x00, 0x45, 0x00, 0x00, 0x00, 0x34,
    0x00, 0x00, 0x00, 0x24, 0x00, 0x00, 0x00, 0x18, 0x00, 0x00, 0x00, 0x10,
    0x00, 0x00, 0x00, 0x08, 0x00, 0x00, 0x00, 0x00, 0x00, 0x00, 0x00, 0x00,
    0x00, 0x00, 0x00, 0x08, 0x00, 0x00, 0x00, 0x10, 0x00, 0x00, 0x00, 0x18,
    0x00, 0x00, 0x00, 0x24, 0x00, 0x00, 0x00, 0x34, 0x00, 0x00, 0x00, 0x45,
    0x00, 0x00, 0x00, 0x59, 0x00, 0x00, 0x00, 0x71, 0x38, 0x28, 0x08, 0xfb,
    0x30, 0x24, 0x08, 0xff, 0x30, 0x24, 0x08, 0xff, 0x30, 0x20, 0x00, 0xff,
    0x30, 0x20, 0x00, 0xff, 0x30, 0x20, 0x08, 0xff, 0x30, 0x20, 0x00, 0xff,
    0x30, 0x20, 0x00, 0xff, 0x30, 0x20, 0x00, 0xff, 0x30, 0x20, 0x08, 0xff,
    0x30, 0x20, 0x00, 0xff, 0x30, 0x20, 0x08, 0xff, 0x30, 0x20, 0x00, 0xff,
    0x30, 0x20, 0x00, 0xff, 0x30, 0x20, 0x08, 0xff, 0x30, 0x20, 0x00, 0xff,
    0x30, 0x20, 0x00, 0xff, 0x30, 0x20, 0x00, 0xff, 0x30, 0x20, 0x00, 0xff,
    0x30, 0x20, 0x08, 0xff, 0x30, 0x20, 0x08, 0xff, 0x30, 0x20, 0x00, 0xff,
    0x30, 0x20, 0x00, 0xff, 0x30, 0x20, 0x08, 0xff, 0x30, 0x20, 0x00, 0xff,
    0x30, 0x20, 0x08, 0xff, 0x30, 0x20, 0x08, 0xff, 0x30, 0x20, 0x00, 0xff,
    0x30, 0x20, 0x00, 0xff, 0x30, 0x20, 0x08, 0xff, 0x30, 0x20, 0x00, 0xff,
    0x30, 0x20, 0x00, 0xff, 0x30, 0x20, 0x08, 0xff, 0x30, 0x20, 0x00, 0xff,
    0x30, 0x20, 0x08, 0xff, 0x30, 0x20, 0x00, 0xff, 0x30, 0x20, 0x00, 0xff,
    0x30, 0x20, 0x08, 0xff, 0x30, 0x20, 0x00, 0xff, 0x30, 0x20, 0x00, 0xff,
    0x30, 0x20, 0x08, 0xff, 0x30, 0x20, 0x00, 0xff, 0x30, 0x20, 0x00, 0xff,
    0x30, 0x20, 0x08, 0xff, 0x30, 0x20, 0x00, 0xff, 0x30, 0x20, 0x08, 0xff,
    0x30, 0x20, 0x08, 0xff, 0x30, 0x20, 0x00, 0xff, 0x30, 0x20, 0x00, 0xff,
    0x30, 0x20, 0x08, 0xff, 0x30, 0x20, 0x00, 0xff, 0x30, 0x20, 0x08, 0xff,
    0x30, 0x20, 0x08, 0xff, 0x30, 0x20, 0x00, 0xff, 0x30, 0x20, 0x00, 0xff,
    0x30, 0x20, 0x08, 0xff, 0x30, 0x20, 0x00, 0xff, 0x30, 0x20, 0x00, 0xff,
    0x30, 0x20, 0x00, 0xff, 0x30, 0x20, 0x00, 0xff, 0x30, 0x20, 0x00, 0xff,
    0x30, 0x20, 0x08, 0xff, 0x30, 0x20, 0x00, 0xff, 0x30, 0x20, 0x08, 0xff,
    0x30, 0x20, 0x00, 0xff, 0x30, 0x20, 0x08, 0xff, 0x30, 0x20, 0x08, 0xff,
    0x30, 0x20, 0x00, 0xff, 0x30, 0x20, 0x00, 0xff, 0x30, 0x20, 0x08, 0xff,
    0x30, 0x20, 0x00, 0xff, 0x30, 0x20, 0x00, 0xff, 0x30, 0x20, 0x08, 0xff,
    0x30, 0x20, 0x00, 0xff, 0x30, 0x20, 0x00, 0xff, 0x30, 0x20, 0x08, 0xff,
    0x30, 0x20, 0x00, 0xff, 0x30, 0x20, 0x00, 0xff, 0x30, 0x20, 0x00, 0xff,
    0x30, 0x20, 0x00, 0xff, 0x30, 0x20, 0x08, 0xff, 0x30, 0x20, 0x00, 0xff,
    0x30, 0x20, 0x00, 0xff, 0x30, 0x20, 0x00, 0xff, 0x30, 0x20, 0x08, 0xff,
    0x30, 0x20, 0x00, 0xff, 0x30, 0x20, 0x08, 0xff, 0x30, 0x20, 0x08, 0xff,
    0x30, 0x20, 0x00, 0xff, 0x30, 0x20, 0x00, 0xff, 0x30, 0x20, 0x00, 0xff,
    0x30, 0x20, 0x00, 0xff, 0x30, 0x20, 0x00, 0xff, 0x30, 0x20, 0x00, 0xff,
    0x30, 0x20, 0x00, 0xff, 0x30, 0x20, 0x08, 0xff, 0x30, 0x20, 0x00, 0xff,
    0x30, 0x20, 0x00, 0xff, 0x30, 0x20, 0x08, 0xff, 0x30, 0x20, 0x00, 0xff,
    0x30, 0x20, 0x08, 0xff, 0x30, 0x20, 0x08, 0xff, 0x30, 0x20, 0x00, 0xff,
    0x30, 0x20, 0x08, 0xff, 0x30, 0x20, 0x00, 0xff, 0x30, 0x20, 0x00, 0xff,
    0x30, 0x20, 0x00, 0xff, 0x30, 0x20, 0x00, 0xff, 0x30, 0x20, 0x08, 0xff,
    0x30, 0x20, 0x00, 0xff, 0x30, 0x20, 0x00, 0xff, 0x30, 0x20, 0x08, 0xff,
    0x30, 0x20, 0x00, 0xff, 0x30, 0x20, 0x08, 0xff, 0x30, 0x20, 0x00, 0xff,
    0x30, 0x20, 0x00, 0xff, 0x30, 0x20, 0x08, 0xff, 0x30, 0x20, 0x00, 0xff,
    0x30, 0x20, 0x08, 0xff, 0x30, 0x20, 0x08, 0xff, 0x30, 0x20, 0x00, 0xff,
    0x30, 0x20, 0x08, 0xff, 0x30, 0x20, 0x00, 0xff, 0x30, 0x20, 0x00, 0xff,
    0x30, 0x20, 0x08, 0xff, 0x30, 0x20, 0x00, 0xff, 0x30, 0x20, 0x00, 0xff,
    0x30, 0x20, 0x08, 0xff, 0x30, 0x20, 0x08, 0xff, 0x30, 0x20, 0x08, 0xff,
    0x30, 0x20, 0x00, 0xff, 0x30, 0x20, 0x00, 0xff, 0x30, 0x20, 0x00, 0xff,
    0x30, 0x20, 0x08, 0xff, 0x30, 0x20, 0x08, 0xff, 0x30, 0x20, 0x00, 0xff,
    0x30, 0x20, 0x00, 0xff, 0x30, 0x20, 0x08, 0xff, 0x30, 0x20, 0x00, 0xff,
    0x30, 0x20, 0x00, 0xff, 0x30, 0x20, 0x00, 0xff, 0x30, 0x20, 0x08, 0xff,
    0x30, 0x20, 0x00, 0xff, 0x30, 0x20, 0x00, 0xff, 0x30, 0x20, 0x08, 0xff,
    0x30, 0x20, 0x08, 0xff, 0x30, 0x20, 0x00, 0xff, 0x30, 0x20, 0x08, 0xff,
    0x30, 0x20, 0x00, 0xff, 0x30, 0x20, 0x00, 0xff, 0x30, 0x20, 0x08, 0xff,
    0x30, 0x20, 0x08, 0xff, 0x30, 0x20, 0x00, 0xff, 0x30, 0x20, 0x00, 0xff,
    0x30, 0x20, 0x08, 0xff, 0x30, 0x20, 0x00, 0xff, 0x30, 0x20, 0x08, 0xff,
    0x30, 0x20, 0x00, 0xff, 0x30, 0x20, 0x08, 0xff, 0x30, 0x20, 0x08, 0xff,
    0x30, 0x20, 0x00, 0xff, 0x30, 0x20, 0x08, 0xff, 0x30, 0x20, 0x00, 0xff,
    0x30, 0x20, 0x08, 0xff, 0x30, 0x20, 0x08, 0xff, 0x30, 0x20, 0x00, 0xff,
    0x30, 0x20, 0x08, 0xff, 0x30, 0x20, 0x00, 0xff, 0x30, 0x20, 0x00, 0xff,
    0x30, 0x20, 0x08, 0xff, 0x30, 0x24, 0x08, 0xff, 0x38, 0x24, 0x08, 0xff,
    0x38, 0x28, 0x08, 0xff, 0x00, 0x00, 0x00, 0x71, 0x00, 0x00, 0x00, 0x59,
    0x00, 0x00, 0x00, 0x45, 0x00, 0x00, 0x00, 0x34, 0x00, 0x00, 0x00, 0x24,
    0x00, 0x00, 0x00, 0x18, 0x00, 0x00, 0x00, 0x0c, 0x00, 0x00, 0x00, 0x08,
    0x00, 0x00, 0x00, 0x04, 0x00, 0x00, 0x00, 0x00, 0x00, 0x00, 0x00, 0x08,
    0x00, 0x00, 0x00, 0x0c, 0x00, 0x00, 0x00, 0x18, 0x00, 0x00, 0x00, 0x24,
    0x00, 0x00, 0x00, 0x34, 0x00, 0x00, 0x00, 0x45, 0x00, 0x00, 0x00, 0x59,
    0x00, 0x00, 0x00, 0x71, 0x38, 0x28, 0x08, 0xff, 0x30, 0x24, 0x08, 0xff,
    0x30, 0x24, 0x08, 0xff, 0x30, 0x20, 0x08, 0xff, 0x30, 0x20, 0x00, 0xff,
    0x30, 0x20, 0x08, 0xff, 0x30, 0x20, 0x08, 0xff, 0x30, 0x20, 0x00, 0xff,
    0x30, 0x20, 0x00, 0xff, 0x30, 0x20, 0x08, 0xff, 0x30, 0x20, 0x08, 0xff,
    0x30, 0x20, 0x00, 0xff, 0x30, 0x20, 0x00, 0xff, 0x30, 0x20, 0x08, 0xff,
    0x30, 0x20, 0x00, 0xff, 0x30, 0x20, 0x08, 0xff, 0x30, 0x20, 0x00, 0xff,
    0x30, 0x20, 0x00, 0xff, 0x30, 0x20, 0x00, 0xff, 0x30, 0x20, 0x08, 0xff,
    0x30, 0x20, 0x00, 0xff, 0x30, 0x20, 0x08, 0xff, 0x30, 0x20, 0x08, 0xff,
    0x30, 0x20, 0x00, 0xff, 0x30, 0x20, 0x00, 0xff, 0x30, 0x20, 0x00, 0xff,
    0x30, 0x20, 0x08, 0xff, 0x30, 0x20, 0x00, 0xff, 0x30, 0x20, 0x08, 0xff,
    0x30, 0x20, 0x00, 0xff, 0x30, 0x20, 0x00, 0xff, 0x30, 0x20, 0x08, 0xff,
    0x30, 0x20, 0x08, 0xff, 0x30, 0x20, 0x00, 0xff, 0x30, 0x20, 0x08, 0xff,
    0x30, 0x20, 0x08, 0xff, 0x30, 0x20, 0x00, 0xff, 0x30, 0x20, 0x00, 0xff,
    0x30, 0x20, 0x08, 0xff, 0x30, 0x20, 0x08, 0xff, 0x30, 0x20, 0x00, 0xff,
    0x30, 0x20, 0x00, 0xff, 0x30, 0x20, 0x08, 0xff, 0x30, 0x20, 0x08, 0xff,
    0x30, 0x20, 0x00, 0xff, 0x30, 0x20, 0x00, 0xff, 0x30, 0x20, 0x08, 0xff,
    0x30, 0x20, 0x00, 0xff, 0x30, 0x20, 0x08, 0xff, 0x30, 0x20, 0x08, 0xff,
    0x30, 0x20, 0x00, 0xff, 0x30, 0x20, 0x00, 0xff, 0x30, 0x20, 0x08, 0xff,
    0x30, 0x20, 0x00, 0xff, 0x30, 0x20, 0x08, 0xff, 0x30, 0x20, 0x00, 0xff,
    0x30, 0x20, 0x08, 0xff, 0x30, 0x20, 0x08, 0xff, 0x30, 0x20, 0x00, 0xff,
    0x30, 0x20, 0x08, 0xff, 0x30, 0x20, 0x00, 0xff, 0x30, 0x20, 0x00, 0xff,
    0x30, 0x20, 0x08, 0xff, 0x30, 0x20, 0x08, 0xff, 0x30, 0x20, 0x00, 0xff,
    0x30, 0x20, 0x00, 0xff, 0x30, 0x20, 0x08, 0xff, 0x30, 0x20, 0x00, 0xff,
    0x30, 0x20, 0x08, 0xff, 0x30, 0x20, 0x00, 0xff, 0x30, 0x20, 0x00, 0xff,
    0x30, 0x20, 0x08, 0xff, 0x30, 0x20, 0x00, 0xff, 0x30, 0x20, 0x00, 0xff,
    0x30, 0x20, 0x08, 0xff, 0x30, 0x20, 0x00, 0xff, 0x30, 0x20, 0x08, 0xff,
    0x30, 0x20, 0x00, 0xff, 0x30, 0x20, 0x08, 0xff, 0x30, 0x20, 0x08, 0xff,
    0x30, 0x20, 0x00, 0xff, 0x30, 0x20, 0x00, 0xff, 0x30, 0x20, 0x08, 0xff,
    0x30, 0x20, 0x00, 0xff, 0x30, 0x20, 0x00, 0xff, 0x30, 0x20, 0x00, 0xff,
    0x30, 0x20, 0x00, 0xff, 0x30, 0x20, 0x08, 0xff, 0x30, 0x20, 0x00, 0xff,
    0x30, 0x20, 0x08, 0xff, 0x30, 0x20, 0x08, 0xff, 0x30, 0x20, 0x00, 0xff,
    0x30, 0x20, 0x08, 0xff, 0x30, 0x20, 0x08, 0xff, 0x30, 0x20, 0x00, 0xff,
    0x30, 0x20, 0x00, 0xff, 0x30, 0x20, 0x08, 0xff, 0x30, 0x20, 0x08, 0xff,
    0x30, 0x20, 0x00, 0xff, 0x30, 0x20, 0x00, 0xff, 0x30, 0x20, 0x00, 0xff,
    0x30, 0x20, 0x08, 0xff, 0x30, 0x20, 0x08, 0xff, 0x30, 0x20, 0x00, 0xff,
    0x30, 0x20, 0x00, 0xff, 0x30, 0x20, 0x08, 0xff, 0x30, 0x20, 0x00, 0xff,
    0x30, 0x20, 0x00, 0xff, 0x30, 0x20, 0x08, 0xff, 0x30, 0x20, 0x00, 0xff,
    0x30, 0x20, 0x00, 0xff, 0x30, 0x20, 0x00, 0xff, 0x30, 0x20, 0x00, 0xff,
    0x30, 0x20, 0x08, 0xff, 0x30, 0x20, 0x00, 0xff, 0x30, 0x20, 0x08, 0xff,
    0x30, 0x20, 0x00, 0xff, 0x30, 0x20, 0x00, 0xff, 0x30, 0x20, 0x08, 0xff,
    0x30, 0x20, 0x00, 0xff, 0x30, 0x20, 0x00, 0xff, 0x30, 0x20, 0x08, 0xff,
    0x30, 0x20, 0x08, 0xff, 0x30, 0x20, 0x00, 0xff, 0x30, 0x20, 0x00, 0xff,
    0x30, 0x20, 0x08, 0xff, 0x30, 0x20, 0x00, 0xff, 0x30, 0x20, 0x00, 0xff,
    0x30, 0x20, 0x00, 0xff, 0x30, 0x20, 0x00, 0xff, 0x30, 0x20, 0x08, 0xff,
    0x30, 0x20, 0x00, 0xff, 0x30, 0x20, 0x00, 0xff, 0x30, 0x20, 0x08, 0xff,
    0x30, 0x20, 0x00, 0xff, 0x30, 0x20, 0x00, 0xff, 0x30, 0x20, 0x08, 0xff,
    0x30, 0x20, 0x00, 0xff, 0x30, 0x20, 0x00, 0xff, 0x30, 0x20, 0x08, 0xff,
    0x30, 0x20, 0x00, 0xff, 0x30, 0x20, 0x00, 0xff, 0x30, 0x20, 0x08, 0xff,
    0x30, 0x20, 0x00, 0xff, 0x30, 0x20, 0x00, 0xff, 0x30, 0x20, 0x08, 0xff,
    0x30, 0x20, 0x00, 0xff, 0x30, 0x20, 0x00, 0xff, 0x30, 0x20, 0x08, 0xff,
    0x30, 0x20, 0x00, 0xff, 0x30, 0x20, 0x00, 0xff, 0x30, 0x20, 0x08, 0xff,
    0x30, 0x20, 0x00, 0xff, 0x30, 0x20, 0x00, 0xff, 0x30, 0x20, 0x08, 0xff,
    0x30, 0x20, 0x00, 0xff, 0x30, 0x20, 0x00, 0xff, 0x30, 0x20, 0x08, 0xff,
    0x30, 0x20, 0x00, 0xff, 0x30, 0x20, 0x00, 0xff, 0x30, 0x20, 0x08, 0xff,
    0x30, 0x20, 0x08, 0xff, 0x30, 0x20, 0x00, 0xff, 0x30, 0x20, 0x00, 0xff,
    0x30, 0x20, 0x00, 0xff, 0x30, 0x20, 0x00, 0xff, 0x30, 0x20, 0x08, 0xff,
    0x30, 0x20, 0x08, 0xff, 0x30, 0x20, 0x00, 0xff, 0x30, 0x20, 0x08, 0xff,
    0x30, 0x24, 0x08, 0xff, 0x30, 0x24, 0x08, 0xff, 0x38, 0x28, 0x08, 0xff,
    0x00, 0x00, 0x00, 0x71, 0x00, 0x00, 0x00, 0x59, 0x00, 0x00, 0x00, 0x45,
    0x00, 0x00, 0x00, 0x34, 0x00, 0x00, 0x00, 0x24, 0x00, 0x00, 0x00, 0x18,
    0x00, 0x00, 0x00, 0x10, 0x00, 0x00, 0x00, 0x08, 0x00, 0x00, 0x00, 0x00,
    0x00, 0x00, 0x00, 0x04, 0x00, 0x00, 0x00, 0x08, 0x00, 0x00, 0x00, 0x0c,
    0x00, 0x00, 0x00, 0x18, 0x00, 0x00, 0x00, 0x24, 0x00, 0x00, 0x00, 0x34,
    0x00, 0x00, 0x00, 0x45, 0x00, 0x00, 0x00, 0x59, 0x00, 0x00, 0x00, 0x71,
    0x38, 0x28, 0x08, 0xff, 0x30, 0x24, 0x08, 0xff, 0x38, 0x24, 0x08, 0xff,
    0x30, 0x20, 0x00, 0xff, 0x30, 0x20, 0x00, 0xff, 0x30, 0x20, 0x00, 0xff,
    0x30, 0x20, 0x08, 0xff, 0x30, 0x20, 0x08, 0xff, 0x30, 0x20, 0x00, 0xff,
    0x30, 0x20, 0x00, 0xff, 0x30, 0x20, 0x00, 0xff, 0x30, 0x20, 0x00, 0xff,
    0x30, 0x20, 0x08, 0xff, 0x30, 0x20, 0x00, 0xff, 0x30, 0x20, 0x00, 0xff,
    0x30, 0x20, 0x08, 0xff, 0x30, 0x20, 0x08, 0xff, 0x30, 0x20, 0x08, 0xff,
    0x30, 0x20, 0x00, 0xff, 0x30, 0x20, 0x08, 0xff, 0x30, 0x20, 0x00, 0xff,
    0x30, 0x20, 0x00, 0xff, 0x30, 0x20, 0x00, 0xff, 0x30, 0x20, 0x08, 0xff,
    0x30, 0x20, 0x00, 0xff, 0x30, 0x20, 0x00, 0xff, 0x30, 0x20, 0x08, 0xff,
    0x30, 0x20, 0x08, 0xff, 0x30, 0x20, 0x00, 0xff, 0x30, 0x20, 0x00, 0xff,
    0x30, 0x20, 0x08, 0xff, 0x30, 0x20, 0x08, 0xff, 0x30, 0x20, 0x00, 0xff,
    0x30, 0x20, 0x00, 0xff, 0x30, 0x20, 0x00, 0xff, 0x30, 0x20, 0x00, 0xff,
    0x30, 0x20, 0x08, 0xff, 0x30, 0x20, 0x00, 0xff, 0x30, 0x20, 0x00, 0xff,
    0x30, 0x20, 0x08, 0xff, 0x30, 0x20, 0x00, 0xff, 0x30, 0x20, 0x08, 0xff,
    0x30, 0x20, 0x08, 0xff, 0x30, 0x20, 0x00, 0xff, 0x30, 0x20, 0x00, 0xff,
    0x30, 0x20, 0x00, 0xff, 0x30, 0x20, 0x00, 0xff, 0x30, 0x20, 0x08, 0xff,
    0x30, 0x20, 0x00, 0xff, 0x30, 0x20, 0x00, 0xff, 0x30, 0x20, 0x08, 0xff,
    0x30, 0x20, 0x00, 0xff, 0x30, 0x20, 0x00, 0xff, 0x30, 0x20, 0x08, 0xff,
    0x30, 0x20, 0x00, 0xff, 0x30, 0x20, 0x00, 0xff, 0x30, 0x20, 0x00, 0xff,
    0x30, 0x20, 0x08, 0xff, 0x30, 0x20, 0x00, 0xff, 0x30, 0x20, 0x08, 0xff,
    0x30, 0x20, 0x08, 0xff, 0x30, 0x20, 0x00, 0xff, 0x30, 0x20, 0x00, 0xff,
    0x30, 0x20, 0x00, 0xff, 0x30, 0x20, 0x00, 0xff, 0x30, 0x20, 0x00, 0xff,
    0x30, 0x20, 0x00, 0xff, 0x30, 0x20, 0x08, 0xff, 0x30, 0x20, 0x08, 0xff,
    0x30, 0x20, 0x00, 0xff, 0x30, 0x20, 0x08, 0xff, 0x30, 0x20, 0x08, 0xff,
    0x30, 0x20, 0x00, 0xff, 0x30, 0x20, 0x00, 0xff, 0x30, 0x20, 0x08, 0xff,
    0x30, 0x20, 0x08, 0xff, 0x30, 0x20, 0x00, 0xff, 0x30, 0x20, 0x08, 0xff,
    0x30, 0x20, 0x00, 0xff, 0x30, 0x20, 0x00, 0xff, 0x30, 0x20, 0x08, 0xff,
    0x30, 0x20, 0x00, 0xff, 0x30, 0x20, 0x08, 0xff, 0x30, 0x20, 0x08, 0xff,
    0x30, 0x20, 0x00, 0xff, 0x30, 0x20, 0x08, 0xff, 0x30, 0x20, 0x08, 0xff,
    0x30, 0x20, 0x00, 0xff, 0x30, 0x20, 0x08, 0xff, 0x30, 0x20, 0x00, 0xff,
    0x30, 0x20, 0x00, 0xff, 0x30, 0x20, 0x08, 0xff, 0x30, 0x20, 0x00, 0xff,
    0x30, 0x20, 0x00, 0xff, 0x30, 0x20, 0x08, 0xff, 0x30, 0x20, 0x08, 0xff,
    0x30, 0x20, 0x00, 0xff, 0x30, 0x20, 0x00, 0xff, 0x30, 0x20, 0x08, 0xff,
    0x30, 0x20, 0x00, 0xff, 0x30, 0x20, 0x00, 0xff, 0x30, 0x20, 0x00, 0xff,
    0x30, 0x20, 0x00, 0xff, 0x30, 0x20, 0x00, 0xff, 0x30, 0x20, 0x08, 0xff,
    0x30, 0x20, 0x08, 0xff, 0x30, 0x20, 0x00, 0xff, 0x30, 0x20, 0x08, 0xff,
    0x30, 0x20, 0x00, 0xff, 0x30, 0x20, 0x08, 0xff, 0x30, 0x20, 0x08, 0xff,
    0x30, 0x20, 0x00, 0xff, 0x30, 0x20, 0x08, 0xff, 0x30, 0x20, 0x00, 0xff,
    0x30, 0x20, 0x00, 0xff, 0x30, 0x20, 0x08, 0xff, 0x30, 0x20, 0x00, 0xff,
    0x30, 0x20, 0x00, 0xff, 0x30, 0x20, 0x08, 0xff, 0x30, 0x20, 0x00, 0xff,
    0x30, 0x20, 0x00, 0xff, 0x30, 0x20, 0x08, 0xff, 0x30, 0x20, 0x00, 0xff,
    0x30, 0x20, 0x00, 0xff, 0x30, 0x20, 0x08, 0xff, 0x30, 0x20, 0x00, 0xff,
    0x30, 0x20, 0x08, 0xff, 0x30, 0x20, 0x00, 0xff, 0x30, 0x20, 0x00, 0xff,
    0x30, 0x20, 0x08, 0xff, 0x30, 0x20, 0x00, 0xff, 0x30, 0x20, 0x08, 0xff,
    0x30, 0x20, 0x00, 0xff, 0x30, 0x20, 0x08, 0xff, 0x30, 0x20, 0x00, 0xff,
    0x30, 0x20, 0x08, 0xff, 0x30, 0x20, 0x00, 0xff, 0x30, 0x20, 0x08, 0xff,
    0x30, 0x20, 0x00, 0xff, 0x30, 0x20, 0x08, 0xff, 0x30, 0x20, 0x00, 0xff,
    0x30, 0x20, 0x00, 0xff, 0x30, 0x20, 0x08, 0xff, 0x30, 0x20, 0x00, 0xff,
    0x30, 0x20, 0x00, 0xff, 0x30, 0x20, 0x08, 0xff, 0x30, 0x20, 0x00, 0xff,
    0x30, 0x20, 0x00, 0xff, 0x30, 0x20, 0x08, 0xff, 0x30, 0x20, 0x00, 0xff,
    0x30, 0x20, 0x00, 0xff, 0x30, 0x20, 0x08, 0xff, 0x30, 0x20, 0x00, 0xff,
    0x30, 0x20, 0x08, 0xff, 0x30, 0x20, 0x00, 0xff, 0x30, 0x20, 0x00, 0xff,
    0x30, 0x20, 0x08, 0xff, 0x30, 0x20, 0x00, 0xff, 0x30, 0x20, 0x00, 0xff,
    0x30, 0x20, 0x00, 0xff, 0x30, 0x20, 0x00, 0xff, 0x30, 0x20, 0x00, 0xff,
    0x30, 0x20, 0x08, 0xff, 0x30, 0x20, 0x00, 0xff, 0x30, 0x20, 0x08, 0xff,
    0x30, 0x20, 0x00, 0xff, 0x30, 0x20, 0x08, 0xff, 0x30, 0x20, 0x00, 0xff,
    0x30, 0x20, 0x00, 0xff, 0x30, 0x20, 0x00, 0xff, 0x30, 0x24, 0x08, 0xff,
    0x38, 0x24, 0x08, 0xff, 0x38, 0x28, 0x08, 0xfb, 0x00, 0x00, 0x00, 0x71,
    0x00, 0x00, 0x00, 0x59, 0x00, 0x00, 0x00, 0x45, 0x00, 0x00, 0x00, 0x34,
    0x00, 0x00, 0x00, 0x24, 0x00, 0x00, 0x00, 0x18, 0x00, 0x00, 0x00, 0x0c,
    0x00, 0x00, 0x00, 0x08, 0x00, 0x00, 0x00, 0x00, 0x00, 0x00, 0x00, 0x00,
    0x00, 0x00, 0x00, 0x08, 0x00, 0x00, 0x00, 0x10, 0x00, 0x00, 0x00, 0x18,
    0x00, 0x00, 0x00, 0x24, 0x00, 0x00, 0x00, 0x34, 0x00, 0x00, 0x00, 0x45,
    0x00, 0x00, 0x00, 0x59, 0x00, 0x00, 0x00, 0x71, 0x30, 0x24, 0x10, 0xf7,
    0x38, 0x24, 0x08, 0xff, 0x30, 0x20, 0x08, 0xff, 0x30, 0x20, 0x08, 0xff,
    0x30, 0x20, 0x00, 0xff, 0x30, 0x20, 0x00, 0xff, 0x30, 0x20, 0x00, 0xff,
    0x30, 0x20, 0x00, 0xff, 0x30, 0x20, 0x08, 0xff, 0x30, 0x20, 0x00, 0xff,
    0x30, 0x20, 0x08, 0xff, 0x30, 0x20, 0x08, 0xff, 0x30, 0x20, 0x00, 0xff,
    0x30, 0x20, 0x08, 0xff, 0x30, 0x20, 0x00, 0xff, 0x30, 0x20, 0x00, 0xff,
    0x30, 0x20, 0x08, 0xff, 0x30, 0x20, 0x00, 0xff, 0x30, 0x20, 0x08, 0xff,
    0x30, 0x20, 0x00, 0xff, 0x30, 0x20, 0x00, 0xff, 0x30, 0x20, 0x08, 0xff,
    0x30, 0x20, 0x00, 0xff, 0x30, 0x20, 0x08, 0xff, 0x30, 0x20, 0x08, 0xff,
    0x30, 0x20, 0x00, 0xff, 0x30, 0x20, 0x00, 0xff, 0x30, 0x20, 0x08, 0xff,
    0x30, 0x20, 0x00, 0xff, 0x30, 0x20, 0x00, 0xff, 0x30, 0x20, 0x00, 0xff,
    0x30, 0x20, 0x08, 0xff, 0x30, 0x20, 0x00, 0xff, 0x30, 0x20, 0x00, 0xff,
    0x30, 0x20, 0x08, 0xff, 0x30, 0x20, 0x00, 0xff, 0x30, 0x20, 0x00, 0xff,
    0x30, 0x20, 0x08, 0xff, 0x30, 0x20, 0x00, 0xff, 0x30, 0x20, 0x00, 0xff,
    0x30, 0x20, 0x00, 0xff, 0x30, 0x20, 0x08, 0xff, 0x30, 0x20, 0x00, 0xff,
    0x30, 0x20, 0x00, 0xff, 0x30, 0x20, 0x08, 0xff, 0x30, 0x20, 0x08, 0xff,
    0x30, 0x20, 0x00, 0xff, 0x30, 0x20, 0x00, 0xff, 0x30, 0x20, 0x08, 0xff,
    0x30, 0x20, 0x00, 0xff, 0x30, 0x20, 0x00, 0xff, 0x30, 0x20, 0x08, 0xff,
    0x30, 0x20, 0x00, 0xff, 0x30, 0x20, 0x00, 0xff, 0x30, 0x20, 0x08, 0xff,
    0x30, 0x20, 0x00, 0xff, 0x30, 0x20, 0x00, 0xff, 0x30, 0x20, 0x00, 0xff,
    0x30, 0x20, 0x00, 0xff, 0x30, 0x20, 0x00, 0xff, 0x30, 0x20, 0x08, 0xff,
    0x30, 0x20, 0x00, 0xff, 0x30, 0x20, 0x00, 0xff, 0x30, 0x20, 0x08, 0xff,
    0x30, 0x20, 0x08, 0xff, 0x30, 0x20, 0x00, 0xff, 0x30, 0x20, 0x00, 0xff,
    0x30, 0x20, 0x00, 0xff, 0x30, 0x20, 0x00, 0xff, 0x30, 0x20, 0x00, 0xff,
    0x30, 0x20, 0x00, 0xff, 0x30, 0x20, 0x08, 0xff, 0x30, 0x20, 0x00, 0xff,
    0x30, 0x20, 0x00, 0xff, 0x30, 0x20, 0x00, 0xff, 0x30, 0x20, 0x00, 0xff,
    0x30, 0x20, 0x00, 0xff, 0x30, 0x20, 0x00, 0xff, 0x30, 0x20, 0x08, 0xff,
    0x30, 0x20, 0x00, 0xff, 0x30, 0x20, 0x00, 0xff, 0x30, 0x20, 0x00, 0xff,
    0x30, 0x20, 0x00, 0xff, 0x30, 0x20, 0x00, 0xff, 0x30, 0x20, 0x08, 0xff,
    0x30, 0x20, 0x00, 0xff, 0x30, 0x20, 0x00, 0xff, 0x30, 0x20, 0x00, 0xff,
    0x30, 0x20, 0x08, 0xff, 0x30, 0x20, 0x00, 0xff, 0x30, 0x20, 0x00, 0xff,
    0x30, 0x20, 0x08, 0xff, 0x30, 0x20, 0x00, 0xff, 0x30, 0x20, 0x00, 0xff,
    0x30, 0x20, 0x00, 0xff, 0x30, 0x20, 0x00, 0xff, 0x30, 0x20, 0x00, 0xff,
    0x30, 0x20, 0x00, 0xff, 0x30, 0x20, 0x08, 0xff, 0x30, 0x20, 0x08, 0xff,
    0x30, 0x20, 0x00, 0xff, 0x30, 0x20, 0x08, 0xff, 0x30, 0x20, 0x00, 0xff,
    0x30, 0x20, 0x00, 0xff, 0x30, 0x20, 0x08, 0xff, 0x30, 0x20, 0x00, 0xff,
    0x30, 0x20, 0x00, 0xff, 0x30, 0x20, 0x08, 0xff, 0x30, 0x20, 0x00, 0xff,
    0x30, 0x20, 0x08, 0xff, 0x30, 0x20, 0x08, 0xff, 0x30, 0x20, 0x08, 0xff,
    0x30, 0x20, 0x00, 0xff, 0x30, 0x20, 0x00, 0xff, 0x30, 0x20, 0x08, 0xff,
    0x30, 0x20, 0x00, 0xff, 0x30, 0x20, 0x08, 0xff, 0x30, 0x20, 0x00, 0xff,
    0x30, 0x20, 0x00, 0xff, 0x30, 0x20, 0x08, 0xff, 0x30, 0x20, 0x00, 0xff,
    0x30, 0x20, 0x00, 0xff, 0x30, 0x20, 0x08, 0xff, 0x30, 0x20, 0x08, 0xff,
    0x30, 0x20, 0x00, 0xff, 0x30, 0x20, 0x08, 0xff, 0x30, 0x20, 0x00, 0xff,
    0x30, 0x20, 0x08, 0xff, 0x30, 0x20, 0x00, 0xff, 0x30, 0x20, 0x00, 0xff,
    0x30, 0x20, 0x08, 0xff, 0x30, 0x20, 0x00, 0xff, 0x30, 0x20, 0x00, 0xff,
    0x30, 0x20, 0x00, 0xff, 0x30, 0x20, 0x08, 0xff, 0x30, 0x20, 0x00, 0xff,
    0x30, 0x20, 0x00, 0xff, 0x30, 0x20, 0x08, 0xff, 0x30, 0x20, 0x00, 0xff,
    0x30, 0x20, 0x00, 0xff, 0x30, 0x20, 0x08, 0xff, 0x30, 0x20, 0x08, 0xff,
    0x30, 0x20, 0x00, 0xff, 0x30, 0x20, 0x08, 0xff, 0x30, 0x20, 0x00, 0xff,
    0x30, 0x20, 0x00, 0xff, 0x30, 0x20, 0x08, 0xff, 0x30, 0x20, 0x00, 0xff,
    0x30, 0x20, 0x08, 0xff, 0x30, 0x20, 0x00, 0xff, 0x30, 0x20, 0x08, 0xff,
    0x30, 0x20, 0x00, 0xff, 0x30, 0x20, 0x00, 0xff, 0x30, 0x20, 0x08, 0xff,
    0x30, 0x20, 0x00, 0xff, 0x30, 0x20, 0x08, 0xff, 0x30, 0x20, 0x00, 0xff,
    0x30, 0x20, 0x08, 0xff, 0x30, 0x20, 0x08, 0xff, 0x30, 0x20, 0x08, 0xff,
    0x30, 0x20, 0x00, 0xff, 0x30, 0x20, 0x00, 0xff, 0x30, 0x20, 0x08, 0xff,
    0x30, 0x20, 0x08, 0xff, 0x30, 0x20, 0x00, 0xff, 0x30, 0x20, 0x00, 0xff,
    0x30, 0x20, 0x00, 0xff, 0x30, 0x20, 0x08, 0xff, 0x30, 0x20, 0x00, 0xff,
    0x30, 0x20, 0x08, 0xff, 0x30, 0x24, 0x08, 0xff, 0x30, 0x24, 0x08, 0xff,
    0x30, 0x24, 0x10, 0xf7, 0x00, 0x00, 0x00, 0x71, 0x00, 0x00, 0x00, 0x59,
    0x00, 0x00, 0x00, 0x45, 0x00, 0x00, 0x00, 0x34, 0x00, 0x00, 0x00, 0x24,
    0x00, 0x00, 0x00, 0x18, 0x00, 0x00, 0x00, 0x10, 0x00, 0x00, 0x00, 0x08,
    0x00, 0x00, 0x00, 0x00, 0x00, 0x00, 0x00, 0x00, 0x00, 0x00, 0x00, 0x08,
    0x00, 0x00, 0x00, 0x0c, 0x00, 0x00, 0x00, 0x18, 0x00, 0x00, 0x00, 0x24,
    0x00, 0x00, 0x00, 0x34, 0x00, 0x00, 0x00, 0x45, 0x00, 0x00, 0x00, 0x59,
    0x00, 0x00, 0x00, 0x6d, 0x30, 0x24, 0x08, 0xf7, 0x30, 0x24, 0x08, 0xff,
    0x30, 0x24, 0x08, 0xff, 0x30, 0x20, 0x08, 0xff, 0x30, 0x20, 0x00, 0xff,
    0x30, 0x20, 0x08, 0xff, 0x30, 0x20, 0x00, 0xff, 0x30, 0x20, 0x00, 0xff,
    0x30, 0x20, 0x08, 0xff, 0x30, 0x20, 0x00, 0xff, 0x30, 0x20, 0x00, 0xff,
    0x30, 0x20, 0x00, 0xff, 0x30, 0x20, 0x08, 0xff, 0x30, 0x20, 0x00, 0xff,
    0x30, 0x20, 0x08, 0xff, 0x30, 0x20, 0x00, 0xff, 0x30, 0x20, 0x00, 0xff,
    0x30, 0x20, 0x00, 0xff, 0x30, 0x20, 0x08, 0xff, 0x30, 0x20, 0x00, 0xff,
    0x30, 0x20, 0x00, 0xff, 0x30, 0x20, 0x08, 0xff, 0x30, 0x20, 0x00, 0xff,
    0x30, 0x20, 0x00, 0xff, 0x30, 0x20, 0x08, 0xff, 0x30, 0x20, 0x00, 0xff,
    0x30, 0x20, 0x00, 0xff, 0x30, 0x20, 0x00, 0xff, 0x30, 0x20, 0x08, 0xff,
    0x30, 0x20, 0x00, 0xff, 0x30, 0x20, 0x00, 0xff, 0x30, 0x20, 0x08, 0xff,
    0x30, 0x20, 0x00, 0xff, 0x30, 0x20, 0x08, 0xff, 0x30, 0x20, 0x08, 0xff,
    0x30, 0x20, 0x00, 0xff, 0x30, 0x20, 0x00, 0xff, 0x30, 0x20, 0x08, 0xff,
    0x30, 0x20, 0x08, 0xff, 0x30, 0x20, 0x00, 0xff, 0x30, 0x20, 0x08, 0xff,
    0x30, 0x20, 0x00, 0xff, 0x30, 0x20, 0x08, 0xff, 0x30, 0x20, 0x00, 0xff,
    0x30, 0x20, 0x00, 0xff, 0x30, 0x20, 0x08, 0xff, 0x30, 0x20, 0x00, 0xff,
    0x30, 0x20, 0x00, 0xff, 0x30, 0x20, 0x08, 0xff, 0x30, 0x20, 0x00, 0xff,
    0x30, 0x20, 0x00, 0xff, 0x30, 0x20, 0x08, 0xff, 0x30, 0x20, 0x00, 0xff,
    0x30, 0x20, 0x00, 0xff, 0x30, 0x20, 0x08, 0xff, 0x30, 0x20, 0x08, 0xff,
    0x30, 0x20, 0x08, 0xff, 0x30, 0x20, 0x08, 0xff, 0x30, 0x20, 0x00, 0xff,
    0x30, 0x20, 0x00, 0xff, 0x30, 0x20, 0x08, 0xff, 0x30, 0x20, 0x00, 0xff,
    0x30, 0x20, 0x08, 0xff, 0x30, 0x20, 0x00, 0xff, 0x30, 0x20, 0x08, 0xff,
    0x30, 0x20, 0x08, 0xff, 0x30, 0x20, 0x00, 0xff, 0x30, 0x20, 0x08, 0xff,
    0x30, 0x20, 0x08, 0xff, 0x30, 0x20, 0x00, 0xff, 0x30, 0x20, 0x00, 0xff,
    0x30, 0x20, 0x08, 0xff, 0x30, 0x20, 0x08, 0xff, 0x30, 0x20, 0x00, 0xff,
    0x30, 0x20, 0x08, 0xff, 0x30, 0x20, 0x08, 0xff, 0x30, 0x20, 0x00, 0xff,
    0x30, 0x20, 0x08, 0xff, 0x30, 0x20, 0x00, 0xff, 0x30, 0x20, 0x08, 0xff,
    0x30, 0x20, 0x08, 0xff, 0x30, 0x20, 0x08, 0xff, 0x30, 0x20, 0x00, 0xff,
    0x30, 0x20, 0x00, 0xff, 0x30, 0x20, 0x08, 0xff, 0x30, 0x20, 0x00, 0xff,
    0x30, 0x20, 0x00, 0xff, 0x30, 0x20, 0x08, 0xff, 0x30, 0x20, 0x00, 0xff,
    0x30, 0x20, 0x00, 0xff, 0x30, 0x20, 0x08, 0xff, 0x30, 0x20, 0x00, 0xff,
    0x30, 0x20, 0x08, 0xff, 0x30, 0x20, 0x08, 0xff, 0x30, 0x20, 0x00, 0xff,
    0x30, 0x20, 0x08, 0xff, 0x30, 0x20, 0x08, 0xff, 0x30, 0x20, 0x00, 0xff,
    0x30, 0x20, 0x00, 0xff, 0x30, 0x20, 0x00, 0xff, 0x30, 0x20, 0x08, 0xff,
    0x30, 0x20, 0x08, 0xff, 0x30, 0x20, 0x00, 0xff, 0x30, 0x20, 0x08, 0xff,
    0x30, 0x20, 0x00, 0xff, 0x30, 0x20, 0x00, 0xff, 0x30, 0x20, 0x08, 0xff,
    0x30, 0x20, 0x00, 0xff, 0x30, 0x20, 0x00, 0xff, 0x30, 0x20, 0x00, 0xff,
    0x30, 0x20, 0x00, 0xff, 0x30, 0x20, 0x00, 0xff, 0x30, 0x20, 0x00, 0xff,
    0x30, 0x20, 0x08, 0xff, 0x30, 0x20, 0x00, 0xff, 0x30, 0x20, 0x00, 0xff,
    0x30, 0x20, 0x08, 0xff, 0x30, 0x20, 0x00, 0xff, 0x30, 0x20, 0x00, 0xff,
    0x30, 0x20, 0x08, 0xff, 0x30, 0x20, 0x00, 0xff, 0x30, 0x20, 0x00, 0xff,
    0x30, 0x20, 0x08, 0xff, 0x30, 0x20, 0x00, 0xff, 0x30, 0x20, 0x00, 0xff,
    0x30, 0x20, 0x08, 0xff, 0x30, 0x20, 0x00, 0xff, 0x30, 0x20, 0x00, 0xff,
    0x30, 0x20, 0x08, 0xff, 0x30, 0x20, 0x00, 0xff, 0x30, 0x20, 0x08, 0xff,
    0x30, 0x20, 0x00, 0xff, 0x30, 0x20, 0x08, 0xff, 0x30, 0x20, 0x00, 0xff,
    0x30, 0x20, 0x00, 0xff, 0x30, 0x20, 0x08, 0xff, 0x30, 0x20, 0x00, 0xff,
    0x30, 0x20, 0x00, 0xff, 0x30, 0x20, 0x08, 0xff, 0x30, 0x20, 0x00, 0xff,
    0x30, 0x20, 0x00, 0xff, 0x30, 0x20, 0x00, 0xff, 0x30, 0x20, 0x08, 0xff,
    0x30, 0x20, 0x00, 0xff, 0x30, 0x20, 0x08, 0xff, 0x30, 0x20, 0x00, 0xff,
    0x30, 0x20, 0x00, 0xff, 0x30, 0x20, 0x08, 0xff, 0x30, 0x20, 0x00, 0xff,
    0x30, 0x20, 0x00, 0xff, 0x30, 0x20, 0x08, 0xff, 0x30, 0x20, 0x00, 0xff,
    0x30, 0x20, 0x00, 0xff, 0x30, 0x20, 0x08, 0xff, 0x30, 0x20, 0x00, 0xff,
    0x30, 0x20, 0x08, 0xff, 0x30, 0x20, 0x00, 0xff, 0x30, 0x20, 0x00, 0xff,
    0x30, 0x20, 0x00, 0xff, 0x30, 0x20, 0x08, 0xff, 0x30, 0x20, 0x00, 0xff,
    0x30, 0x20, 0x00, 0xff, 0x30, 0x20, 0x00, 0xff, 0x30, 0x20, 0x00, 0xff,
    0x30, 0x20, 0x08, 0xff, 0x30, 0x20, 0x00, 0xff, 0x30, 0x20, 0x08, 0xff,
    0x30, 0x20, 0x00, 0xff, 0x30, 0x20, 0x00, 0xff, 0x30, 0x20, 0x08, 0xff,
    0x30, 0x24, 0x08, 0xff, 0x38, 0x24, 0x08, 0xff, 0x38, 0x24, 0x08, 0xf7,
    0x00, 0x00, 0x00, 0x6d, 0x00, 0x00, 0x00, 0x59, 0x00, 0x00, 0x00, 0x45,
    0x00, 0x00, 0x00, 0x34, 0x00, 0x00, 0x00, 0x24, 0x00, 0x00, 0x00, 0x18,
    0x00, 0x00, 0x00, 0x0c, 0x00, 0x00, 0x00, 0x08, 0x00, 0x00, 0x00, 0x04,
    0x00, 0x00, 0x00, 0x04, 0x00, 0x00, 0x00, 0x08, 0x00, 0x00, 0x00, 0x0c,
    0x00, 0x00, 0x00, 0x18, 0x00, 0x00, 0x00, 0x24, 0x00, 0x00, 0x00, 0x30,
    0x00, 0x00, 0x00, 0x45, 0x00, 0x00, 0x00, 0x59, 0x00, 0x00, 0x00, 0x6d,
    0x30, 0x24, 0x08, 0xef, 0x38, 0x24, 0x08, 0xff, 0x30, 0x24, 0x08, 0xff,
    0x30, 0x20, 0x00, 0xff, 0x30, 0x20, 0x08, 0xff, 0x30, 0x20, 0x00, 0xff,
    0x30, 0x20, 0x08, 0xff, 0x30, 0x20, 0x00, 0xff, 0x30, 0x20, 0x00, 0xff,
    0x30, 0x20, 0x08, 0xff, 0x30, 0x20, 0x00, 0xff, 0x30, 0x20, 0x00, 0xff,
    0x30, 0x20, 0x00, 0xff, 0x30, 0x20, 0x08, 0xff, 0x30, 0x20, 0x00, 0xff,
    0x30, 0x20, 0x08, 0xff, 0x30, 0x20, 0x08, 0xff, 0x30, 0x20, 0x00, 0xff,
    0x30, 0x20, 0x00, 0xff, 0x30, 0x20, 0x08, 0xff, 0x30, 0x20, 0x00, 0xff,
    0x30, 0x20, 0x00, 0xff, 0x30, 0x20, 0x08, 0xff, 0x30, 0x20, 0x00, 0xff,
    0x30, 0x20, 0x00, 0xff, 0x30, 0x20, 0x08, 0xff, 0x30, 0x20, 0x08, 0xff,
    0x30, 0x20, 0x00, 0xff, 0x30, 0x20, 0x08, 0xff, 0x30, 0x20, 0x08, 0xff,
    0x30, 0x20, 0x00, 0xff, 0x30, 0x20, 0x00, 0xff, 0x30, 0x20, 0x08, 0xff,
    0x30, 0x20, 0x00, 0xff, 0x30, 0x20, 0x00, 0xff, 0x30, 0x20, 0x08, 0xff,
    0x30, 0x20, 0x00, 0xff, 0x30, 0x20, 0x00, 0xff, 0x30, 0x20, 0x00, 0xff,
    0x30, 0x20, 0x08, 0xff, 0x30, 0x20, 0x00, 0xff, 0x30, 0x20, 0x00, 0xff,
    0x30, 0x20, 0x08, 0xff, 0x30, 0x20, 0x08, 0xff, 0x30, 0x20, 0x00, 0xff,
    0x30, 0x20, 0x00, 0xff, 0x30, 0x20, 0x08, 0xff, 0x30, 0x20, 0x08, 0xff,
    0x30, 0x20, 0x00, 0xff, 0x30, 0x20, 0x08, 0xff, 0x30, 0x20, 0x00, 0xff,
    0x30, 0x20, 0x08, 0xff, 0x30, 0x20, 0x00, 0xff, 0x30, 0x20, 0x00, 0xff,
    0x30, 0x20, 0x00, 0xff, 0x30, 0x20, 0x00, 0xff, 0x30, 0x20, 0x00, 0xff,
    0x30, 0x20, 0x08, 0xff, 0x30, 0x20, 0x00, 0xff, 0x30, 0x20, 0x08, 0xff,
    0x30, 0x20, 0x08, 0xff, 0x30, 0x20, 0x00, 0xff, 0x30, 0x20, 0x00, 0xff,
    0x30, 0x20, 0x00, 0xff, 0x30, 0x20, 0x00, 0xff, 0x30, 0x20, 0x00, 0xff,
    0x30, 0x20, 0x08, 0xff, 0x30, 0x20, 0x00, 0xff, 0x30, 0x20, 0x08, 0xff,
    0x30, 0x20, 0x00, 0xff, 0x30, 0x20, 0x00, 0xff, 0x30, 0x20, 0x08, 0xff,
    0x30, 0x20, 0x00, 0xff, 0x30, 0x20, 0x00, 0xff, 0x30, 0x20, 0x08, 0xff,
    0x30, 0x20, 0x00, 0xff, 0x30, 0x20, 0x00, 0xff, 0x30, 0x20, 0x08, 0xff,
    0x30, 0x20, 0x00, 0xff, 0x30, 0x20, 0x00, 0xff, 0x30, 0x20, 0x00, 0xff,
    0x30, 0x20, 0x08, 0xff, 0x30, 0x20, 0x00, 0xff, 0x30, 0x20, 0x08, 0xff,
    0x30, 0x20, 0x08, 0xff, 0x30, 0x20, 0x00, 0xff, 0x30, 0x20, 0x08, 0xff,
    0x30, 0x20, 0x00, 0xff, 0x30, 0x20, 0x00, 0xff, 0x30, 0x20, 0x08, 0xff,
    0x30, 0x20, 0x00, 0xff, 0x30, 0x20, 0x00, 0xff, 0x30, 0x20, 0x00, 0xff,
    0x30, 0x20, 0x08, 0xff, 0x30, 0x20, 0x00, 0xff, 0x30, 0x20, 0x00, 0xff,
    0x30, 0x20, 0x08, 0xff, 0x30, 0x20, 0x00, 0xff, 0x30, 0x20, 0x00, 0xff,
    0x30, 0x20, 0x08, 0xff, 0x30, 0x20, 0x00, 0xff, 0x30, 0x20, 0x00, 0xff,
    0x30, 0x20, 0x00, 0xff, 0x30, 0x20, 0x08, 0xff, 0x30, 0x20, 0x08, 0xff,
    0x30, 0x20, 0x00, 0xff, 0x30, 0x20, 0x00, 0xff, 0x30, 0x20, 0x08, 0xff,
    0x30, 0x20, 0x00, 0xff, 0x30, 0x20, 0x00, 0xff, 0x30, 0x20, 0x08, 0xff,
    0x30, 0x20, 0x08, 0xff, 0x30, 0x20, 0x00, 0xff, 0x30, 0x20, 0x08, 0xff,
    0x30, 0x20, 0x00, 0xff, 0x30, 0x20, 0x00, 0xff, 0x30, 0x20, 0x08, 0xff,
    0x30, 0x20, 0x00, 0xff, 0x30, 0x20, 0x08, 0xff, 0x30, 0x20, 0x08, 0xff,
    0x30, 0x20, 0x00, 0xff, 0x30, 0x20, 0x08, 0xff, 0x30, 0x20, 0x00, 0xff,
    0x30, 0x20, 0x00, 0xff, 0x30, 0x20, 0x08, 0xff, 0x30, 0x20, 0x08, 0xff,
    0x30, 0x20, 0x00, 0xff, 0x30, 0x20, 0x08, 0xff, 0x30, 0x20, 0x00, 0xff,
    0x30, 0x20, 0x08, 0xff, 0x30, 0x20, 0x00, 0xff, 0x30, 0x20, 0x00, 0xff,
    0x30, 0x20, 0x08, 0xff, 0x30, 0x20, 0x08, 0xff, 0x30, 0x20, 0x00, 0xff,
    0x30, 0x20, 0x08, 0xff, 0x30, 0x20, 0x00, 0xff, 0x30, 0x20, 0x08, 0xff,
    0x30, 0x20, 0x00, 0xff, 0x30, 0x20, 0x08, 0xff, 0x30, 0x20, 0x00, 0xff,
    0x30, 0x20, 0x08, 0xff, 0x30, 0x20, 0x00, 0xff, 0x30, 0x20, 0x00, 0xff,
    0x30, 0x20, 0x08, 0xff, 0x30, 0x20, 0x08, 0xff, 0x30, 0x20, 0x00, 0xff,
    0x30, 0x20, 0x08, 0xff, 0x30, 0x20, 0x00, 0xff, 0x30, 0x20, 0x08, 0xff,
    0x30, 0x20, 0x00, 0xff, 0x30, 0x20, 0x08, 0xff, 0x30, 0x20, 0x00, 0xff,
    0x30, 0x20, 0x00, 0xff, 0x30, 0x20, 0x08, 0xff, 0x30, 0x20, 0x00, 0xff,
    0x30, 0x20, 0x00, 0xff, 0x30, 0x20, 0x00, 0xff, 0x30, 0x20, 0x08, 0xff,
    0x30, 0x20, 0x00, 0xff, 0x30, 0x20, 0x08, 0xff, 0x30, 0x20, 0x08, 0xff,
    0x30, 0x20, 0x00, 0xff, 0x30, 0x20, 0x08, 0xff, 0x30, 0x20, 0x00, 0xff,
    0x30, 0x20, 0x08, 0xff, 0x30, 0x20, 0x00, 0xff, 0x30, 0x20, 0x00, 0xff,
    0x30, 0x20, 0x08, 0xff, 0x30, 0x20, 0x00, 0xff, 0x30, 0x24, 0x08, 0xff,
    0x30, 0x24, 0x08, 0xff, 0x30, 0x24, 0x08, 0xf3, 0x00, 0x00, 0x00, 0x6d,
    0x00, 0x00, 0x00, 0x59, 0x00, 0x00, 0x00, 0x45, 0x00, 0x00, 0x00, 0x30,
    0x00, 0x00, 0x00, 0x24, 0x00, 0x00, 0x00, 0x18, 0x00, 0x00, 0x00, 0x0c,
    0x00, 0x00, 0x00, 0x08, 0x00, 0x00, 0x00, 0x00, 0x00, 0x00, 0x00, 0x00,
    0x00, 0x00, 0x00, 0x04, 0x00, 0x00, 0x00, 0x0c, 0x00, 0x00, 0x00, 0x18,
    0x00, 0x00, 0x00, 0x24, 0x00, 0x00, 0x00, 0x30, 0x00, 0x00, 0x00, 0x41,
    0x00, 0x00, 0x00, 0x59, 0x00, 0x00, 0x00, 0x6d, 0x30, 0x24, 0x08, 0xeb,
    0x38, 0x24, 0x08, 0xff, 0x30, 0x24, 0x08, 0xff, 0x30, 0x20, 0x00, 0xff,
    0x30, 0x20, 0x00, 0xff, 0x30, 0x20, 0x08, 0xff, 0x30, 0x20, 0x00, 0xff,
    0x30, 0x20, 0x08, 0xff, 0x30, 0x20, 0x08, 0xff, 0x30, 0x20, 0x00, 0xff,
    0x30, 0x20, 0x08, 0xff, 0x30, 0x20, 0x08, 0xff, 0x30, 0x20, 0x00, 0xff,
    0x30, 0x20, 0x00, 0xff, 0x30, 0x20, 0x00, 0xff, 0x30, 0x20, 0x00, 0xff,
    0x30, 0x20, 0x08, 0xff, 0x30, 0x20, 0x00, 0xff, 0x30, 0x20, 0x08, 0xff,
    0x30, 0x20, 0x00, 0xff, 0x30, 0x20, 0x08, 0xff, 0x30, 0x20, 0x00, 0xff,
    0x28, 0x20, 0x08, 0xff, 0x30, 0x20, 0x00, 0xff, 0x30, 0x20, 0x00, 0xff,
    0x30, 0x20, 0x08, 0xff, 0x30, 0x20, 0x00, 0xff, 0x30, 0x20, 0x00, 0xff,
    0x30, 0x20, 0x08, 0xff, 0x30, 0x20, 0x00, 0xff, 0x30, 0x20, 0x00, 0xff,
    0x28, 0x20, 0x08, 0xff, 0x30, 0x20, 0x00, 0xff, 0x30, 0x1c, 0x00, 0xff,
    0x30, 0x20, 0x08, 0xff, 0x30, 0x20, 0x00, 0xff, 0x30, 0x20, 0x08, 0xff,
    0x30, 0x20, 0x00, 0xff, 0x30, 0x20, 0x00, 0xff, 0x30, 0x1c, 0x08, 0xff,
    0x30, 0x20, 0x00, 0xff, 0x30, 0x20, 0x00, 0xff, 0x30, 0x20, 0x00, 0xff,
    0x30, 0x20, 0x08, 0xff, 0x30, 0x20, 0x08, 0xff, 0x30, 0x20, 0x00, 0xff,
    0x30, 0x20, 0x08, 0xff, 0x30, 0x20, 0x00, 0xff, 0x30, 0x1c, 0x08, 0xff,
    0x30, 0x20, 0x00, 0xff, 0x30, 0x20, 0x00, 0xff, 0x30, 0x20, 0x08, 0xff,
    0x30, 0x20, 0x08, 0xff, 0x30, 0x20, 0x00, 0xff, 0x30, 0x20, 0x08, 0xff,
    0x30, 0x20, 0x00, 0xff, 0x30, 0x20, 0x00, 0xff, 0x30, 0x20, 0x00, 0xff,
    0x30, 0x20, 0x00, 0xff, 0x30, 0x20, 0x00, 0xff, 0x30, 0x20, 0x00, 0xff,
    0x30, 0x20, 0x08, 0xff, 0x30, 0x20, 0x08, 0xff, 0x30, 0x20, 0x08, 0xff,
    0x30, 0x20, 0x00, 0xff, 0x30, 0x20, 0x08, 0xff, 0x30, 0x1c, 0x00, 0xff,
    0x30, 0x20, 0x00, 0xff, 0x30, 0x20, 0x00, 0xff, 0x30, 0x20, 0x08, 0xff,
    0x30, 0x20, 0x00, 0xff, 0x30, 0x20, 0x00, 0xff, 0x30, 0x20, 0x00, 0xff,
    0x30, 0x20, 0x08, 0xff, 0x30, 0x20, 0x00, 0xff, 0x30, 0x20, 0x00, 0xff,
    0x30, 0x20, 0x08, 0xff, 0x30, 0x20, 0x00, 0xff, 0x30, 0x20, 0x00, 0xff,
    0x30, 0x20, 0x00, 0xff, 0x30, 0x20, 0x08, 0xff, 0x30, 0x20, 0x00, 0xff,
    0x30, 0x20, 0x00, 0xff, 0x30, 0x20, 0x00, 0xff, 0x30, 0x20, 0x00, 0xff,
    0x30, 0x20, 0x00, 0xff, 0x30, 0x20, 0x08, 0xff, 0x30, 0x20, 0x00, 0xff,
    0x30, 0x20, 0x08, 0xff, 0x30, 0x20, 0x08, 0xff, 0x30, 0x20, 0x00, 0xff,
    0x30, 0x20, 0x00, 0xff, 0x30, 0x20, 0x08, 0xff, 0x30, 0x20, 0x00, 0xff,
    0x30, 0x20, 0x00, 0xff, 0x30, 0x20, 0x08, 0xff, 0x30, 0x20, 0x00, 0xff,
    0x30, 0x20, 0x08, 0xff, 0x30, 0x20, 0x00, 0xff, 0x30, 0x20, 0x08, 0xff,
    0x30, 0x20, 0x00, 0xff, 0x30, 0x20, 0x00, 0xff, 0x30, 0x1c, 0x08, 0xff,
    0x30, 0x20, 0x00, 0xff, 0x28, 0x20, 0x00, 0xff, 0x30, 0x20, 0x08, 0xff,
    0x30, 0x1c, 0x00, 0xff, 0x30, 0x20, 0x08, 0xff, 0x30, 0x20, 0x00, 0xff,
    0x30, 0x20, 0x00, 0xff, 0x30, 0x20, 0x08, 0xff, 0x30, 0x20, 0x00, 0xff,
    0x30, 0x20, 0x00, 0xff, 0x30, 0x20, 0x08, 0xff, 0x30, 0x20, 0x00, 0xff,
    0x30, 0x20, 0x08, 0xff, 0x30, 0x20, 0x00, 0xff, 0x30, 0x20, 0x08, 0xff,
    0x30, 0x20, 0x00, 0xff, 0x30, 0x20, 0x00, 0xff, 0x30, 0x20, 0x00, 0xff,
    0x30, 0x20, 0x08, 0xff, 0x30, 0x20, 0x00, 0xff, 0x30, 0x20, 0x00, 0xff,
    0x30, 0x20, 0x00, 0xff, 0x30, 0x20, 0x00, 0xff, 0x30, 0x20, 0x00, 0xff,
    0x30, 0x20, 0x08, 0xff, 0x30, 0x20, 0x00, 0xff, 0x30, 0x20, 0x08, 0xff,
    0x30, 0x20, 0x00, 0xff, 0x30, 0x20, 0x00, 0xff, 0x30, 0x20, 0x00, 0xff,
    0x30, 0x20, 0x00, 0xff, 0x30, 0x20, 0x08, 0xff, 0x30, 0x20, 0x00, 0xff,
    0x30, 0x20, 0x00, 0xff, 0x30, 0x20, 0x08, 0xff, 0x30, 0x20, 0x00, 0xff,
    0x30, 0x20, 0x00, 0xff, 0x30, 0x1c, 0x08, 0xff, 0x28, 0x20, 0x00, 0xff,
    0x30, 0x20, 0x00, 0xff, 0x30, 0x1c, 0x00, 0xff, 0x30, 0x20, 0x00, 0xff,
    0x30, 0x20, 0x00, 0xff, 0x30, 0x20, 0x08, 0xff, 0x30, 0x20, 0x00, 0xff,
    0x30, 0x20, 0x00, 0xff, 0x30, 0x20, 0x08, 0xff, 0x30, 0x20, 0x00, 0xff,
    0x30, 0x20, 0x00, 0xff, 0x30, 0x20, 0x08, 0xff, 0x28, 0x20, 0x00, 0xff,
    0x30, 0x20, 0x00, 0xff, 0x30, 0x20, 0x08, 0xff, 0x30, 0x20, 0x08, 0xff,
    0x30, 0x20, 0x00, 0xff, 0x28, 0x20, 0x00, 0xff, 0x30, 0x1c, 0x00, 0xff,
    0x30, 0x20, 0x00, 0xff, 0x30, 0x20, 0x08, 0xff, 0x30, 0x20, 0x00, 0xff,
    0x30, 0x20, 0x08, 0xff, 0x30, 0x20, 0x08, 0xff, 0x30, 0x20, 0x00, 0xff,
    0x30, 0x20, 0x00, 0xff, 0x30, 0x20, 0x08, 0xff, 0x30, 0x20, 0x00, 0xff,
    0x30, 0x20, 0x08, 0xff, 0x30, 0x24, 0x08, 0xff, 0x30, 0x24, 0x08, 0xff,
    0x30, 0x24, 0x08, 0xeb, 0x00, 0x00, 0x00, 0x6d, 0x00, 0x00, 0x00, 0x55,
    0x00, 0x00, 0x00, 0x41, 0x00, 0x00, 0x00, 0x34, 0x00, 0x00, 0x00, 0x24,
    0x00, 0x00, 0x00, 0x18, 0x00, 0x00, 0x00, 0x0c, 0x00, 0x00, 0x00, 0x04,
    0x00, 0x00, 0x00, 0x04, 0x00, 0x00, 0x00, 0x04, 0x00, 0x00, 0x00, 0x08,
    0x00, 0x00, 0x00, 0x0c, 0x00, 0x00, 0x00, 0x18, 0x00, 0x00, 0x00, 0x24,
    0x00, 0x00, 0x00, 0x30, 0x00, 0x00, 0x00, 0x41, 0x00, 0x00, 0x00, 0x55,
    0x00, 0x00, 0x00, 0x6d, 0x30, 0x24, 0x08, 0xe3, 0x30, 0x24, 0x08, 0xff,
    0x30, 0x20, 0x08, 0xff, 0x30, 0x20, 0x08, 0xff, 0x30, 0x20, 0x00, 0xff,
    0x30, 0x20, 0x00, 0xff, 0x30, 0x20, 0x00, 0xff, 0x30, 0x20, 0x00, 0xff,
    0x30, 0x20, 0x00, 0xff, 0x30, 0x20, 0x00, 0xff, 0x30, 0x20, 0x08, 0xff,
    0x30, 0x20, 0x00, 0xff, 0x28, 0x20, 0x08, 0xff, 0x30, 0x20, 0x08, 0xff,
    0x30, 0x20, 0x00, 0xff, 0x30, 0x20, 0x00, 0xff, 0x28, 0x20, 0x00, 0xff,
    0x30, 0x20, 0x08, 0xff, 0x30, 0x20, 0x00, 0xff, 0x28, 0x20, 0x00, 0xff,
    0x30, 0x20, 0x08, 0xff, 0x30, 0x20, 0x00, 0xff, 0x30, 0x20, 0x00, 0xff,
    0x30, 0x20, 0x08, 0xff, 0x30, 0x20, 0x00, 0xff, 0x28, 0x20, 0x00, 0xff,
    0x30, 0x20, 0x00, 0xff, 0x30, 0x20, 0x08, 0xff, 0x30, 0x1c, 0x00, 0xff,
    0x30, 0x20, 0x08, 0xff, 0x30, 0x1c, 0x00, 0xff, 0x30, 0x20, 0x08, 0xff,
    0x30, 0x20, 0x00, 0xff, 0x28, 0x20, 0x00, 0xff, 0x30, 0x1c, 0x08, 0xff,
    0x30, 0x20, 0x00, 0xff, 0x30, 0x1c, 0x00, 0xff, 0x30, 0x20, 0x08, 0xff,
    0x30, 0x20, 0x00, 0xff, 0x30, 0x20, 0x08, 0xff, 0x30, 0x20, 0x00, 0xff,
    0x28, 0x1c, 0x08, 0xff, 0x30, 0x20, 0x00, 0xff, 0x30, 0x20, 0x00, 0xff,
    0x30, 0x20, 0x00, 0xff, 0x30, 0x20, 0x00, 0xff, 0x30, 0x20, 0x08, 0xff,
    0x30, 0x1c, 0x00, 0xff, 0x30, 0x20, 0x00, 0xff, 0x28, 0x20, 0x00, 0xff,
    0x30, 0x1c, 0x08, 0xff, 0x30, 0x20, 0x00, 0xff, 0x28, 0x20, 0x00, 0xff,
    0x30, 0x20, 0x08, 0xff, 0x30, 0x1c, 0x08, 0xff, 0x30, 0x20, 0x08, 0xff,
    0x30, 0x20, 0x00, 0xff, 0x30, 0x20, 0x08, 0xff, 0x30, 0x20, 0x08, 0xff,
    0x30, 0x20, 0x00, 0xff, 0x30, 0x20, 0x00, 0xff, 0x30, 0x20, 0x00, 0xff,
    0x28, 0x20, 0x08, 0xff, 0x30, 0x20, 0x00, 0xff, 0x30, 0x20, 0x00, 0xff,
    0x30, 0x20, 0x08, 0xff, 0x28, 0x1c, 0x00, 0xff, 0x28, 0x20, 0x00, 0xff,
    0x30, 0x20, 0x08, 0xff, 0x30, 0x1c, 0x08, 0xff, 0x30, 0x20, 0x00, 0xff,
    0x30, 0x1c, 0x08, 0xff, 0x30, 0x20, 0x08, 0xff, 0x30, 0x20, 0x00, 0xff,
    0x28, 0x1c, 0x00, 0xff, 0x30, 0x20, 0x08, 0xff, 0x30, 0x20, 0x00, 0xff,
    0x30, 0x1c, 0x08, 0xff, 0x30, 0x20, 0x08, 0xff, 0x30, 0x20, 0x00, 0xff,
    0x30, 0x20, 0x08, 0xff, 0x30, 0x20, 0x00, 0xff, 0x28, 0x1c, 0x08, 0xff,
    0x30, 0x20, 0x08, 0xff, 0x30, 0x20, 0x00, 0xff, 0x30, 0x20, 0x08, 0xff,
    0x30, 0x20, 0x00, 0xff, 0x30, 0x20, 0x00, 0xff, 0x30, 0x20, 0x00, 0xff,
    0x30, 0x20, 0x08, 0xff, 0x28, 0x1c, 0x00, 0xff, 0x30, 0x20, 0x08, 0xff,
    0x30, 0x20, 0x00, 0xff, 0x30, 0x20, 0x08, 0xff, 0x28, 0x20, 0x00, 0xff,
    0x30, 0x20, 0x00, 0xff, 0x30, 0x20, 0x08, 0xff, 0x28, 0x20, 0x00, 0xff,
    0x28, 0x1c, 0x00, 0xff, 0x30, 0x20, 0x08, 0xff, 0x28, 0x20, 0x00, 0xff,
    0x30, 0x20, 0x00, 0xff, 0x28, 0x20, 0x08, 0xff, 0x30, 0x20, 0x00, 0xff,
    0x30, 0x20, 0x00, 0xff, 0x30, 0x20, 0x00, 0xff, 0x30, 0x20, 0x08, 0xff,
    0x28, 0x20, 0x00, 0xff, 0x30, 0x1c, 0x08, 0xff, 0x30, 0x20, 0x00, 0xff,
    0x30, 0x20, 0x00, 0xff, 0x30, 0x20, 0x08, 0xff, 0x28, 0x20, 0x00, 0xff,
    0x30, 0x20, 0x00, 0xff, 0x28, 0x20, 0x08, 0xff, 0x30, 0x20, 0x00, 0xff,
    0x30, 0x1c, 0x00, 0xff, 0x30, 0x20, 0x00, 0xff, 0x28, 0x20, 0x08, 0xff,
    0x30, 0x20, 0x00, 0xff, 0x30, 0x20, 0x00, 0xff, 0x30, 0x20, 0x08, 0xff,
    0x30, 0x20, 0x08, 0xff, 0x30, 0x20, 0x00, 0xff, 0x30, 0x20, 0x08, 0xff,
    0x28, 0x1c, 0x00, 0xff, 0x30, 0x20, 0x08, 0xff, 0x30, 0x20, 0x00, 0xff,
    0x28, 0x20, 0x00, 0xff, 0x30, 0x20, 0x08, 0xff, 0x30, 0x20, 0x08, 0xff,
    0x28, 0x20, 0x00, 0xff, 0x30, 0x20, 0x08, 0xff, 0x28, 0x1c, 0x00, 0xff,
    0x30, 0x20, 0x00, 0xff, 0x30, 0x20, 0x08, 0xff, 0x30, 0x20, 0x00, 0xff,
    0x30, 0x20, 0x00, 0xff, 0x30, 0x1c, 0x08, 0xff, 0x30, 0x20, 0x00, 0xff,
    0x30, 0x20, 0x08, 0xff, 0x30, 0x20, 0x00, 0xff, 0x30, 0x20, 0x08, 0xff,
    0x30, 0x20, 0x08, 0xff, 0x30, 0x20, 0x00, 0xff, 0x28, 0x20, 0x00, 0xff,
    0x28, 0x20, 0x08, 0xff, 0x30, 0x20, 0x00, 0xff, 0x30, 0x20, 0x00, 0xff,
    0x28, 0x20, 0x08, 0xff, 0x30, 0x20, 0x00, 0xff, 0x30, 0x20, 0x00, 0xff,
    0x30, 0x20, 0x08, 0xff, 0x30, 0x20, 0x00, 0xff, 0x28, 0x1c, 0x08, 0xff,
    0x30, 0x20, 0x00, 0xff, 0x30, 0x20, 0x00, 0xff, 0x30, 0x1c, 0x08, 0xff,
    0x30, 0x20, 0x08, 0xff, 0x30, 0x20, 0x08, 0xff, 0x30, 0x20, 0x00, 0xff,
    0x28, 0x20, 0x00, 0xff, 0x30, 0x20, 0x00, 0xff, 0x30, 0x20, 0x08, 0xff,
    0x28, 0x1c, 0x00, 0xff, 0x30, 0x20, 0x00, 0xff, 0x28, 0x20, 0x08, 0xff,
    0x30, 0x20, 0x00, 0xff, 0x30, 0x20, 0x00, 0xff, 0x30, 0x20, 0x08, 0xff,
    0x30, 0x20, 0x08, 0xff, 0x38, 0x24, 0x08, 0xff, 0x30, 0x24, 0x08, 0xe3,
    0x00, 0x00, 0x00, 0x6d, 0x00, 0x00, 0x00, 0x55, 0x00, 0x00, 0x00, 0x41,
    0x00, 0x00, 0x00, 0x30, 0x00, 0x00, 0x00, 0x20, 0x00, 0x00, 0x00, 0x18,
    0x00, 0x00, 0x00, 0x0c, 0x00, 0x00, 0x00, 0x08, 0x00, 0x00, 0x00, 0x00,
    0x00, 0x00, 0x00, 0x00, 0x00, 0x00, 0x00, 0x08, 0x00, 0x00, 0x00, 0x0c,
    0x00, 0x00, 0x00, 0x14, 0x00, 0x00, 0x00, 0x20, 0x00, 0x00, 0x00, 0x30,
    0x00, 0x00, 0x00, 0x41, 0x00, 0x00, 0x00, 0x55, 0x00, 0x00, 0x00, 0x69,
    0x28, 0x20, 0x08, 0xd7, 0x38, 0x24, 0x08, 0xff, 0x30, 0x24, 0x08, 0xff,
    0x30, 0x20, 0x08, 0xff, 0x30, 0x20, 0x00, 0xff, 0x30, 0x1c, 0x08, 0xff,
    0x30, 0x20, 0x08, 0xff, 0x30, 0x1c, 0x00, 0xff, 0x30, 0x20, 0x08, 0xff,
    0x28, 0x1c, 0x00, 0xff, 0x30, 0x20, 0x00, 0xff, 0x30, 0x1c, 0x00, 0xff,
    0x30, 0x20, 0x00, 0xff, 0x28, 0x20, 0x08, 0xff, 0x30, 0x20, 0x08, 0xff,
    0x30, 0x1c, 0x00, 0xff, 0x30, 0x20, 0x08, 0xff, 0x30, 0x20, 0x00, 0xff,
    0x28, 0x1c, 0x00, 0xff, 0x30, 0x20, 0x08, 0xff, 0x30, 0x20, 0x08, 0xff,
    0x30, 0x20, 0x00, 0xff, 0x30, 0x20, 0x00, 0xff, 0x28, 0x1c, 0x08, 0xff,
    0x30, 0x20, 0x08, 0xff, 0x30, 0x20, 0x00, 0xff, 0x30, 0x1c, 0x08, 0xff,
    0x30, 0x20, 0x00, 0xff, 0x28, 0x20, 0x00, 0xff, 0x30, 0x20, 0x00, 0xff,
    0x30, 0x20, 0x08, 0xff, 0x30, 0x20, 0x00, 0xff, 0x30, 0x20, 0x00, 0xff,
    0x30, 0x20, 0x08, 0xff, 0x30, 0x20, 0x08, 0xff, 0x30, 0x20, 0x00, 0xff,
    0x28, 0x20, 0x00, 0xff, 0x30, 0x20, 0x08, 0xff, 0x28, 0x20, 0x00, 0xff,
    0x28, 0x20, 0x00, 0xff, 0x30, 0x20, 0x08, 0xff, 0x30, 0x20, 0x08, 0xff,
    0x30, 0x20, 0x00, 0xff, 0x30, 0x1c, 0x08, 0xff, 0x28, 0x20, 0x00, 0xff,
    0x28, 0x20, 0x00, 0xff, 0x30, 0x20, 0x08, 0xff, 0x30, 0x20, 0x00, 0xff,
    0x28, 0x20, 0x00, 0xff, 0x30, 0x20, 0x08, 0xff, 0x30, 0x20, 0x00, 0xff,
    0x30, 0x1c, 0x00, 0xff, 0x30, 0x20, 0x00, 0xff, 0x30, 0x20, 0x00, 0xff,
    0x30, 0x20, 0x00, 0xff, 0x28, 0x20, 0x00, 0xff, 0x30, 0x1c, 0x08, 0xff,
    0x30, 0x20, 0x00, 0xff, 0x30, 0x1c, 0x08, 0xff, 0x28, 0x20, 0x08, 0xff,
    0x30, 0x1c, 0x00, 0xff, 0x30, 0x20, 0x00, 0xff, 0x28, 0x20, 0x08, 0xff,
    0x30, 0x1c, 0x00, 0xff, 0x30, 0x20, 0x08, 0xff, 0x30, 0x20, 0x00, 0xff,
    0x30, 0x20, 0x08, 0xff, 0x30, 0x20, 0x00, 0xff, 0x30, 0x20, 0x08, 0xff,
    0x30, 0x20, 0x00, 0xff, 0x28, 0x20, 0x00, 0xff, 0x30, 0x20, 0x00, 0xff,
    0x28, 0x1c, 0x08, 0xff, 0x30, 0x20, 0x00, 0xff, 0x30, 0x20, 0x00, 0xff,
    0x30, 0x20, 0x08, 0xff, 0x30, 0x20, 0x00, 0xff, 0x28, 0x20, 0x00, 0xff,
    0x30, 0x20, 0x00, 0xff, 0x28, 0x1c, 0x08, 0xff, 0x30, 0x20, 0x00, 0xff,
    0x30, 0x20, 0x08, 0xff, 0x30, 0x20, 0x00, 0xff, 0x28, 0x20, 0x00, 0xff,
    0x30, 0x1c, 0x08, 0xff, 0x30, 0x20, 0x00, 0xff, 0x28, 0x1c, 0x08, 0xff,
    0x30, 0x20, 0x00, 0xff, 0x30, 0x20, 0x00, 0xff, 0x28, 0x1c, 0x00, 0xff,
    0x30, 0x20, 0x08, 0xff, 0x30, 0x20, 0x00, 0xff, 0x30, 0x1c, 0x00, 0xff,
    0x30, 0x20, 0x08, 0xff, 0x30, 0x20, 0x00, 0xff, 0x30, 0x20, 0x00, 0xff,
    0x30, 0x20, 0x08, 0xff, 0x30, 0x20, 0x00, 0xff, 0x30, 0x20, 0x00, 0xff,
    0x30, 0x20, 0x08, 0xff, 0x30, 0x20, 0x00, 0xff, 0x30, 0x20, 0x08, 0xff,
    0x30, 0x20, 0x00, 0xff, 0x30, 0x20, 0x08, 0xff, 0x30, 0x1c, 0x00, 0xff,
    0x30, 0x20, 0x08, 0xff, 0x30, 0x20, 0x00, 0xff, 0x30, 0x20, 0x00, 0xff,
    0x30, 0x20, 0x08, 0xff, 0x30, 0x1c, 0x00, 0xff, 0x28, 0x20, 0x08, 0xff,
    0x30, 0x20, 0x00, 0xff, 0x30, 0x20, 0x08, 0xff, 0x30, 0x1c, 0x00, 0xff,
    0x30, 0x20, 0x08, 0xff, 0x28, 0x20, 0x08, 0xff, 0x30, 0x20, 0x00, 0xff,
    0x30, 0x20, 0x08, 0xff, 0x30, 0x20, 0x00, 0xff, 0x30, 0x1c, 0x08, 0xff,
    0x30, 0x20, 0x00, 0xff, 0x30, 0x20, 0x00, 0xff, 0x28, 0x1c, 0x00, 0xff,
    0x30, 0x20, 0x08, 0xff, 0x30, 0x20, 0x00, 0xff, 0x30, 0x20, 0x08, 0xff,
    0x30, 0x20, 0x00, 0xff, 0x30, 0x1c, 0x00, 0xff, 0x30, 0x20, 0x08, 0xff,
    0x30, 0x20, 0x00, 0xff, 0x30, 0x1c, 0x00, 0xff, 0x30, 0x20, 0x08, 0xff,
    0x30, 0x20, 0x08, 0xff, 0x30, 0x20, 0x00, 0xff, 0x28, 0x1c, 0x00, 0xff,
    0x30, 0x20, 0x08, 0xff, 0x28, 0x20, 0x00, 0xff, 0x28, 0x1c, 0x00, 0xff,
    0x30, 0x20, 0x08, 0xff, 0x28, 0x20, 0x00, 0xff, 0x30, 0x20, 0x00, 0xff,
    0x30, 0x1c, 0x08, 0xff, 0x28, 0x20, 0x00, 0xff, 0x30, 0x20, 0x08, 0xff,
    0x30, 0x20, 0x00, 0xff, 0x30, 0x1c, 0x08, 0xff, 0x30, 0x20, 0x00, 0xff,
    0x30, 0x20, 0x08, 0xff, 0x30, 0x20, 0x00, 0xff, 0x28, 0x20, 0x00, 0xff,
    0x30, 0x20, 0x08, 0xff, 0x30, 0x1c, 0x00, 0xff, 0x30, 0x20, 0x00, 0xff,
    0x30, 0x20, 0x08, 0xff, 0x30, 0x20, 0x00, 0xff, 0x28, 0x20, 0x00, 0xff,
    0x30, 0x20, 0x08, 0xff, 0x28, 0x20, 0x00, 0xff, 0x30, 0x20, 0x08, 0xff,
    0x30, 0x20, 0x00, 0xff, 0x30, 0x20, 0x00, 0xff, 0x30, 0x1c, 0x08, 0xff,
    0x30, 0x20, 0x00, 0xff, 0x30, 0x20, 0x00, 0xff, 0x30, 0x20, 0x00, 0xff,
    0x30, 0x20, 0x08, 0xff, 0x30, 0x1c, 0x08, 0xff, 0x30, 0x20, 0x00, 0xff,
    0x30, 0x20, 0x00, 0xff, 0x30, 0x20, 0x08, 0xff, 0x30, 0x20, 0x08, 0xff,
    0x38, 0x24, 0x08, 0xff, 0x28, 0x20, 0x08, 0xd7, 0x00, 0x00, 0x00, 0x69,
    0x00, 0x00, 0x00, 0x55, 0x00, 0x00, 0x00, 0x41, 0x00, 0x00, 0x00, 0x30,
    0x00, 0x00, 0x00, 0x20, 0x00, 0x00, 0x00, 0x14, 0x00, 0x00, 0x00, 0x0c,
    0x00, 0x00, 0x00, 0x08, 0x00, 0x00, 0x00, 0x00, 0x00, 0x00, 0x00, 0x00,
    0x00, 0x00, 0x00, 0x04, 0x00, 0x00, 0x00, 0x0c, 0x00, 0x00, 0x00, 0x14,
    0x00, 0x00, 0x00, 0x20, 0x00, 0x00, 0x00, 0x30, 0x00, 0x00, 0x00, 0x41,
    0x00, 0x00, 0x00, 0x51, 0x00, 0x00, 0x00, 0x69, 0x28, 0x20, 0x08, 0xcf,
    0x30, 0x24, 0x08, 0xff, 0x30, 0x20, 0x08, 0xff, 0x30, 0x20, 0x08, 0xff,
    0x30, 0x20, 0x00, 0xff, 0x30, 0x20, 0x00, 0xff, 0x30, 0x20, 0x08, 0xff,
    0x30, 0x20, 0x00, 0xff, 0x28, 0x20, 0x08, 0xff, 0x30, 0x20, 0x08, 0xff,
    0x30, 0x20, 0x00, 0xff, 0x30, 0x20, 0x08, 0xff, 0x30, 0x1c, 0x00, 0xff,
    0x30, 0x20, 0x00, 0xff, 0x28, 0x20, 0x00, 0xff, 0x30, 0x20, 0x08, 0xff,
    0x30, 0x20, 0x00, 0xff, 0x30, 0x20, 0x00, 0xff, 0x30, 0x1c, 0x08, 0xff,
    0x30, 0x20, 0x00, 0xff, 0x28, 0x20, 0x00, 0xff, 0x30, 0x1c, 0x08, 0xff,
    0x30, 0x20, 0x00, 0xff, 0x30, 0x20, 0x00, 0xff, 0x30, 0x20, 0x00, 0xff,
    0x30, 0x20, 0x08, 0xff, 0x30, 0x20, 0x00, 0xff, 0x30, 0x20, 0x08, 0xff,
    0x28, 0x20, 0x00, 0xff, 0x30, 0x20, 0x00, 0xff, 0x28, 0x20, 0x08, 0xff,
    0x28, 0x1c, 0x00, 0xff, 0x30, 0x20, 0x00, 0xff, 0x30, 0x20, 0x08, 0xff,
    0x28, 0x20, 0x00, 0xff, 0x30, 0x20, 0x00, 0xff, 0x30, 0x20, 0x08, 0xff,
    0x30, 0x1c, 0x08, 0xff, 0x30, 0x20, 0x00, 0xff, 0x30, 0x1c, 0x00, 0xff,
    0x30, 0x20, 0x00, 0xff, 0x28, 0x20, 0x00, 0xff, 0x30, 0x20, 0x08, 0xff,
    0x30, 0x20, 0x00, 0xff, 0x30, 0x1c, 0x08, 0xff, 0x30, 0x20, 0x00, 0xff,
    0x30, 0x20, 0x00, 0xff, 0x30, 0x1c, 0x08, 0xff, 0x30, 0x20, 0x08, 0xff,
    0x30, 0x20, 0x00, 0xff, 0x30, 0x20, 0x08, 0xff, 0x30, 0x20, 0x08, 0xff,
    0x28, 0x20, 0x08, 0xff, 0x30, 0x1c, 0x00, 0xff, 0x30, 0x20, 0x00, 0xff,
    0x30, 0x20, 0x08, 0xff, 0x30, 0x20, 0x00, 0xff, 0x28, 0x20, 0x00, 0xff,
    0x30, 0x20, 0x00, 0xff, 0x30, 0x20, 0x08, 0xff, 0x30, 0x20, 0x00, 0xff,
    0x30, 0x1c, 0x08, 0xff, 0x30, 0x20, 0x00, 0xff, 0x30, 0x20, 0x00, 0xff,
    0x28, 0x20, 0x00, 0xff, 0x30, 0x1c, 0x08, 0xff, 0x30, 0x20, 0x00, 0xff,
    0x30, 0x20, 0x00, 0xff, 0x30, 0x1c, 0x00, 0xff, 0x30, 0x20, 0x08, 0xff,
    0x30, 0x20, 0x00, 0xff, 0x28, 0x20, 0x00, 0xff, 0x30, 0x20, 0x08, 0xff,
    0x30, 0x20, 0x00, 0xff, 0x30, 0x20, 0x00, 0xff, 0x28, 0x1c, 0x08, 0xff,
    0x30, 0x20, 0x00, 0xff, 0x30, 0x20, 0x00, 0xff, 0x30, 0x1c, 0x08, 0xff,
    0x30, 0x20, 0x00, 0xff, 0x28, 0x20, 0x00, 0xff, 0x30, 0x20, 0x00, 0xff,
    0x30, 0x20, 0x00, 0xff, 0x30, 0x20, 0x00, 0xff, 0x30, 0x20, 0x00, 0xff,
    0x30, 0x20, 0x08, 0xff, 0x28, 0x20, 0x00, 0xff, 0x30, 0x1c, 0x08, 0xff,
    0x30, 0x20, 0x08, 0xff, 0x30, 0x20, 0x00, 0xff, 0x30, 0x20, 0x00, 0xff,
    0x28, 0x20, 0x08, 0xff, 0x30, 0x20, 0x00, 0xff, 0x28, 0x1c, 0x08, 0xff,
    0x30, 0x20, 0x00, 0xff, 0x28, 0x1c, 0x08, 0xff, 0x30, 0x20, 0x08, 0xff,
    0x30, 0x1c, 0x00, 0xff, 0x30, 0x20, 0x08, 0xff, 0x30, 0x1c, 0x00, 0xff,
    0x28, 0x20, 0x00, 0xff, 0x30, 0x20, 0x08, 0xff, 0x30, 0x20, 0x00, 0xff,
    0x28, 0x20, 0x00, 0xff, 0x30, 0x20, 0x08, 0xff, 0x30, 0x1c, 0x00, 0xff,
    0x28, 0x20, 0x00, 0xff, 0x30, 0x20, 0x08, 0xff, 0x30, 0x20, 0x00, 0xff,
    0x30, 0x20, 0x00, 0xff, 0x28, 0x20, 0x08, 0xff, 0x30, 0x20, 0x00, 0xff,
    0x30, 0x20, 0x00, 0xff, 0x30, 0x20, 0x00, 0xff, 0x30, 0x1c, 0x00, 0xff,
    0x30, 0x20, 0x00, 0xff, 0x30, 0x20, 0x08, 0xff, 0x30, 0x20, 0x00, 0xff,
    0x28, 0x20, 0x08, 0xff, 0x30, 0x20, 0x00, 0xff, 0x30, 0x20, 0x08, 0xff,
    0x30, 0x20, 0x00, 0xff, 0x28, 0x1c, 0x00, 0xff, 0x30, 0x20, 0x08, 0xff,
    0x30, 0x20, 0x00, 0xff, 0x28, 0x20, 0x00, 0xff, 0x30, 0x20, 0x08, 0xff,
    0x30, 0x20, 0x00, 0xff, 0x28, 0x20, 0x08, 0xff, 0x30, 0x20, 0x00, 0xff,
    0x30, 0x20, 0x00, 0xff, 0x30, 0x20, 0x00, 0xff, 0x30, 0x20, 0x08, 0xff,
    0x30, 0x20, 0x00, 0xff, 0x30, 0x20, 0x00, 0xff, 0x30, 0x20, 0x08, 0xff,
    0x30, 0x20, 0x00, 0xff, 0x30, 0x20, 0x08, 0xff, 0x30, 0x20, 0x00, 0xff,
    0x30, 0x20, 0x08, 0xff, 0x28, 0x20, 0x00, 0xff, 0x30, 0x20, 0x00, 0xff,
    0x30, 0x1c, 0x00, 0xff, 0x28, 0x20, 0x00, 0xff, 0x30, 0x20, 0x08, 0xff,
    0x30, 0x20, 0x00, 0xff, 0x30, 0x1c, 0x00, 0xff, 0x30, 0x20, 0x08, 0xff,
    0x30, 0x20, 0x00, 0xff, 0x30, 0x20, 0x08, 0xff, 0x30, 0x1c, 0x08, 0xff,
    0x28, 0x20, 0x00, 0xff, 0x28, 0x20, 0x00, 0xff, 0x30, 0x20, 0x08, 0xff,
    0x30, 0x20, 0x00, 0xff, 0x30, 0x1c, 0x08, 0xff, 0x30, 0x20, 0x00, 0xff,
    0x30, 0x1c, 0x00, 0xff, 0x30, 0x20, 0x00, 0xff, 0x30, 0x20, 0x08, 0xff,
    0x28, 0x1c, 0x00, 0xff, 0x30, 0x20, 0x08, 0xff, 0x30, 0x20, 0x08, 0xff,
    0x28, 0x1c, 0x00, 0xff, 0x30, 0x20, 0x08, 0xff, 0x30, 0x20, 0x00, 0xff,
    0x28, 0x20, 0x00, 0xff, 0x30, 0x20, 0x08, 0xff, 0x30, 0x20, 0x00, 0xff,
    0x30, 0x20, 0x00, 0xff, 0x30, 0x24, 0x08, 0xff, 0x30, 0x24, 0x08, 0xff,
    0x28, 0x20, 0x08, 0xcf, 0x00, 0x00, 0x00, 0x69, 0x00, 0x00, 0x00, 0x51,
    0x00, 0x00, 0x00, 0x41, 0x00, 0x00, 0x00, 0x30, 0x00, 0x00, 0x00, 0x20,
    0x00, 0x00, 0x00, 0x14, 0x00, 0x00, 0x00, 0x0c, 0x00, 0x00, 0x00, 0x04,
    0x00, 0x00, 0x00, 0x00, 0x00, 0x00, 0x00, 0x00, 0x00, 0x00, 0x00, 0x04,
    0x00, 0x00, 0x00, 0x0c, 0x00, 0x00, 0x00, 0x14, 0x00, 0x00, 0x00, 0x20,
    0x00, 0x00, 0x00, 0x2c, 0x00, 0x00, 0x00, 0x3c, 0x00, 0x00, 0x00, 0x51,
    0x00, 0x00, 0x00, 0x65, 0x28, 0x1c, 0x08, 0xc3, 0x38, 0x24, 0x08, 0xff,
    0x30, 0x24, 0x08, 0xff, 0x30, 0x20, 0x08, 0xff, 0x30, 0x20, 0x00, 0xff,
    0x28, 0x20, 0x00, 0xff, 0x30, 0x1c, 0x00, 0xff, 0x30, 0x20, 0x00, 0xff,
    0x30, 0x20, 0x00, 0xff, 0x30, 0x20, 0x00, 0xff, 0x28, 0x20, 0x08, 0xff,
    0x30, 0x20, 0x00, 0xff, 0x30, 0x20, 0x08, 0xff, 0x30, 0x20, 0x00, 0xff,
    0x30, 0x1c, 0x00, 0xff, 0x28, 0x20, 0x08, 0xff, 0x30, 0x20, 0x00, 0xff,
    0x30, 0x20, 0x00, 0xff, 0x30, 0x20, 0x08, 0xff, 0x30, 0x20, 0x00, 0xff,
    0x28, 0x20, 0x00, 0xff, 0x30, 0x20, 0x08, 0xff, 0x30, 0x1c, 0x00, 0xff,
    0x28, 0x20, 0x00, 0xff, 0x30, 0x20, 0x08, 0xff, 0x30, 0x20, 0x00, 0xff,
    0x28, 0x1c, 0x00, 0xff, 0x30, 0x20, 0x08, 0xff, 0x30, 0x1c, 0x08, 0xff,
    0x30, 0x20, 0x00, 0xff, 0x30, 0x20, 0x08, 0xff, 0x30, 0x1c, 0x00, 0xff,
    0x30, 0x20, 0x08, 0xff, 0x30, 0x20, 0x00, 0xff, 0x30, 0x1c, 0x00, 0xff,
    0x28, 0x20, 0x08, 0xff, 0x30, 0x20, 0x00, 0xff, 0x30, 0x1c, 0x00, 0xff,
    0x30, 0x20, 0x08, 0xff, 0x30, 0x20, 0x08, 0xff, 0x30, 0x20, 0x00, 0xff,
    0x28, 0x1c, 0x00, 0xff, 0x30, 0x20, 0x08, 0xff, 0x30, 0x20, 0x00, 0xff,
    0x30, 0x20, 0x00, 0xff, 0x30, 0x20, 0x08, 0xff, 0x28, 0x1c, 0x00, 0xff,
    0x30, 0x20, 0x00, 0xff, 0x30, 0x20, 0x00, 0xff, 0x28, 0x1c, 0x00, 0xff,
    0x30, 0x20, 0x08, 0xff, 0x30, 0x20, 0x00, 0xff, 0x28, 0x1c, 0x00, 0xff,
    0x30, 0x20, 0x08, 0xff, 0x30, 0x20, 0x08, 0xff, 0x28, 0x1c, 0x00, 0xff,
    0x30, 0x20, 0x08, 0xff, 0x30, 0x20, 0x00, 0xff, 0x28, 0x1c, 0x00, 0xff,
    0x30, 0x20, 0x00, 0xff, 0x30, 0x20, 0x08, 0xff, 0x28, 0x20, 0x00, 0xff,
    0x30, 0x20, 0x00, 0xff, 0x30, 0x20, 0x08, 0xff, 0x30, 0x20, 0x00, 0xff,
    0x28, 0x1c, 0x00, 0xff, 0x30, 0x20, 0x08, 0xff, 0x28, 0x20, 0x00, 0xff,
    0x28, 0x20, 0x08, 0xff, 0x30, 0x1c, 0x00, 0xff, 0x30, 0x20, 0x08, 0xff,
    0x30, 0x1c, 0x00, 0xff, 0x30, 0x20, 0x08, 0xff, 0x30, 0x20, 0x00, 0xff,
    0x28, 0x1c, 0x08, 0xff, 0x30, 0x20, 0x00, 0xff, 0x30, 0x20, 0x08, 0xff,
    0x30, 0x20, 0x00, 0xff, 0x30, 0x20, 0x08, 0xff, 0x30, 0x20, 0x00, 0xff,
    0x30, 0x1c, 0x08, 0xff, 0x30, 0x20, 0x08, 0xff, 0x28, 0x1c, 0x08, 0xff,
    0x30, 0x20, 0x00, 0xff, 0x30, 0x20, 0x08, 0xff, 0x30, 0x20, 0x00, 0xff,
    0x30, 0x20, 0x00, 0xff, 0x30, 0x20, 0x08, 0xff, 0x30, 0x20, 0x00, 0xff,
    0x30, 0x20, 0x08, 0xff, 0x30, 0x1c, 0x00, 0xff, 0x30, 0x20, 0x00, 0xff,
    0x30, 0x20, 0x08, 0xff, 0x30, 0x20, 0x00, 0xff, 0x30, 0x20, 0x00, 0xff,
    0x30, 0x20, 0x00, 0xff, 0x28, 0x20, 0x00, 0xff, 0x30, 0x20, 0x08, 0xff,
    0x30, 0x20, 0x00, 0xff, 0x28, 0x20, 0x00, 0xff, 0x30, 0x1c, 0x08, 0xff,
    0x30, 0x20, 0x00, 0xff, 0x30, 0x1c, 0x08, 0xff, 0x28, 0x20, 0x00, 0xff,
    0x30, 0x20, 0x00, 0xff, 0x30, 0x20, 0x08, 0xff, 0x28, 0x1c, 0x00, 0xff,
    0x30, 0x20, 0x08, 0xff, 0x30, 0x20, 0x08, 0xff, 0x28, 0x1c, 0x00, 0xff,
    0x30, 0x20, 0x00, 0xff, 0x30, 0x20, 0x08, 0xff, 0x30, 0x1c, 0x00, 0xff,
    0x30, 0x20, 0x08, 0xff, 0x28, 0x20, 0x08, 0xff, 0x30, 0x1c, 0x00, 0xff,
    0x30, 0x20, 0x00, 0xff, 0x30, 0x20, 0x00, 0xff, 0x30, 0x20, 0x00, 0xff,
    0x30, 0x1c, 0x08, 0xff, 0x30, 0x20, 0x00, 0xff, 0x30, 0x20, 0x08, 0xff,
    0x30, 0x20, 0x08, 0xff, 0x30, 0x1c, 0x00, 0xff, 0x30, 0x20, 0x00, 0xff,
    0x30, 0x20, 0x08, 0xff, 0x28, 0x20, 0x00, 0xff, 0x30, 0x1c, 0x00, 0xff,
    0x30, 0x20, 0x08, 0xff, 0x28, 0x20, 0x08, 0xff, 0x30, 0x1c, 0x00, 0xff,
    0x28, 0x20, 0x00, 0xff, 0x30, 0x20, 0x08, 0xff, 0x30, 0x1c, 0x00, 0xff,
    0x30, 0x20, 0x08, 0xff, 0x28, 0x1c, 0x00, 0xff, 0x30, 0x20, 0x00, 0xff,
    0x30, 0x20, 0x08, 0xff, 0x30, 0x20, 0x00, 0xff, 0x30, 0x1c, 0x00, 0xff,
    0x30, 0x20, 0x08, 0xff, 0x30, 0x20, 0x08, 0xff, 0x30, 0x20, 0x00, 0xff,
    0x30, 0x1c, 0x00, 0xff, 0x28, 0x20, 0x08, 0xff, 0x30, 0x20, 0x00, 0xff,
    0x30, 0x20, 0x00, 0xff, 0x30, 0x20, 0x08, 0xff, 0x28, 0x20, 0x00, 0xff,
    0x30, 0x1c, 0x00, 0xff, 0x30, 0x20, 0x00, 0xff, 0x30, 0x20, 0x08, 0xff,
    0x30, 0x20, 0x00, 0xff, 0x30, 0x20, 0x00, 0xff, 0x30, 0x1c, 0x08, 0xff,
    0x30, 0x20, 0x00, 0xff, 0x28, 0x20, 0x00, 0xff, 0x30, 0x20, 0x08, 0xff,
    0x30, 0x20, 0x00, 0xff, 0x30, 0x20, 0x00, 0xff, 0x30, 0x20, 0x08, 0xff,
    0x30, 0x20, 0x00, 0xff, 0x28, 0x20, 0x00, 0xff, 0x30, 0x20, 0x08, 0xff,
    0x30, 0x1c, 0x00, 0xff, 0x30, 0x20, 0x00, 0xff, 0x28, 0x20, 0x00, 0xff,
    0x30, 0x1c, 0x08, 0xff, 0x30, 0x20, 0x00, 0xff, 0x30, 0x20, 0x08, 0xff,
    0x30, 0x24, 0x08, 0xff, 0x30, 0x24, 0x08, 0xff, 0x28, 0x1c, 0x08, 0xc3,
    0x00, 0x00, 0x00, 0x65, 0x00, 0x00, 0x00, 0x51, 0x00, 0x00, 0x00, 0x3c,
    0x00, 0x00, 0x00, 0x2c, 0x00, 0x00, 0x00, 0x20, 0x00, 0x00, 0x00, 0x14,
    0x00, 0x00, 0x00, 0x0c, 0x00, 0x00, 0x00, 0x04, 0x00, 0x00, 0x00, 0x00,
    0x00, 0x00, 0x00, 0x00, 0x00, 0x00, 0x00, 0x04, 0x00, 0x00, 0x00, 0x0c,
    0x00, 0x00, 0x00, 0x14, 0x00, 0x00, 0x00, 0x1c, 0x00, 0x00, 0x00, 0x2c,
    0x00, 0x00, 0x00, 0x3c, 0x00, 0x00, 0x00, 0x4d, 0x00, 0x00, 0x00, 0x61,
    0x20, 0x18, 0x08, 0xb2, 0x38, 0x24, 0x08, 0xff, 0x30, 0x24, 0x08, 0xff,
    0x30, 0x20, 0x08, 0xff, 0x30, 0x20, 0x00, 0xff, 0x30, 0x20, 0x08, 0xff,
    0x28, 0x1c, 0x08, 0xff, 0x30, 0x20, 0x00, 0xff, 0x30, 0x20, 0x08, 0xff,
    0x28, 0x1c, 0x00, 0xff, 0x30, 0x1c, 0x00, 0xff, 0x30, 0x20, 0x08, 0xff,
    0x30, 0x20, 0x00, 0xff, 0x28, 0x1c, 0x08, 0xff, 0x30, 0x1c, 0x00, 0xff,
    0x30, 0x20, 0x00, 0xff, 0x30, 0x1c, 0x08, 0xff, 0x28, 0x1c, 0x00, 0xff,
    0x30, 0x20, 0x08, 0xff, 0x30, 0x20, 0x00, 0xff, 0x30, 0x1c, 0x00, 0xff,
    0x30, 0x20, 0x08, 0xff, 0x28, 0x20, 0x00, 0xff, 0x30, 0x20, 0x08, 0xff,
    0x30, 0x20, 0x08, 0xff, 0x28, 0x1c, 0x00, 0xff, 0x30, 0x20, 0x00, 0xff,
    0x30, 0x20, 0x00, 0xff, 0x30, 0x20, 0x00, 0xff, 0x28, 0x1c, 0x08, 0xff,
    0x30, 0x20, 0x00, 0xff, 0x30, 0x20, 0x00, 0xff, 0x28, 0x20, 0x08, 0xff,
    0x30, 0x1c, 0x00, 0xff, 0x30, 0x20, 0x00, 0xff, 0x30, 0x20, 0x08, 0xff,
    0x28, 0x20, 0x00, 0xff, 0x30, 0x20, 0x00, 0xff, 0x28, 0x20, 0x08, 0xff,
    0x30, 0x20, 0x00, 0xff, 0x30, 0x1c, 0x00, 0xff, 0x30, 0x20, 0x08, 0xff,
    0x30, 0x20, 0x00, 0xff, 0x30, 0x1c, 0x00, 0xff, 0x28, 0x20, 0x08, 0xff,
    0x30, 0x20, 0x08, 0xff, 0x30, 0x20, 0x00, 0xff, 0x30, 0x20, 0x08, 0xff,
    0x30, 0x20, 0x00, 0xff, 0x28, 0x1c, 0x00, 0xff, 0x30, 0x20, 0x08, 0xff,
    0x30, 0x20, 0x00, 0xff, 0x30, 0x20, 0x00, 0xff, 0x30, 0x20, 0x00, 0xff,
    0x28, 0x20, 0x00, 0xff, 0x30, 0x1c, 0x08, 0xff, 0x30, 0x20, 0x00, 0xff,
    0x30, 0x20, 0x08, 0xff, 0x30, 0x20, 0x00, 0xff, 0x30, 0x1c, 0x08, 0xff,
    0x28, 0x20, 0x00, 0xff, 0x30, 0x20, 0x00, 0xff, 0x30, 0x1c, 0x08, 0xff,
    0x30, 0x20, 0x08, 0xff, 0x30, 0x20, 0x00, 0xff, 0x30, 0x20, 0x08, 0xff,
    0x30, 0x20, 0x00, 0xff, 0x30, 0x20, 0x08, 0xff, 0x30, 0x1c, 0x00, 0xff,
    0x30, 0x20, 0x00, 0xff, 0x30, 0x20, 0x00, 0xff, 0x28, 0x20, 0x08, 0xff,
    0x30, 0x1c, 0x00, 0xff, 0x30, 0x20, 0x00, 0xff, 0x30, 0x20, 0x08, 0xff,
    0x30, 0x20, 0x00, 0xff, 0x30, 0x20, 0x00, 0xff, 0x28, 0x1c, 0x08, 0xff,
    0x30, 0x20, 0x00, 0xff, 0x30, 0x1c, 0x00, 0xff, 0x30, 0x20, 0x00, 0xff,
    0x30, 0x20, 0x08, 0xff, 0x30, 0x20, 0x00, 0xff, 0x28, 0x1c, 0x00, 0xff,
    0x30, 0x20, 0x08, 0xff, 0x30, 0x1c, 0x00, 0xff, 0x28, 0x1c, 0x00, 0xff,
    0x30, 0x20, 0x00, 0xff, 0x28, 0x20, 0x08, 0xff, 0x28, 0x1c, 0x00, 0xff,
    0x30, 0x20, 0x00, 0xff, 0x30, 0x20, 0x08, 0xff, 0x28, 0x1c, 0x00, 0xff,
    0x30, 0x20, 0x00, 0xff, 0x30, 0x20, 0x08, 0xff, 0x30, 0x1c, 0x00, 0xff,
    0x30, 0x20, 0x00, 0xff, 0x28, 0x20, 0x08, 0xff, 0x30, 0x1c, 0x00, 0xff,
    0x30, 0x20, 0x00, 0xff, 0x30, 0x20, 0x08, 0xff, 0x30, 0x20, 0x00, 0xff,
    0x30, 0x20, 0x00, 0xff, 0x30, 0x1c, 0x08, 0xff, 0x30, 0x20, 0x00, 0xff,
    0x30, 0x20, 0x00, 0xff, 0x30, 0x20, 0x08, 0xff, 0x30, 0x1c, 0x00, 0xff,
    0x30, 0x20, 0x00, 0xff, 0x30, 0x20, 0x00, 0xff, 0x30, 0x20, 0x08, 0xff,
    0x30, 0x20, 0x00, 0xff, 0x28, 0x1c, 0x00, 0xff, 0x30, 0x20, 0x08, 0xff,
    0x30, 0x20, 0x00, 0xff, 0x28, 0x20, 0x08, 0xff, 0x30, 0x1c, 0x08, 0xff,
    0x28, 0x20, 0x00, 0xff, 0x30, 0x20, 0x08, 0xff, 0x28, 0x1c, 0x00, 0xff,
    0x28, 0x20, 0x00, 0xff, 0x30, 0x20, 0x00, 0xff, 0x30, 0x20, 0x08, 0xff,
    0x28, 0x20, 0x00, 0xff, 0x30, 0x1c, 0x00, 0xff, 0x30, 0x20, 0x08, 0xff,
    0x30, 0x20, 0x00, 0xff, 0x30, 0x1c, 0x00, 0xff, 0x30, 0x20, 0x00, 0xff,
    0x30, 0x20, 0x08, 0xff, 0x30, 0x1c, 0x00, 0xff, 0x30, 0x20, 0x08, 0xff,
    0x28, 0x20, 0x00, 0xff, 0x30, 0x20, 0x00, 0xff, 0x30, 0x1c, 0x08, 0xff,
    0x30, 0x20, 0x00, 0xff, 0x28, 0x1c, 0x00, 0xff, 0x30, 0x20, 0x08, 0xff,
    0x28, 0x20, 0x00, 0xff, 0x30, 0x1c, 0x08, 0xff, 0x30, 0x20, 0x00, 0xff,
    0x30, 0x20, 0x00, 0xff, 0x28, 0x20, 0x08, 0xff, 0x30, 0x20, 0x08, 0xff,
    0x30, 0x1c, 0x00, 0xff, 0x30, 0x20, 0x00, 0xff, 0x28, 0x20, 0x08, 0xff,
    0x30, 0x1c, 0x00, 0xff, 0x30, 0x20, 0x00, 0xff, 0x28, 0x20, 0x08, 0xff,
    0x30, 0x20, 0x00, 0xff, 0x30, 0x1c, 0x00, 0xff, 0x30, 0x20, 0x08, 0xff,
    0x28, 0x20, 0x00, 0xff, 0x30, 0x20, 0x08, 0xff, 0x30, 0x20, 0x08, 0xff,
    0x30, 0x1c, 0x00, 0xff, 0x28, 0x20, 0x08, 0xff, 0x30, 0x20, 0x00, 0xff,
    0x28, 0x1c, 0x00, 0xff, 0x30, 0x20, 0x08, 0xff, 0x30, 0x1c, 0x00, 0xff,
    0x30, 0x20, 0x00, 0xff, 0x30, 0x20, 0x08, 0xff, 0x30, 0x20, 0x00, 0xff,
    0x28, 0x20, 0x08, 0xff, 0x30, 0x1c, 0x08, 0xff, 0x30, 0x20, 0x00, 0xff,
    0x30, 0x20, 0x00, 0xff, 0x30, 0x20, 0x08, 0xff, 0x30, 0x24, 0x08, 0xff,
    0x38, 0x24, 0x08, 0xff, 0x20, 0x18, 0x08, 0xae, 0x00, 0x00, 0x00, 0x65,
    0x00, 0x00, 0x00, 0x4d, 0x00, 0x00, 0x00, 0x3c, 0x00, 0x00, 0x00, 0x2c,
    0x00, 0x00, 0x00, 0x1c, 0x00, 0x00, 0x00, 0x14, 0x00, 0x00, 0x00, 0x0c,
    0x00, 0x00, 0x00, 0x04, 0x00, 0x00, 0x00, 0x00, 0x00, 0x00, 0x00, 0x00,
    0x00, 0x00, 0x00, 0x04, 0x00, 0x00, 0x00, 0x08, 0x00, 0x00, 0x00, 0x10,
    0x00, 0x00, 0x00, 0x1c, 0x00, 0x00, 0x00, 0x2c, 0x00, 0x00, 0x00, 0x38,
    0x00, 0x00, 0x00, 0x4d, 0x00, 0x00, 0x00, 0x61, 0x18, 0x10, 0x08, 0x9e,
    0x30, 0x24, 0x08, 0xff, 0x30, 0x24, 0x08, 0xff, 0x30, 0x20, 0x08, 0xff,
    0x30, 0x20, 0x00, 0xff, 0x30, 0x20, 0x00, 0xff, 0x30, 0x1c, 0x08, 0xff,
    0x28, 0x20, 0x00, 0xff, 0x30, 0x20, 0x08, 0xff, 0x30, 0x20, 0x00, 0xff,
    0x30, 0x20, 0x00, 0xff, 0x30, 0x20, 0x08, 0xff, 0x28, 0x20, 0x00, 0xff,
    0x30, 0x20, 0x00, 0xff, 0x30, 0x20, 0x08, 0xff, 0x30, 0x20, 0x00, 0xff,
    0x28, 0x1c, 0x00, 0xff, 0x30, 0x20, 0x08, 0xff, 0x30, 0x20, 0x00, 0xff,
    0x28, 0x1c, 0x08, 0xff, 0x30, 0x20, 0x00, 0xff, 0x30, 0x20, 0x00, 0xff,
    0x30, 0x20, 0x08, 0xff, 0x30, 0x1c, 0x00, 0xff, 0x30, 0x20, 0x00, 0xff,
    0x30, 0x20, 0x08, 0xff, 0x28, 0x20, 0x08, 0xff, 0x30, 0x20, 0x00, 0xff,
    0x30, 0x20, 0x00, 0xff, 0x28, 0x20, 0x08, 0xff, 0x30, 0x1c, 0x00, 0xff,
    0x30, 0x20, 0x00, 0xff, 0x28, 0x20, 0x08, 0xff, 0x30, 0x20, 0x00, 0xff,
    0x30, 0x1c, 0x08, 0xff, 0x30, 0x20, 0x00, 0xff, 0x30, 0x1c, 0x00, 0xff,
    0x30, 0x20, 0x08, 0xff, 0x30, 0x20, 0x00, 0xff, 0x28, 0x1c, 0x00, 0xff,
    0x30, 0x20, 0x08, 0xff, 0x28, 0x20, 0x00, 0xff, 0x30, 0x20, 0x08, 0xff,
    0x30, 0x1c, 0x00, 0xff, 0x28, 0x20, 0x00, 0xff, 0x30, 0x20, 0x00, 0xff,
    0x30, 0x1c, 0x08, 0xff, 0x30, 0x20, 0x00, 0xff, 0x30, 0x20, 0x08, 0xff,
    0x30, 0x20, 0x00, 0xff, 0x28, 0x1c, 0x00, 0xff, 0x30, 0x20, 0x08, 0xff,
    0x30, 0x20, 0x08, 0xff, 0x30, 0x1c, 0x08, 0xff, 0x30, 0x20, 0x00, 0xff,
    0x30, 0x20, 0x00, 0xff, 0x28, 0x20, 0x00, 0xff, 0x30, 0x20, 0x08, 0xff,
    0x30, 0x20, 0x00, 0xff, 0x30, 0x20, 0x00, 0xff, 0x30, 0x20, 0x08, 0xff,
    0x30, 0x20, 0x00, 0xff, 0x28, 0x1c, 0x00, 0xff, 0x30, 0x20, 0x00, 0xff,
    0x28, 0x20, 0x08, 0xff, 0x30, 0x1c, 0x00, 0xff, 0x30, 0x20, 0x00, 0xff,
    0x30, 0x20, 0x00, 0xff, 0x28, 0x20, 0x08, 0xff, 0x30, 0x20, 0x00, 0xff,
    0x30, 0x20, 0x08, 0xff, 0x28, 0x20, 0x00, 0xff, 0x30, 0x20, 0x00, 0xff,
    0x30, 0x1c, 0x08, 0xff, 0x30, 0x20, 0x00, 0xff, 0x28, 0x20, 0x00, 0xff,
    0x30, 0x1c, 0x08, 0xff, 0x30, 0x1c, 0x00, 0xff, 0x28, 0x20, 0x08, 0xff,
    0x28, 0x20, 0x00, 0xff, 0x30, 0x20, 0x00, 0xff, 0x30, 0x20, 0x00, 0xff,
    0x28, 0x20, 0x00, 0xff, 0x30, 0x20, 0x08, 0xff, 0x30, 0x20, 0x00, 0xff,
    0x30, 0x20, 0x08, 0xff, 0x30, 0x20, 0x08, 0xff, 0x30, 0x20, 0x00, 0xff,
    0x30, 0x1c, 0x00, 0xff, 0x30, 0x20, 0x08, 0xff, 0x30, 0x20, 0x00, 0xff,
    0x28, 0x20, 0x08, 0xff, 0x30, 0x20, 0x00, 0xff, 0x30, 0x1c, 0x08, 0xff,
    0x28, 0x20, 0x08, 0xff, 0x30, 0x20, 0x00, 0xff, 0x30, 0x1c, 0x08, 0xff,
    0x30, 0x20, 0x00, 0xff, 0x30, 0x20, 0x00, 0xff, 0x28, 0x1c, 0x08, 0xff,
    0x30, 0x20, 0x08, 0xff, 0x28, 0x20, 0x00, 0xff, 0x30, 0x20, 0x00, 0xff,
    0x30, 0x1c, 0x08, 0xff, 0x28, 0x20, 0x00, 0xff, 0x30, 0x20, 0x00, 0xff,
    0x28, 0x20, 0x08, 0xff, 0x30, 0x20, 0x00, 0xff, 0x30, 0x20, 0x00, 0xff,
    0x28, 0x1c, 0x08, 0xff, 0x30, 0x1c, 0x00, 0xff, 0x30, 0x20, 0x08, 0xff,
    0x28, 0x1c, 0x00, 0xff, 0x30, 0x20, 0x00, 0xff, 0x30, 0x1c, 0x00, 0xff,
    0x30, 0x20, 0x00, 0xff, 0x30, 0x20, 0x08, 0xff, 0x30, 0x1c, 0x00, 0xff,
    0x30, 0x20, 0x00, 0xff, 0x30, 0x20, 0x08, 0xff, 0x30, 0x1c, 0x00, 0xff,
    0x30, 0x20, 0x00, 0xff, 0x28, 0x1c, 0x08, 0xff, 0x30, 0x20, 0x00, 0xff,
    0x30, 0x1c, 0x00, 0xff, 0x28, 0x20, 0x08, 0xff, 0x30, 0x20, 0x08, 0xff,
    0x30, 0x20, 0x00, 0xff, 0x28, 0x20, 0x00, 0xff, 0x30, 0x20, 0x00, 0xff,
    0x30, 0x20, 0x08, 0xff, 0x30, 0x20, 0x00, 0xff, 0x30, 0x20, 0x08, 0xff,
    0x28, 0x20, 0x00, 0xff, 0x30, 0x20, 0x00, 0xff, 0x30, 0x20, 0x08, 0xff,
    0x30, 0x20, 0x00, 0xff, 0x30, 0x20, 0x00, 0xff, 0x30, 0x20, 0x08, 0xff,
    0x28, 0x20, 0x00, 0xff, 0x30, 0x1c, 0x00, 0xff, 0x30, 0x1c, 0x00, 0xff,
    0x28, 0x20, 0x08, 0xff, 0x30, 0x20, 0x00, 0xff, 0x30, 0x20, 0x00, 0xff,
    0x30, 0x20, 0x08, 0xff, 0x30, 0x1c, 0x08, 0xff, 0x28, 0x20, 0x00, 0xff,
    0x30, 0x20, 0x08, 0xff, 0x30, 0x20, 0x08, 0xff, 0x28, 0x20, 0x00, 0xff,
    0x30, 0x1c, 0x08, 0xff, 0x30, 0x20, 0x00, 0xff, 0x28, 0x20, 0x00, 0xff,
    0x30, 0x1c, 0x00, 0xff, 0x30, 0x20, 0x00, 0xff, 0x30, 0x20, 0x08, 0xff,
    0x30, 0x1c, 0x00, 0xff, 0x30, 0x20, 0x08, 0xff, 0x30, 0x20, 0x00, 0xff,
    0x28, 0x1c, 0x00, 0xff, 0x30, 0x1c, 0x08, 0xff, 0x30, 0x20, 0x00, 0xff,
    0x28, 0x1c, 0x00, 0xff, 0x30, 0x20, 0x08, 0xff, 0x30, 0x20, 0x00, 0xff,
    0x30, 0x20, 0x00, 0xff, 0x28, 0x20, 0x08, 0xff, 0x30, 0x20, 0x08, 0xff,
    0x30, 0x20, 0x08, 0xff, 0x30, 0x20, 0x08, 0xff, 0x30, 0x24, 0x08, 0xff,
    0x18, 0x10, 0x08, 0x9e, 0x00, 0x00, 0x00, 0x61, 0x00, 0x00, 0x00, 0x4d,
    0x00, 0x00, 0x00, 0x38, 0x00, 0x00, 0x00, 0x28, 0x00, 0x00, 0x00, 0x1c,
    0x00, 0x00, 0x00, 0x14, 0x00, 0x00, 0x00, 0x08, 0x00, 0x00, 0x00, 0x04,
    0x00, 0x00, 0x00, 0x00, 0x00, 0x00, 0x00, 0x00, 0x00, 0x00, 0x00, 0x04,
    0x00, 0x00, 0x00, 0x08, 0x00, 0x00, 0x00, 0x10, 0x00, 0x00, 0x00, 0x1c,
    0x00, 0x00, 0x00, 0x28, 0x00, 0x00, 0x00, 0x38, 0x00, 0x00, 0x00, 0x49,
    0x00, 0x00, 0x00, 0x5d, 0x10, 0x0c, 0x08, 0x8a, 0x38, 0x28, 0x08, 0xff,
    0x30, 0x24, 0x08, 0xff, 0x30, 0x20, 0x08, 0xff, 0x30, 0x20, 0x00, 0xff,
    0x30, 0x20, 0x00, 0xff, 0x30, 0x20, 0x00, 0xff, 0x28, 0x1c, 0x08, 0xff,
    0x30, 0x20, 0x00, 0xff, 0x30, 0x20, 0x00, 0xff, 0x28, 0x1c, 0x08, 0xff,
    0x30, 0x20, 0x00, 0xff, 0x30, 0x1c, 0x00, 0xff, 0x30, 0x20, 0x08, 0xff,
    0x30, 0x20, 0x00, 0xff, 0x28, 0x20, 0x08, 0xff, 0x30, 0x20, 0x00, 0xff,
    0x30, 0x20, 0x00, 0xff, 0x30, 0x20, 0x08, 0xff, 0x28, 0x20, 0x00, 0xff,
    0x30, 0x20, 0x08, 0xff, 0x28, 0x1c, 0x00, 0xff, 0x30, 0x20, 0x00, 0xff,
    0x28, 0x20, 0x00, 0xff, 0x30, 0x1c, 0x00, 0xff, 0x30, 0x20, 0x00, 0xff,
    0x30, 0x1c, 0x08, 0xff, 0x30, 0x1c, 0x00, 0xff, 0x30, 0x20, 0x08, 0xff,
    0x30, 0x20, 0x00, 0xff, 0x28, 0x20, 0x00, 0xff, 0x30, 0x1c, 0x08, 0xff,
    0x30, 0x20, 0x00, 0xff, 0x28, 0x20, 0x00, 0xff, 0x30, 0x20, 0x08, 0xff,
    0x28, 0x20, 0x00, 0xff, 0x30, 0x1c, 0x08, 0xff, 0x30, 0x20, 0x00, 0xff,
    0x30, 0x1c, 0x08, 0xff, 0x30, 0x20, 0x00, 0xff, 0x30, 0x1c, 0x00, 0xff,
    0x28, 0x20, 0x08, 0xff, 0x30, 0x20, 0x00, 0xff, 0x30, 0x20, 0x08, 0xff,
    0x30, 0x20, 0x00, 0xff, 0x28, 0x1c, 0x00, 0xff, 0x30, 0x20, 0x08, 0xff,
    0x28, 0x1c, 0x00, 0xff, 0x30, 0x20, 0x08, 0xff, 0x30, 0x20, 0x00, 0xff,
    0x30, 0x20, 0x00, 0xff, 0x28, 0x1c, 0x00, 0xff, 0x30, 0x20, 0x00, 0xff,
    0x28, 0x20, 0x00, 0xff, 0x30, 0x1c, 0x08, 0xff, 0x30, 0x20, 0x00, 0xff,
    0x30, 0x1c, 0x08, 0xff, 0x28, 0x1c, 0x00, 0xff, 0x30, 0x1c, 0x00, 0xff,
    0x28, 0x20, 0x08, 0xff, 0x30, 0x20, 0x00, 0xff, 0x30, 0x1c, 0x08, 0xff,
    0x30, 0x20, 0x00, 0xff, 0x30, 0x1c, 0x00, 0xff, 0x28, 0x20, 0x08, 0xff,
    0x30, 0x20, 0x00, 0xff, 0x28, 0x1c, 0x00, 0xff, 0x30, 0x20, 0x08, 0xff,
    0x30, 0x1c, 0x00, 0xff, 0x28, 0x1c, 0x08, 0xff, 0x30, 0x20, 0x00, 0xff,
    0x30, 0x1c, 0x08, 0xff, 0x28, 0x20, 0x08, 0xff, 0x30, 0x20, 0x00, 0xff,
    0x30, 0x1c, 0x00, 0xff, 0x28, 0x20, 0x08, 0xff, 0x30, 0x20, 0x00, 0xff,
    0x30, 0x20, 0x00, 0xff, 0x30, 0x20, 0x08, 0xff, 0x30, 0x20, 0x08, 0xff,
    0x30, 0x1c, 0x00, 0xff, 0x28, 0x1c, 0x08, 0xff, 0x30, 0x1c, 0x08, 0xff,
    0x30, 0x20, 0x00, 0xff, 0x28, 0x20, 0x00, 0xff, 0x30, 0x1c, 0x00, 0xff,
    0x30, 0x20, 0x08, 0xff, 0x28, 0x20, 0x00, 0xff, 0x30, 0x20, 0x00, 0xff,
    0x30, 0x20, 0x08, 0xff, 0x30, 0x1c, 0x00, 0xff, 0x30, 0x20, 0x00, 0xff,
    0x30, 0x20, 0x08, 0xff, 0x30, 0x20, 0x00, 0xff, 0x28, 0x20, 0x00, 0xff,
    0x30, 0x1c, 0x00, 0xff, 0x30, 0x20, 0x08, 0xff, 0x28, 0x20, 0x00, 0xff,
    0x30, 0x20, 0x00, 0xff, 0x30, 0x20, 0x08, 0xff, 0x30, 0x1c, 0x00, 0xff,
    0x28, 0x20, 0x00, 0xff, 0x30, 0x20, 0x08, 0xff, 0x30, 0x20, 0x00, 0xff,
    0x28, 0x1c, 0x08, 0xff, 0x30, 0x1c, 0x00, 0xff, 0x30, 0x20, 0x00, 0xff,
    0x28, 0x20, 0x08, 0xff, 0x30, 0x1c, 0x08, 0xff, 0x30, 0x20, 0x00, 0xff,
    0x30, 0x1c, 0x00, 0xff, 0x30, 0x20, 0x08, 0xff, 0x30, 0x20, 0x08, 0xff,
    0x28, 0x20, 0x00, 0xff, 0x30, 0x1c, 0x08, 0xff, 0x30, 0x20, 0x00, 0xff,
    0x28, 0x20, 0x00, 0xff, 0x30, 0x20, 0x08, 0xff, 0x30, 0x1c, 0x00, 0xff,
    0x30, 0x1c, 0x08, 0xff, 0x30, 0x20, 0x08, 0xff, 0x30, 0x1c, 0x00, 0xff,
    0x30, 0x20, 0x00, 0xff, 0x30, 0x1c, 0x08, 0xff, 0x30, 0x20, 0x00, 0xff,
    0x30, 0x20, 0x00, 0xff, 0x28, 0x1c, 0x08, 0xff, 0x30, 0x20, 0x08, 0xff,
    0x30, 0x1c, 0x00, 0xff, 0x28, 0x1c, 0x08, 0xff, 0x30, 0x1c, 0x00, 0xff,
    0x30, 0x20, 0x00, 0xff, 0x28, 0x1c, 0x08, 0xff, 0x30, 0x1c, 0x00, 0xff,
    0x30, 0x1c, 0x08, 0xff, 0x28, 0x1c, 0x08, 0xff, 0x30, 0x20, 0x00, 0xff,
    0x30, 0x1c, 0x00, 0xff, 0x30, 0x20, 0x08, 0xff, 0x28, 0x20, 0x08, 0xff,
    0x30, 0x1c, 0x00, 0xff, 0x30, 0x20, 0x08, 0xff, 0x28, 0x20, 0x00, 0xff,
    0x30, 0x1c, 0x08, 0xff, 0x30, 0x20, 0x00, 0xff, 0x28, 0x20, 0x00, 0xff,
    0x30, 0x20, 0x00, 0xff, 0x30, 0x20, 0x00, 0xff, 0x30, 0x1c, 0x08, 0xff,
    0x30, 0x20, 0x00, 0xff, 0x30, 0x1c, 0x00, 0xff, 0x30, 0x1c, 0x08, 0xff,
    0x30, 0x20, 0x00, 0xff, 0x30, 0x20, 0x08, 0xff, 0x28, 0x1c, 0x00, 0xff,
    0x30, 0x20, 0x00, 0xff, 0x28, 0x20, 0x08, 0xff, 0x30, 0x20, 0x00, 0xff,
    0x30, 0x20, 0x00, 0xff, 0x30, 0x20, 0x08, 0xff, 0x28, 0x20, 0x00, 0xff,
    0x30, 0x20, 0x08, 0xff, 0x30, 0x20, 0x00, 0xff, 0x28, 0x20, 0x00, 0xff,
    0x30, 0x1c, 0x08, 0xff, 0x28, 0x1c, 0x00, 0xff, 0x30, 0x20, 0x00, 0xff,
    0x30, 0x1c, 0x00, 0xff, 0x30, 0x20, 0x08, 0xff, 0x30, 0x20, 0x00, 0xff,
    0x30, 0x24, 0x08, 0xff, 0x38, 0x28, 0x08, 0xff, 0x10, 0x0c, 0x08, 0x8a,
    0x00, 0x00, 0x00, 0x5d, 0x00, 0x00, 0x00, 0x49, 0x00, 0x00, 0x00, 0x38,
    0x00, 0x00, 0x00, 0x28, 0x00, 0x00, 0x00, 0x1c, 0x00, 0x00, 0x00, 0x10,
    0x00, 0x00, 0x00, 0x08, 0x00, 0x00, 0x00, 0x04, 0x00, 0x00, 0x00, 0x00,
    0x00, 0x00, 0x00, 0x00, 0x00, 0x00, 0x00, 0x04, 0x00, 0x00, 0x00, 0x08,
    0x00, 0x00, 0x00, 0x10, 0x00, 0x00, 0x00, 0x18, 0x00, 0x00, 0x00, 0x24,
    0x00, 0x00, 0x00, 0x34, 0x00, 0x00, 0x00, 0x45, 0x00, 0x00, 0x00, 0x5d,
    0x00, 0x00, 0x00, 0x75, 0x38, 0x24, 0x08, 0xff, 0x30, 0x24, 0x08, 0xff,
    0x30, 0x20, 0x08, 0xff, 0x30, 0x20, 0x08, 0xff, 0x28, 0x1c, 0x00, 0xff,
    0x30, 0x20, 0x08, 0xff, 0x30, 0x20, 0x00, 0xff, 0x30, 0x1c, 0x00, 0xff,
    0x30, 0x20, 0x08, 0xff, 0x28, 0x20, 0x08, 0xff, 0x28, 0x1c, 0x00, 0xff,
    0x30, 0x20, 0x00, 0xff, 0x30, 0x1c, 0x08, 0xff, 0x28, 0x1c, 0x00, 0xff,
    0x30, 0x1c, 0x00, 0xff, 0x30, 0x20, 0x08, 0xff, 0x30, 0x20, 0x00, 0xff,
    0x28, 0x1c, 0x00, 0xff, 0x30, 0x1c, 0x00, 0xff, 0x30, 0x20, 0x08, 0xff,
    0x30, 0x20, 0x08, 0xff, 0x30, 0x20, 0x00, 0xff, 0x30, 0x20, 0x08, 0xff,
    0x28, 0x1c, 0x08, 0xff, 0x30, 0x20, 0x00, 0xff, 0x28, 0x1c, 0x00, 0xff,
    0x30, 0x20, 0x08, 0xff, 0x28, 0x20, 0x00, 0xff, 0x30, 0x1c, 0x00, 0xff,
    0x30, 0x20, 0x08, 0xff, 0x30, 0x20, 0x08, 0xff, 0x30, 0x1c, 0x00, 0xff,
    0x30, 0x1c, 0x00, 0xff, 0x30, 0x20, 0x08, 0xff, 0x30, 0x1c, 0x00, 0xff,
    0x28, 0x1c, 0x00, 0xff, 0x30, 0x20, 0x08, 0xff, 0x28, 0x20, 0x00, 0xff,
    0x30, 0x20, 0x08, 0xff, 0x30, 0x20, 0x00, 0xff, 0x30, 0x1c, 0x00, 0xff,
    0x28, 0x1c, 0x08, 0xff, 0x30, 0x20, 0x00, 0xff, 0x30, 0x20, 0x08, 0xff,
    0x28, 0x20, 0x00, 0xff, 0x30, 0x20, 0x00, 0xff, 0x30, 0x20, 0x08, 0xff,
    0x28, 0x1c, 0x00, 0xff, 0x28, 0x1c, 0x08, 0xff, 0x30, 0x1c, 0x08, 0xff,
    0x30, 0x20, 0x00, 0xff, 0x30, 0x1c, 0x00, 0xff, 0x30, 0x20, 0x08, 0xff,
    0x28, 0x20, 0x00, 0xff, 0x30, 0x1c, 0x00, 0xff, 0x30, 0x20, 0x08, 0xff,
    0x30, 0x20, 0x00, 0xff, 0x30, 0x20, 0x08, 0xff, 0x28, 0x1c, 0x00, 0xff,
    0x30, 0x1c, 0x00, 0xff, 0x30, 0x20, 0x08, 0xff, 0x28, 0x20, 0x08, 0xff,
    0x30, 0x1c, 0x00, 0xff, 0x30, 0x20, 0x00, 0xff, 0x30, 0x1c, 0x08, 0xff,
    0x30, 0x20, 0x08, 0xff, 0x28, 0x1c, 0x00, 0xff, 0x30, 0x20, 0x00, 0xff,
    0x30, 0x20, 0x00, 0xff, 0x30, 0x20, 0x00, 0xff, 0x30, 0x1c, 0x00, 0xff,
    0x28, 0x20, 0x08, 0xff, 0x30, 0x1c, 0x00, 0xff, 0x28, 0x1c, 0x00, 0xff,
    0x30, 0x20, 0x08, 0xff, 0x28, 0x20, 0x00, 0xff, 0x28, 0x1c, 0x00, 0xff,
    0x30, 0x1c, 0x00, 0xff, 0x30, 0x20, 0x00, 0xff, 0x30, 0x20, 0x08, 0xff,
    0x30, 0x20, 0x00, 0xff, 0x30, 0x20, 0x00, 0xff, 0x30, 0x20, 0x08, 0xff,
    0x28, 0x1c, 0x00, 0xff, 0x30, 0x20, 0x00, 0xff, 0x30, 0x1c, 0x08, 0xff,
    0x28, 0x1c, 0x00, 0xff, 0x30, 0x20, 0x08, 0xff, 0x28, 0x20, 0x00, 0xff,
    0x30, 0x1c, 0x00, 0xff, 0x28, 0x20, 0x08, 0xff, 0x28, 0x1c, 0x00, 0xff,
    0x30, 0x20, 0x00, 0xff, 0x30, 0x20, 0x08, 0xff, 0x30, 0x1c, 0x00, 0xff,
    0x28, 0x20, 0x00, 0xff, 0x30, 0x20, 0x08, 0xff, 0x30, 0x1c, 0x00, 0xff,
    0x30, 0x1c, 0x08, 0xff, 0x30, 0x20, 0x00, 0xff, 0x30, 0x1c, 0x00, 0xff,
    0x30, 0x1c, 0x08, 0xff, 0x28, 0x20, 0x00, 0xff, 0x30, 0x1c, 0x00, 0xff,
    0x30, 0x1c, 0x08, 0xff, 0x30, 0x20, 0x00, 0xff, 0x28, 0x20, 0x00, 0xff,
    0x30, 0x20, 0x08, 0xff, 0x30, 0x20, 0x00, 0xff, 0x28, 0x20, 0x00, 0xff,
    0x30, 0x20, 0x00, 0xff, 0x30, 0x20, 0x00, 0xff, 0x30, 0x20, 0x08, 0xff,
    0x30, 0x20, 0x00, 0xff, 0x28, 0x20, 0x08, 0xff, 0x30, 0x20, 0x00, 0xff,
    0x30, 0x20, 0x00, 0xff, 0x28, 0x20, 0x08, 0xff, 0x28, 0x20, 0x00, 0xff,
    0x30, 0x20, 0x00, 0xff, 0x28, 0x20, 0x08, 0xff, 0x30, 0x20, 0x00, 0xff,
    0x28, 0x20, 0x08, 0xff, 0x30, 0x20, 0x00, 0xff, 0x30, 0x1c, 0x00, 0xff,
    0x30, 0x20, 0x00, 0xff, 0x30, 0x1c, 0x00, 0xff, 0x28, 0x1c, 0x08, 0xff,
    0x30, 0x20, 0x00, 0xff, 0x30, 0x1c, 0x00, 0xff, 0x28, 0x20, 0x08, 0xff,
    0x30, 0x1c, 0x00, 0xff, 0x30, 0x20, 0x00, 0xff, 0x30, 0x20, 0x08, 0xff,
    0x28, 0x20, 0x00, 0xff, 0x28, 0x20, 0x00, 0xff, 0x30, 0x1c, 0x08, 0xff,
    0x30, 0x20, 0x00, 0xff, 0x30, 0x20, 0x00, 0xff, 0x30, 0x20, 0x08, 0xff,
    0x30, 0x20, 0x00, 0xff, 0x30, 0x20, 0x00, 0xff, 0x30, 0x1c, 0x08, 0xff,
    0x28, 0x20, 0x08, 0xff, 0x30, 0x1c, 0x00, 0xff, 0x28, 0x20, 0x00, 0xff,
    0x30, 0x20, 0x08, 0xff, 0x28, 0x20, 0x00, 0xff, 0x30, 0x20, 0x00, 0xff,
    0x30, 0x20, 0x00, 0xff, 0x28, 0x1c, 0x08, 0xff, 0x30, 0x20, 0x00, 0xff,
    0x30, 0x1c, 0x08, 0xff, 0x30, 0x20, 0x08, 0xff, 0x28, 0x1c, 0x00, 0xff,
    0x30, 0x1c, 0x00, 0xff, 0x28, 0x20, 0x08, 0xff, 0x30, 0x20, 0x00, 0xff,
    0x30, 0x1c, 0x08, 0xff, 0x30, 0x20, 0x00, 0xff, 0x30, 0x20, 0x00, 0xff,
    0x30, 0x1c, 0x08, 0xff, 0x28, 0x20, 0x00, 0xff, 0x30, 0x1c, 0x00, 0xff,
    0x30, 0x20, 0x08, 0xff, 0x28, 0x1c, 0x00, 0xff, 0x30, 0x20, 0x08, 0xff,
    0x30, 0x20, 0x00, 0xff, 0x30, 0x20, 0x08, 0xff, 0x30, 0x24, 0x08, 0xff,
    0x38, 0x28, 0x08, 0xff, 0x00, 0x00, 0x00, 0x75, 0x00, 0x00, 0x00, 0x5d,
    0x00, 0x00, 0x00, 0x45, 0x00, 0x00, 0x00, 0x34, 0x00, 0x00, 0x00, 0x28,
    0x00, 0x00, 0x00, 0x18, 0x00, 0x00, 0x00, 0x10, 0x00, 0x00, 0x00, 0x08,
    0x00, 0x00, 0x00, 0x04, 0x00, 0x00, 0x00, 0x00, 0x00, 0x00, 0x00, 0x00,
    0x00, 0x00, 0x00, 0x04, 0x00, 0x00, 0x00, 0x08, 0x00, 0x00, 0x00, 0x0c,
    0x00, 0x00, 0x00, 0x18, 0x00, 0x00, 0x00, 0x24, 0x00, 0x00, 0x00, 0x34,
    0x00, 0x00, 0x00, 0x45, 0x00, 0x00, 0x00, 0x55, 0x00, 0x00, 0x00, 0x6d,
    0x30, 0x24, 0x08, 0xef, 0x30, 0x24, 0x08, 0xff, 0x30, 0x20, 0x08, 0xff,
    0x30, 0x20, 0x08, 0xff, 0x30, 0x20, 0x00, 0xff, 0x28, 0x20, 0x00, 0xff,
    0x28, 0x20, 0x08, 0xff, 0x30, 0x1c, 0x00, 0xff, 0x30, 0x1c, 0x00, 0xff,
    0x30, 0x20, 0x00, 0xff, 0x30, 0x20, 0x08, 0xff, 0x28, 0x20, 0x00, 0xff,
    0x30, 0x20, 0x00, 0xff, 0x28, 0x20, 0x08, 0xff, 0x30, 0x20, 0x00, 0xff,
    0x30, 0x1c, 0x08, 0xff, 0x28, 0x1c, 0x08, 0xff, 0x30, 0x20, 0x00, 0xff,
    0x30, 0x1c, 0x00, 0xff, 0x28, 0x1c, 0x00, 0xff, 0x28, 0x1c, 0x00, 0xff,
    0x30, 0x20, 0x08, 0xff, 0x28, 0x20, 0x00, 0xff, 0x30, 0x20, 0x00, 0xff,
    0x30, 0x20, 0x08, 0xff, 0x30, 0x1c, 0x00, 0xff, 0x28, 0x20, 0x00, 0xff,
    0x30, 0x1c, 0x08, 0xff, 0x28, 0x20, 0x00, 0xff, 0x30, 0x1c, 0x00, 0xff,
    0x30, 0x20, 0x08, 0xff, 0x28, 0x1c, 0x00, 0xff, 0x30, 0x20, 0x08, 0xff,
    0x30, 0x20, 0x00, 0xff, 0x28, 0x20, 0x00, 0xff, 0x30, 0x1c, 0x08, 0xff,
    0x28, 0x20, 0x00, 0xff, 0x30, 0x20, 0x00, 0xff, 0x28, 0x1c, 0x08, 0xff,
    0x30, 0x20, 0x00, 0xff, 0x30, 0x20, 0x08, 0xff, 0x28, 0x1c, 0x00, 0xff,
    0x30, 0x1c, 0x00, 0xff, 0x30, 0x20, 0x08, 0xff, 0x28, 0x1c, 0x00, 0xff,
    0x30, 0x20, 0x00, 0xff, 0x30, 0x1c, 0x08, 0xff, 0x30, 0x20, 0x00, 0xff,
    0x28, 0x20, 0x00, 0xff, 0x30, 0x1c, 0x08, 0xff, 0x28, 0x20, 0x00, 0xff,
    0x30, 0x20, 0x08, 0xff, 0x28, 0x1c, 0x08, 0xff, 0x30, 0x20, 0x00, 0xff,
    0x28, 0x20, 0x00, 0xff, 0x30, 0x20, 0x08, 0xff, 0x30, 0x1c, 0x00, 0xff,
    0x30, 0x20, 0x00, 0xff, 0x30, 0x1c, 0x08, 0xff, 0x30, 0x20, 0x00, 0xff,
    0x28, 0x20, 0x00, 0xff, 0x30, 0x1c, 0x08, 0xff, 0x30, 0x20, 0x00, 0xff,
    0x28, 0x20, 0x00, 0xff, 0x28, 0x20, 0x08, 0xff, 0x30, 0x1c, 0x00, 0xff,
    0x30, 0x1c, 0x00, 0xff, 0x30, 0x20, 0x08, 0xff, 0x30, 0x20, 0x08, 0xff,
    0x28, 0x20, 0x00, 0xff, 0x30, 0x20, 0x00, 0xff, 0x30, 0x20, 0x08, 0xff,
    0x30, 0x20, 0x00, 0xff, 0x30, 0x20, 0x08, 0xff, 0x30, 0x1c, 0x00, 0xff,
    0x30, 0x20, 0x08, 0xff, 0x30, 0x20, 0x08, 0xff, 0x30, 0x20, 0x00, 0xff,
    0x28, 0x1c, 0x00, 0xff, 0x28, 0x20, 0x08, 0xff, 0x28, 0x20, 0x00, 0xff,
    0x30, 0x20, 0x00, 0xff, 0x28, 0x1c, 0x08, 0xff, 0x30, 0x1c, 0x00, 0xff,
    0x30, 0x20, 0x08, 0xff, 0x28, 0x1c, 0x08, 0xff, 0x30, 0x1c, 0x00, 0xff,
    0x30, 0x1c, 0x00, 0xff, 0x28, 0x1c, 0x08, 0xff, 0x30, 0x20, 0x00, 0xff,
    0x30, 0x20, 0x08, 0xff, 0x28, 0x1c, 0x00, 0xff, 0x30, 0x20, 0x08, 0xff,
    0x30, 0x20, 0x08, 0xff, 0x28, 0x20, 0x00, 0xff, 0x30, 0x20, 0x08, 0xff,
    0x30, 0x1c, 0x00, 0xff, 0x28, 0x1c, 0x00, 0xff, 0x28, 0x20, 0x08, 0xff,
    0x30, 0x20, 0x00, 0xff, 0x28, 0x20, 0x08, 0xff, 0x28, 0x1c, 0x00, 0xff,
    0x30, 0x20, 0x00, 0xff, 0x30, 0x20, 0x08, 0xff, 0x28, 0x20, 0x08, 0xff,
    0x28, 0x20, 0x00, 0xff, 0x30, 0x1c, 0x00, 0xff, 0x30, 0x1c, 0x08, 0xff,
    0x28, 0x20, 0x00, 0xff, 0x30, 0x20, 0x08, 0xff, 0x28, 0x1c, 0x00, 0xff,
    0x30, 0x20, 0x00, 0xff, 0x28, 0x1c, 0x08, 0xff, 0x30, 0x20, 0x00, 0xff,
    0x30, 0x1c, 0x00, 0xff, 0x28, 0x1c, 0x08, 0xff, 0x30, 0x1c, 0x00, 0xff,
    0x30, 0x1c, 0x00, 0xff, 0x30, 0x20, 0x00, 0xff, 0x30, 0x20, 0x08, 0xff,
    0x28, 0x20, 0x00, 0xff, 0x28, 0x1c, 0x08, 0xff, 0x30, 0x20, 0x08, 0xff,
    0x28, 0x1c, 0x00, 0xff, 0x30, 0x20, 0x08, 0xff, 0x28, 0x1c, 0x00, 0xff,
    0x30, 0x20, 0x00, 0xff, 0x28, 0x20, 0x08, 0xff, 0x30, 0x20, 0x00, 0xff,
    0x30, 0x20, 0x00, 0xff, 0x30, 0x20, 0x08, 0xff, 0x28, 0x20, 0x00, 0xff,
    0x28, 0x20, 0x00, 0xff, 0x30, 0x20, 0x08, 0xff, 0x30, 0x20, 0x00, 0xff,
    0x30, 0x20, 0x00, 0xff, 0x30, 0x20, 0x08, 0xff, 0x28, 0x1c, 0x00, 0xff,
    0x30, 0x1c, 0x00, 0xff, 0x28, 0x1c, 0x08, 0xff, 0x28, 0x20, 0x08, 0xff,
    0x30, 0x20, 0x00, 0xff, 0x30, 0x1c, 0x00, 0xff, 0x30, 0x1c, 0x00, 0xff,
    0x30, 0x20, 0x08, 0xff, 0x30, 0x20, 0x08, 0xff, 0x28, 0x1c, 0x00, 0xff,
    0x30, 0x1c, 0x08, 0xff, 0x28, 0x1c, 0x00, 0xff, 0x28, 0x20, 0x08, 0xff,
    0x30, 0x20, 0x00, 0xff, 0x30, 0x20, 0x00, 0xff, 0x28, 0x20, 0x00, 0xff,
    0x28, 0x1c, 0x08, 0xff, 0x30, 0x20, 0x00, 0xff, 0x30, 0x1c, 0x00, 0xff,
    0x30, 0x20, 0x08, 0xff, 0x28, 0x20, 0x00, 0xff, 0x30, 0x1c, 0x00, 0xff,
    0x28, 0x1c, 0x08, 0xff, 0x30, 0x20, 0x00, 0xff, 0x30, 0x20, 0x08, 0xff,
    0x28, 0x20, 0x00, 0xff, 0x30, 0x1c, 0x08, 0xff, 0x30, 0x20, 0x00, 0xff,
    0x30, 0x20, 0x08, 0xff, 0x28, 0x20, 0x00, 0xff, 0x30, 0x20, 0x08, 0xff,
    0x30, 0x20, 0x08, 0xff, 0x30, 0x24, 0x08, 0xff, 0x30, 0x24, 0x08, 0xef,
    0x00, 0x00, 0x00, 0x6d, 0x00, 0x00, 0x00, 0x55, 0x00, 0x00, 0x00, 0x45,
    0x00, 0x00, 0x00, 0x30, 0x00, 0x00, 0x00, 0x24, 0x00, 0x00, 0x00, 0x18,
    0x00, 0x00, 0x00, 0x0c, 0x00, 0x00, 0x00, 0x08, 0x00, 0x00, 0x00, 0x00,
    0x00, 0x00, 0x00, 0x00, 0x00, 0x00, 0x00, 0x00, 0x00, 0x00, 0x00, 0x00,
    0x00, 0x00, 0x00, 0x08, 0x00, 0x00, 0x00, 0x0c, 0x00, 0x00, 0x00, 0x18,
    0x00, 0x00, 0x00, 0x24, 0x00, 0x00, 0x00, 0x30, 0x00, 0x00, 0x00, 0x41,
    0x00, 0x00, 0x00, 0x55, 0x00, 0x00, 0x00, 0x69, 0x28, 0x20, 0x08, 0xd7,
    0x30, 0x24, 0x08, 0xff, 0x30, 0x20, 0x08, 0xff, 0x30, 0x20, 0x00, 0xff,
    0x30, 0x20, 0x00, 0xff, 0x30, 0x1c, 0x08, 0xff, 0x28, 0x20, 0x08, 0xff,
    0x28, 0x20, 0x00, 0xff, 0x30, 0x1c, 0x00, 0xff, 0x30, 0x20, 0x08, 0xff,
    0x28, 0x1c, 0x00, 0xff, 0x30, 0x20, 0x08, 0xff, 0x30, 0x1c, 0x00, 0xff,
    0x30, 0x20, 0x08, 0xff, 0x30, 0x20, 0x00, 0xff, 0x30, 0x20, 0x00, 0xff,
    0x28, 0x20, 0x08, 0xff, 0x30, 0x20, 0x00, 0xff, 0x30, 0x20, 0x08, 0xff,
    0x28, 0x20, 0x00, 0xff, 0x30, 0x20, 0x00, 0xff, 0x30, 0x20, 0x08, 0xff,
    0x30, 0x1c, 0x00, 0xff, 0x30, 0x20, 0x00, 0xff, 0x30, 0x1c, 0x08, 0xff,
    0x28, 0x20, 0x00, 0xff, 0x30, 0x1c, 0x08, 0xff, 0x30, 0x20, 0x08, 0xff,
    0x28, 0x20, 0x00, 0xff, 0x30, 0x20, 0x00, 0xff, 0x30, 0x20, 0x00, 0xff,
    0x28, 0x20, 0x08, 0xff, 0x28, 0x1c, 0x00, 0xff, 0x30, 0x1c, 0x00, 0xff,
    0x28, 0x20, 0x08, 0xff, 0x30, 0x1c, 0x00, 0xff, 0x30, 0x20, 0x00, 0xff,
    0x30, 0x1c, 0x08, 0xff, 0x30, 0x1c, 0x00, 0xff, 0x30, 0x20, 0x00, 0xff,
    0x28, 0x20, 0x08, 0xff, 0x30, 0x20, 0x00, 0xff, 0x30, 0x20, 0x00, 0xff,
    0x28, 0x20, 0x08, 0xff, 0x30, 0x1c, 0x00, 0xff, 0x30, 0x1c, 0x00, 0xff,
    0x30, 0x20, 0x08, 0xff, 0x30, 0x20, 0x00, 0xff, 0x30, 0x1c, 0x00, 0xff,
    0x30, 0x20, 0x00, 0xff, 0x30, 0x20, 0x00, 0xff, 0x28, 0x20, 0x00, 0xff,
    0x30, 0x1c, 0x08, 0xff, 0x30, 0x1c, 0x00, 0xff, 0x28, 0x20, 0x00, 0xff,
    0x30, 0x1c, 0x08, 0xff, 0x28, 0x20, 0x00, 0xff, 0x28, 0x1c, 0x00, 0xff,
    0x30, 0x20, 0x08, 0xff, 0x28, 0x20, 0x00, 0xff, 0x30, 0x1c, 0x00, 0xff,
    0x30, 0x20, 0x08, 0xff, 0x30, 0x20, 0x00, 0xff, 0x28, 0x20, 0x00, 0xff,
    0x30, 0x20, 0x08, 0xff, 0x30, 0x1c, 0x00, 0xff, 0x30, 0x20, 0x00, 0xff,
    0x28, 0x1c, 0x08, 0xff, 0x28, 0x1c, 0x00, 0xff, 0x30, 0x20, 0x08, 0xff,
    0x30, 0x20, 0x00, 0xff, 0x30, 0x1c, 0x00, 0xff, 0x28, 0x20, 0x08, 0xff,
    0x30, 0x1c, 0x00, 0xff, 0x30, 0x20, 0x00, 0xff, 0x28, 0x1c, 0x00, 0xff,
    0x30, 0x1c, 0x08, 0xff, 0x30, 0x20, 0x00, 0xff, 0x30, 0x20, 0x08, 0xff,
    0x28, 0x1c, 0x00, 0xff, 0x30, 0x20, 0x00, 0xff, 0x30, 0x1c, 0x08, 0xff,
    0x28, 0x20, 0x00, 0xff, 0x30, 0x20, 0x00, 0xff, 0x30, 0x20, 0x00, 0xff,
    0x28, 0x20, 0x00, 0xff, 0x30, 0x20, 0x00, 0xff, 0x30, 0x20, 0x08, 0xff,
    0x30, 0x1c, 0x00, 0xff, 0x30, 0x20, 0x00, 0xff, 0x30, 0x20, 0x00, 0xff,
    0x30, 0x20, 0x08, 0xff, 0x30, 0x1c, 0x00, 0xff, 0x28, 0x20, 0x00, 0xff,
    0x28, 0x1c, 0x00, 0xff, 0x30, 0x20, 0x08, 0xff, 0x30, 0x20, 0x00, 0xff,
    0x30, 0x1c, 0x00, 0xff, 0x28, 0x20, 0x08, 0xff, 0x30, 0x1c, 0x00, 0xff,
    0x30, 0x20, 0x00, 0xff, 0x28, 0x20, 0x08, 0xff, 0x30, 0x20, 0x00, 0xff,
    0x30, 0x20, 0x00, 0xff, 0x30, 0x1c, 0x00, 0xff, 0x30, 0x20, 0x08, 0xff,
    0x30, 0x20, 0x00, 0xff, 0x28, 0x1c, 0x00, 0xff, 0x30, 0x20, 0x08, 0xff,
    0x30, 0x1c, 0x00, 0xff, 0x28, 0x1c, 0x08, 0xff, 0x30, 0x1c, 0x00, 0xff,
    0x30, 0x20, 0x00, 0xff, 0x28, 0x20, 0x08, 0xff, 0x30, 0x1c, 0x00, 0xff,
    0x30, 0x20, 0x08, 0xff, 0x30, 0x20, 0x08, 0xff, 0x30, 0x20, 0x00, 0xff,
    0x30, 0x20, 0x08, 0xff, 0x30, 0x1c, 0x00, 0xff, 0x30, 0x20, 0x00, 0xff,
    0x30, 0x20, 0x00, 0xff, 0x30, 0x20, 0x00, 0xff, 0x30, 0x1c, 0x08, 0xff,
    0x30, 0x20, 0x00, 0xff, 0x28, 0x20, 0x08, 0xff, 0x30, 0x20, 0x00, 0xff,
    0x30, 0x1c, 0x08, 0xff, 0x30, 0x1c, 0x00, 0xff, 0x30, 0x20, 0x08, 0xff,
    0x30, 0x20, 0x00, 0xff, 0x30, 0x1c, 0x00, 0xff, 0x28, 0x1c, 0x08, 0xff,
    0x30, 0x20, 0x00, 0xff, 0x30, 0x20, 0x00, 0xff, 0x30, 0x1c, 0x08, 0xff,
    0x28, 0x20, 0x08, 0xff, 0x30, 0x20, 0x00, 0xff, 0x28, 0x1c, 0x00, 0xff,
    0x30, 0x20, 0x00, 0xff, 0x30, 0x20, 0x00, 0xff, 0x30, 0x20, 0x08, 0xff,
    0x28, 0x1c, 0x00, 0xff, 0x28, 0x20, 0x00, 0xff, 0x30, 0x1c, 0x00, 0xff,
    0x30, 0x1c, 0x00, 0xff, 0x30, 0x20, 0x00, 0xff, 0x30, 0x1c, 0x08, 0xff,
    0x30, 0x20, 0x00, 0xff, 0x30, 0x1c, 0x00, 0xff, 0x30, 0x20, 0x08, 0xff,
    0x30, 0x1c, 0x00, 0xff, 0x30, 0x20, 0x00, 0xff, 0x28, 0x20, 0x08, 0xff,
    0x30, 0x20, 0x00, 0xff, 0x30, 0x1c, 0x00, 0xff, 0x28, 0x1c, 0x08, 0xff,
    0x30, 0x20, 0x00, 0xff, 0x30, 0x20, 0x08, 0xff, 0x28, 0x1c, 0x00, 0xff,
    0x30, 0x1c, 0x00, 0xff, 0x30, 0x20, 0x08, 0xff, 0x30, 0x1c, 0x00, 0xff,
    0x28, 0x1c, 0x00, 0xff, 0x30, 0x20, 0x08, 0xff, 0x28, 0x20, 0x00, 0xff,
    0x30, 0x20, 0x00, 0xff, 0x30, 0x20, 0x08, 0xff, 0x30, 0x20, 0x08, 0xff,
    0x30, 0x24, 0x08, 0xff, 0x28, 0x20, 0x08, 0xd7, 0x00, 0x00, 0x00, 0x69,
    0x00, 0x00, 0x00, 0x55, 0x00, 0x00, 0x00, 0x41, 0x00, 0x00, 0x00, 0x30,
    0x00, 0x00, 0x00, 0x24, 0x00, 0x00, 0x00, 0x14, 0x00, 0x00, 0x00, 0x0c,
    0x00, 0x00, 0x00, 0x08, 0x00, 0x00, 0x00, 0x04, 0x00, 0x00, 0x00, 0x00,
    0x00, 0x00, 0x00, 0x00, 0x00, 0x00, 0x00, 0x00, 0x00, 0x00, 0x00, 0x04,
    0x00, 0x00, 0x00, 0x0c, 0x00, 0x00, 0x00, 0x14, 0x00, 0x00, 0x00, 0x20,
    0x00, 0x00, 0x00, 0x2c, 0x00, 0x00, 0x00, 0x3c, 0x00, 0x00, 0x00, 0x51,
    0x00, 0x00, 0x00, 0x65, 0x28, 0x18, 0x08, 0xbe, 0x30, 0x24, 0x08, 0xff,
    0x30, 0x24, 0x08, 0xff, 0x30, 0x20, 0x08, 0xff, 0x28, 0x1c, 0x00, 0xff,
    0x30, 0x20, 0x00, 0xff, 0x30, 0x20, 0x08, 0xff, 0x30, 0x1c, 0x00, 0xff,
    0x28, 0x20, 0x08, 0xff, 0x30, 0x1c, 0x00, 0xff, 0x30, 0x1c, 0x00, 0xff,
    0x28, 0x1c, 0x08, 0xff, 0x30, 0x20, 0x00, 0xff, 0x28, 0x1c, 0x00, 0xff,
    0x30, 0x1c, 0x08, 0xff, 0x28, 0x1c, 0x00, 0xff, 0x30, 0x20, 0x00, 0xff,
    0x28, 0x1c, 0x08, 0xff, 0x30, 0x1c, 0x00, 0xff, 0x30, 0x20, 0x08, 0xff,
    0x30, 0x1c, 0x08, 0xff, 0x30, 0x1c, 0x00, 0xff, 0x28, 0x1c, 0x00, 0xff,
    0x28, 0x20, 0x08, 0xff, 0x30, 0x1c, 0x00, 0xff, 0x30, 0x20, 0x00, 0xff,
    0x30, 0x1c, 0x00, 0xff, 0x28, 0x1c, 0x00, 0xff, 0x30, 0x20, 0x08, 0xff,
    0x30, 0x20, 0x00, 0xff, 0x28, 0x1c, 0x08, 0xff, 0x30, 0x1c, 0x00, 0xff,
    0x30, 0x20, 0x08, 0xff, 0x30, 0x20, 0x00, 0xff, 0x30, 0x1c, 0x08, 0xff,
    0x28, 0x20, 0x00, 0xff, 0x30, 0x20, 0x08, 0xff, 0x28, 0x1c, 0x00, 0xff,
    0x28, 0x20, 0x00, 0xff, 0x30, 0x1c, 0x08, 0xff, 0x30, 0x20, 0x00, 0xff,
    0x30, 0x1c, 0x08, 0xff, 0x28, 0x1c, 0x00, 0xff, 0x30, 0x20, 0x08, 0xff,
    0x28, 0x20, 0x00, 0xff, 0x28, 0x20, 0x08, 0xff, 0x30, 0x20, 0x00, 0xff,
    0x30, 0x20, 0x08, 0xff, 0x28, 0x1c, 0x08, 0xff, 0x30, 0x20, 0x00, 0xff,
    0x30, 0x1c, 0x08, 0xff, 0x28, 0x1c, 0x00, 0xff, 0x30, 0x20, 0x00, 0xff,
    0x30, 0x20, 0x08, 0xff, 0x30, 0x1c, 0x00, 0xff, 0x30, 0x20, 0x08, 0xff,
    0x30, 0x20, 0x00, 0xff, 0x28, 0x1c, 0x08, 0xff, 0x30, 0x20, 0x00, 0xff,
    0x30, 0x1c, 0x00, 0xff, 0x28, 0x20, 0x08, 0xff, 0x30, 0x20, 0x00, 0xff,
    0x28, 0x1c, 0x00, 0xff, 0x30, 0x20, 0x08, 0xff, 0x30, 0x1c, 0x00, 0xff,
    0x28, 0x20, 0x00, 0xff, 0x30, 0x20, 0x08, 0xff, 0x30, 0x20, 0x00, 0xff,
    0x30, 0x1c, 0x00, 0xff, 0x28, 0x1c, 0x08, 0xff, 0x28, 0x1c, 0x00, 0xff,
    0x30, 0x20, 0x00, 0xff, 0x28, 0x1c, 0x08, 0xff, 0x30, 0x20, 0x00, 0xff,
    0x28, 0x20, 0x00, 0xff, 0x28, 0x20, 0x08, 0xff, 0x30, 0x20, 0x00, 0xff,
    0x28, 0x1c, 0x00, 0xff, 0x30, 0x1c, 0x08, 0xff, 0x30, 0x20, 0x00, 0xff,
    0x30, 0x1c, 0x08, 0xff, 0x30, 0x20, 0x00, 0xff, 0x30, 0x1c, 0x08, 0xff,
    0x28, 0x1c, 0x08, 0xff, 0x30, 0x20, 0x00, 0xff, 0x30, 0x1c, 0x08, 0xff,
    0x28, 0x20, 0x00, 0xff, 0x30, 0x20, 0x08, 0xff, 0x28, 0x20, 0x08, 0xff,
    0x28, 0x1c, 0x00, 0xff, 0x30, 0x20, 0x00, 0xff, 0x30, 0x1c, 0x08, 0xff,
    0x28, 0x1c, 0x00, 0xff, 0x30, 0x1c, 0x00, 0xff, 0x30, 0x1c, 0x08, 0xff,
    0x28, 0x20, 0x00, 0xff, 0x30, 0x1c, 0x08, 0xff, 0x30, 0x20, 0x00, 0xff,
    0x28, 0x20, 0x00, 0xff, 0x30, 0x20, 0x08, 0xff, 0x30, 0x1c, 0x00, 0xff,
    0x30, 0x1c, 0x08, 0xff, 0x30, 0x20, 0x08, 0xff, 0x28, 0x20, 0x00, 0xff,
    0x30, 0x20, 0x00, 0xff, 0x30, 0x1c, 0x08, 0xff, 0x28, 0x1c, 0x00, 0xff,
    0x30, 0x20, 0x00, 0xff, 0x30, 0x1c, 0x08, 0xff, 0x30, 0x20, 0x00, 0xff,
    0x28, 0x20, 0x00, 0xff, 0x30, 0x20, 0x08, 0xff, 0x30, 0x1c, 0x00, 0xff,
    0x30, 0x20, 0x00, 0xff, 0x28, 0x1c, 0x08, 0xff, 0x28, 0x20, 0x00, 0xff,
    0x30, 0x1c, 0x00, 0xff, 0x28, 0x1c, 0x00, 0xff, 0x28, 0x20, 0x08, 0xff,
    0x30, 0x1c, 0x00, 0xff, 0x28, 0x20, 0x08, 0xff, 0x30, 0x20, 0x00, 0xff,
    0x30, 0x20, 0x00, 0xff, 0x28, 0x1c, 0x00, 0xff, 0x30, 0x1c, 0x08, 0xff,
    0x30, 0x20, 0x00, 0xff, 0x28, 0x1c, 0x00, 0xff, 0x30, 0x20, 0x00, 0xff,
    0x30, 0x20, 0x08, 0xff, 0x28, 0x1c, 0x00, 0xff, 0x28, 0x1c, 0x00, 0xff,
    0x30, 0x20, 0x08, 0xff, 0x30, 0x1c, 0x08, 0xff, 0x28, 0x1c, 0x00, 0xff,
    0x30, 0x1c, 0x00, 0xff, 0x28, 0x1c, 0x08, 0xff, 0x30, 0x20, 0x00, 0xff,
    0x30, 0x20, 0x00, 0xff, 0x30, 0x20, 0x08, 0xff, 0x30, 0x20, 0x00, 0xff,
    0x30, 0x1c, 0x00, 0xff, 0x30, 0x1c, 0x08, 0xff, 0x28, 0x20, 0x08, 0xff,
    0x30, 0x20, 0x00, 0xff, 0x30, 0x1c, 0x08, 0xff, 0x28, 0x20, 0x00, 0xff,
    0x28, 0x20, 0x08, 0xff, 0x30, 0x20, 0x00, 0xff, 0x28, 0x1c, 0x00, 0xff,
    0x30, 0x20, 0x08, 0xff, 0x28, 0x20, 0x08, 0xff, 0x28, 0x20, 0x00, 0xff,
    0x30, 0x20, 0x08, 0xff, 0x30, 0x1c, 0x00, 0xff, 0x28, 0x20, 0x00, 0xff,
    0x30, 0x20, 0x08, 0xff, 0x30, 0x20, 0x00, 0xff, 0x28, 0x20, 0x00, 0xff,
    0x30, 0x1c, 0x08, 0xff, 0x30, 0x20, 0x00, 0xff, 0x28, 0x20, 0x00, 0xff,
    0x30, 0x20, 0x08, 0xff, 0x28, 0x1c, 0x00, 0xff, 0x30, 0x20, 0x00, 0xff,
    0x30, 0x1c, 0x08, 0xff, 0x30, 0x1c, 0x00, 0xff, 0x28, 0x20, 0x00, 0xff,
    0x30, 0x20, 0x08, 0xff, 0x30, 0x24, 0x08, 0xff, 0x38, 0x24, 0x08, 0xff,
    0x20, 0x18, 0x08, 0xbe, 0x00, 0x00, 0x00, 0x65, 0x00, 0x00, 0x00, 0x51,
    0x00, 0x00, 0x00, 0x3c, 0x00, 0x00, 0x00, 0x2c, 0x00, 0x00, 0x00, 0x20,
    0x00, 0x00, 0x00, 0x14, 0x00, 0x00, 0x00, 0x0c, 0x00, 0x00, 0x00, 0x04,
    0x00, 0x00, 0x00, 0x00, 0x00, 0x00, 0x00, 0x00, 0x00, 0x00, 0x00, 0x00,
    0x00, 0x00, 0x00, 0x00, 0x00, 0x00, 0x00, 0x04, 0x00, 0x00, 0x00, 0x08,
    0x00, 0x00, 0x00, 0x10, 0x00, 0x00, 0x00, 0x1c, 0x00, 0x00, 0x00, 0x28,
    0x00, 0x00, 0x00, 0x3c, 0x00, 0x00, 0x00, 0x4d, 0x00, 0x00, 0x00, 0x61,
    0x18, 0x14, 0x08, 0xa2, 0x38, 0x24, 0x10, 0xff, 0x30, 0x24, 0x08, 0xff,
    0x30, 0x20, 0x08, 0xff, 0x30, 0x20, 0x08, 0xff, 0x28, 0x1c, 0x00, 0xff,
    0x30, 0x1c, 0x00, 0xff, 0x30, 0x20, 0x08, 0xff, 0x30, 0x20, 0x00, 0xff,
    0x30, 0x20, 0x00, 0xff, 0x28, 0x20, 0x08, 0xff, 0x30, 0x20, 0x00, 0xff,
    0x30, 0x1c, 0x00, 0xff, 0x30, 0x20, 0x08, 0xff, 0x30, 0x20, 0x00, 0xff,
    0x28, 0x20, 0x00, 0xff, 0x30, 0x1c, 0x08, 0xff, 0x30, 0x20, 0x00, 0xff,
    0x28, 0x20, 0x00, 0xff, 0x28, 0x1c, 0x00, 0xff, 0x30, 0x20, 0x08, 0xff,
    0x28, 0x20, 0x00, 0xff, 0x30, 0x20, 0x00, 0xff, 0x30, 0x20, 0x08, 0xff,
    0x28, 0x1c, 0x08, 0xff, 0x30, 0x20, 0x00, 0xff, 0x28, 0x20, 0x00, 0xff,
    0x30, 0x1c, 0x08, 0xff, 0x30, 0x20, 0x00, 0xff, 0x28, 0x1c, 0x08, 0xff,
    0x30, 0x1c, 0x00, 0xff, 0x30, 0x20, 0x00, 0xff, 0x30, 0x20, 0x08, 0xff,
    0x28, 0x20, 0x00, 0xff, 0x30, 0x1c, 0x00, 0xff, 0x30, 0x20, 0x08, 0xff,
    0x30, 0x20, 0x00, 0xff, 0x28, 0x20, 0x00, 0xff, 0x30, 0x20, 0x08, 0xff,
    0x28, 0x20, 0x00, 0xff, 0x30, 0x20, 0x00, 0xff, 0x28, 0x1c, 0x00, 0xff,
    0x30, 0x20, 0x08, 0xff, 0x30, 0x1c, 0x00, 0xff, 0x30, 0x20, 0x00, 0xff,
    0x28, 0x1c, 0x00, 0xff, 0x30, 0x1c, 0x00, 0xff, 0x28, 0x20, 0x00, 0xff,
    0x28, 0x1c, 0x08, 0xff, 0x30, 0x20, 0x00, 0xff, 0x30, 0x20, 0x08, 0xff,
    0x28, 0x1c, 0x00, 0xff, 0x30, 0x20, 0x00, 0xff, 0x28, 0x20, 0x08, 0xff,
    0x28, 0x20, 0x00, 0xff, 0x30, 0x1c, 0x00, 0xff, 0x30, 0x20, 0x08, 0xff,
    0x30, 0x20, 0x00, 0xff, 0x28, 0x20, 0x08, 0xff, 0x30, 0x20, 0x00, 0xff,
    0x30, 0x1c, 0x08, 0xff, 0x28, 0x1c, 0x00, 0xff, 0x30, 0x20, 0x08, 0xff,
    0x30, 0x1c, 0x00, 0xff, 0x30, 0x1c, 0x08, 0xff, 0x28, 0x20, 0x00, 0xff,
    0x28, 0x1c, 0x08, 0xff, 0x30, 0x20, 0x00, 0xff, 0x30, 0x20, 0x00, 0xff,
    0x30, 0x20, 0x08, 0xff, 0x30, 0x20, 0x00, 0xff, 0x28, 0x1c, 0x08, 0xff,
    0x30, 0x20, 0x00, 0xff, 0x30, 0x1c, 0x08, 0xff, 0x30, 0x1c, 0x00, 0xff,
    0x30, 0x20, 0x08, 0xff, 0x28, 0x1c, 0x00, 0xff, 0x30, 0x20, 0x00, 0xff,
    0x28, 0x20, 0x08, 0xff, 0x30, 0x1c, 0x00, 0xff, 0x28, 0x20, 0x00, 0xff,
    0x28, 0x20, 0x00, 0xff, 0x30, 0x20, 0x00, 0xff, 0x30, 0x20, 0x08, 0xff,
    0x28, 0x1c, 0x00, 0xff, 0x30, 0x20, 0x00, 0xff, 0x30, 0x1c, 0x08, 0xff,
    0x28, 0x1c, 0x00, 0xff, 0x30, 0x1c, 0x00, 0xff, 0x30, 0x20, 0x08, 0xff,
    0x28, 0x1c, 0x00, 0xff, 0x30, 0x20, 0x00, 0xff, 0x30, 0x20, 0x08, 0xff,
    0x30, 0x20, 0x00, 0xff, 0x30, 0x20, 0x00, 0xff, 0x28, 0x1c, 0x08, 0xff,
    0x30, 0x20, 0x00, 0xff, 0x30, 0x20, 0x08, 0xff, 0x28, 0x1c, 0x00, 0xff,
    0x30, 0x1c, 0x00, 0xff, 0x28, 0x20, 0x08, 0xff, 0x30, 0x1c, 0x00, 0xff,
    0x28, 0x1c, 0x00, 0xff, 0x28, 0x1c, 0x08, 0xff, 0x30, 0x20, 0x00, 0xff,
    0x30, 0x1c, 0x08, 0xff, 0x30, 0x20, 0x00, 0xff, 0x28, 0x20, 0x08, 0xff,
    0x28, 0x20, 0x00, 0xff, 0x30, 0x1c, 0x00, 0xff, 0x30, 0x20, 0x08, 0xff,
    0x28, 0x1c, 0x08, 0xff, 0x30, 0x20, 0x00, 0xff, 0x30, 0x20, 0x00, 0xff,
    0x28, 0x1c, 0x08, 0xff, 0x30, 0x20, 0x00, 0xff, 0x30, 0x20, 0x00, 0xff,
    0x30, 0x20, 0x08, 0xff, 0x28, 0x1c, 0x00, 0xff, 0x30, 0x1c, 0x00, 0xff,
    0x28, 0x20, 0x08, 0xff, 0x28, 0x1c, 0x08, 0xff, 0x30, 0x1c, 0x00, 0xff,
    0x28, 0x20, 0x08, 0xff, 0x30, 0x20, 0x00, 0xff, 0x30, 0x20, 0x00, 0xff,
    0x30, 0x1c, 0x08, 0xff, 0x28, 0x20, 0x00, 0xff, 0x30, 0x20, 0x08, 0xff,
    0x28, 0x1c, 0x08, 0xff, 0x30, 0x20, 0x00, 0xff, 0x30, 0x20, 0x00, 0xff,
    0x28, 0x20, 0x00, 0xff, 0x30, 0x20, 0x08, 0xff, 0x30, 0x20, 0x00, 0xff,
    0x28, 0x1c, 0x00, 0xff, 0x28, 0x20, 0x08, 0xff, 0x30, 0x1c, 0x00, 0xff,
    0x28, 0x1c, 0x08, 0xff, 0x28, 0x20, 0x08, 0xff, 0x30, 0x1c, 0x00, 0xff,
    0x30, 0x20, 0x00, 0xff, 0x30, 0x20, 0x00, 0xff, 0x30, 0x1c, 0x08, 0xff,
    0x28, 0x20, 0x00, 0xff, 0x30, 0x1c, 0x08, 0xff, 0x30, 0x20, 0x00, 0xff,
    0x28, 0x20, 0x00, 0xff, 0x30, 0x20, 0x08, 0xff, 0x30, 0x1c, 0x00, 0xff,
    0x28, 0x1c, 0x00, 0xff, 0x30, 0x20, 0x00, 0xff, 0x30, 0x20, 0x08, 0xff,
    0x28, 0x1c, 0x00, 0xff, 0x30, 0x20, 0x08, 0xff, 0x30, 0x1c, 0x00, 0xff,
    0x28, 0x1c, 0x00, 0xff, 0x30, 0x20, 0x08, 0xff, 0x30, 0x20, 0x00, 0xff,
    0x28, 0x1c, 0x08, 0xff, 0x30, 0x20, 0x00, 0xff, 0x28, 0x1c, 0x08, 0xff,
    0x30, 0x20, 0x00, 0xff, 0x30, 0x20, 0x00, 0xff, 0x30, 0x1c, 0x08, 0xff,
    0x30, 0x20, 0x00, 0xff, 0x30, 0x20, 0x08, 0xff, 0x30, 0x20, 0x08, 0xff,
    0x30, 0x20, 0x08, 0xff, 0x30, 0x24, 0x08, 0xff, 0x18, 0x14, 0x08, 0xa6,
    0x00, 0x00, 0x00, 0x61, 0x00, 0x00, 0x00, 0x4d, 0x00, 0x00, 0x00, 0x3c,
    0x00, 0x00, 0x00, 0x28, 0x00, 0x00, 0x00, 0x1c, 0x00, 0x00, 0x00, 0x14,
    0x00, 0x00, 0x00, 0x0c, 0x00, 0x00, 0x00, 0x04, 0x00, 0x00, 0x00, 0x00,
    0x00, 0x00, 0x00, 0x00, 0x00, 0x00, 0x00, 0x00, 0x00, 0x00, 0x00, 0x00,
    0x00, 0x00, 0x00, 0x04, 0x00, 0x00, 0x00, 0x08, 0x00, 0x00, 0x00, 0x10,
    0x00, 0x00, 0x00, 0x1c, 0x00, 0x00, 0x00, 0x28, 0x00, 0x00, 0x00, 0x38,
    0x00, 0x00, 0x00, 0x49, 0x00, 0x00, 0x00, 0x5d, 0x08, 0x08, 0x00, 0x82,
    0x38, 0x28, 0x08, 0xff, 0x30, 0x20, 0x08, 0xff, 0x30, 0x20, 0x08, 0xff,
    0x30, 0x20, 0x00, 0xff, 0x30, 0x20, 0x00, 0xff, 0x28, 0x1c, 0x08, 0xff,
    0x28, 0x20, 0x00, 0xff, 0x30, 0x20, 0x00, 0xff, 0x30, 0x20, 0x08, 0xff,
    0x28, 0x1c, 0x00, 0xff, 0x30, 0x20, 0x00, 0xff, 0x28, 0x1c, 0x08, 0xff,
    0x30, 0x20, 0x08, 0xff, 0x30, 0x20, 0x00, 0xff, 0x28, 0x1c, 0x00, 0xff,
    0x30, 0x20, 0x08, 0xff, 0x30, 0x20, 0x00, 0xff, 0x28, 0x1c, 0x00, 0xff,
    0x30, 0x20, 0x08, 0xff, 0x30, 0x20, 0x00, 0xff, 0x30, 0x1c, 0x00, 0xff,
    0x28, 0x1c, 0x08, 0xff, 0x30, 0x20, 0x00, 0xff, 0x30, 0x1c, 0x00, 0xff,
    0x28, 0x20, 0x08, 0xff, 0x30, 0x20, 0x08, 0xff, 0x30, 0x1c, 0x00, 0xff,
    0x28, 0x20, 0x00, 0xff, 0x30, 0x20, 0x08, 0xff, 0x28, 0x20, 0x00, 0xff,
    0x28, 0x1c, 0x00, 0xff, 0x30, 0x1c, 0x08, 0xff, 0x28, 0x20, 0x00, 0xff,
    0x28, 0x1c, 0x00, 0xff, 0x30, 0x1c, 0x08, 0xff, 0x30, 0x20, 0x00, 0xff,
    0x30, 0x1c, 0x08, 0xff, 0x30, 0x1c, 0x00, 0xff, 0x30, 0x20, 0x08, 0xff,
    0x28, 0x1c, 0x00, 0xff, 0x30, 0x20, 0x08, 0xff, 0x30, 0x20, 0x00, 0xff,
    0x28, 0x1c, 0x00, 0xff, 0x30, 0x1c, 0x08, 0xff, 0x30, 0x20, 0x08, 0xff,
    0x30, 0x20, 0x00, 0xff, 0x30, 0x1c, 0x00, 0xff, 0x28, 0x20, 0x00, 0xff,
    0x30, 0x1c, 0x08, 0xff, 0x30, 0x20, 0x00, 0xff, 0x30, 0x1c, 0x08, 0xff,
    0x30, 0x1c, 0x00, 0xff, 0x30, 0x20, 0x00, 0xff, 0x30, 0x1c, 0x08, 0xff,
    0x28, 0x1c, 0x00, 0xff, 0x30, 0x20, 0x00, 0xff, 0x30, 0x1c, 0x08, 0xff,
    0x28, 0x1c, 0x00, 0xff, 0x30, 0x20, 0x00, 0xff, 0x30, 0x1c, 0x08, 0xff,
    0x28, 0x20, 0x00, 0xff, 0x30, 0x20, 0x00, 0xff, 0x28, 0x1c, 0x08, 0xff,
    0x30, 0x20, 0x00, 0xff, 0x30, 0x20, 0x00, 0xff, 0x28, 0x1c, 0x08, 0xff,
    0x30, 0x1c, 0x00, 0xff, 0x30, 0x20, 0x00, 0xff, 0x28, 0x20, 0x08, 0xff,
    0x30, 0x1c, 0x00, 0xff, 0x30, 0x20, 0x00, 0xff, 0x28, 0x20, 0x08, 0xff,
    0x30, 0x20, 0x00, 0xff, 0x30, 0x20, 0x00, 0xff, 0x28, 0x1c, 0x08, 0xff,
    0x30, 0x1c, 0x00, 0xff, 0x30, 0x20, 0x00, 0xff, 0x30, 0x20, 0x08, 0xff,
    0x28, 0x20, 0x00, 0xff, 0x30, 0x1c, 0x08, 0xff, 0x30, 0x1c, 0x08, 0xff,
    0x28, 0x20, 0x00, 0xff, 0x30, 0x1c, 0x00, 0xff, 0x30, 0x20, 0x08, 0xff,
    0x28, 0x20, 0x00, 0xff, 0x30, 0x20, 0x00, 0xff, 0x30, 0x1c, 0x00, 0xff,
    0x30, 0x20, 0x00, 0xff, 0x30, 0x20, 0x08, 0xff, 0x28, 0x1c, 0x00, 0xff,
    0x28, 0x20, 0x08, 0xff, 0x30, 0x20, 0x00, 0xff, 0x28, 0x1c, 0x08, 0xff,
    0x30, 0x20, 0x00, 0xff, 0x30, 0x20, 0x00, 0xff, 0x30, 0x1c, 0x08, 0xff,
    0x30, 0x20, 0x00, 0xff, 0x28, 0x1c, 0x08, 0xff, 0x30, 0x20, 0x00, 0xff,
    0x30, 0x20, 0x00, 0xff, 0x28, 0x20, 0x00, 0xff, 0x30, 0x1c, 0x00, 0xff,
    0x30, 0x20, 0x08, 0xff, 0x28, 0x1c, 0x00, 0xff, 0x30, 0x20, 0x00, 0xff,
    0x28, 0x1c, 0x08, 0xff, 0x30, 0x1c, 0x00, 0xff, 0x30, 0x20, 0x00, 0xff,
    0x28, 0x1c, 0x08, 0xff, 0x30, 0x1c, 0x00, 0xff, 0x28, 0x20, 0x00, 0xff,
    0x30, 0x1c, 0x08, 0xff, 0x30, 0x20, 0x00, 0xff, 0x30, 0x1c, 0x00, 0xff,
    0x28, 0x1c, 0x08, 0xff, 0x30, 0x20, 0x00, 0xff, 0x30, 0x1c, 0x08, 0xff,
    0x30, 0x20, 0x00, 0xff, 0x30, 0x20, 0x00, 0xff, 0x30, 0x1c, 0x00, 0xff,
    0x30, 0x20, 0x00, 0xff, 0x30, 0x20, 0x08, 0xff, 0x28, 0x1c, 0x00, 0xff,
    0x28, 0x20, 0x00, 0xff, 0x30, 0x20, 0x08, 0xff, 0x28, 0x1c, 0x00, 0xff,
    0x30, 0x1c, 0x00, 0xff, 0x30, 0x20, 0x00, 0xff, 0x30, 0x1c, 0x08, 0xff,
    0x28, 0x20, 0x00, 0xff, 0x30, 0x20, 0x00, 0xff, 0x28, 0x1c, 0x08, 0xff,
    0x30, 0x1c, 0x00, 0xff, 0x30, 0x20, 0x08, 0xff, 0x30, 0x20, 0x00, 0xff,
    0x30, 0x1c, 0x00, 0xff, 0x28, 0x20, 0x08, 0xff, 0x30, 0x20, 0x00, 0xff,
    0x30, 0x1c, 0x00, 0xff, 0x28, 0x20, 0x08, 0xff, 0x28, 0x20, 0x00, 0xff,
    0x30, 0x1c, 0x00, 0xff, 0x28, 0x1c, 0x08, 0xff, 0x30, 0x20, 0x00, 0xff,
    0x30, 0x1c, 0x00, 0xff, 0x30, 0x1c, 0x08, 0xff, 0x30, 0x1c, 0x00, 0xff,
    0x28, 0x20, 0x00, 0xff, 0x30, 0x20, 0x08, 0xff, 0x30, 0x20, 0x00, 0xff,
    0x30, 0x20, 0x00, 0xff, 0x28, 0x1c, 0x08, 0xff, 0x30, 0x1c, 0x00, 0xff,
    0x30, 0x20, 0x00, 0xff, 0x30, 0x1c, 0x08, 0xff, 0x28, 0x1c, 0x00, 0xff,
    0x30, 0x20, 0x00, 0xff, 0x30, 0x1c, 0x08, 0xff, 0x28, 0x20, 0x00, 0xff,
    0x30, 0x20, 0x00, 0xff, 0x30, 0x1c, 0x08, 0xff, 0x28, 0x1c, 0x00, 0xff,
    0x28, 0x20, 0x08, 0xff, 0x28, 0x20, 0x00, 0xff, 0x30, 0x1c, 0x00, 0xff,
    0x30, 0x20, 0x08, 0xff, 0x30, 0x20, 0x00, 0xff, 0x30, 0x24, 0x08, 0xff,
    0x38, 0x24, 0x08, 0xff, 0x10, 0x08, 0x08, 0x82, 0x00, 0x00, 0x00, 0x5d,
    0x00, 0x00, 0x00, 0x49, 0x00, 0x00, 0x00, 0x38, 0x00, 0x00, 0x00, 0x28,
    0x00, 0x00, 0x00, 0x1c, 0x00, 0x00, 0x00, 0x10, 0x00, 0x00, 0x00, 0x08,
    0x00, 0x00, 0x00, 0x04, 0x00, 0x00, 0x00, 0x00, 0x00, 0x00, 0x00, 0x00,
    0x00, 0x00, 0x00, 0x00, 0x00, 0x00, 0x00, 0x00, 0x00, 0x00, 0x00, 0x04,
    0x00, 0x00, 0x00, 0x08, 0x00, 0x00, 0x00, 0x10, 0x00, 0x00, 0x00, 0x18,
    0x00, 0x00, 0x00, 0x24, 0x00, 0x00, 0x00, 0x34, 0x00, 0x00, 0x00, 0x45,
    0x00, 0x00, 0x00, 0x59, 0x00, 0x00, 0x00, 0x71, 0x30, 0x24, 0x08, 0xef,
    0x30, 0x24, 0x08, 0xff, 0x30, 0x20, 0x08, 0xff, 0x30, 0x20, 0x00, 0xff,
    0x28, 0x1c, 0x08, 0xff, 0x30, 0x20, 0x00, 0xff, 0x30, 0x1c, 0x00, 0xff,
    0x28, 0x20, 0x08, 0xff, 0x30, 0x20, 0x08, 0xff, 0x30, 0x1c, 0x00, 0xff,
    0x28, 0x1c, 0x00, 0xff, 0x30, 0x20, 0x08, 0xff, 0x28, 0x1c, 0x00, 0xff,
    0x30, 0x1c, 0x00, 0xff, 0x30, 0x20, 0x08, 0xff, 0x28, 0x1c, 0x00, 0xff,
    0x30, 0x1c, 0x08, 0xff, 0x30, 0x20, 0x00, 0xff, 0x28, 0x1c, 0x08, 0xff,
    0x30, 0x1c, 0x00, 0xff, 0x28, 0x20, 0x00, 0xff, 0x30, 0x1c, 0x00, 0xff,
    0x30, 0x20, 0x08, 0xff, 0x28, 0x1c, 0x00, 0xff, 0x30, 0x20, 0x00, 0xff,
    0x30, 0x1c, 0x00, 0xff, 0x28, 0x1c, 0x00, 0xff, 0x30, 0x20, 0x08, 0xff,
    0x30, 0x1c, 0x00, 0xff, 0x30, 0x20, 0x00, 0xff, 0x28, 0x20, 0x08, 0xff,
    0x30, 0x1c, 0x00, 0xff, 0x30, 0x20, 0x00, 0xff, 0x30, 0x20, 0x08, 0xff,
    0x28, 0x1c, 0x00, 0xff, 0x28, 0x20, 0x00, 0xff, 0x30, 0x20, 0x08, 0xff,
    0x28, 0x1c, 0x00, 0xff, 0x30, 0x20, 0x00, 0xff, 0x30, 0x1c, 0x08, 0xff,
    0x28, 0x20, 0x00, 0xff, 0x30, 0x20, 0x00, 0xff, 0x28, 0x1c, 0x08, 0xff,
    0x28, 0x20, 0x00, 0xff, 0x28, 0x20, 0x08, 0xff, 0x30, 0x1c, 0x08, 0xff,
    0x30, 0x20, 0x00, 0xff, 0x28, 0x1c, 0x08, 0xff, 0x30, 0x20, 0x00, 0xff,
    0x28, 0x1c, 0x00, 0xff, 0x28, 0x20, 0x08, 0xff, 0x30, 0x20, 0x00, 0xff,
    0x28, 0x20, 0x00, 0xff, 0x30, 0x1c, 0x08, 0xff, 0x30, 0x20, 0x00, 0xff,
    0x28, 0x1c, 0x00, 0xff, 0x30, 0x20, 0x08, 0xff, 0x28, 0x20, 0x00, 0xff,
    0x30, 0x1c, 0x00, 0xff, 0x28, 0x20, 0x08, 0xff, 0x30, 0x20, 0x00, 0xff,
    0x30, 0x1c, 0x00, 0xff, 0x28, 0x20, 0x08, 0xff, 0x30, 0x1c, 0x00, 0xff,
    0x30, 0x20, 0x00, 0xff, 0x28, 0x1c, 0x08, 0xff, 0x30, 0x1c, 0x00, 0xff,
    0x28, 0x20, 0x08, 0xff, 0x28, 0x1c, 0x00, 0xff, 0x30, 0x20, 0x00, 0xff,
    0x30, 0x1c, 0x08, 0xff, 0x28, 0x20, 0x00, 0xff, 0x30, 0x1c, 0x00, 0xff,
    0x28, 0x20, 0x08, 0xff, 0x30, 0x1c, 0x00, 0xff, 0x28, 0x20, 0x08, 0xff,
    0x30, 0x1c, 0x00, 0xff, 0x30, 0x1c, 0x00, 0xff, 0x28, 0x20, 0x08, 0xff,
    0x30, 0x1c, 0x00, 0xff, 0x30, 0x1c, 0x00, 0xff, 0x28, 0x20, 0x08, 0xff,
    0x30, 0x1c, 0x00, 0xff, 0x30, 0x1c, 0x00, 0xff, 0x28, 0x20, 0x08, 0xff,
    0x28, 0x1c, 0x08, 0xff, 0x30, 0x20, 0x00, 0xff, 0x28, 0x20, 0x08, 0xff,
    0x30, 0x1c, 0x00, 0xff, 0x30, 0x1c, 0x00, 0xff, 0x30, 0x20, 0x08, 0xff,
    0x28, 0x1c, 0x00, 0xff, 0x30, 0x1c, 0x00, 0xff, 0x28, 0x1c, 0x08, 0xff,
    0x28, 0x20, 0x00, 0xff, 0x30, 0x1c, 0x00, 0xff, 0x28, 0x20, 0x00, 0xff,
    0x30, 0x1c, 0x08, 0xff, 0x30, 0x1c, 0x08, 0xff, 0x28, 0x20, 0x00, 0xff,
    0x30, 0x1c, 0x08, 0xff, 0x30, 0x20, 0x08, 0xff, 0x30, 0x20, 0x00, 0xff,
    0x28, 0x1c, 0x00, 0xff, 0x30, 0x20, 0x08, 0xff, 0x30, 0x20, 0x00, 0xff,
    0x28, 0x1c, 0x00, 0xff, 0x30, 0x20, 0x08, 0xff, 0x30, 0x20, 0x00, 0xff,
    0x28, 0x1c, 0x00, 0xff, 0x30, 0x20, 0x08, 0xff, 0x28, 0x20, 0x00, 0xff,
    0x30, 0x20, 0x00, 0xff, 0x28, 0x1c, 0x08, 0xff, 0x30, 0x20, 0x00, 0xff,
    0x28, 0x1c, 0x00, 0xff, 0x28, 0x1c, 0x08, 0xff, 0x30, 0x20, 0x08, 0xff,
    0x28, 0x20, 0x00, 0xff, 0x28, 0x1c, 0x08, 0xff, 0x30, 0x1c, 0x00, 0xff,
    0x30, 0x20, 0x00, 0xff, 0x30, 0x1c, 0x08, 0xff, 0x30, 0x1c, 0x00, 0xff,
    0x28, 0x20, 0x08, 0xff, 0x30, 0x1c, 0x08, 0xff, 0x28, 0x20, 0x00, 0xff,
    0x30, 0x20, 0x00, 0xff, 0x28, 0x20, 0x00, 0xff, 0x30, 0x20, 0x08, 0xff,
    0x30, 0x1c, 0x00, 0xff, 0x28, 0x1c, 0x00, 0xff, 0x28, 0x1c, 0x08, 0xff,
    0x30, 0x20, 0x00, 0xff, 0x28, 0x1c, 0x00, 0xff, 0x30, 0x1c, 0x08, 0xff,
    0x30, 0x20, 0x00, 0xff, 0x28, 0x1c, 0x00, 0xff, 0x30, 0x1c, 0x08, 0xff,
    0x30, 0x20, 0x00, 0xff, 0x28, 0x20, 0x08, 0xff, 0x30, 0x1c, 0x00, 0xff,
    0x30, 0x20, 0x00, 0xff, 0x28, 0x20, 0x08, 0xff, 0x28, 0x20, 0x00, 0xff,
    0x30, 0x1c, 0x08, 0xff, 0x28, 0x20, 0x00, 0xff, 0x30, 0x1c, 0x00, 0xff,
    0x28, 0x1c, 0x08, 0xff, 0x30, 0x1c, 0x08, 0xff, 0x28, 0x20, 0x00, 0xff,
    0x30, 0x1c, 0x00, 0xff, 0x28, 0x20, 0x08, 0xff, 0x28, 0x20, 0x00, 0xff,
    0x30, 0x20, 0x08, 0xff, 0x28, 0x20, 0x00, 0xff, 0x30, 0x1c, 0x00, 0xff,
    0x30, 0x20, 0x08, 0xff, 0x28, 0x20, 0x00, 0xff, 0x30, 0x1c, 0x00, 0xff,
    0x30, 0x20, 0x08, 0xff, 0x30, 0x20, 0x00, 0xff, 0x30, 0x1c, 0x00, 0xff,
    0x28, 0x20, 0x08, 0xff, 0x28, 0x1c, 0x00, 0xff, 0x30, 0x20, 0x00, 0xff,
    0x30, 0x20, 0x08, 0xff, 0x30, 0x24, 0x08, 0xff, 0x30, 0x24, 0x08, 0xf3,
    0x00, 0x00, 0x00, 0x6d, 0x00, 0x00, 0x00, 0x59, 0x00, 0x00, 0x00, 0x45,
    0x00, 0x00, 0x00, 0x34, 0x00, 0x00, 0x00, 0x24, 0x00, 0x00, 0x00, 0x18,
    0x00, 0x00, 0x00, 0x10, 0x00, 0x00, 0x00, 0x08, 0x00, 0x00, 0x00, 0x04,
    0x00, 0x00, 0x00, 0x00, 0x00, 0x00, 0x00, 0x00, 0x00, 0x00, 0x00, 0x00,
    0x00, 0x00, 0x00, 0x00, 0x00, 0x00, 0x00, 0x04, 0x00, 0x00, 0x00, 0x08,
    0x00, 0x00, 0x00, 0x0c, 0x00, 0x00, 0x00, 0x18, 0x00, 0x00, 0x00, 0x20,
    0x00, 0x00, 0x00, 0x30, 0x00, 0x00, 0x00, 0x41, 0x00, 0x00, 0x00, 0x55,
    0x00, 0x00, 0x00, 0x69, 0x28, 0x1c, 0x08, 0xd3, 0x30, 0x24, 0x08, 0xff,
    0x30, 0x20, 0x08, 0xff, 0x30, 0x20, 0x08, 0xff, 0x28, 0x1c, 0x00, 0xff,
    0x30, 0x20, 0x00, 0xff, 0x28, 0x1c, 0x08, 0xff, 0x30, 0x1c, 0x00, 0xff,
    0x30, 0x20, 0x00, 0xff, 0x28, 0x1c, 0x08, 0xff, 0x30, 0x20, 0x00, 0xff,
    0x30, 0x20, 0x00, 0xff, 0x28, 0x1c, 0x08, 0xff, 0x30, 0x20, 0x00, 0xff,
    0x28, 0x20, 0x00, 0xff, 0x28, 0x1c, 0x08, 0xff, 0x30, 0x20, 0x00, 0xff,
    0x30, 0x20, 0x00, 0xff, 0x28, 0x1c, 0x08, 0xff, 0x30, 0x20, 0x08, 0xff,
    0x30, 0x20, 0x00, 0xff, 0x28, 0x1c, 0x08, 0xff, 0x30, 0x1c, 0x00, 0xff,
    0x28, 0x20, 0x08, 0xff, 0x30, 0x1c, 0x00, 0xff, 0x28, 0x20, 0x08, 0xff,
    0x28, 0x20, 0x00, 0xff, 0x30, 0x1c, 0x08, 0xff, 0x30, 0x20, 0x00, 0xff,
    0x28, 0x1c, 0x00, 0xff, 0x30, 0x20, 0x08, 0xff, 0x30, 0x1c, 0x00, 0xff,
    0x28, 0x1c, 0x08, 0xff, 0x28, 0x20, 0x00, 0xff, 0x30, 0x1c, 0x00, 0xff,
    0x30, 0x20, 0x08, 0xff, 0x28, 0x1c, 0x00, 0xff, 0x30, 0x20, 0x00, 0xff,
    0x28, 0x1c, 0x08, 0xff, 0x30, 0x20, 0x00, 0xff, 0x30, 0x1c, 0x00, 0xff,
    0x28, 0x1c, 0x08, 0xff, 0x30, 0x20, 0x00, 0xff, 0x30, 0x1c, 0x00, 0xff,
    0x30, 0x1c, 0x00, 0xff, 0x28, 0x20, 0x00, 0xff, 0x30, 0x1c, 0x08, 0xff,
    0x30, 0x20, 0x00, 0xff, 0x28, 0x1c, 0x00, 0xff, 0x30, 0x20, 0x08, 0xff,
    0x30, 0x1c, 0x00, 0xff, 0x28, 0x1c, 0x08, 0xff, 0x28, 0x20, 0x00, 0xff,
    0x30, 0x1c, 0x08, 0xff, 0x30, 0x20, 0x00, 0xff, 0x28, 0x20, 0x08, 0xff,
    0x30, 0x1c, 0x00, 0xff, 0x30, 0x20, 0x00, 0xff, 0x28, 0x1c, 0x08, 0xff,
    0x30, 0x1c, 0x00, 0xff, 0x30, 0x20, 0x00, 0xff, 0x28, 0x1c, 0x08, 0xff,
    0x28, 0x1c, 0x00, 0xff, 0x30, 0x20, 0x00, 0xff, 0x30, 0x20, 0x08, 0xff,
    0x28, 0x20, 0x00, 0xff, 0x30, 0x1c, 0x00, 0xff, 0x30, 0x20, 0x00, 0xff,
    0x30, 0x1c, 0x08, 0xff, 0x28, 0x1c, 0x00, 0xff, 0x28, 0x20, 0x08, 0xff,
    0x30, 0x1c, 0x00, 0xff, 0x30, 0x1c, 0x00, 0xff, 0x28, 0x20, 0x08, 0xff,
    0x30, 0x20, 0x00, 0xff, 0x30, 0x1c, 0x00, 0xff, 0x28, 0x20, 0x08, 0xff,
    0x30, 0x20, 0x00, 0xff, 0x28, 0x1c, 0x00, 0xff, 0x30, 0x20, 0x00, 0xff,
    0x30, 0x20, 0x08, 0xff, 0x28, 0x1c, 0x00, 0xff, 0x30, 0x20, 0x00, 0xff,
    0x30, 0x20, 0x08, 0xff, 0x28, 0x1c, 0x00, 0xff, 0x30, 0x1c, 0x00, 0xff,
    0x30, 0x20, 0x08, 0xff, 0x28, 0x1c, 0x00, 0xff, 0x28, 0x20, 0x00, 0xff,
    0x30, 0x20, 0x08, 0xff, 0x30, 0x1c, 0x00, 0xff, 0x28, 0x20, 0x00, 0xff,
    0x30, 0x20, 0x08, 0xff, 0x28, 0x1c, 0x00, 0xff, 0x30, 0x20, 0x08, 0xff,
    0x30, 0x20, 0x00, 0xff, 0x28, 0x1c, 0x00, 0xff, 0x30, 0x20, 0x00, 0xff,
    0x28, 0x1c, 0x00, 0xff, 0x30, 0x1c, 0x08, 0xff, 0x28, 0x20, 0x00, 0xff,
    0x30, 0x1c, 0x00, 0xff, 0x28, 0x1c, 0x00, 0xff, 0x30, 0x20, 0x08, 0xff,
    0x30, 0x1c, 0x00, 0xff, 0x28, 0x20, 0x00, 0xff, 0x30, 0x1c, 0x08, 0xff,
    0x30, 0x1c, 0x08, 0xff, 0x28, 0x20, 0x00, 0xff, 0x28, 0x1c, 0x00, 0xff,
    0x30, 0x1c, 0x08, 0xff, 0x30, 0x20, 0x00, 0xff, 0x28, 0x1c, 0x08, 0xff,
    0x30, 0x20, 0x00, 0xff, 0x30, 0x20, 0x00, 0xff, 0x30, 0x1c, 0x08, 0xff,
    0x28, 0x20, 0x00, 0xff, 0x30, 0x1c, 0x00, 0xff, 0x30, 0x1c, 0x00, 0xff,
    0x28, 0x20, 0x08, 0xff, 0x28, 0x20, 0x00, 0xff, 0x30, 0x1c, 0x08, 0xff,
    0x28, 0x20, 0x00, 0xff, 0x30, 0x1c, 0x00, 0xff, 0x30, 0x20, 0x00, 0xff,
    0x28, 0x1c, 0x08, 0xff, 0x30, 0x20, 0x00, 0xff, 0x30, 0x1c, 0x08, 0xff,
    0x28, 0x1c, 0x00, 0xff, 0x30, 0x1c, 0x08, 0xff, 0x30, 0x20, 0x00, 0xff,
    0x30, 0x20, 0x00, 0xff, 0x30, 0x20, 0x08, 0xff, 0x28, 0x1c, 0x00, 0xff,
    0x28, 0x20, 0x00, 0xff, 0x30, 0x1c, 0x08, 0xff, 0x28, 0x20, 0x00, 0xff,
    0x30, 0x20, 0x00, 0xff, 0x30, 0x1c, 0x08, 0xff, 0x28, 0x20, 0x00, 0xff,
    0x28, 0x1c, 0x00, 0xff, 0x30, 0x1c, 0x08, 0xff, 0x30, 0x20, 0x00, 0xff,
    0x28, 0x20, 0x00, 0xff, 0x30, 0x1c, 0x08, 0xff, 0x30, 0x20, 0x00, 0xff,
    0x30, 0x20, 0x08, 0xff, 0x28, 0x1c, 0x00, 0xff, 0x30, 0x20, 0x00, 0xff,
    0x30, 0x20, 0x00, 0xff, 0x28, 0x1c, 0x08, 0xff, 0x30, 0x20, 0x00, 0xff,
    0x30, 0x1c, 0x00, 0xff, 0x30, 0x1c, 0x08, 0xff, 0x28, 0x20, 0x00, 0xff,
    0x30, 0x1c, 0x08, 0xff, 0x30, 0x20, 0x00, 0xff, 0x28, 0x1c, 0x08, 0xff,
    0x30, 0x20, 0x00, 0xff, 0x28, 0x1c, 0x00, 0xff, 0x28, 0x20, 0x08, 0xff,
    0x30, 0x1c, 0x00, 0xff, 0x28, 0x1c, 0x00, 0xff, 0x30, 0x20, 0x08, 0xff,
    0x30, 0x20, 0x00, 0xff, 0x30, 0x20, 0x08, 0xff, 0x30, 0x20, 0x08, 0xff,
    0x30, 0x24, 0x08, 0xff, 0x28, 0x20, 0x08, 0xd3, 0x00, 0x00, 0x00, 0x69,
    0x00, 0x00, 0x00, 0x55, 0x00, 0x00, 0x00, 0x41, 0x00, 0x00, 0x00, 0x30,
    0x00, 0x00, 0x00, 0x20, 0x00, 0x00, 0x00, 0x18, 0x00, 0x00, 0x00, 0x0c,
    0x00, 0x00, 0x00, 0x04, 0x00, 0x00, 0x00, 0x04, 0x00, 0x00, 0x00, 0x00,
    0x00, 0x00, 0x00, 0x00, 0x00, 0x00, 0x00, 0x00, 0x00, 0x00, 0x00, 0x00,
    0x00, 0x00, 0x00, 0x04, 0x00, 0x00, 0x00, 0x04, 0x00, 0x00, 0x00, 0x0c,
    0x00, 0x00, 0x00, 0x14, 0x00, 0x00, 0x00, 0x20, 0x00, 0x00, 0x00, 0x2c,
    0x00, 0x00, 0x00, 0x3c, 0x00, 0x00, 0x00, 0x4d, 0x00, 0x00, 0x00, 0x65,
    0x20, 0x18, 0x08, 0xb2, 0x30, 0x24, 0x08, 0xff, 0x30, 0x24, 0x08, 0xff,
    0x30, 0x20, 0x08, 0xff, 0x30, 0x20, 0x00, 0xff, 0x30, 0x1c, 0x08, 0xff,
    0x28, 0x20, 0x00, 0xff, 0x30, 0x1c, 0x00, 0xff, 0x28, 0x20, 0x00, 0xff,
    0x30, 0x1c, 0x08, 0xff, 0x28, 0x20, 0x00, 0xff, 0x30, 0x1c, 0x00, 0xff,
    0x30, 0x20, 0x08, 0xff, 0x28, 0x1c, 0x00, 0xff, 0x30, 0x1c, 0x00, 0xff,
    0x28, 0x20, 0x08, 0xff, 0x30, 0x1c, 0x00, 0xff, 0x30, 0x1c, 0x00, 0xff,
    0x28, 0x20, 0x00, 0xff, 0x30, 0x1c, 0x00, 0xff, 0x28, 0x20, 0x08, 0xff,
    0x30, 0x1c, 0x00, 0xff, 0x28, 0x20, 0x00, 0xff, 0x28, 0x20, 0x00, 0xff,
    0x30, 0x1c, 0x08, 0xff, 0x30, 0x20, 0x00, 0xff, 0x28, 0x20, 0x00, 0xff,
    0x30, 0x1c, 0x08, 0xff, 0x28, 0x20, 0x00, 0xff, 0x28, 0x20, 0x08, 0xff,
    0x30, 0x1c, 0x00, 0xff, 0x30, 0x20, 0x00, 0xff, 0x28, 0x20, 0x08, 0xff,
    0x30, 0x1c, 0x00, 0xff, 0x30, 0x20, 0x08, 0xff, 0x30, 0x1c, 0x00, 0xff,
    0x30, 0x20, 0x00, 0xff, 0x28, 0x1c, 0x08, 0xff, 0x28, 0x20, 0x00, 0xff,
    0x28, 0x1c, 0x08, 0xff, 0x30, 0x20, 0x00, 0xff, 0x30, 0x1c, 0x08, 0xff,
    0x28, 0x20, 0x00, 0xff, 0x30, 0x20, 0x08, 0xff, 0x30, 0x1c, 0x00, 0xff,
    0x28, 0x20, 0x00, 0xff, 0x30, 0x20, 0x08, 0xff, 0x28, 0x1c, 0x00, 0xff,
    0x30, 0x20, 0x00, 0xff, 0x28, 0x1c, 0x08, 0xff, 0x30, 0x20, 0x00, 0xff,
    0x30, 0x1c, 0x00, 0xff, 0x30, 0x1c, 0x08, 0xff, 0x28, 0x20, 0x00, 0xff,
    0x28, 0x1c, 0x00, 0xff, 0x30, 0x1c, 0x08, 0xff, 0x30, 0x20, 0x00, 0xff,
    0x28, 0x1c, 0x08, 0xff, 0x28, 0x20, 0x00, 0xff, 0x30, 0x1c, 0x00, 0xff,
    0x30, 0x20, 0x08, 0xff, 0x28, 0x20, 0x08, 0xff, 0x30, 0x1c, 0x00, 0xff,
    0x30, 0x1c, 0x00, 0xff, 0x28, 0x20, 0x08, 0xff, 0x28, 0x1c, 0x08, 0xff,
    0x30, 0x20, 0x00, 0xff, 0x30, 0x20, 0x08, 0xff, 0x30, 0x1c, 0x00, 0xff,
    0x30, 0x20, 0x00, 0xff, 0x28, 0x20, 0x08, 0xff, 0x30, 0x1c, 0x00, 0xff,
    0x28, 0x20, 0x08, 0xff, 0x30, 0x1c, 0x00, 0xff, 0x30, 0x1c, 0x00, 0xff,
    0x28, 0x20, 0x08, 0xff, 0x30, 0x1c, 0x00, 0xff, 0x30, 0x20, 0x08, 0xff,
    0x28, 0x1c, 0x00, 0xff, 0x30, 0x1c, 0x08, 0xff, 0x28, 0x20, 0x00, 0xff,
    0x30, 0x1c, 0x00, 0xff, 0x28, 0x20, 0x08, 0xff, 0x30, 0x20, 0x00, 0xff,
    0x30, 0x1c, 0x00, 0xff, 0x30, 0x20, 0x08, 0xff, 0x28, 0x1c, 0x00, 0xff,
    0x30, 0x1c, 0x00, 0xff, 0x30, 0x20, 0x08, 0xff, 0x28, 0x1c, 0x00, 0xff,
    0x30, 0x1c, 0x00, 0xff, 0x30, 0x20, 0x00, 0xff, 0x28, 0x1c, 0x08, 0xff,
    0x30, 0x1c, 0x00, 0xff, 0x30, 0x20, 0x00, 0xff, 0x28, 0x1c, 0x08, 0xff,
    0x30, 0x1c, 0x08, 0xff, 0x30, 0x20, 0x00, 0xff, 0x28, 0x20, 0x00, 0xff,
    0x28, 0x20, 0x08, 0xff, 0x30, 0x1c, 0x00, 0xff, 0x30, 0x20, 0x00, 0xff,
    0x28, 0x20, 0x08, 0xff, 0x28, 0x1c, 0x00, 0xff, 0x30, 0x20, 0x00, 0xff,
    0x28, 0x1c, 0x08, 0xff, 0x30, 0x20, 0x00, 0xff, 0x28, 0x20, 0x00, 0xff,
    0x30, 0x1c, 0x08, 0xff, 0x30, 0x20, 0x00, 0xff, 0x28, 0x1c, 0x00, 0xff,
    0x28, 0x1c, 0x08, 0xff, 0x30, 0x20, 0x00, 0xff, 0x30, 0x1c, 0x08, 0xff,
    0x28, 0x1c, 0x00, 0xff, 0x30, 0x20, 0x00, 0xff, 0x30, 0x20, 0x08, 0xff,
    0x28, 0x1c, 0x00, 0xff, 0x30, 0x20, 0x00, 0xff, 0x30, 0x20, 0x08, 0xff,
    0x28, 0x1c, 0x00, 0xff, 0x28, 0x1c, 0x00, 0xff, 0x30, 0x20, 0x08, 0xff,
    0x28, 0x20, 0x00, 0xff, 0x28, 0x1c, 0x00, 0xff, 0x30, 0x20, 0x00, 0xff,
    0x30, 0x1c, 0x08, 0xff, 0x28, 0x20, 0x00, 0xff, 0x30, 0x1c, 0x00, 0xff,
    0x28, 0x20, 0x08, 0xff, 0x28, 0x1c, 0x00, 0xff, 0x30, 0x1c, 0x08, 0xff,
    0x30, 0x20, 0x00, 0xff, 0x30, 0x1c, 0x08, 0xff, 0x30, 0x20, 0x00, 0xff,
    0x28, 0x1c, 0x08, 0xff, 0x30, 0x1c, 0x00, 0xff, 0x28, 0x20, 0x08, 0xff,
    0x30, 0x1c, 0x00, 0xff, 0x28, 0x20, 0x00, 0xff, 0x30, 0x20, 0x08, 0xff,
    0x30, 0x1c, 0x08, 0xff, 0x28, 0x1c, 0x00, 0xff, 0x28, 0x1c, 0x00, 0xff,
    0x30, 0x1c, 0x08, 0xff, 0x30, 0x20, 0x00, 0xff, 0x28, 0x1c, 0x00, 0xff,
    0x30, 0x1c, 0x08, 0xff, 0x30, 0x20, 0x00, 0xff, 0x28, 0x20, 0x00, 0xff,
    0x30, 0x1c, 0x08, 0xff, 0x30, 0x20, 0x00, 0xff, 0x28, 0x20, 0x00, 0xff,
    0x28, 0x1c, 0x08, 0xff, 0x30, 0x1c, 0x00, 0xff, 0x28, 0x20, 0x00, 0xff,
    0x28, 0x20, 0x08, 0xff, 0x30, 0x1c, 0x00, 0xff, 0x30, 0x1c, 0x08, 0xff,
    0x30, 0x20, 0x00, 0xff, 0x28, 0x1c, 0x00, 0xff, 0x30, 0x20, 0x08, 0xff,
    0x28, 0x1c, 0x00, 0xff, 0x30, 0x1c, 0x00, 0xff, 0x30, 0x20, 0x08, 0xff,
    0x30, 0x20, 0x08, 0xff, 0x30, 0x20, 0x08, 0xff, 0x30, 0x24, 0x08, 0xff,
    0x20, 0x18, 0x08, 0xb2, 0x00, 0x00, 0x00, 0x65, 0x00, 0x00, 0x00, 0x51,
    0x00, 0x00, 0x00, 0x3c, 0x00, 0x00, 0x00, 0x2c, 0x00, 0x00, 0x00, 0x20,
    0x00, 0x00, 0x00, 0x14, 0x00, 0x00, 0x00, 0x0c, 0x00, 0x00, 0x00, 0x04,
    0x00, 0x00, 0x00, 0x04, 0x00, 0x00, 0x00, 0x00, 0x00, 0x00, 0x00, 0x00,
    0x00, 0x00, 0x00, 0x00, 0x00, 0x00, 0x00, 0x00, 0x00, 0x00, 0x00, 0x00,
    0x00, 0x00, 0x00, 0x04, 0x00, 0x00, 0x00, 0x08, 0x00, 0x00, 0x00, 0x14,
    0x00, 0x00, 0x00, 0x1c, 0x00, 0x00, 0x00, 0x28, 0x00, 0x00, 0x00, 0x38,
    0x00, 0x00, 0x00, 0x49, 0x00, 0x00, 0x00, 0x61, 0x10, 0x0c, 0x08, 0x8e,
    0x30, 0x24, 0x08, 0xff, 0x30, 0x20, 0x08, 0xff, 0x30, 0x20, 0x08, 0xff,
    0x30, 0x20, 0x08, 0xff, 0x28, 0x1c, 0x00, 0xff, 0x28, 0x20, 0x08, 0xff,
    0x30, 0x20, 0x00, 0xff, 0x28, 0x1c, 0x08, 0xff, 0x28, 0x1c, 0x00, 0xff,
    0x30, 0x20, 0x08, 0xff, 0x30, 0x1c, 0x00, 0xff, 0x28, 0x20, 0x00, 0xff,
    0x30, 0x20, 0x08, 0xff, 0x30, 0x1c, 0x00, 0xff, 0x30, 0x20, 0x08, 0xff,
    0x28, 0x1c, 0x08, 0xff, 0x30, 0x20, 0x00, 0xff, 0x30, 0x1c, 0x08, 0xff,
    0x28, 0x1c, 0x00, 0xff, 0x28, 0x1c, 0x00, 0xff, 0x30, 0x1c, 0x08, 0xff,
    0x30, 0x20, 0x00, 0xff, 0x30, 0x1c, 0x08, 0xff, 0x30, 0x1c, 0x00, 0xff,
    0x28, 0x1c, 0x00, 0xff, 0x30, 0x1c, 0x08, 0xff, 0x30, 0x20, 0x00, 0xff,
    0x28, 0x1c, 0x00, 0xff, 0x30, 0x1c, 0x08, 0xff, 0x30, 0x20, 0x00, 0xff,
    0x28, 0x1c, 0x00, 0xff, 0x30, 0x1c, 0x08, 0xff, 0x30, 0x20, 0x00, 0xff,
    0x28, 0x1c, 0x00, 0xff, 0x28, 0x20, 0x00, 0xff, 0x30, 0x1c, 0x08, 0xff,
    0x30, 0x20, 0x00, 0xff, 0x30, 0x1c, 0x00, 0xff, 0x30, 0x20, 0x08, 0xff,
    0x28, 0x1c, 0x00, 0xff, 0x30, 0x20, 0x00, 0xff, 0x28, 0x1c, 0x00, 0xff,
    0x28, 0x1c, 0x08, 0xff, 0x30, 0x20, 0x08, 0xff, 0x30, 0x1c, 0x00, 0xff,
    0x28, 0x1c, 0x00, 0xff, 0x28, 0x20, 0x08, 0xff, 0x30, 0x1c, 0x00, 0xff,
    0x30, 0x20, 0x00, 0xff, 0x28, 0x20, 0x00, 0xff, 0x30, 0x1c, 0x08, 0xff,
    0x28, 0x20, 0x00, 0xff, 0x30, 0x20, 0x00, 0xff, 0x30, 0x1c, 0x08, 0xff,
    0x28, 0x20, 0x00, 0xff, 0x28, 0x1c, 0x00, 0xff, 0x30, 0x1c, 0x08, 0xff,
    0x30, 0x20, 0x00, 0xff, 0x28, 0x1c, 0x00, 0xff, 0x30, 0x1c, 0x08, 0xff,
    0x28, 0x20, 0x00, 0xff, 0x30, 0x20, 0x00, 0xff, 0x30, 0x1c, 0x08, 0xff,
    0x28, 0x1c, 0x00, 0xff, 0x30, 0x20, 0x00, 0xff, 0x30, 0x1c, 0x08, 0xff,
    0x28, 0x1c, 0x00, 0xff, 0x28, 0x20, 0x00, 0xff, 0x30, 0x1c, 0x08, 0xff,
    0x28, 0x1c, 0x00, 0xff, 0x30, 0x20, 0x00, 0xff, 0x30, 0x1c, 0x08, 0xff,
    0x28, 0x20, 0x00, 0xff, 0x28, 0x1c, 0x08, 0xff, 0x30, 0x1c, 0x00, 0xff,
    0x30, 0x20, 0x00, 0xff, 0x28, 0x1c, 0x08, 0xff, 0x30, 0x20, 0x00, 0xff,
    0x28, 0x20, 0x00, 0xff, 0x30, 0x1c, 0x08, 0xff, 0x28, 0x1c, 0x00, 0xff,
    0x30, 0x1c, 0x08, 0xff, 0x28, 0x20, 0x00, 0xff, 0x28, 0x1c, 0x08, 0xff,
    0x30, 0x20, 0x00, 0xff, 0x28, 0x20, 0x00, 0xff, 0x30, 0x1c, 0x00, 0xff,
    0x28, 0x1c, 0x08, 0xff, 0x30, 0x20, 0x08, 0xff, 0x28, 0x20, 0x00, 0xff,
    0x28, 0x1c, 0x08, 0xff, 0x30, 0x20, 0x00, 0xff, 0x28, 0x1c, 0x00, 0xff,
    0x28, 0x20, 0x08, 0xff, 0x30, 0x1c, 0x00, 0xff, 0x30, 0x20, 0x08, 0xff,
    0x28, 0x1c, 0x00, 0xff, 0x30, 0x1c, 0x08, 0xff, 0x30, 0x20, 0x00, 0xff,
    0x28, 0x1c, 0x08, 0xff, 0x28, 0x20, 0x00, 0xff, 0x30, 0x1c, 0x08, 0xff,
    0x30, 0x20, 0x00, 0xff, 0x30, 0x1c, 0x08, 0xff, 0x28, 0x1c, 0x00, 0xff,
    0x30, 0x20, 0x00, 0xff, 0x30, 0x1c, 0x00, 0xff, 0x28, 0x20, 0x08, 0xff,
    0x30, 0x20, 0x00, 0xff, 0x30, 0x20, 0x00, 0xff, 0x28, 0x1c, 0x08, 0xff,
    0x30, 0x20, 0x00, 0xff, 0x28, 0x1c, 0x00, 0xff, 0x28, 0x1c, 0x08, 0xff,
    0x28, 0x20, 0x00, 0xff, 0x30, 0x1c, 0x08, 0xff, 0x28, 0x20, 0x00, 0xff,
    0x30, 0x1c, 0x00, 0xff, 0x30, 0x1c, 0x08, 0xff, 0x30, 0x20, 0x00, 0xff,
    0x28, 0x1c, 0x00, 0xff, 0x30, 0x20, 0x08, 0xff, 0x30, 0x1c, 0x08, 0xff,
    0x30, 0x1c, 0x00, 0xff, 0x30, 0x20, 0x08, 0xff, 0x28, 0x1c, 0x00, 0xff,
    0x30, 0x20, 0x00, 0xff, 0x30, 0x20, 0x08, 0xff, 0x28, 0x1c, 0x00, 0xff,
    0x30, 0x20, 0x00, 0xff, 0x28, 0x1c, 0x00, 0xff, 0x28, 0x1c, 0x08, 0xff,
    0x28, 0x20, 0x00, 0xff, 0x30, 0x20, 0x00, 0xff, 0x30, 0x1c, 0x00, 0xff,
    0x28, 0x20, 0x08, 0xff, 0x30, 0x1c, 0x00, 0xff, 0x28, 0x1c, 0x00, 0xff,
    0x30, 0x20, 0x08, 0xff, 0x28, 0x1c, 0x00, 0xff, 0x28, 0x20, 0x00, 0xff,
    0x30, 0x20, 0x08, 0xff, 0x28, 0x20, 0x00, 0xff, 0x28, 0x1c, 0x00, 0xff,
    0x30, 0x20, 0x08, 0xff, 0x28, 0x1c, 0x00, 0xff, 0x28, 0x1c, 0x08, 0xff,
    0x30, 0x20, 0x00, 0xff, 0x28, 0x1c, 0x08, 0xff, 0x30, 0x1c, 0x00, 0xff,
    0x28, 0x20, 0x08, 0xff, 0x30, 0x20, 0x00, 0xff, 0x28, 0x1c, 0x00, 0xff,
    0x30, 0x20, 0x08, 0xff, 0x30, 0x20, 0x00, 0xff, 0x28, 0x1c, 0x00, 0xff,
    0x28, 0x20, 0x08, 0xff, 0x30, 0x20, 0x00, 0xff, 0x28, 0x1c, 0x08, 0xff,
    0x30, 0x20, 0x00, 0xff, 0x30, 0x20, 0x00, 0xff, 0x28, 0x1c, 0x08, 0xff,
    0x28, 0x20, 0x00, 0xff, 0x30, 0x20, 0x00, 0xff, 0x28, 0x20, 0x08, 0xff,
    0x30, 0x20, 0x08, 0xff, 0x30, 0x24, 0x08, 0xff, 0x10, 0x0c, 0x08, 0x8e,
    0x00, 0x00, 0x00, 0x5d, 0x00, 0x00, 0x00, 0x49, 0x00, 0x00, 0x00, 0x38,
    0x00, 0x00, 0x00, 0x28, 0x00, 0x00, 0x00, 0x1c, 0x00, 0x00, 0x00, 0x10,
    0x00, 0x00, 0x00, 0x0c, 0x00, 0x00, 0x00, 0x04, 0x00, 0x00, 0x00, 0x00,
    0x00, 0x00, 0x00, 0x00, 0x00, 0x00, 0x00, 0x00, 0x00, 0x00, 0x00, 0x00,
    0x00, 0x00, 0x00, 0x00, 0x00, 0x00, 0x00, 0x00, 0x00, 0x00, 0x00, 0x04,
    0x00, 0x00, 0x00, 0x08, 0x00, 0x00, 0x00, 0x10, 0x00, 0x00, 0x00, 0x18,
    0x00, 0x00, 0x00, 0x24, 0x00, 0x00, 0x00, 0x34, 0x00, 0x00, 0x00, 0x45,
    0x00, 0x00, 0x00, 0x59, 0x00, 0x00, 0x00, 0x6d, 0x30, 0x24, 0x08, 0xf3,
    0x30, 0x20, 0x08, 0xff, 0x30, 0x20, 0x08, 0xff, 0x30, 0x20, 0x00, 0xff,
    0x30, 0x1c, 0x00, 0xff, 0x30, 0x1c, 0x00, 0xff, 0x30, 0x20, 0x08, 0xff,
    0x30, 0x1c, 0x00, 0xff, 0x28, 0x20, 0x00, 0xff, 0x30, 0x1c, 0x08, 0xff,
    0x28, 0x20, 0x00, 0xff, 0x30, 0x1c, 0x08, 0xff, 0x28, 0x1c, 0x00, 0xff,
    0x30, 0x20, 0x00, 0xff, 0x28, 0x1c, 0x00, 0xff, 0x30, 0x20, 0x00, 0xff,
    0x28, 0x1c, 0x08, 0xff, 0x30, 0x20, 0x00, 0xff, 0x30, 0x20, 0x08, 0xff,
    0x28, 0x20, 0x00, 0xff, 0x30, 0x1c, 0x00, 0xff, 0x28, 0x1c, 0x08, 0xff,
    0x28, 0x20, 0x00, 0xff, 0x28, 0x20, 0x00, 0xff, 0x30, 0x1c, 0x08, 0xff,
    0x30, 0x1c, 0x00, 0xff, 0x28, 0x20, 0x00, 0xff, 0x28, 0x1c, 0x08, 0xff,
    0x30, 0x20, 0x00, 0xff, 0x28, 0x1c, 0x00, 0xff, 0x30, 0x20, 0x08, 0xff,
    0x30, 0x1c, 0x00, 0xff, 0x28, 0x1c, 0x08, 0xff, 0x30, 0x20, 0x00, 0xff,
    0x28, 0x1c, 0x08, 0xff, 0x28, 0x20, 0x08, 0xff, 0x30, 0x1c, 0x00, 0xff,
    0x28, 0x20, 0x00, 0xff, 0x30, 0x1c, 0x08, 0xff, 0x30, 0x20, 0x00, 0xff,
    0x28, 0x1c, 0x00, 0xff, 0x30, 0x20, 0x08, 0xff, 0x28, 0x1c, 0x00, 0xff,
    0x28, 0x20, 0x00, 0xff, 0x30, 0x1c, 0x08, 0xff, 0x30, 0x20, 0x00, 0xff,
    0x28, 0x1c, 0x08, 0xff, 0x28, 0x1c, 0x08, 0xff, 0x30, 0x20, 0x00, 0xff,
    0x28, 0x1c, 0x08, 0xff, 0x28, 0x1c, 0x00, 0xff, 0x30, 0x20, 0x00, 0xff,
    0x28, 0x1c, 0x08, 0xff, 0x30, 0x1c, 0x00, 0xff, 0x28, 0x1c, 0x00, 0xff,
    0x30, 0x20, 0x08, 0xff, 0x30, 0x20, 0x00, 0xff, 0x28, 0x1c, 0x00, 0xff,
    0x28, 0x20, 0x08, 0xff, 0x30, 0x1c, 0x00, 0xff, 0x28, 0x1c, 0x00, 0xff,
    0x30, 0x20, 0x08, 0xff, 0x30, 0x1c, 0x00, 0xff, 0x28, 0x20, 0x00, 0xff,
    0x28, 0x1c, 0x00, 0xff, 0x30, 0x20, 0x08, 0xff, 0x28, 0x1c, 0x00, 0xff,
    0x30, 0x1c, 0x00, 0xff, 0x30, 0x20, 0x08, 0xff, 0x28, 0x20, 0x00, 0xff,
    0x28, 0x1c, 0x00, 0xff, 0x30, 0x20, 0x08, 0xff, 0x30, 0x20, 0x00, 0xff,
    0x28, 0x1c, 0x00, 0xff, 0x28, 0x20, 0x08, 0xff, 0x28, 0x20, 0x00, 0xff,
    0x30, 0x1c, 0x00, 0xff, 0x28, 0x1c, 0x08, 0xff, 0x30, 0x20, 0x00, 0xff,
    0x30, 0x1c, 0x00, 0xff, 0x28, 0x20, 0x08, 0xff, 0x30, 0x1c, 0x00, 0xff,
    0x28, 0x1c, 0x00, 0xff, 0x28, 0x1c, 0x08, 0xff, 0x30, 0x20, 0x08, 0xff,
    0x28, 0x20, 0x00, 0xff, 0x28, 0x1c, 0x08, 0xff, 0x30, 0x20, 0x00, 0xff,
    0x28, 0x1c, 0x00, 0xff, 0x30, 0x1c, 0x08, 0xff, 0x28, 0x20, 0x00, 0xff,
    0x30, 0x20, 0x00, 0xff, 0x30, 0x1c, 0x08, 0xff, 0x28, 0x1c, 0x00, 0xff,
    0x30, 0x1c, 0x00, 0xff, 0x28, 0x20, 0x00, 0xff, 0x28, 0x20, 0x08, 0xff,
    0x30, 0x1c, 0x00, 0xff, 0x30, 0x1c, 0x00, 0xff, 0x30, 0x20, 0x00, 0xff,
    0x28, 0x1c, 0x08, 0xff, 0x30, 0x1c, 0x00, 0xff, 0x28, 0x20, 0x00, 0xff,
    0x28, 0x1c, 0x08, 0xff, 0x30, 0x20, 0x08, 0xff, 0x30, 0x1c, 0x00, 0xff,
    0x28, 0x1c, 0x08, 0xff, 0x28, 0x1c, 0x00, 0xff, 0x30, 0x20, 0x08, 0xff,
    0x28, 0x1c, 0x00, 0xff, 0x30, 0x20, 0x00, 0xff, 0x28, 0x1c, 0x08, 0xff,
    0x30, 0x20, 0x00, 0xff, 0x30, 0x20, 0x00, 0xff, 0x30, 0x1c, 0x08, 0xff,
    0x28, 0x20, 0x00, 0xff, 0x28, 0x1c, 0x00, 0xff, 0x28, 0x20, 0x08, 0xff,
    0x28, 0x1c, 0x00, 0xff, 0x30, 0x20, 0x00, 0xff, 0x28, 0x20, 0x08, 0xff,
    0x28, 0x1c, 0x00, 0xff, 0x30, 0x20, 0x00, 0xff, 0x28, 0x20, 0x08, 0xff,
    0x30, 0x1c, 0x00, 0xff, 0x28, 0x1c, 0x00, 0xff, 0x28, 0x20, 0x08, 0xff,
    0x30, 0x1c, 0x08, 0xff, 0x30, 0x1c, 0x00, 0xff, 0x28, 0x20, 0x00, 0xff,
    0x30, 0x20, 0x08, 0xff, 0x30, 0x1c, 0x00, 0xff, 0x28, 0x1c, 0x00, 0xff,
    0x28, 0x20, 0x08, 0xff, 0x30, 0x1c, 0x00, 0xff, 0x30, 0x1c, 0x00, 0xff,
    0x28, 0x20, 0x08, 0xff, 0x30, 0x20, 0x00, 0xff, 0x28, 0x1c, 0x00, 0xff,
    0x30, 0x1c, 0x08, 0xff, 0x30, 0x20, 0x00, 0xff, 0x30, 0x1c, 0x00, 0xff,
    0x30, 0x1c, 0x08, 0xff, 0x30, 0x1c, 0x00, 0xff, 0x28, 0x1c, 0x00, 0xff,
    0x30, 0x20, 0x08, 0xff, 0x28, 0x20, 0x00, 0xff, 0x28, 0x1c, 0x00, 0xff,
    0x30, 0x1c, 0x00, 0xff, 0x28, 0x20, 0x08, 0xff, 0x30, 0x1c, 0x00, 0xff,
    0x30, 0x1c, 0x08, 0xff, 0x30, 0x20, 0x00, 0xff, 0x28, 0x1c, 0x08, 0xff,
    0x30, 0x1c, 0x00, 0xff, 0x30, 0x1c, 0x00, 0xff, 0x28, 0x20, 0x00, 0xff,
    0x28, 0x1c, 0x08, 0xff, 0x30, 0x1c, 0x00, 0xff, 0x30, 0x20, 0x00, 0xff,
    0x28, 0x1c, 0x00, 0xff, 0x30, 0x1c, 0x08, 0xff, 0x30, 0x20, 0x00, 0xff,
    0x28, 0x20, 0x08, 0xff, 0x30, 0x20, 0x08, 0xff, 0x30, 0x20, 0x08, 0xff,
    0x30, 0x24, 0x08, 0xf3, 0x00, 0x00, 0x00, 0x71, 0x00, 0x00, 0x00, 0x59,
    0x00, 0x00, 0x00, 0x45, 0x00, 0x00, 0x00, 0x34, 0x00, 0x00, 0x00, 0x24,
    0x00, 0x00, 0x00, 0x18, 0x00, 0x00, 0x00, 0x10, 0x00, 0x00, 0x00, 0x08,
    0x00, 0x00, 0x00, 0x04, 0x00, 0x00, 0x00, 0x00, 0x00, 0x00, 0x00, 0x00,
    0x00, 0x00, 0x00, 0x00, 0x00, 0x00, 0x00, 0x00, 0x00, 0x00, 0x00, 0x00,
    0x00, 0x00, 0x00, 0x00, 0x00, 0x00, 0x00, 0x04, 0x00, 0x00, 0x00, 0x08,
    0x00, 0x00, 0x00, 0x0c, 0x00, 0x00, 0x00, 0x18, 0x00, 0x00, 0x00, 0x24,
    0x00, 0x00, 0x00, 0x30, 0x00, 0x00, 0x00, 0x41, 0x00, 0x00, 0x00, 0x51,
    0x00, 0x00, 0x00, 0x69, 0x28, 0x20, 0x08, 0xcf, 0x30, 0x24, 0x08, 0xff,
    0x30, 0x20, 0x08, 0xff, 0x30, 0x20, 0x08, 0xff, 0x28, 0x20, 0x00, 0xff,
    0x30, 0x1c, 0x08, 0xff, 0x28, 0x1c, 0x00, 0xff, 0x28, 0x1c, 0x00, 0xff,
    0x30, 0x20, 0x08, 0xff, 0x28, 0x20, 0x00, 0xff, 0x30, 0x1c, 0x00, 0xff,
    0x28, 0x1c, 0x08, 0xff, 0x28, 0x20, 0x00, 0xff, 0x30, 0x1c, 0x08, 0xff,
    0x28, 0x1c, 0x00, 0xff, 0x28, 0x20, 0x00, 0xff, 0x30, 0x1c, 0x00, 0xff,
    0x28, 0x1c, 0x08, 0xff, 0x30, 0x20, 0x00, 0xff, 0x28, 0x20, 0x08, 0xff,
    0x30, 0x1c, 0x00, 0xff, 0x30, 0x1c, 0x00, 0xff, 0x28, 0x20, 0x08, 0xff,
    0x30, 0x20, 0x00, 0xff, 0x28, 0x1c, 0x00, 0xff, 0x28, 0x20, 0x08, 0xff,
    0x30, 0x20, 0x00, 0xff, 0x30, 0x1c, 0x00, 0xff, 0x28, 0x20, 0x08, 0xff,
    0x28, 0x1c, 0x00, 0xff, 0x30, 0x20, 0x00, 0xff, 0x28, 0x20, 0x08, 0xff,
    0x28, 0x1c, 0x00, 0xff, 0x30, 0x20, 0x00, 0xff, 0x30, 0x1c, 0x00, 0xff,
    0x30, 0x1c, 0x00, 0xff, 0x28, 0x20, 0x08, 0xff, 0x28, 0x1c, 0x00, 0xff,
    0x28, 0x1c, 0x00, 0xff, 0x30, 0x20, 0x08, 0xff, 0x28, 0x1c, 0x08, 0xff,
    0x30, 0x1c, 0x00, 0xff, 0x30, 0x20, 0x00, 0xff, 0x30, 0x1c, 0x00, 0xff,
    0x28, 0x20, 0x08, 0xff, 0x30, 0x1c, 0x00, 0xff, 0x30, 0x1c, 0x00, 0xff,
    0x28, 0x20, 0x00, 0xff, 0x30, 0x20, 0x08, 0xff, 0x28, 0x1c, 0x00, 0xff,
    0x30, 0x20, 0x00, 0xff, 0x30, 0x1c, 0x08, 0xff, 0x28, 0x20, 0x08, 0xff,
    0x30, 0x20, 0x00, 0xff, 0x28, 0x1c, 0x00, 0xff, 0x30, 0x20, 0x08, 0xff,
    0x28, 0x1c, 0x00, 0xff, 0x30, 0x1c, 0x08, 0xff, 0x30, 0x1c, 0x00, 0xff,
    0x28, 0x20, 0x00, 0xff, 0x30, 0x20, 0x08, 0xff, 0x30, 0x1c, 0x00, 0xff,
    0x28, 0x20, 0x08, 0xff, 0x28, 0x1c, 0x00, 0xff, 0x30, 0x20, 0x08, 0xff,
    0x28, 0x1c, 0x00, 0xff, 0x30, 0x20, 0x08, 0xff, 0x28, 0x1c, 0x00, 0xff,
    0x30, 0x20, 0x08, 0xff, 0x30, 0x1c, 0x00, 0xff, 0x28, 0x1c, 0x08, 0xff,
    0x28, 0x20, 0x00, 0xff, 0x30, 0x1c, 0x00, 0xff, 0x30, 0x1c, 0x08, 0xff,
    0x28, 0x20, 0x00, 0xff, 0x30, 0x1c, 0x00, 0xff, 0x30, 0x1c, 0x08, 0xff,
    0x28, 0x20, 0x00, 0xff, 0x28, 0x1c, 0x08, 0xff, 0x30, 0x20, 0x00, 0xff,
    0x30, 0x20, 0x00, 0xff, 0x28, 0x20, 0x08, 0xff, 0x30, 0x1c, 0x00, 0xff,
    0x30, 0x20, 0x00, 0xff, 0x30, 0x1c, 0x00, 0xff, 0x28, 0x1c, 0x08, 0xff,
    0x30, 0x20, 0x00, 0xff, 0x30, 0x1c, 0x00, 0xff, 0x28, 0x20, 0x00, 0xff,
    0x30, 0x1c, 0x08, 0xff, 0x30, 0x20, 0x00, 0xff, 0x28, 0x1c, 0x00, 0xff,
    0x30, 0x20, 0x08, 0xff, 0x30, 0x20, 0x00, 0xff, 0x28, 0x1c, 0x08, 0xff,
    0x30, 0x20, 0x00, 0xff, 0x30, 0x1c, 0x00, 0xff, 0x28, 0x20, 0x08, 0xff,
    0x28, 0x1c, 0x00, 0xff, 0x28, 0x20, 0x00, 0xff, 0x30, 0x1c, 0x08, 0xff,
    0x28, 0x20, 0x00, 0xff, 0x30, 0x1c, 0x00, 0xff, 0x28, 0x20, 0x00, 0xff,
    0x30, 0x1c, 0x00, 0xff, 0x28, 0x1c, 0x08, 0xff, 0x30, 0x1c, 0x00, 0xff,
    0x28, 0x20, 0x00, 0xff, 0x28, 0x1c, 0x08, 0xff, 0x30, 0x1c, 0x00, 0xff,
    0x30, 0x20, 0x00, 0xff, 0x28, 0x1c, 0x08, 0xff, 0x30, 0x1c, 0x00, 0xff,
    0x30, 0x20, 0x00, 0xff, 0x30, 0x1c, 0x08, 0xff, 0x28, 0x1c, 0x00, 0xff,
    0x30, 0x20, 0x00, 0xff, 0x30, 0x1c, 0x08, 0xff, 0x28, 0x20, 0x00, 0xff,
    0x30, 0x1c, 0x00, 0xff, 0x30, 0x1c, 0x08, 0xff, 0x28, 0x1c, 0x00, 0xff,
    0x28, 0x1c, 0x00, 0xff, 0x30, 0x20, 0x08, 0xff, 0x28, 0x1c, 0x00, 0xff,
    0x30, 0x1c, 0x00, 0xff, 0x28, 0x20, 0x08, 0xff, 0x28, 0x1c, 0x00, 0xff,
    0x30, 0x1c, 0x00, 0xff, 0x28, 0x1c, 0x08, 0xff, 0x30, 0x20, 0x08, 0xff,
    0x30, 0x20, 0x00, 0xff, 0x30, 0x1c, 0x08, 0xff, 0x28, 0x20, 0x08, 0xff,
    0x30, 0x20, 0x00, 0xff, 0x28, 0x1c, 0x00, 0xff, 0x30, 0x1c, 0x08, 0xff,
    0x28, 0x20, 0x00, 0xff, 0x30, 0x1c, 0x00, 0xff, 0x30, 0x20, 0x08, 0xff,
    0x28, 0x1c, 0x00, 0xff, 0x28, 0x20, 0x00, 0xff, 0x28, 0x1c, 0x08, 0xff,
    0x30, 0x1c, 0x00, 0xff, 0x28, 0x1c, 0x00, 0xff, 0x30, 0x20, 0x08, 0xff,
    0x30, 0x1c, 0x00, 0xff, 0x28, 0x1c, 0x00, 0xff, 0x30, 0x20, 0x08, 0xff,
    0x28, 0x1c, 0x00, 0xff, 0x28, 0x20, 0x00, 0xff, 0x30, 0x1c, 0x00, 0xff,
    0x28, 0x20, 0x08, 0xff, 0x28, 0x1c, 0x00, 0xff, 0x30, 0x20, 0x08, 0xff,
    0x30, 0x20, 0x00, 0xff, 0x28, 0x1c, 0x08, 0xff, 0x30, 0x1c, 0x00, 0xff,
    0x28, 0x20, 0x08, 0xff, 0x30, 0x1c, 0x00, 0xff, 0x28, 0x1c, 0x08, 0xff,
    0x28, 0x20, 0x00, 0xff, 0x30, 0x1c, 0x00, 0xff, 0x30, 0x20, 0x08, 0xff,
    0x30, 0x20, 0x08, 0xff, 0x30, 0x24, 0x08, 0xff, 0x28, 0x20, 0x08, 0xcf,
    0x00, 0x00, 0x00, 0x69, 0x00, 0x00, 0x00, 0x55, 0x00, 0x00, 0x00, 0x41,
    0x00, 0x00, 0x00, 0x30, 0x00, 0x00, 0x00, 0x24, 0x00, 0x00, 0x00, 0x18,
    0x00, 0x00, 0x00, 0x0c, 0x00, 0x00, 0x00, 0x08, 0x00, 0x00, 0x00, 0x04,
    0x00, 0x00, 0x00, 0x00, 0x00, 0x00, 0x00, 0x00, 0x00, 0x00, 0x00, 0x00,
    0x00, 0x00, 0x00, 0x00, 0x00, 0x00, 0x00, 0x00, 0x00, 0x00, 0x00, 0x00,
    0x00, 0x00, 0x00, 0x00, 0x00, 0x00, 0x00, 0x08, 0x00, 0x00, 0x00, 0x0c,
    0x00, 0x00, 0x00, 0x14, 0x00, 0x00, 0x00, 0x1c, 0x00, 0x00, 0x00, 0x2c,
    0x00, 0x00, 0x00, 0x3c, 0x00, 0x00, 0x00, 0x4d, 0x00, 0x00, 0x00, 0x61,
    0x20, 0x14, 0x08, 0xa6, 0x30, 0x24, 0x08, 0xff, 0x30, 0x20, 0x08, 0xff,
    0x30, 0x20, 0x08, 0xff, 0x28, 0x20, 0x08, 0xff, 0x28, 0x1c, 0x00, 0xff,
    0x30, 0x1c, 0x00, 0xff, 0x28, 0x20, 0x08, 0xff, 0x30, 0x1c, 0x00, 0xff,
    0x30, 0x1c, 0x00, 0xff, 0x28, 0x20, 0x08, 0xff, 0x30, 0x20, 0x00, 0xff,
    0x30, 0x1c, 0x00, 0xff, 0x30, 0x20, 0x08, 0xff, 0x30, 0x20, 0x08, 0xff,
    0x28, 0x1c, 0x00, 0xff, 0x30, 0x20, 0x08, 0xff, 0x28, 0x1c, 0x00, 0xff,
    0x30, 0x1c, 0x00, 0xff, 0x28, 0x20, 0x08, 0xff, 0x28, 0x1c, 0x00, 0xff,
    0x30, 0x20, 0x00, 0xff, 0x30, 0x1c, 0x08, 0xff, 0x28, 0x1c, 0x00, 0xff,
    0x30, 0x1c, 0x00, 0xff, 0x28, 0x20, 0x08, 0xff, 0x30, 0x1c, 0x00, 0xff,
    0x30, 0x1c, 0x00, 0xff, 0x28, 0x20, 0x08, 0xff, 0x30, 0x1c, 0x00, 0xff,
    0x30, 0x1c, 0x00, 0xff, 0x30, 0x20, 0x08, 0xff, 0x28, 0x1c, 0x00, 0xff,
    0x28, 0x20, 0x08, 0xff, 0x30, 0x20, 0x00, 0xff, 0x28, 0x1c, 0x00, 0xff,
    0x30, 0x1c, 0x08, 0xff, 0x30, 0x1c, 0x00, 0xff, 0x28, 0x1c, 0x00, 0xff,
    0x30, 0x20, 0x08, 0xff, 0x28, 0x1c, 0x00, 0xff, 0x28, 0x20, 0x00, 0xff,
    0x30, 0x1c, 0x08, 0xff, 0x28, 0x20, 0x08, 0xff, 0x30, 0x1c, 0x00, 0xff,
    0x28, 0x1c, 0x00, 0xff, 0x30, 0x20, 0x00, 0xff, 0x28, 0x1c, 0x08, 0xff,
    0x30, 0x1c, 0x00, 0xff, 0x28, 0x20, 0x00, 0xff, 0x28, 0x1c, 0x08, 0xff,
    0x30, 0x1c, 0x00, 0xff, 0x28, 0x1c, 0x00, 0xff, 0x28, 0x20, 0x08, 0xff,
    0x30, 0x1c, 0x00, 0xff, 0x28, 0x1c, 0x00, 0xff, 0x30, 0x1c, 0x08, 0xff,
    0x28, 0x20, 0x00, 0xff, 0x30, 0x20, 0x00, 0xff, 0x28, 0x1c, 0x08, 0xff,
    0x28, 0x1c, 0x00, 0xff, 0x30, 0x20, 0x00, 0xff, 0x28, 0x1c, 0x08, 0xff,
    0x30, 0x20, 0x00, 0xff, 0x30, 0x1c, 0x00, 0xff, 0x30, 0x1c, 0x08, 0xff,
    0x30, 0x20, 0x00, 0xff, 0x28, 0x20, 0x00, 0xff, 0x28, 0x1c, 0x00, 0xff,
    0x30, 0x20, 0x08, 0xff, 0x30, 0x20, 0x00, 0xff, 0x28, 0x1c, 0x00, 0xff,
    0x28, 0x1c, 0x08, 0xff, 0x30, 0x20, 0x00, 0xff, 0x30, 0x1c, 0x00, 0xff,
    0x28, 0x1c, 0x08, 0xff, 0x30, 0x1c, 0x00, 0xff, 0x28, 0x20, 0x00, 0xff,
    0x28, 0x1c, 0x00, 0xff, 0x30, 0x1c, 0x08, 0xff, 0x28, 0x1c, 0x00, 0xff,
    0x30, 0x1c, 0x00, 0xff, 0x28, 0x20, 0x08, 0xff, 0x28, 0x1c, 0x00, 0xff,
    0x30, 0x1c, 0x00, 0xff, 0x28, 0x1c, 0x08, 0xff, 0x30, 0x20, 0x00, 0xff,
    0x28, 0x1c, 0x08, 0xff, 0x28, 0x1c, 0x08, 0xff, 0x30, 0x20, 0x00, 0xff,
    0x30, 0x1c, 0x00, 0xff, 0x28, 0x1c, 0x08, 0xff, 0x28, 0x20, 0x00, 0xff,
    0x30, 0x20, 0x08, 0xff, 0x28, 0x1c, 0x00, 0xff, 0x28, 0x1c, 0x00, 0xff,
    0x30, 0x1c, 0x08, 0xff, 0x30, 0x20, 0x00, 0xff, 0x28, 0x1c, 0x08, 0xff,
    0x30, 0x1c, 0x00, 0xff, 0x30, 0x20, 0x08, 0xff, 0x28, 0x1c, 0x08, 0xff,
    0x30, 0x20, 0x00, 0xff, 0x30, 0x1c, 0x08, 0xff, 0x28, 0x1c, 0x00, 0xff,
    0x28, 0x20, 0x00, 0xff, 0x30, 0x20, 0x08, 0xff, 0x30, 0x20, 0x00, 0xff,
    0x30, 0x1c, 0x00, 0xff, 0x28, 0x20, 0x00, 0xff, 0x28, 0x1c, 0x08, 0xff,
    0x30, 0x1c, 0x08, 0xff, 0x28, 0x1c, 0x00, 0xff, 0x28, 0x1c, 0x00, 0xff,
    0x28, 0x20, 0x08, 0xff, 0x30, 0x20, 0x00, 0xff, 0x30, 0x1c, 0x08, 0xff,
    0x28, 0x1c, 0x00, 0xff, 0x30, 0x1c, 0x08, 0xff, 0x28, 0x20, 0x00, 0xff,
    0x30, 0x1c, 0x00, 0xff, 0x30, 0x20, 0x08, 0xff, 0x28, 0x20, 0x00, 0xff,
    0x30, 0x1c, 0x00, 0xff, 0x30, 0x20, 0x08, 0xff, 0x28, 0x20, 0x00, 0xff,
    0x30, 0x1c, 0x00, 0xff, 0x30, 0x1c, 0x08, 0xff, 0x28, 0x20, 0x00, 0xff,
    0x28, 0x20, 0x00, 0xff, 0x28, 0x1c, 0x00, 0xff, 0x30, 0x1c, 0x00, 0xff,
    0x28, 0x20, 0x00, 0xff, 0x30, 0x1c, 0x00, 0xff, 0x28, 0x1c, 0x08, 0xff,
    0x30, 0x20, 0x00, 0xff, 0x28, 0x1c, 0x00, 0xff, 0x28, 0x1c, 0x08, 0xff,
    0x30, 0x1c, 0x00, 0xff, 0x28, 0x20, 0x08, 0xff, 0x28, 0x1c, 0x00, 0xff,
    0x30, 0x20, 0x08, 0xff, 0x30, 0x20, 0x00, 0xff, 0x28, 0x20, 0x00, 0xff,
    0x30, 0x1c, 0x08, 0xff, 0x30, 0x20, 0x00, 0xff, 0x28, 0x1c, 0x08, 0xff,
    0x30, 0x20, 0x08, 0xff, 0x30, 0x20, 0x00, 0xff, 0x28, 0x1c, 0x08, 0xff,
    0x30, 0x1c, 0x00, 0xff, 0x28, 0x1c, 0x00, 0xff, 0x30, 0x1c, 0x08, 0xff,
    0x28, 0x20, 0x00, 0xff, 0x28, 0x1c, 0x00, 0xff, 0x30, 0x1c, 0x00, 0xff,
    0x28, 0x20, 0x00, 0xff, 0x30, 0x1c, 0x00, 0xff, 0x28, 0x1c, 0x08, 0xff,
    0x28, 0x1c, 0x00, 0xff, 0x30, 0x20, 0x00, 0xff, 0x30, 0x1c, 0x00, 0xff,
    0x30, 0x1c, 0x00, 0xff, 0x30, 0x20, 0x08, 0xff, 0x30, 0x24, 0x08, 0xff,
    0x30, 0x24, 0x08, 0xff, 0x18, 0x14, 0x08, 0xa6, 0x00, 0x00, 0x00, 0x61,
    0x00, 0x00, 0x00, 0x4d, 0x00, 0x00, 0x00, 0x3c, 0x00, 0x00, 0x00, 0x2c,
    0x00, 0x00, 0x00, 0x1c, 0x00, 0x00, 0x00, 0x14, 0x00, 0x00, 0x00, 0x0c,
    0x00, 0x00, 0x00, 0x04, 0x00, 0x00, 0x00, 0x00, 0x00, 0x00, 0x00, 0x00,
    0x00, 0x00, 0x00, 0x00, 0x00, 0x00, 0x00, 0x00, 0x00, 0x00, 0x00, 0x00,
    0x00, 0x00, 0x00, 0x00, 0x00, 0x00, 0x00, 0x00, 0x00, 0x00, 0x00, 0x00,
    0x00, 0x00, 0x00, 0x04, 0x00, 0x00, 0x00, 0x08, 0x00, 0x00, 0x00, 0x10,
    0x00, 0x00, 0x00, 0x1c, 0x00, 0x00, 0x00, 0x28, 0x00, 0x00, 0x00, 0x34,
    0x00, 0x00, 0x00, 0x49, 0x00, 0x00, 0x00, 0x5d, 0x08, 0x04, 0x00, 0x79,
    0x30, 0x24, 0x08, 0xfb, 0x30, 0x20, 0x08, 0xff, 0x30, 0x20, 0x08, 0xff,
    0x30, 0x20, 0x00, 0xff, 0x28, 0x20, 0x00, 0xff, 0x30, 0x1c, 0x08, 0xff,
    0x30, 0x20, 0x00, 0xff, 0x28, 0x1c, 0x08, 0xff, 0x28, 0x1c, 0x00, 0xff,
    0x30, 0x20, 0x08, 0xff, 0x28, 0x1c, 0x00, 0xff, 0x28, 0x1c, 0x00, 0xff,
    0x28, 0x20, 0x00, 0xff, 0x30, 0x1c, 0x08, 0xff, 0x30, 0x1c, 0x00, 0xff,
    0x28, 0x20, 0x00, 0xff, 0x30, 0x20, 0x08, 0xff, 0x28, 0x1c, 0x00, 0xff,
    0x30, 0x1c, 0x00, 0xff, 0x28, 0x1c, 0x00, 0xff, 0x28, 0x1c, 0x08, 0xff,
    0x30, 0x1c, 0x00, 0xff, 0x28, 0x20, 0x08, 0xff, 0x30, 0x20, 0x00, 0xff,
    0x28, 0x1c, 0x08, 0xff, 0x28, 0x20, 0x00, 0xff, 0x30, 0x20, 0x08, 0xff,
    0x28, 0x1c, 0x00, 0xff, 0x28, 0x1c, 0x08, 0xff, 0x30, 0x1c, 0x00, 0xff,
    0x28, 0x20, 0x00, 0xff, 0x30, 0x1c, 0x08, 0xff, 0x28, 0x1c, 0x00, 0xff,
    0x28, 0x20, 0x00, 0xff, 0x30, 0x1c, 0x08, 0xff, 0x28, 0x1c, 0x00, 0xff,
    0x30, 0x20, 0x08, 0xff, 0x30, 0x20, 0x00, 0xff, 0x28, 0x1c, 0x00, 0xff,
    0x30, 0x20, 0x08, 0xff, 0x28, 0x1c, 0x00, 0xff, 0x28, 0x1c, 0x00, 0xff,
    0x30, 0x20, 0x08, 0xff, 0x28, 0x20, 0x00, 0xff, 0x28, 0x1c, 0x00, 0xff,
    0x30, 0x1c, 0x08, 0xff, 0x28, 0x20, 0x08, 0xff, 0x30, 0x1c, 0x00, 0xff,
    0x30, 0x1c, 0x00, 0xff, 0x28, 0x1c, 0x08, 0xff, 0x30, 0x20, 0x00, 0xff,
    0x30, 0x1c, 0x00, 0xff, 0x28, 0x1c, 0x08, 0xff, 0x30, 0x1c, 0x00, 0xff,
    0x30, 0x1c, 0x00, 0xff, 0x28, 0x20, 0x08, 0xff, 0x30, 0x20, 0x00, 0xff,
    0x28, 0x1c, 0x08, 0xff, 0x30, 0x1c, 0x08, 0xff, 0x28, 0x20, 0x00, 0xff,
    0x30, 0x1c, 0x00, 0xff, 0x28, 0x1c, 0x08, 0xff, 0x28, 0x1c, 0x00, 0xff,
    0x30, 0x1c, 0x00, 0xff, 0x28, 0x1c, 0x08, 0xff, 0x28, 0x1c, 0x00, 0xff,
    0x30, 0x20, 0x00, 0xff, 0x28, 0x1c, 0x08, 0xff, 0x28, 0x1c, 0x00, 0xff,
    0x30, 0x20, 0x00, 0xff, 0x30, 0x1c, 0x08, 0xff, 0x28, 0x1c, 0x08, 0xff,
    0x28, 0x20, 0x00, 0xff, 0x30, 0x1c, 0x08, 0xff, 0x28, 0x20, 0x00, 0xff,
    0x30, 0x20, 0x08, 0xff, 0x30, 0x1c, 0x00, 0xff, 0x30, 0x20, 0x08, 0xff,
    0x28, 0x1c, 0x00, 0xff, 0x30, 0x1c, 0x00, 0xff, 0x28, 0x20, 0x08, 0xff,
    0x30, 0x1c, 0x00, 0xff, 0x28, 0x20, 0x08, 0xff, 0x28, 0x20, 0x00, 0xff,
    0x30, 0x1c, 0x00, 0xff, 0x28, 0x1c, 0x00, 0xff, 0x30, 0x1c, 0x00, 0xff,
    0x28, 0x20, 0x00, 0xff, 0x30, 0x1c, 0x08, 0xff, 0x28, 0x1c, 0x00, 0xff,
    0x28, 0x20, 0x00, 0xff, 0x30, 0x1c, 0x08, 0xff, 0x28, 0x1c, 0x00, 0xff,
    0x30, 0x20, 0x00, 0xff, 0x28, 0x1c, 0x00, 0xff, 0x28, 0x1c, 0x00, 0xff,
    0x30, 0x20, 0x00, 0xff, 0x28, 0x1c, 0x00, 0xff, 0x30, 0x1c, 0x00, 0xff,
    0x28, 0x20, 0x00, 0xff, 0x28, 0x20, 0x00, 0xff, 0x30, 0x1c, 0x08, 0xff,
    0x28, 0x1c, 0x00, 0xff, 0x30, 0x20, 0x08, 0xff, 0x30, 0x20, 0x00, 0xff,
    0x28, 0x1c, 0x00, 0xff, 0x28, 0x1c, 0x08, 0xff, 0x30, 0x20, 0x00, 0xff,
    0x30, 0x1c, 0x00, 0xff, 0x28, 0x20, 0x08, 0xff, 0x30, 0x20, 0x00, 0xff,
    0x30, 0x20, 0x00, 0xff, 0x28, 0x1c, 0x08, 0xff, 0x30, 0x20, 0x00, 0xff,
    0x28, 0x1c, 0x00, 0xff, 0x28, 0x1c, 0x00, 0xff, 0x30, 0x1c, 0x00, 0xff,
    0x28, 0x1c, 0x08, 0xff, 0x28, 0x1c, 0x00, 0xff, 0x30, 0x1c, 0x00, 0xff,
    0x28, 0x1c, 0x08, 0xff, 0x28, 0x1c, 0x00, 0xff, 0x30, 0x1c, 0x00, 0xff,
    0x28, 0x20, 0x08, 0xff, 0x28, 0x1c, 0x00, 0xff, 0x30, 0x1c, 0x00, 0xff,
    0x30, 0x20, 0x08, 0xff, 0x28, 0x1c, 0x00, 0xff, 0x30, 0x1c, 0x00, 0xff,
    0x30, 0x1c, 0x08, 0xff, 0x28, 0x20, 0x08, 0xff, 0x28, 0x1c, 0x00, 0xff,
    0x30, 0x1c, 0x00, 0xff, 0x30, 0x1c, 0x08, 0xff, 0x28, 0x1c, 0x00, 0xff,
    0x30, 0x20, 0x08, 0xff, 0x30, 0x20, 0x00, 0xff, 0x28, 0x20, 0x00, 0xff,
    0x30, 0x1c, 0x08, 0xff, 0x30, 0x1c, 0x00, 0xff, 0x28, 0x1c, 0x00, 0xff,
    0x30, 0x1c, 0x08, 0xff, 0x28, 0x1c, 0x00, 0xff, 0x28, 0x20, 0x00, 0xff,
    0x30, 0x1c, 0x00, 0xff, 0x28, 0x1c, 0x00, 0xff, 0x28, 0x1c, 0x00, 0xff,
    0x30, 0x20, 0x00, 0xff, 0x30, 0x1c, 0x08, 0xff, 0x28, 0x20, 0x00, 0xff,
    0x30, 0x20, 0x08, 0xff, 0x30, 0x1c, 0x00, 0xff, 0x30, 0x1c, 0x00, 0xff,
    0x28, 0x20, 0x08, 0xff, 0x28, 0x1c, 0x08, 0xff, 0x30, 0x20, 0x00, 0xff,
    0x30, 0x1c, 0x08, 0xff, 0x30, 0x20, 0x00, 0xff, 0x28, 0x1c, 0x08, 0xff,
    0x30, 0x1c, 0x08, 0xff, 0x28, 0x20, 0x00, 0xff, 0x28, 0x20, 0x08, 0xff,
    0x30, 0x20, 0x08, 0xff, 0x30, 0x20, 0x08, 0xff, 0x30, 0x24, 0x08, 0xfb,
    0x08, 0x04, 0x00, 0x79, 0x00, 0x00, 0x00, 0x5d, 0x00, 0x00, 0x00, 0x49,
    0x00, 0x00, 0x00, 0x34, 0x00, 0x00, 0x00, 0x28, 0x00, 0x00, 0x00, 0x1c,
    0x00, 0x00, 0x00, 0x10, 0x00, 0x00, 0x00, 0x08, 0x00, 0x00, 0x00, 0x04,
    0x00, 0x00, 0x00, 0x04, 0x00, 0x00, 0x00, 0x00, 0x00, 0x00, 0x00, 0x00,
    0x00, 0x00, 0x00, 0x00, 0x00, 0x00, 0x00, 0x00, 0x00, 0x00, 0x00, 0x00,
    0x00, 0x00, 0x00, 0x00, 0x00, 0x00, 0x00, 0x00, 0x00, 0x00, 0x00, 0x04,
    0x00, 0x00, 0x00, 0x08, 0x00, 0x00, 0x00, 0x0c, 0x00, 0x00, 0x00, 0x18,
    0x00, 0x00, 0x00, 0x24, 0x00, 0x00, 0x00, 0x30, 0x00, 0x00, 0x00, 0x41,
    0x00, 0x00, 0x00, 0x55, 0x00, 0x00, 0x00, 0x6d, 0x28, 0x20, 0x08, 0xd7,
    0x30, 0x20, 0x08, 0xff, 0x30, 0x20, 0x08, 0xff, 0x30, 0x20, 0x08, 0xff,
    0x28, 0x1c, 0x00, 0xff, 0x28, 0x1c, 0x00, 0xff, 0x30, 0x20, 0x08, 0xff,
    0x28, 0x20, 0x00, 0xff, 0x30, 0x1c, 0x00, 0xff, 0x30, 0x1c, 0x08, 0xff,
    0x28, 0x1c, 0x08, 0xff, 0x30, 0x20, 0x00, 0xff, 0x28, 0x1c, 0x00, 0xff,
    0x28, 0x1c, 0x00, 0xff, 0x30, 0x1c, 0x08, 0xff, 0x28, 0x1c, 0x00, 0xff,
    0x28, 0x1c, 0x00, 0xff, 0x30, 0x20, 0x08, 0xff, 0x30, 0x1c, 0x00, 0xff,
    0x30, 0x1c, 0x08, 0xff, 0x28, 0x20, 0x00, 0xff, 0x30, 0x20, 0x00, 0xff,
    0x30, 0x1c, 0x08, 0xff, 0x28, 0x1c, 0x00, 0xff, 0x30, 0x20, 0x00, 0xff,
    0x28, 0x1c, 0x08, 0xff, 0x30, 0x1c, 0x00, 0xff, 0x30, 0x20, 0x00, 0xff,
    0x28, 0x1c, 0x08, 0xff, 0x28, 0x1c, 0x00, 0xff, 0x30, 0x20, 0x00, 0xff,
    0x30, 0x1c, 0x00, 0xff, 0x28, 0x20, 0x08, 0xff, 0x30, 0x20, 0x00, 0xff,
    0x30, 0x1c, 0x00, 0xff, 0x28, 0x1c, 0x08, 0xff, 0x28, 0x1c, 0x00, 0xff,
    0x30, 0x1c, 0x00, 0xff, 0x28, 0x1c, 0x08, 0xff, 0x30, 0x20, 0x00, 0xff,
    0x30, 0x1c, 0x00, 0xff, 0x28, 0x1c, 0x00, 0xff, 0x28, 0x20, 0x08, 0xff,
    0x30, 0x1c, 0x00, 0xff, 0x30, 0x1c, 0x00, 0xff, 0x28, 0x20, 0x08, 0xff,
    0x30, 0x20, 0x00, 0xff, 0x28, 0x1c, 0x00, 0xff, 0x28, 0x1c, 0x08, 0xff,
    0x30, 0x1c, 0x00, 0xff, 0x28, 0x20, 0x00, 0xff, 0x30, 0x1c, 0x08, 0xff,
    0x28, 0x20, 0x00, 0xff, 0x28, 0x1c, 0x08, 0xff, 0x30, 0x1c, 0x00, 0xff,
    0x28, 0x20, 0x00, 0xff, 0x28, 0x1c, 0x08, 0xff, 0x30, 0x1c, 0x00, 0xff,
    0x30, 0x20, 0x00, 0xff, 0x28, 0x20, 0x08, 0xff, 0x30, 0x1c, 0x00, 0xff,
    0x30, 0x1c, 0x00, 0xff, 0x28, 0x20, 0x08, 0xff, 0x30, 0x20, 0x00, 0xff,
    0x28, 0x1c, 0x08, 0xff, 0x30, 0x20, 0x00, 0xff, 0x30, 0x1c, 0x00, 0xff,
    0x28, 0x1c, 0x08, 0xff, 0x30, 0x20, 0x00, 0xff, 0x28, 0x1c, 0x00, 0xff,
    0x30, 0x20, 0x08, 0xff, 0x28, 0x20, 0x00, 0xff, 0x28, 0x1c, 0x00, 0xff,
    0x30, 0x20, 0x00, 0xff, 0x28, 0x1c, 0x08, 0xff, 0x28, 0x1c, 0x00, 0xff,
    0x30, 0x1c, 0x00, 0xff, 0x28, 0x1c, 0x08, 0xff, 0x28, 0x20, 0x00, 0xff,
    0x30, 0x1c, 0x08, 0xff, 0x28, 0x20, 0x00, 0xff, 0x30, 0x1c, 0x00, 0xff,
    0x30, 0x1c, 0x08, 0xff, 0x28, 0x20, 0x00, 0xff, 0x30, 0x1c, 0x08, 0xff,
    0x30, 0x20, 0x08, 0xff, 0x28, 0x20, 0x00, 0xff, 0x30, 0x1c, 0x00, 0xff,
    0x28, 0x20, 0x00, 0xff, 0x30, 0x20, 0x08, 0xff, 0x30, 0x1c, 0x00, 0xff,
    0x28, 0x1c, 0x00, 0xff, 0x30, 0x1c, 0x08, 0xff, 0x30, 0x20, 0x08, 0xff,
    0x30, 0x1c, 0x08, 0xff, 0x28, 0x1c, 0x00, 0xff, 0x30, 0x1c, 0x08, 0xff,
    0x28, 0x1c, 0x08, 0xff, 0x28, 0x1c, 0x00, 0xff, 0x30, 0x1c, 0x08, 0xff,
    0x28, 0x20, 0x00, 0xff, 0x28, 0x1c, 0x00, 0xff, 0x30, 0x1c, 0x00, 0xff,
    0x28, 0x20, 0x08, 0xff, 0x30, 0x1c, 0x00, 0xff, 0x28, 0x1c, 0x00, 0xff,
    0x28, 0x20, 0x08, 0xff, 0x30, 0x1c, 0x08, 0xff, 0x28, 0x1c, 0x00, 0xff,
    0x30, 0x1c, 0x00, 0xff, 0x28, 0x20, 0x00, 0xff, 0x28, 0x1c, 0x08, 0xff,
    0x30, 0x1c, 0x08, 0xff, 0x30, 0x20, 0x00, 0xff, 0x28, 0x1c, 0x08, 0xff,
    0x30, 0x20, 0x00, 0xff, 0x30, 0x20, 0x08, 0xff, 0x28, 0x1c, 0x00, 0xff,
    0x30, 0x1c, 0x08, 0xff, 0x30, 0x20, 0x00, 0xff, 0x28, 0x20, 0x00, 0xff,
    0x30, 0x1c, 0x08, 0xff, 0x30, 0x1c, 0x00, 0xff, 0x28, 0x20, 0x08, 0xff,
    0x28, 0x1c, 0x00, 0xff, 0x30, 0x1c, 0x08, 0xff, 0x28, 0x20, 0x00, 0xff,
    0x28, 0x20, 0x00, 0xff, 0x30, 0x1c, 0x00, 0xff, 0x30, 0x1c, 0x08, 0xff,
    0x28, 0x1c, 0x00, 0xff, 0x30, 0x1c, 0x00, 0xff, 0x28, 0x20, 0x08, 0xff,
    0x28, 0x20, 0x00, 0xff, 0x30, 0x1c, 0x00, 0xff, 0x28, 0x1c, 0x00, 0xff,
    0x30, 0x20, 0x08, 0xff, 0x28, 0x1c, 0x00, 0xff, 0x28, 0x1c, 0x00, 0xff,
    0x30, 0x20, 0x08, 0xff, 0x28, 0x1c, 0x00, 0xff, 0x28, 0x20, 0x08, 0xff,
    0x30, 0x1c, 0x08, 0xff, 0x28, 0x1c, 0x00, 0xff, 0x30, 0x1c, 0x08, 0xff,
    0x30, 0x20, 0x00, 0xff, 0x28, 0x1c, 0x00, 0xff, 0x28, 0x1c, 0x08, 0xff,
    0x30, 0x20, 0x00, 0xff, 0x28, 0x1c, 0x00, 0xff, 0x28, 0x20, 0x08, 0xff,
    0x30, 0x1c, 0x00, 0xff, 0x28, 0x20, 0x00, 0xff, 0x30, 0x1c, 0x08, 0xff,
    0x30, 0x20, 0x00, 0xff, 0x28, 0x1c, 0x00, 0xff, 0x28, 0x20, 0x00, 0xff,
    0x30, 0x1c, 0x00, 0xff, 0x28, 0x20, 0x00, 0xff, 0x28, 0x20, 0x08, 0xff,
    0x30, 0x1c, 0x00, 0xff, 0x30, 0x20, 0x00, 0xff, 0x30, 0x20, 0x08, 0xff,
    0x30, 0x24, 0x08, 0xff, 0x28, 0x20, 0x08, 0xdb, 0x00, 0x00, 0x00, 0x6d,
    0x00, 0x00, 0x00, 0x55, 0x00, 0x00, 0x00, 0x41, 0x00, 0x00, 0x00, 0x30,
    0x00, 0x00, 0x00, 0x24, 0x00, 0x00, 0x00, 0x18, 0x00, 0x00, 0x00, 0x0c,
    0x00, 0x00, 0x00, 0x08, 0x00, 0x00, 0x00, 0x04, 0x00, 0x00, 0x00, 0x00,
    0x00, 0x00, 0x00, 0x00, 0x00, 0x00, 0x00, 0x00, 0x00, 0x00, 0x00, 0x00,
    0x00, 0x00, 0x00, 0x00, 0x00, 0x00, 0x00, 0x00, 0x00, 0x00, 0x00, 0x00,
    0x00, 0x00, 0x00, 0x00, 0x00, 0x00, 0x00, 0x04, 0x00, 0x00, 0x00, 0x08,
    0x00, 0x00, 0x00, 0x0c, 0x00, 0x00, 0x00, 0x14, 0x00, 0x00, 0x00, 0x20,
    0x00, 0x00, 0x00, 0x2c, 0x00, 0x00, 0x00, 0x3c, 0x00, 0x00, 0x00, 0x51,
    0x00, 0x00, 0x00, 0x65, 0x18, 0x14, 0x08, 0xa6, 0x30, 0x24, 0x08, 0xff,
    0x30, 0x20, 0x08, 0xff, 0x30, 0x20, 0x08, 0xff, 0x30, 0x1c, 0x00, 0xff,
    0x28, 0x20, 0x00, 0xff, 0x30, 0x1c, 0x08, 0xff, 0x28, 0x1c, 0x00, 0xff,
    0x28, 0x1c, 0x00, 0xff, 0x30, 0x1c, 0x00, 0xff, 0x30, 0x20, 0x08, 0xff,
    0x28, 0x1c, 0x00, 0xff, 0x30, 0x1c, 0x08, 0xff, 0x28, 0x1c, 0x00, 0xff,
    0x30, 0x20, 0x08, 0xff, 0x30, 0x1c, 0x00, 0xff, 0x28, 0x20, 0x00, 0xff,
    0x28, 0x20, 0x08, 0xff, 0x28, 0x1c, 0x00, 0xff, 0x30, 0x1c, 0x08, 0xff,
    0x28, 0x1c, 0x00, 0xff, 0x28, 0x1c, 0x00, 0xff, 0x30, 0x20, 0x08, 0xff,
    0x28, 0x1c, 0x00, 0xff, 0x30, 0x20, 0x00, 0xff, 0x28, 0x1c, 0x08, 0xff,
    0x28, 0x1c, 0x00, 0xff, 0x30, 0x1c, 0x00, 0xff, 0x28, 0x20, 0x08, 0xff,
    0x30, 0x1c, 0x08, 0xff, 0x28, 0x20, 0x00, 0xff, 0x28, 0x1c, 0x08, 0xff,
    0x30, 0x1c, 0x00, 0xff, 0x28, 0x1c, 0x00, 0xff, 0x28, 0x1c, 0x08, 0xff,
    0x30, 0x20, 0x00, 0xff, 0x28, 0x20, 0x00, 0xff, 0x28, 0x1c, 0x08, 0xff,
    0x30, 0x1c, 0x00, 0xff, 0x28, 0x20, 0x08, 0xff, 0x30, 0x1c, 0x00, 0xff,
    0x30, 0x20, 0x08, 0xff, 0x28, 0x1c, 0x00, 0xff, 0x28, 0x1c, 0x00, 0xff,
    0x30, 0x1c, 0x08, 0xff, 0x28, 0x1c, 0x00, 0xff, 0x30, 0x1c, 0x00, 0xff,
    0x28, 0x20, 0x00, 0xff, 0x30, 0x1c, 0x08, 0xff, 0x28, 0x20, 0x00, 0xff,
    0x30, 0x1c, 0x08, 0xff, 0x28, 0x20, 0x00, 0xff, 0x28, 0x1c, 0x00, 0xff,
    0x30, 0x1c, 0x00, 0xff, 0x30, 0x1c, 0x08, 0xff, 0x28, 0x1c, 0x00, 0xff,
    0x30, 0x1c, 0x00, 0xff, 0x28, 0x1c, 0x00, 0xff, 0x28, 0x20, 0x00, 0xff,
    0x30, 0x1c, 0x08, 0xff, 0x28, 0x1c, 0x00, 0xff, 0x28, 0x1c, 0x00, 0xff,
    0x30, 0x1c, 0x08, 0xff, 0x28, 0x1c, 0x00, 0xff, 0x30, 0x1c, 0x00, 0xff,
    0x28, 0x20, 0x08, 0xff, 0x28, 0x20, 0x00, 0xff, 0x30, 0x1c, 0x08, 0xff,
    0x28, 0x20, 0x00, 0xff, 0x28, 0x1c, 0x00, 0xff, 0x30, 0x1c, 0x08, 0xff,
    0x28, 0x1c, 0x00, 0xff, 0x30, 0x1c, 0x00, 0xff, 0x30, 0x1c, 0x08, 0xff,
    0x28, 0x1c, 0x00, 0xff, 0x28, 0x20, 0x00, 0xff, 0x30, 0x1c, 0x08, 0xff,
    0x28, 0x20, 0x00, 0xff, 0x30, 0x1c, 0x00, 0xff, 0x28, 0x1c, 0x08, 0xff,
    0x30, 0x1c, 0x00, 0xff, 0x28, 0x1c, 0x00, 0xff, 0x30, 0x20, 0x00, 0xff,
    0x28, 0x1c, 0x08, 0xff, 0x28, 0x1c, 0x00, 0xff, 0x30, 0x1c, 0x00, 0xff,
    0x28, 0x20, 0x08, 0xff, 0x28, 0x1c, 0x08, 0xff, 0x30, 0x1c, 0x00, 0xff,
    0x28, 0x1c, 0x08, 0xff, 0x28, 0x20, 0x00, 0xff, 0x30, 0x1c, 0x00, 0xff,
    0x28, 0x1c, 0x00, 0xff, 0x28, 0x1c, 0x00, 0xff, 0x30, 0x20, 0x08, 0xff,
    0x28, 0x20, 0x00, 0xff, 0x30, 0x1c, 0x00, 0xff, 0x30, 0x20, 0x08, 0xff,
    0x28, 0x1c, 0x00, 0xff, 0x30, 0x20, 0x00, 0xff, 0x30, 0x1c, 0x08, 0xff,
    0x28, 0x1c, 0x00, 0xff, 0x28, 0x1c, 0x08, 0xff, 0x30, 0x1c, 0x00, 0xff,
    0x28, 0x1c, 0x00, 0xff, 0x30, 0x20, 0x08, 0xff, 0x30, 0x1c, 0x00, 0xff,
    0x28, 0x20, 0x00, 0xff, 0x30, 0x1c, 0x08, 0xff, 0x28, 0x1c, 0x00, 0xff,
    0x30, 0x20, 0x00, 0xff, 0x28, 0x1c, 0x00, 0xff, 0x30, 0x20, 0x00, 0xff,
    0x28, 0x1c, 0x00, 0xff, 0x28, 0x1c, 0x00, 0xff, 0x30, 0x20, 0x08, 0xff,
    0x28, 0x1c, 0x00, 0xff, 0x28, 0x1c, 0x00, 0xff, 0x30, 0x1c, 0x08, 0xff,
    0x28, 0x1c, 0x00, 0xff, 0x28, 0x20, 0x08, 0xff, 0x28, 0x1c, 0x00, 0xff,
    0x30, 0x1c, 0x00, 0xff, 0x30, 0x1c, 0x00, 0xff, 0x28, 0x1c, 0x00, 0xff,
    0x30, 0x20, 0x08, 0xff, 0x28, 0x20, 0x00, 0xff, 0x30, 0x1c, 0x08, 0xff,
    0x28, 0x20, 0x08, 0xff, 0x28, 0x20, 0x00, 0xff, 0x30, 0x1c, 0x00, 0xff,
    0x30, 0x20, 0x08, 0xff, 0x28, 0x1c, 0x00, 0xff, 0x30, 0x1c, 0x08, 0xff,
    0x28, 0x1c, 0x00, 0xff, 0x28, 0x1c, 0x00, 0xff, 0x30, 0x20, 0x08, 0xff,
    0x30, 0x1c, 0x00, 0xff, 0x28, 0x1c, 0x00, 0xff, 0x28, 0x1c, 0x08, 0xff,
    0x30, 0x1c, 0x00, 0xff, 0x30, 0x1c, 0x00, 0xff, 0x28, 0x1c, 0x00, 0xff,
    0x30, 0x1c, 0x08, 0xff, 0x28, 0x1c, 0x00, 0xff, 0x30, 0x20, 0x08, 0xff,
    0x28, 0x20, 0x00, 0xff, 0x30, 0x1c, 0x08, 0xff, 0x28, 0x20, 0x00, 0xff,
    0x30, 0x1c, 0x00, 0xff, 0x28, 0x1c, 0x08, 0xff, 0x28, 0x20, 0x00, 0xff,
    0x30, 0x1c, 0x08, 0xff, 0x28, 0x1c, 0x00, 0xff, 0x30, 0x1c, 0x00, 0xff,
    0x28, 0x1c, 0x08, 0xff, 0x28, 0x1c, 0x08, 0xff, 0x28, 0x20, 0x00, 0xff,
    0x30, 0x1c, 0x00, 0xff, 0x28, 0x1c, 0x00, 0xff, 0x30, 0x20, 0x08, 0xff,
    0x30, 0x20, 0x08, 0xff, 0x30, 0x20, 0x08, 0xff, 0x30, 0x24, 0x08, 0xff,
    0x20, 0x14, 0x08, 0xaa, 0x00, 0x00, 0x00, 0x65, 0x00, 0x00, 0x00, 0x4d,
    0x00, 0x00, 0x00, 0x3c, 0x00, 0x00, 0x00, 0x2c, 0x00, 0x00, 0x00, 0x20,
    0x00, 0x00, 0x00, 0x14, 0x00, 0x00, 0x00, 0x0c, 0x00, 0x00, 0x00, 0x04,
    0x00, 0x00, 0x00, 0x04, 0x00, 0x00, 0x00, 0x00, 0x00, 0x00, 0x00, 0x00,
    0x00, 0x00, 0x00, 0x00, 0x00, 0x00, 0x00, 0x00, 0x00, 0x00, 0x00, 0x00,
    0x00, 0x00, 0x00, 0x00, 0x00, 0x00, 0x00, 0x00, 0x00, 0x00, 0x00, 0x00,
    0x00, 0x00, 0x00, 0x00, 0x00, 0x00, 0x00, 0x04, 0x00, 0x00, 0x00, 0x08,
    0x00, 0x00, 0x00, 0x10, 0x00, 0x00, 0x00, 0x1c, 0x00, 0x00, 0x00, 0x28,
    0x00, 0x00, 0x00, 0x38, 0x00, 0x00, 0x00, 0x49, 0x00, 0x00, 0x00, 0x5d,
    0x08, 0x04, 0x00, 0x79, 0x30, 0x24, 0x08, 0xfb, 0x30, 0x20, 0x08, 0xff,
    0x30, 0x20, 0x08, 0xff, 0x28, 0x20, 0x00, 0xff, 0x28, 0x1c, 0x08, 0xff,
    0x30, 0x20, 0x00, 0xff, 0x28, 0x1c, 0x00, 0xff, 0x28, 0x20, 0x08, 0xff,
    0x28, 0x20, 0x00, 0xff, 0x28, 0x1c, 0x00, 0xff, 0x30, 0x1c, 0x00, 0xff,
    0x28, 0x20, 0x08, 0xff, 0x30, 0x1c, 0x00, 0xff, 0x28, 0x1c, 0x00, 0xff,
    0x30, 0x1c, 0x08, 0xff, 0x28, 0x1c, 0x00, 0xff, 0x30, 0x20, 0x00, 0xff,
    0x30, 0x1c, 0x08, 0xff, 0x28, 0x1c, 0x00, 0xff, 0x30, 0x1c, 0x00, 0xff,
    0x28, 0x1c, 0x08, 0xff, 0x28, 0x1c, 0x00, 0xff, 0x30, 0x1c, 0x08, 0xff,
    0x28, 0x1c, 0x00, 0xff, 0x28, 0x1c, 0x08, 0xff, 0x30, 0x20, 0x00, 0xff,
    0x28, 0x20, 0x00, 0xff, 0x30, 0x1c, 0x00, 0xff, 0x28, 0x1c, 0x00, 0xff,
    0x28, 0x20, 0x08, 0xff, 0x30, 0x1c, 0x00, 0xff, 0x28, 0x20, 0x00, 0xff,
    0x30, 0x1c, 0x08, 0xff, 0x28, 0x1c, 0x00, 0xff, 0x28, 0x1c, 0x00, 0xff,
    0x30, 0x1c, 0x08, 0xff, 0x28, 0x20, 0x00, 0xff, 0x30, 0x1c, 0x00, 0xff,
    0x28, 0x1c, 0x00, 0xff, 0x28, 0x1c, 0x08, 0xff, 0x30, 0x1c, 0x00, 0xff,
    0x28, 0x20, 0x00, 0xff, 0x30, 0x20, 0x08, 0xff, 0x28, 0x1c, 0x00, 0xff,
    0x30, 0x20, 0x08, 0xff, 0x28, 0x1c, 0x00, 0xff, 0x28, 0x1c, 0x00, 0xff,
    0x30, 0x1c, 0x00, 0xff, 0x30, 0x1c, 0x08, 0xff, 0x28, 0x1c, 0x00, 0xff,
    0x28, 0x1c, 0x08, 0xff, 0x30, 0x1c, 0x00, 0xff, 0x30, 0x20, 0x08, 0xff,
    0x28, 0x1c, 0x00, 0xff, 0x30, 0x1c, 0x08, 0xff, 0x28, 0x20, 0x00, 0xff,
    0x30, 0x1c, 0x08, 0xff, 0x28, 0x1c, 0x08, 0xff, 0x30, 0x20, 0x00, 0xff,
    0x28, 0x1c, 0x00, 0xff, 0x30, 0x20, 0x08, 0xff, 0x28, 0x1c, 0x00, 0xff,
    0x28, 0x1c, 0x00, 0xff, 0x28, 0x1c, 0x08, 0xff, 0x30, 0x20, 0x00, 0xff,
    0x30, 0x1c, 0x00, 0xff, 0x28, 0x1c, 0x08, 0xff, 0x30, 0x1c, 0x00, 0xff,
    0x30, 0x20, 0x00, 0xff, 0x28, 0x1c, 0x08, 0xff, 0x28, 0x20, 0x00, 0xff,
    0x28, 0x1c, 0x00, 0xff, 0x30, 0x1c, 0x00, 0xff, 0x28, 0x20, 0x08, 0xff,
    0x30, 0x1c, 0x00, 0xff, 0x28, 0x1c, 0x08, 0xff, 0x30, 0x1c, 0x00, 0xff,
    0x28, 0x1c, 0x00, 0xff, 0x28, 0x1c, 0x08, 0xff, 0x30, 0x1c, 0x08, 0xff,
    0x28, 0x1c, 0x00, 0xff, 0x28, 0x20, 0x00, 0xff, 0x30, 0x1c, 0x08, 0xff,
    0x28, 0x1c, 0x00, 0xff, 0x28, 0x1c, 0x00, 0xff, 0x30, 0x1c, 0x00, 0xff,
    0x30, 0x20, 0x00, 0xff, 0x28, 0x1c, 0x08, 0xff, 0x30, 0x1c, 0x00, 0xff,
    0x28, 0x20, 0x08, 0xff, 0x30, 0x1c, 0x08, 0xff, 0x28, 0x1c, 0x00, 0xff,
    0x28, 0x1c, 0x00, 0xff, 0x30, 0x1c, 0x00, 0xff, 0x28, 0x1c, 0x08, 0xff,
    0x28, 0x1c, 0x00, 0xff, 0x30, 0x20, 0x00, 0xff, 0x28, 0x1c, 0x08, 0xff,
    0x28, 0x20, 0x00, 0xff, 0x30, 0x1c, 0x00, 0xff, 0x30, 0x1c, 0x08, 0xff,
    0x28, 0x1c, 0x00, 0xff, 0x30, 0x1c, 0x00, 0xff, 0x28, 0x20, 0x08, 0xff,
    0x28, 0x1c, 0x00, 0xff, 0x30, 0x1c, 0x00, 0xff, 0x28, 0x1c, 0x00, 0xff,
    0x28, 0x1c, 0x08, 0xff, 0x30, 0x1c, 0x08, 0xff, 0x30, 0x1c, 0x00, 0xff,
    0x28, 0x1c, 0x00, 0xff, 0x30, 0x20, 0x08, 0xff, 0x28, 0x1c, 0x08, 0xff,
    0x30, 0x1c, 0x00, 0xff, 0x28, 0x1c, 0x00, 0xff, 0x30, 0x1c, 0x08, 0xff,
    0x28, 0x20, 0x00, 0xff, 0x28, 0x1c, 0x00, 0xff, 0x30, 0x1c, 0x00, 0xff,
    0x28, 0x1c, 0x08, 0xff, 0x30, 0x1c, 0x00, 0xff, 0x28, 0x20, 0x08, 0xff,
    0x28, 0x1c, 0x00, 0xff, 0x30, 0x1c, 0x08, 0xff, 0x28, 0x1c, 0x00, 0xff,
    0x30, 0x1c, 0x00, 0xff, 0x30, 0x1c, 0x00, 0xff, 0x28, 0x1c, 0x00, 0xff,
    0x28, 0x1c, 0x08, 0xff, 0x30, 0x20, 0x00, 0xff, 0x28, 0x1c, 0x00, 0xff,
    0x30, 0x1c, 0x08, 0xff, 0x28, 0x20, 0x00, 0xff, 0x30, 0x20, 0x08, 0xff,
    0x28, 0x20, 0x00, 0xff, 0x30, 0x1c, 0x08, 0xff, 0x30, 0x1c, 0x00, 0xff,
    0x28, 0x1c, 0x00, 0xff, 0x30, 0x20, 0x08, 0xff, 0x30, 0x1c, 0x00, 0xff,
    0x28, 0x20, 0x00, 0xff, 0x30, 0x20, 0x08, 0xff, 0x28, 0x1c, 0x00, 0xff,
    0x28, 0x1c, 0x00, 0xff, 0x30, 0x20, 0x00, 0xff, 0x30, 0x1c, 0x08, 0xff,
    0x28, 0x1c, 0x00, 0xff, 0x30, 0x20, 0x00, 0xff, 0x30, 0x1c, 0x08, 0xff,
    0x28, 0x1c, 0x00, 0xff, 0x28, 0x1c, 0x00, 0xff, 0x30, 0x1c, 0x08, 0xff,
    0x28, 0x1c, 0x00, 0xff, 0x28, 0x1c, 0x00, 0xff, 0x30, 0x1c, 0x08, 0xff,
    0x30, 0x1c, 0x00, 0xff, 0x28, 0x20, 0x08, 0xff, 0x30, 0x1c, 0x08, 0xff,
    0x28, 0x1c, 0x00, 0xff, 0x28, 0x20, 0x00, 0xff, 0x30, 0x20, 0x08, 0xff,
    0x30, 0x20, 0x08, 0xff, 0x30, 0x24, 0x08, 0xfb, 0x08, 0x04, 0x00, 0x79,
    0x00, 0x00, 0x00, 0x5d, 0x00, 0x00, 0x00, 0x49, 0x00, 0x00, 0x00, 0x38,
    0x00, 0x00, 0x00, 0x28, 0x00, 0x00, 0x00, 0x1c, 0x00, 0x00, 0x00, 0x10,
    0x00, 0x00, 0x00, 0x08, 0x00, 0x00, 0x00, 0x04, 0x00, 0x00, 0x00, 0x04,
    0x00, 0x00, 0x00, 0x00, 0x00, 0x00, 0x00, 0x00, 0x00, 0x00, 0x00, 0x00,
    0x00, 0x00, 0x00, 0x00, 0x00, 0x00, 0x00, 0x00, 0x00, 0x00, 0x00, 0x00,
    0x00, 0x00, 0x00, 0x00, 0x00, 0x00, 0x00, 0x00, 0x00, 0x00, 0x00, 0x00,
    0x00, 0x00, 0x00, 0x04, 0x00, 0x00, 0x00, 0x08, 0x00, 0x00, 0x00, 0x10,
    0x00, 0x00, 0x00, 0x18, 0x00, 0x00, 0x00, 0x24, 0x00, 0x00, 0x00, 0x30,
    0x00, 0x00, 0x00, 0x41, 0x00, 0x00, 0x00, 0x55, 0x00, 0x00, 0x00, 0x69,
    0x28, 0x20, 0x08, 0xd3, 0x30, 0x20, 0x08, 0xff, 0x30, 0x20, 0x08, 0xff,
    0x30, 0x20, 0x08, 0xff, 0x28, 0x1c, 0x00, 0xff, 0x30, 0x1c, 0x00, 0xff,
    0x30, 0x1c, 0x08, 0xff, 0x28, 0x1c, 0x08, 0xff, 0x30, 0x1c, 0x00, 0xff,
    0x28, 0x1c, 0x00, 0xff, 0x30, 0x20, 0x08, 0xff, 0x28, 0x1c, 0x00, 0xff,
    0x28, 0x1c, 0x00, 0xff, 0x30, 0x20, 0x00, 0xff, 0x28, 0x1c, 0x08, 0xff,
    0x28, 0x1c, 0x00, 0xff, 0x28, 0x1c, 0x00, 0xff, 0x30, 0x1c, 0x08, 0xff,
    0x28, 0x20, 0x00, 0xff, 0x28, 0x20, 0x08, 0xff, 0x30, 0x1c, 0x00, 0xff,
    0x30, 0x1c, 0x00, 0xff, 0x28, 0x20, 0x00, 0xff, 0x30, 0x1c, 0x08, 0xff,
    0x28, 0x1c, 0x00, 0xff, 0x28, 0x20, 0x08, 0xff, 0x30, 0x1c, 0x08, 0xff,
    0x28, 0x1c, 0x00, 0xff, 0x28, 0x20, 0x00, 0xff, 0x30, 0x1c, 0x00, 0xff,
    0x30, 0x20, 0x00, 0xff, 0x28, 0x1c, 0x08, 0xff, 0x30, 0x20, 0x00, 0xff,
    0x28, 0x1c, 0x00, 0xff, 0x30, 0x1c, 0x08, 0xff, 0x30, 0x1c, 0x00, 0xff,
    0x28, 0x1c, 0x08, 0xff, 0x30, 0x1c, 0x00, 0xff, 0x28, 0x1c, 0x08, 0xff,
    0x28, 0x20, 0x00, 0xff, 0x30, 0x1c, 0x00, 0xff, 0x30, 0x1c, 0x08, 0xff,
    0x28, 0x1c, 0x00, 0xff, 0x28, 0x1c, 0x00, 0xff, 0x30, 0x1c, 0x08, 0xff,
    0x30, 0x1c, 0x08, 0xff, 0x28, 0x1c, 0x00, 0xff, 0x28, 0x20, 0x00, 0xff,
    0x28, 0x1c, 0x00, 0xff, 0x30, 0x1c, 0x00, 0xff, 0x28, 0x1c, 0x08, 0xff,
    0x30, 0x20, 0x00, 0xff, 0x28, 0x1c, 0x00, 0xff, 0x28, 0x1c, 0x08, 0xff,
    0x28, 0x20, 0x00, 0xff, 0x30, 0x20, 0x00, 0xff, 0x28, 0x1c, 0x00, 0xff,
    0x28, 0x1c, 0x08, 0xff, 0x30, 0x1c, 0x00, 0xff, 0x28, 0x1c, 0x00, 0xff,
    0x28, 0x1c, 0x08, 0xff, 0x30, 0x20, 0x00, 0xff, 0x30, 0x1c, 0x08, 0xff,
    0x28, 0x20, 0x00, 0xff, 0x30, 0x20, 0x00, 0xff, 0x28, 0x1c, 0x08, 0xff,
    0x28, 0x1c, 0x00, 0xff, 0x28, 0x20, 0x08, 0xff, 0x30, 0x1c, 0x00, 0xff,
    0x28, 0x1c, 0x00, 0xff, 0x28, 0x1c, 0x08, 0xff, 0x30, 0x20, 0x00, 0xff,
    0x28, 0x1c, 0x08, 0xff, 0x30, 0x1c, 0x00, 0xff, 0x28, 0x1c, 0x00, 0xff,
    0x30, 0x20, 0x08, 0xff, 0x28, 0x20, 0x00, 0xff, 0x30, 0x1c, 0x00, 0xff,
    0x30, 0x20, 0x00, 0xff, 0x28, 0x1c, 0x08, 0xff, 0x28, 0x1c, 0x00, 0xff,
    0x30, 0x1c, 0x08, 0xff, 0x30, 0x20, 0x00, 0xff, 0x28, 0x1c, 0x08, 0xff,
    0x28, 0x1c, 0x00, 0xff, 0x30, 0x20, 0x00, 0xff, 0x28, 0x20, 0x08, 0xff,
    0x28, 0x1c, 0x00, 0xff, 0x30, 0x1c, 0x00, 0xff, 0x28, 0x20, 0x00, 0xff,
    0x28, 0x1c, 0x08, 0xff, 0x30, 0x1c, 0x08, 0xff, 0x30, 0x20, 0x00, 0xff,
    0x28, 0x1c, 0x00, 0xff, 0x28, 0x20, 0x08, 0xff, 0x30, 0x1c, 0x00, 0xff,
    0x28, 0x1c, 0x00, 0xff, 0x30, 0x1c, 0x08, 0xff, 0x28, 0x1c, 0x00, 0xff,
    0x28, 0x20, 0x00, 0xff, 0x28, 0x1c, 0x08, 0xff, 0x28, 0x1c, 0x00, 0xff,
    0x28, 0x20, 0x00, 0xff, 0x30, 0x20, 0x08, 0xff, 0x30, 0x1c, 0x00, 0xff,
    0x28, 0x1c, 0x08, 0xff, 0x30, 0x20, 0x00, 0xff, 0x28, 0x20, 0x00, 0xff,
    0x30, 0x1c, 0x08, 0xff, 0x28, 0x20, 0x00, 0xff, 0x28, 0x1c, 0x08, 0xff,
    0x30, 0x1c, 0x00, 0xff, 0x28, 0x1c, 0x00, 0xff, 0x30, 0x20, 0x08, 0xff,
    0x28, 0x20, 0x00, 0xff, 0x28, 0x1c, 0x08, 0xff, 0x30, 0x1c, 0x08, 0xff,
    0x28, 0x20, 0x00, 0xff, 0x30, 0x1c, 0x08, 0xff, 0x28, 0x20, 0x00, 0xff,
    0x28, 0x1c, 0x00, 0xff, 0x30, 0x1c, 0x08, 0xff, 0x28, 0x20, 0x00, 0xff,
    0x28, 0x1c, 0x00, 0xff, 0x30, 0x1c, 0x08, 0xff, 0x28, 0x1c, 0x00, 0xff,
    0x28, 0x20, 0x00, 0xff, 0x28, 0x1c, 0x08, 0xff, 0x30, 0x1c, 0x00, 0xff,
    0x28, 0x1c, 0x00, 0xff, 0x28, 0x1c, 0x00, 0xff, 0x30, 0x1c, 0x00, 0xff,
    0x28, 0x1c, 0x00, 0xff, 0x30, 0x20, 0x00, 0xff, 0x28, 0x1c, 0x08, 0xff,
    0x28, 0x1c, 0x00, 0xff, 0x28, 0x20, 0x00, 0xff, 0x30, 0x1c, 0x08, 0xff,
    0x28, 0x1c, 0x00, 0xff, 0x28, 0x20, 0x08, 0xff, 0x30, 0x20, 0x00, 0xff,
    0x28, 0x1c, 0x00, 0xff, 0x30, 0x1c, 0x08, 0xff, 0x28, 0x1c, 0x00, 0xff,
    0x28, 0x1c, 0x00, 0xff, 0x28, 0x1c, 0x08, 0xff, 0x28, 0x1c, 0x00, 0xff,
    0x28, 0x1c, 0x08, 0xff, 0x30, 0x1c, 0x00, 0xff, 0x30, 0x1c, 0x00, 0xff,
    0x28, 0x20, 0x08, 0xff, 0x28, 0x1c, 0x00, 0xff, 0x30, 0x20, 0x08, 0xff,
    0x28, 0x20, 0x00, 0xff, 0x28, 0x1c, 0x00, 0xff, 0x30, 0x1c, 0x00, 0xff,
    0x30, 0x1c, 0x00, 0xff, 0x28, 0x1c, 0x08, 0xff, 0x28, 0x20, 0x00, 0xff,
    0x30, 0x20, 0x08, 0xff, 0x30, 0x20, 0x08, 0xff, 0x30, 0x24, 0x08, 0xff,
    0x28, 0x20, 0x08, 0xd3, 0x00, 0x00, 0x00, 0x69, 0x00, 0x00, 0x00, 0x55,
    0x00, 0x00, 0x00, 0x41, 0x00, 0x00, 0x00, 0x30, 0x00, 0x00, 0x00, 0x24,
    0x00, 0x00, 0x00, 0x18, 0x00, 0x00, 0x00, 0x10, 0x00, 0x00, 0x00, 0x08,
    0x00, 0x00, 0x00, 0x04, 0x00, 0x00, 0x00, 0x00, 0x00, 0x00, 0x00, 0x00,
    0x00, 0x00, 0x00, 0x00, 0x00, 0x00, 0x00, 0x00, 0x00, 0x00, 0x00, 0x00,
    0x00, 0x00, 0x00, 0x00, 0x00, 0x00, 0x00, 0x00, 0x00, 0x00, 0x00, 0x00,
    0x00, 0x00, 0x00, 0x00, 0x00, 0x00, 0x00, 0x00, 0x00, 0x00, 0x00, 0x04,
    0x00, 0x00, 0x00, 0x08, 0x00, 0x00, 0x00, 0x0c, 0x00, 0x00, 0x00, 0x14,
    0x00, 0x00, 0x00, 0x1c, 0x00, 0x00, 0x00, 0x2c, 0x00, 0x00, 0x00, 0x3c,
    0x00, 0x00, 0x00, 0x4d, 0x00, 0x00, 0x00, 0x61, 0x18, 0x10, 0x08, 0x9a,
    0x30, 0x24, 0x08, 0xff, 0x30, 0x20, 0x08, 0xff, 0x30, 0x20, 0x08, 0xff,
    0x30, 0x20, 0x00, 0xff, 0x28, 0x1c, 0x00, 0xff, 0x28, 0x1c, 0x08, 0xff,
    0x30, 0x20, 0x00, 0xff, 0x28, 0x1c, 0x00, 0xff, 0x28, 0x1c, 0x08, 0xff,
    0x28, 0x20, 0x00, 0xff, 0x30, 0x1c, 0x00, 0xff, 0x30, 0x1c, 0x08, 0xff,
    0x28, 0x20, 0x08, 0xff, 0x28, 0x1c, 0x00, 0xff, 0x30, 0x1c, 0x08, 0xff,
    0x28, 0x1c, 0x00, 0xff, 0x30, 0x1c, 0x00, 0xff, 0x28, 0x1c, 0x08, 0xff,
    0x28, 0x1c, 0x00, 0xff, 0x30, 0x20, 0x00, 0xff, 0x28, 0x1c, 0x08, 0xff,
    0x30, 0x1c, 0x00, 0xff, 0x30, 0x20, 0x00, 0xff, 0x28, 0x1c, 0x00, 0xff,
    0x30, 0x1c, 0x00, 0xff, 0x30, 0x1c, 0x08, 0xff, 0x28, 0x20, 0x08, 0xff,
    0x28, 0x1c, 0x00, 0xff, 0x30, 0x1c, 0x08, 0xff, 0x28, 0x1c, 0x08, 0xff,
    0x28, 0x20, 0x00, 0xff, 0x30, 0x1c, 0x00, 0xff, 0x28, 0x1c, 0x08, 0xff,
    0x28, 0x20, 0x00, 0xff, 0x28, 0x1c, 0x00, 0xff, 0x30, 0x1c, 0x08, 0xff,
    0x28, 0x20, 0x00, 0xff, 0x28, 0x1c, 0x00, 0xff, 0x30, 0x1c, 0x00, 0xff,
    0x28, 0x1c, 0x08, 0xff, 0x28, 0x1c, 0x08, 0xff, 0x30, 0x1c, 0x00, 0xff,
    0x30, 0x20, 0x00, 0xff, 0x28, 0x1c, 0x00, 0xff, 0x30, 0x1c, 0x08, 0xff,
    0x30, 0x20, 0x00, 0xff, 0x28, 0x1c, 0x08, 0xff, 0x28, 0x20, 0x08, 0xff,
    0x30, 0x1c, 0x00, 0xff, 0x30, 0x20, 0x00, 0xff, 0x28, 0x1c, 0x08, 0xff,
    0x28, 0x20, 0x00, 0xff, 0x30, 0x1c, 0x00, 0xff, 0x28, 0x1c, 0x08, 0xff,
    0x30, 0x1c, 0x00, 0xff, 0x30, 0x1c, 0x00, 0xff, 0x28, 0x1c, 0x08, 0xff,
    0x28, 0x20, 0x00, 0xff, 0x30, 0x1c, 0x08, 0xff, 0x28, 0x1c, 0x00, 0xff,
    0x28, 0x1c, 0x00, 0xff, 0x30, 0x1c, 0x08, 0xff, 0x28, 0x1c, 0x00, 0xff,
    0x28, 0x1c, 0x08, 0xff, 0x30, 0x1c, 0x00, 0xff, 0x30, 0x1c, 0x00, 0xff,
    0x28, 0x1c, 0x08, 0xff, 0x30, 0x1c, 0x00, 0xff, 0x28, 0x1c, 0x08, 0xff,
    0x30, 0x1c, 0x00, 0xff, 0x30, 0x20, 0x00, 0xff, 0x28, 0x1c, 0x08, 0xff,
    0x28, 0x1c, 0x00, 0xff, 0x30, 0x1c, 0x00, 0xff, 0x28, 0x1c, 0x08, 0xff,
    0x28, 0x1c, 0x08, 0xff, 0x28, 0x1c, 0x00, 0xff, 0x30, 0x20, 0x00, 0xff,
    0x28, 0x1c, 0x00, 0xff, 0x28, 0x1c, 0x08, 0xff, 0x30, 0x1c, 0x00, 0xff,
    0x30, 0x1c, 0x00, 0xff, 0x28, 0x1c, 0x08, 0xff, 0x30, 0x1c, 0x00, 0xff,
    0x28, 0x1c, 0x08, 0xff, 0x28, 0x1c, 0x00, 0xff, 0x30, 0x1c, 0x00, 0xff,
    0x28, 0x1c, 0x08, 0xff, 0x28, 0x1c, 0x00, 0xff, 0x30, 0x1c, 0x00, 0xff,
    0x28, 0x20, 0x00, 0xff, 0x28, 0x1c, 0x08, 0xff, 0x30, 0x1c, 0x00, 0xff,
    0x30, 0x1c, 0x08, 0xff, 0x28, 0x20, 0x00, 0xff, 0x28, 0x1c, 0x00, 0xff,
    0x30, 0x1c, 0x08, 0xff, 0x28, 0x1c, 0x00, 0xff, 0x30, 0x1c, 0x00, 0xff,
    0x30, 0x20, 0x08, 0xff, 0x28, 0x20, 0x00, 0xff, 0x28, 0x1c, 0x08, 0xff,
    0x30, 0x1c, 0x00, 0xff, 0x28, 0x1c, 0x00, 0xff, 0x28, 0x1c, 0x08, 0xff,
    0x30, 0x1c, 0x00, 0xff, 0x28, 0x1c, 0x00, 0xff, 0x28, 0x1c, 0x00, 0xff,
    0x28, 0x1c, 0x00, 0xff, 0x30, 0x20, 0x08, 0xff, 0x28, 0x1c, 0x00, 0xff,
    0x28, 0x1c, 0x00, 0xff, 0x30, 0x1c, 0x08, 0xff, 0x28, 0x1c, 0x00, 0xff,
    0x30, 0x1c, 0x00, 0xff, 0x30, 0x20, 0x00, 0xff, 0x28, 0x1c, 0x00, 0xff,
    0x30, 0x20, 0x08, 0xff, 0x28, 0x1c, 0x00, 0xff, 0x28, 0x1c, 0x00, 0xff,
    0x30, 0x1c, 0x00, 0xff, 0x28, 0x1c, 0x08, 0xff, 0x30, 0x20, 0x00, 0xff,
    0x30, 0x1c, 0x08, 0xff, 0x28, 0x1c, 0x00, 0xff, 0x28, 0x20, 0x08, 0xff,
    0x30, 0x1c, 0x08, 0xff, 0x30, 0x1c, 0x00, 0xff, 0x28, 0x20, 0x00, 0xff,
    0x28, 0x1c, 0x08, 0xff, 0x28, 0x1c, 0x08, 0xff, 0x28, 0x1c, 0x00, 0xff,
    0x28, 0x1c, 0x08, 0xff, 0x30, 0x1c, 0x00, 0xff, 0x28, 0x1c, 0x00, 0xff,
    0x28, 0x1c, 0x08, 0xff, 0x30, 0x1c, 0x00, 0xff, 0x28, 0x1c, 0x00, 0xff,
    0x28, 0x1c, 0x08, 0xff, 0x28, 0x1c, 0x00, 0xff, 0x28, 0x1c, 0x00, 0xff,
    0x30, 0x1c, 0x08, 0xff, 0x30, 0x20, 0x00, 0xff, 0x28, 0x1c, 0x08, 0xff,
    0x30, 0x1c, 0x00, 0xff, 0x28, 0x20, 0x00, 0xff, 0x28, 0x1c, 0x08, 0xff,
    0x30, 0x1c, 0x00, 0xff, 0x28, 0x20, 0x08, 0xff, 0x30, 0x1c, 0x00, 0xff,
    0x30, 0x1c, 0x00, 0xff, 0x30, 0x1c, 0x08, 0xff, 0x28, 0x1c, 0x08, 0xff,
    0x28, 0x20, 0x00, 0xff, 0x30, 0x1c, 0x00, 0xff, 0x28, 0x1c, 0x08, 0xff,
    0x28, 0x1c, 0x00, 0xff, 0x30, 0x20, 0x00, 0xff, 0x30, 0x20, 0x08, 0xff,
    0x30, 0x20, 0x08, 0xff, 0x30, 0x24, 0x08, 0xff, 0x18, 0x10, 0x08, 0x9a,
    0x00, 0x00, 0x00, 0x61, 0x00, 0x00, 0x00, 0x4d, 0x00, 0x00, 0x00, 0x3c,
    0x00, 0x00, 0x00, 0x2c, 0x00, 0x00, 0x00, 0x20, 0x00, 0x00, 0x00, 0x14,
    0x00, 0x00, 0x00, 0x0c, 0x00, 0x00, 0x00, 0x08, 0x00, 0x00, 0x00, 0x04,
    0x00, 0x00, 0x00, 0x00, 0x00, 0x00, 0x00, 0x00, 0x00, 0x00, 0x00, 0x00,
    0x00, 0x00, 0x00, 0x00, 0x00, 0x00, 0x00, 0x00, 0x00, 0x00, 0x00, 0x00,
    0x00, 0x00, 0x00, 0x00, 0x00, 0x00, 0x00, 0x00, 0x00, 0x00, 0x00, 0x00,
    0x00, 0x00, 0x00, 0x00, 0x00, 0x00, 0x00, 0x04, 0x00, 0x00, 0x00, 0x04,
    0x00, 0x00, 0x00, 0x08, 0x00, 0x00, 0x00, 0x10, 0x00, 0x00, 0x00, 0x18,
    0x00, 0x00, 0x00, 0x28, 0x00, 0x00, 0x00, 0x34, 0x00, 0x00, 0x00, 0x45,
    0x00, 0x00, 0x00, 0x59, 0x00, 0x00, 0x00, 0x71, 0x30, 0x24, 0x08, 0xeb,
    0x30, 0x24, 0x08, 0xff, 0x28, 0x20, 0x08, 0xff, 0x28, 0x1c, 0x08, 0xff,
    0x28, 0x1c, 0x00, 0xff, 0x28, 0x1c, 0x00, 0xff, 0x30, 0x20, 0x00, 0xff,
    0x30, 0x1c, 0x00, 0xff, 0x28, 0x1c, 0x08, 0xff, 0x28, 0x1c, 0x00, 0xff,
    0x28, 0x1c, 0x00, 0xff, 0x30, 0x1c, 0x08, 0xff, 0x28, 0x20, 0x00, 0xff,
    0x30, 0x1c, 0x00, 0xff, 0x28, 0x20, 0x08, 0xff, 0x30, 0x20, 0x00, 0xff,
    0x30, 0x1c, 0x00, 0xff, 0x28, 0x1c, 0x00, 0xff, 0x28, 0x1c, 0x08, 0xff,
    0x30, 0x1c, 0x00, 0xff, 0x28, 0x1c, 0x00, 0xff, 0x28, 0x1c, 0x08, 0xff,
    0x28, 0x1c, 0x08, 0xff, 0x28, 0x20, 0x00, 0xff, 0x28, 0x1c, 0x00, 0xff,
    0x30, 0x20, 0x00, 0xff, 0x28, 0x1c, 0x00, 0xff, 0x28, 0x1c, 0x00, 0xff,
    0x30, 0x1c, 0x08, 0xff, 0x30, 0x1c, 0x00, 0xff, 0x28, 0x1c, 0x00, 0xff,
    0x28, 0x1c, 0x08, 0xff, 0x30, 0x1c, 0x00, 0xff, 0x30, 0x20, 0x00, 0xff,
    0x28, 0x1c, 0x08, 0xff, 0x28, 0x1c, 0x00, 0xff, 0x30, 0x20, 0x08, 0xff,
    0x28, 0x1c, 0x00, 0xff, 0x28, 0x1c, 0x08, 0xff, 0x30, 0x20, 0x00, 0xff,
    0x28, 0x1c, 0x00, 0xff, 0x28, 0x1c, 0x08, 0xff, 0x30, 0x20, 0x00, 0xff,
    0x28, 0x1c, 0x00, 0xff, 0x28, 0x1c, 0x00, 0xff, 0x30, 0x1c, 0x00, 0xff,
    0x28, 0x1c, 0x00, 0xff, 0x28, 0x1c, 0x08, 0xff, 0x28, 0x1c, 0x00, 0xff,
    0x28, 0x20, 0x00, 0xff, 0x28, 0x1c, 0x08, 0xff, 0x30, 0x1c, 0x00, 0xff,
    0x28, 0x1c, 0x00, 0xff, 0x28, 0x1c, 0x08, 0xff, 0x28, 0x1c, 0x00, 0xff,
    0x30, 0x1c, 0x08, 0xff, 0x28, 0x20, 0x00, 0xff, 0x28, 0x1c, 0x00, 0xff,
    0x30, 0x1c, 0x08, 0xff, 0x28, 0x20, 0x00, 0xff, 0x30, 0x1c, 0x00, 0xff,
    0x28, 0x1c, 0x08, 0xff, 0x28, 0x1c, 0x00, 0xff, 0x28, 0x1c, 0x00, 0xff,
    0x28, 0x20, 0x00, 0xff, 0x30, 0x1c, 0x08, 0xff, 0x28, 0x1c, 0x00, 0xff,
    0x28, 0x20, 0x00, 0xff, 0x28, 0x1c, 0x08, 0xff, 0x30, 0x1c, 0x00, 0xff,
    0x28, 0x1c, 0x00, 0xff, 0x28, 0x20, 0x08, 0xff, 0x30, 0x1c, 0x00, 0xff,
    0x28, 0x20, 0x00, 0xff, 0x30, 0x1c, 0x00, 0xff, 0x28, 0x1c, 0x08, 0xff,
    0x30, 0x1c, 0x00, 0xff, 0x30, 0x1c, 0x00, 0xff, 0x28, 0x20, 0x00, 0xff,
    0x28, 0x1c, 0x08, 0xff, 0x30, 0x20, 0x00, 0xff, 0x28, 0x1c, 0x00, 0xff,
    0x28, 0x20, 0x00, 0xff, 0x30, 0x1c, 0x08, 0xff, 0x28, 0x1c, 0x00, 0xff,
    0x28, 0x1c, 0x00, 0xff, 0x30, 0x20, 0x08, 0xff, 0x30, 0x1c, 0x00, 0xff,
    0x30, 0x1c, 0x00, 0xff, 0x28, 0x20, 0x00, 0xff, 0x30, 0x1c, 0x08, 0xff,
    0x28, 0x1c, 0x00, 0xff, 0x30, 0x1c, 0x00, 0xff, 0x28, 0x1c, 0x08, 0xff,
    0x30, 0x20, 0x00, 0xff, 0x28, 0x1c, 0x08, 0xff, 0x28, 0x1c, 0x00, 0xff,
    0x30, 0x20, 0x08, 0xff, 0x28, 0x1c, 0x00, 0xff, 0x30, 0x1c, 0x00, 0xff,
    0x28, 0x1c, 0x08, 0xff, 0x30, 0x1c, 0x00, 0xff, 0x28, 0x1c, 0x00, 0xff,
    0x28, 0x20, 0x08, 0xff, 0x28, 0x1c, 0x00, 0xff, 0x30, 0x1c, 0x08, 0xff,
    0x28, 0x20, 0x08, 0xff, 0x30, 0x1c, 0x00, 0xff, 0x30, 0x1c, 0x00, 0xff,
    0x28, 0x20, 0x08, 0xff, 0x30, 0x1c, 0x00, 0xff, 0x30, 0x1c, 0x00, 0xff,
    0x28, 0x20, 0x08, 0xff, 0x28, 0x1c, 0x00, 0xff, 0x30, 0x1c, 0x00, 0xff,
    0x28, 0x1c, 0x08, 0xff, 0x28, 0x1c, 0x00, 0xff, 0x30, 0x1c, 0x00, 0xff,
    0x30, 0x1c, 0x08, 0xff, 0x28, 0x20, 0x00, 0xff, 0x30, 0x1c, 0x08, 0xff,
    0x28, 0x1c, 0x00, 0xff, 0x28, 0x1c, 0x00, 0xff, 0x28, 0x20, 0x00, 0xff,
    0x30, 0x1c, 0x00, 0xff, 0x28, 0x1c, 0x00, 0xff, 0x28, 0x1c, 0x00, 0xff,
    0x28, 0x1c, 0x08, 0xff, 0x30, 0x20, 0x00, 0xff, 0x30, 0x1c, 0x00, 0xff,
    0x28, 0x1c, 0x08, 0xff, 0x30, 0x20, 0x00, 0xff, 0x28, 0x1c, 0x00, 0xff,
    0x30, 0x1c, 0x08, 0xff, 0x28, 0x20, 0x00, 0xff, 0x30, 0x1c, 0x08, 0xff,
    0x30, 0x1c, 0x00, 0xff, 0x28, 0x20, 0x00, 0xff, 0x30, 0x1c, 0x08, 0xff,
    0x30, 0x1c, 0x00, 0xff, 0x28, 0x20, 0x00, 0xff, 0x30, 0x20, 0x08, 0xff,
    0x28, 0x1c, 0x00, 0xff, 0x28, 0x1c, 0x00, 0xff, 0x30, 0x20, 0x08, 0xff,
    0x30, 0x1c, 0x00, 0xff, 0x30, 0x1c, 0x00, 0xff, 0x28, 0x20, 0x08, 0xff,
    0x28, 0x1c, 0x00, 0xff, 0x28, 0x1c, 0x00, 0xff, 0x28, 0x1c, 0x08, 0xff,
    0x28, 0x1c, 0x00, 0xff, 0x30, 0x1c, 0x00, 0xff, 0x28, 0x20, 0x08, 0xff,
    0x28, 0x1c, 0x00, 0xff, 0x30, 0x1c, 0x08, 0xff, 0x30, 0x1c, 0x00, 0xff,
    0x28, 0x20, 0x08, 0xff, 0x30, 0x20, 0x08, 0xff, 0x30, 0x20, 0x08, 0xff,
    0x30, 0x20, 0x08, 0xef, 0x00, 0x00, 0x00, 0x71, 0x00, 0x00, 0x00, 0x59,
    0x00, 0x00, 0x00, 0x45, 0x00, 0x00, 0x00, 0x34, 0x00, 0x00, 0x00, 0x28,
    0x00, 0x00, 0x00, 0x18, 0x00, 0x00, 0x00, 0x10, 0x00, 0x00, 0x00, 0x08,
    0x00, 0x00, 0x00, 0x04, 0x00, 0x00, 0x00, 0x04, 0x00, 0x00, 0x00, 0x00,
    0x00, 0x00, 0x00, 0x00, 0x00, 0x00, 0x00, 0x00, 0x00, 0x00, 0x00, 0x00,
    0x00, 0x00, 0x00, 0x00, 0x00, 0x00, 0x00, 0x00, 0x00, 0x00, 0x00, 0x00,
    0x00, 0x00, 0x00, 0x00, 0x00, 0x00, 0x00, 0x00, 0x00, 0x00, 0x00, 0x00,
    0x00, 0x00, 0x00, 0x00, 0x00, 0x00, 0x00, 0x04, 0x00, 0x00, 0x00, 0x08,
    0x00, 0x00, 0x00, 0x10, 0x00, 0x00, 0x00, 0x18, 0x00, 0x00, 0x00, 0x20,
    0x00, 0x00, 0x00, 0x30, 0x00, 0x00, 0x00, 0x41, 0x00, 0x00, 0x00, 0x51,
    0x00, 0x00, 0x00, 0x65, 0x20, 0x18, 0x08, 0xba, 0x30, 0x24, 0x08, 0xff,
    0x30, 0x20, 0x08, 0xff, 0x30, 0x20, 0x08, 0xff, 0x30, 0x20, 0x08, 0xff,
    0x28, 0x1c, 0x00, 0xff, 0x28, 0x1c, 0x08, 0xff, 0x30, 0x1c, 0x08, 0xff,
    0x30, 0x20, 0x00, 0xff, 0x28, 0x1c, 0x08, 0xff, 0x28, 0x1c, 0x00, 0xff,
    0x30, 0x1c, 0x00, 0xff, 0x28, 0x1c, 0x00, 0xff, 0x28, 0x1c, 0x00, 0xff,
    0x30, 0x1c, 0x08, 0xff, 0x28, 0x1c, 0x00, 0xff, 0x28, 0x20, 0x08, 0xff,
    0x30, 0x1c, 0x00, 0xff, 0x28, 0x20, 0x00, 0xff, 0x28, 0x1c, 0x08, 0xff,
    0x30, 0x20, 0x00, 0xff, 0x28, 0x1c, 0x00, 0xff, 0x30, 0x1c, 0x08, 0xff,
    0x30, 0x1c, 0x00, 0xff, 0x28, 0x1c, 0x08, 0xff, 0x30, 0x1c, 0x00, 0xff,
    0x28, 0x1c, 0x00, 0xff, 0x28, 0x1c, 0x08, 0xff, 0x30, 0x1c, 0x00, 0xff,
    0x28, 0x20, 0x00, 0xff, 0x28, 0x1c, 0x08, 0xff, 0x30, 0x1c, 0x00, 0xff,
    0x30, 0x1c, 0x08, 0xff, 0x28, 0x1c, 0x00, 0xff, 0x28, 0x20, 0x00, 0xff,
    0x30, 0x1c, 0x08, 0xff, 0x28, 0x1c, 0x00, 0xff, 0x30, 0x1c, 0x00, 0xff,
    0x28, 0x20, 0x08, 0xff, 0x30, 0x1c, 0x00, 0xff, 0x28, 0x1c, 0x00, 0xff,
    0x28, 0x1c, 0x08, 0xff, 0x30, 0x1c, 0x08, 0xff, 0x28, 0x1c, 0x00, 0xff,
    0x28, 0x20, 0x08, 0xff, 0x30, 0x1c, 0x00, 0xff, 0x30, 0x1c, 0x00, 0xff,
    0x28, 0x20, 0x08, 0xff, 0x30, 0x1c, 0x00, 0xff, 0x28, 0x1c, 0x00, 0xff,
    0x30, 0x1c, 0x08, 0xff, 0x30, 0x1c, 0x00, 0xff, 0x30, 0x20, 0x08, 0xff,
    0x28, 0x20, 0x00, 0xff, 0x28, 0x1c, 0x00, 0xff, 0x30, 0x1c, 0x08, 0xff,
    0x30, 0x1c, 0x00, 0xff, 0x28, 0x1c, 0x00, 0xff, 0x28, 0x1c, 0x08, 0xff,
    0x30, 0x1c, 0x00, 0xff, 0x28, 0x20, 0x00, 0xff, 0x30, 0x20, 0x08, 0xff,
    0x30, 0x1c, 0x00, 0xff, 0x28, 0x1c, 0x00, 0xff, 0x28, 0x20, 0x08, 0xff,
    0x30, 0x1c, 0x00, 0xff, 0x28, 0x1c, 0x00, 0xff, 0x28, 0x20, 0x08, 0xff,
    0x30, 0x1c, 0x00, 0xff, 0x28, 0x1c, 0x00, 0xff, 0x28, 0x20, 0x08, 0xff,
    0x30, 0x1c, 0x00, 0xff, 0x30, 0x1c, 0x08, 0xff, 0x28, 0x1c, 0x00, 0xff,
    0x28, 0x20, 0x00, 0xff, 0x30, 0x1c, 0x00, 0xff, 0x28, 0x1c, 0x08, 0xff,
    0x28, 0x20, 0x08, 0xff, 0x30, 0x1c, 0x00, 0xff, 0x28, 0x1c, 0x00, 0xff,
    0x28, 0x1c, 0x08, 0xff, 0x28, 0x20, 0x00, 0xff, 0x30, 0x1c, 0x00, 0xff,
    0x28, 0x20, 0x08, 0xff, 0x30, 0x1c, 0x00, 0xff, 0x30, 0x1c, 0x00, 0xff,
    0x28, 0x20, 0x08, 0xff, 0x28, 0x1c, 0x00, 0xff, 0x28, 0x1c, 0x00, 0xff,
    0x28, 0x1c, 0x08, 0xff, 0x28, 0x1c, 0x00, 0xff, 0x30, 0x20, 0x00, 0xff,
    0x28, 0x1c, 0x08, 0xff, 0x28, 0x1c, 0x00, 0xff, 0x28, 0x1c, 0x00, 0xff,
    0x30, 0x1c, 0x08, 0xff, 0x28, 0x1c, 0x00, 0xff, 0x28, 0x20, 0x00, 0xff,
    0x30, 0x1c, 0x08, 0xff, 0x28, 0x1c, 0x00, 0xff, 0x28, 0x1c, 0x00, 0xff,
    0x30, 0x1c, 0x00, 0xff, 0x28, 0x20, 0x00, 0xff, 0x30, 0x1c, 0x08, 0xff,
    0x30, 0x1c, 0x00, 0xff, 0x28, 0x1c, 0x00, 0xff, 0x30, 0x20, 0x08, 0xff,
    0x28, 0x1c, 0x00, 0xff, 0x28, 0x1c, 0x00, 0xff, 0x28, 0x1c, 0x08, 0xff,
    0x28, 0x1c, 0x00, 0xff, 0x28, 0x20, 0x00, 0xff, 0x28, 0x1c, 0x08, 0xff,
    0x30, 0x1c, 0x00, 0xff, 0x28, 0x20, 0x08, 0xff, 0x28, 0x1c, 0x08, 0xff,
    0x28, 0x1c, 0x00, 0xff, 0x28, 0x20, 0x00, 0xff, 0x28, 0x1c, 0x08, 0xff,
    0x30, 0x1c, 0x00, 0xff, 0x28, 0x20, 0x00, 0xff, 0x28, 0x1c, 0x00, 0xff,
    0x30, 0x1c, 0x00, 0xff, 0x30, 0x1c, 0x08, 0xff, 0x28, 0x20, 0x00, 0xff,
    0x30, 0x1c, 0x00, 0xff, 0x28, 0x1c, 0x08, 0xff, 0x28, 0x20, 0x00, 0xff,
    0x30, 0x1c, 0x00, 0xff, 0x28, 0x1c, 0x08, 0xff, 0x28, 0x1c, 0x00, 0xff,
    0x30, 0x20, 0x00, 0xff, 0x28, 0x1c, 0x08, 0xff, 0x28, 0x1c, 0x00, 0xff,
    0x30, 0x20, 0x00, 0xff, 0x28, 0x1c, 0x08, 0xff, 0x28, 0x1c, 0x00, 0xff,
    0x28, 0x20, 0x08, 0xff, 0x30, 0x1c, 0x00, 0xff, 0x28, 0x1c, 0x00, 0xff,
    0x28, 0x1c, 0x08, 0xff, 0x30, 0x1c, 0x00, 0xff, 0x28, 0x1c, 0x00, 0xff,
    0x28, 0x1c, 0x08, 0xff, 0x28, 0x1c, 0x00, 0xff, 0x28, 0x1c, 0x08, 0xff,
    0x28, 0x1c, 0x00, 0xff, 0x30, 0x1c, 0x00, 0xff, 0x28, 0x1c, 0x08, 0xff,
    0x30, 0x20, 0x00, 0xff, 0x28, 0x20, 0x00, 0xff, 0x30, 0x1c, 0x08, 0xff,
    0x28, 0x1c, 0x00, 0xff, 0x28, 0x1c, 0x00, 0xff, 0x30, 0x20, 0x00, 0xff,
    0x30, 0x1c, 0x00, 0xff, 0x28, 0x20, 0x08, 0xff, 0x30, 0x20, 0x08, 0xff,
    0x30, 0x20, 0x08, 0xff, 0x30, 0x24, 0x08, 0xff, 0x20, 0x18, 0x08, 0xba,
    0x00, 0x00, 0x00, 0x65, 0x00, 0x00, 0x00, 0x51, 0x00, 0x00, 0x00, 0x41,
    0x00, 0x00, 0x00, 0x30, 0x00, 0x00, 0x00, 0x20, 0x00, 0x00, 0x00, 0x18,
    0x00, 0x00, 0x00, 0x10, 0x00, 0x00, 0x00, 0x08, 0x00, 0x00, 0x00, 0x04,
    0x00, 0x00, 0x00, 0x00, 0x00, 0x00, 0x00, 0x00, 0x00, 0x00, 0x00, 0x00,
    0x00, 0x00, 0x00, 0x00, 0x00, 0x00, 0x00, 0x00, 0x00, 0x00, 0x00, 0x00,
    0x00, 0x00, 0x00, 0x00, 0x00, 0x00, 0x00, 0x00, 0x00, 0x00, 0x00, 0x00,
    0x00, 0x00, 0x00, 0x00, 0x00, 0x00, 0x00, 0x00, 0x00, 0x00, 0x00, 0x00,
    0x00, 0x00, 0x00, 0x04, 0x00, 0x00, 0x00, 0x08, 0x00, 0x00, 0x00, 0x0c,
    0x00, 0x00, 0x00, 0x14, 0x00, 0x00, 0x00, 0x1c, 0x00, 0x00, 0x00, 0x28,
    0x00, 0x00, 0x00, 0x38, 0x00, 0x00, 0x00, 0x49, 0x00, 0x00, 0x00, 0x5d,
    0x08, 0x04, 0x00, 0x7d, 0x30, 0x24, 0x08, 0xfb, 0x30, 0x20, 0x08, 0xff,
    0x30, 0x20, 0x08, 0xff, 0x30, 0x20, 0x00, 0xff, 0x28, 0x1c, 0x00, 0xff,
    0x28, 0x1c, 0x08, 0xff, 0x28, 0x1c, 0x00, 0xff, 0x28, 0x1c, 0x00, 0xff,
    0x30, 0x20, 0x08, 0xff, 0x28, 0x1c, 0x00, 0xff, 0x28, 0x1c, 0x08, 0xff,
    0x30, 0x20, 0x08, 0xff, 0x28, 0x1c, 0x00, 0xff, 0x28, 0x1c, 0x00, 0xff,
    0x28, 0x1c, 0x08, 0xff, 0x30, 0x1c, 0x00, 0xff, 0x28, 0x1c, 0x00, 0xff,
    0x30, 0x1c, 0x08, 0xff, 0x28, 0x20, 0x00, 0xff, 0x30, 0x1c, 0x00, 0xff,
    0x28, 0x1c, 0x00, 0xff, 0x28, 0x20, 0x00, 0xff, 0x30, 0x1c, 0x08, 0xff,
    0x28, 0x1c, 0x00, 0xff, 0x28, 0x20, 0x08, 0xff, 0x30, 0x1c, 0x08, 0xff,
    0x28, 0x1c, 0x00, 0xff, 0x28, 0x20, 0x00, 0xff, 0x30, 0x1c, 0x08, 0xff,
    0x28, 0x1c, 0x00, 0xff, 0x28, 0x20, 0x00, 0xff, 0x28, 0x1c, 0x08, 0xff,
    0x28, 0x1c, 0x00, 0xff, 0x30, 0x1c, 0x00, 0xff, 0x28, 0x20, 0x08, 0xff,
    0x30, 0x1c, 0x00, 0xff, 0x28, 0x1c, 0x00, 0xff, 0x28, 0x1c, 0x08, 0xff,
    0x30, 0x20, 0x00, 0xff, 0x28, 0x1c, 0x00, 0xff, 0x28, 0x1c, 0x00, 0xff,
    0x30, 0x20, 0x00, 0xff, 0x28, 0x1c, 0x08, 0xff, 0x28, 0x1c, 0x08, 0xff,
    0x28, 0x1c, 0x00, 0xff, 0x28, 0x20, 0x00, 0xff, 0x30, 0x1c, 0x00, 0xff,
    0x28, 0x1c, 0x08, 0xff, 0x28, 0x1c, 0x00, 0xff, 0x28, 0x20, 0x00, 0xff,
    0x28, 0x1c, 0x00, 0xff, 0x30, 0x1c, 0x08, 0xff, 0x28, 0x1c, 0x00, 0xff,
    0x28, 0x1c, 0x00, 0xff, 0x28, 0x20, 0x08, 0xff, 0x30, 0x1c, 0x00, 0xff,
    0x28, 0x1c, 0x00, 0xff, 0x28, 0x20, 0x00, 0xff, 0x30, 0x1c, 0x08, 0xff,
    0x28, 0x1c, 0x00, 0xff, 0x28, 0x1c, 0x00, 0xff, 0x30, 0x1c, 0x08, 0xff,
    0x28, 0x1c, 0x00, 0xff, 0x30, 0x1c, 0x08, 0xff, 0x28, 0x1c, 0x00, 0xff,
    0x30, 0x1c, 0x00, 0xff, 0x28, 0x1c, 0x08, 0xff, 0x30, 0x1c, 0x00, 0xff,
    0x28, 0x20, 0x00, 0xff, 0x28, 0x1c, 0x08, 0xff, 0x30, 0x1c, 0x00, 0xff,
    0x28, 0x1c, 0x00, 0xff, 0x28, 0x1c, 0x08, 0xff, 0x28, 0x20, 0x08, 0xff,
    0x30, 0x1c, 0x00, 0xff, 0x28, 0x1c, 0x00, 0xff, 0x28, 0x1c, 0x08, 0xff,
    0x30, 0x1c, 0x00, 0xff, 0x30, 0x1c, 0x00, 0xff, 0x28, 0x1c, 0x08, 0xff,
    0x30, 0x1c, 0x08, 0xff, 0x28, 0x1c, 0x00, 0xff, 0x28, 0x1c, 0x00, 0xff,
    0x28, 0x20, 0x08, 0xff, 0x28, 0x1c, 0x00, 0xff, 0x28, 0x1c, 0x00, 0xff,
    0x30, 0x1c, 0x08, 0xff, 0x28, 0x1c, 0x08, 0xff, 0x30, 0x1c, 0x00, 0xff,
    0x28, 0x20, 0x00, 0xff, 0x28, 0x1c, 0x00, 0xff, 0x30, 0x1c, 0x08, 0xff,
    0x28, 0x20, 0x00, 0xff, 0x30, 0x1c, 0x00, 0xff, 0x28, 0x1c, 0x08, 0xff,
    0x28, 0x1c, 0x00, 0xff, 0x30, 0x1c, 0x00, 0xff, 0x28, 0x1c, 0x08, 0xff,
    0x28, 0x20, 0x00, 0xff, 0x30, 0x1c, 0x08, 0xff, 0x28, 0x1c, 0x08, 0xff,
    0x28, 0x20, 0x00, 0xff, 0x28, 0x1c, 0x00, 0xff, 0x28, 0x1c, 0x00, 0xff,
    0x28, 0x1c, 0x00, 0xff, 0x28, 0x1c, 0x00, 0xff, 0x30, 0x20, 0x00, 0xff,
    0x28, 0x1c, 0x08, 0xff, 0x30, 0x1c, 0x00, 0xff, 0x30, 0x20, 0x00, 0xff,
    0x28, 0x1c, 0x08, 0xff, 0x30, 0x1c, 0x00, 0xff, 0x28, 0x1c, 0x00, 0xff,
    0x30, 0x1c, 0x00, 0xff, 0x30, 0x1c, 0x00, 0xff, 0x30, 0x20, 0x08, 0xff,
    0x28, 0x1c, 0x00, 0xff, 0x28, 0x1c, 0x00, 0xff, 0x30, 0x1c, 0x00, 0xff,
    0x28, 0x1c, 0x08, 0xff, 0x28, 0x20, 0x08, 0xff, 0x30, 0x1c, 0x00, 0xff,
    0x28, 0x1c, 0x08, 0xff, 0x28, 0x1c, 0x08, 0xff, 0x30, 0x20, 0x00, 0xff,
    0x30, 0x1c, 0x08, 0xff, 0x28, 0x1c, 0x00, 0xff, 0x28, 0x1c, 0x08, 0xff,
    0x30, 0x1c, 0x00, 0xff, 0x28, 0x20, 0x00, 0xff, 0x28, 0x1c, 0x08, 0xff,
    0x30, 0x1c, 0x00, 0xff, 0x28, 0x1c, 0x00, 0xff, 0x28, 0x1c, 0x08, 0xff,
    0x30, 0x1c, 0x00, 0xff, 0x30, 0x1c, 0x00, 0xff, 0x28, 0x1c, 0x08, 0xff,
    0x28, 0x1c, 0x00, 0xff, 0x30, 0x1c, 0x08, 0xff, 0x28, 0x1c, 0x00, 0xff,
    0x28, 0x1c, 0x00, 0xff, 0x30, 0x20, 0x08, 0xff, 0x30, 0x1c, 0x00, 0xff,
    0x28, 0x20, 0x00, 0xff, 0x28, 0x1c, 0x08, 0xff, 0x30, 0x20, 0x00, 0xff,
    0x28, 0x1c, 0x00, 0xff, 0x28, 0x1c, 0x08, 0xff, 0x30, 0x1c, 0x00, 0xff,
    0x28, 0x1c, 0x00, 0xff, 0x28, 0x1c, 0x08, 0xff, 0x30, 0x1c, 0x00, 0xff,
    0x28, 0x1c, 0x08, 0xff, 0x28, 0x1c, 0x08, 0xff, 0x28, 0x1c, 0x00, 0xff,
    0x28, 0x20, 0x00, 0xff, 0x30, 0x20, 0x08, 0xff, 0x30, 0x20, 0x08, 0xff,
    0x30, 0x24, 0x08, 0xfb, 0x08, 0x08, 0x00, 0x7d, 0x00, 0x00, 0x00, 0x5d,
    0x00, 0x00, 0x00, 0x49, 0x00, 0x00, 0x00, 0x38, 0x00, 0x00, 0x00, 0x28,
    0x00, 0x00, 0x00, 0x1c, 0x00, 0x00, 0x00, 0x14, 0x00, 0x00, 0x00, 0x0c,
    0x00, 0x00, 0x00, 0x04, 0x00, 0x00, 0x00, 0x04, 0x00, 0x00, 0x00, 0x00,
    0x00, 0x00, 0x00, 0x00, 0x00, 0x00, 0x00, 0x00, 0x00, 0x00, 0x00, 0x00,
    0x00, 0x00, 0x00, 0x00, 0x00, 0x00, 0x00, 0x00, 0x00, 0x00, 0x00, 0x00,
    0x00, 0x00, 0x00, 0x00, 0x00, 0x00, 0x00, 0x00, 0x00, 0x00, 0x00, 0x00,
    0x00, 0x00, 0x00, 0x00, 0x00, 0x00, 0x00, 0x00, 0x00, 0x00, 0x00, 0x04,
    0x00, 0x00, 0x00, 0x04, 0x00, 0x00, 0x00, 0x08, 0x00, 0x00, 0x00, 0x10,
    0x00, 0x00, 0x00, 0x18, 0x00, 0x00, 0x00, 0x24, 0x00, 0x00, 0x00, 0x30,
    0x00, 0x00, 0x00, 0x41, 0x00, 0x00, 0x00, 0x55, 0x00, 0x00, 0x00, 0x69,
    0x28, 0x1c, 0x08, 0xcb, 0x30, 0x20, 0x08, 0xff, 0x30, 0x20, 0x08, 0xff,
    0x28, 0x20, 0x08, 0xff, 0x30, 0x1c, 0x00, 0xff, 0x30, 0x1c, 0x00, 0xff,
    0x28, 0x20, 0x00, 0xff, 0x28, 0x1c, 0x00, 0xff, 0x30, 0x1c, 0x00, 0xff,
    0x28, 0x1c, 0x08, 0xff, 0x30, 0x20, 0x00, 0xff, 0x28, 0x1c, 0x00, 0xff,
    0x30, 0x1c, 0x08, 0xff, 0x28, 0x1c, 0x00, 0xff, 0x30, 0x20, 0x00, 0xff,
    0x28, 0x1c, 0x08, 0xff, 0x28, 0x1c, 0x00, 0xff, 0x28, 0x1c, 0x08, 0xff,
    0x30, 0x1c, 0x00, 0xff, 0x28, 0x1c, 0x08, 0xff, 0x28, 0x1c, 0x00, 0xff,
    0x30, 0x20, 0x00, 0xff, 0x28, 0x1c, 0x00, 0xff, 0x28, 0x1c, 0x00, 0xff,
    0x30, 0x20, 0x00, 0xff, 0x28, 0x1c, 0x00, 0xff, 0x30, 0x1c, 0x08, 0xff,
    0x28, 0x1c, 0x00, 0xff, 0x28, 0x1c, 0x00, 0xff, 0x28, 0x1c, 0x08, 0xff,
    0x28, 0x1c, 0x00, 0xff, 0x30, 0x20, 0x00, 0xff, 0x28, 0x1c, 0x08, 0xff,
    0x28, 0x1c, 0x00, 0xff, 0x30, 0x1c, 0x00, 0xff, 0x28, 0x20, 0x00, 0xff,
    0x28, 0x1c, 0x08, 0xff, 0x30, 0x1c, 0x00, 0xff, 0x28, 0x1c, 0x08, 0xff,
    0x28, 0x1c, 0x00, 0xff, 0x30, 0x1c, 0x08, 0xff, 0x28, 0x1c, 0x00, 0xff,
    0x30, 0x20, 0x00, 0xff, 0x30, 0x1c, 0x00, 0xff, 0x28, 0x1c, 0x08, 0xff,
    0x28, 0x1c, 0x00, 0xff, 0x30, 0x1c, 0x00, 0xff, 0x28, 0x1c, 0x08, 0xff,
    0x30, 0x1c, 0x00, 0xff, 0x28, 0x20, 0x00, 0xff, 0x28, 0x1c, 0x00, 0xff,
    0x28, 0x1c, 0x08, 0xff, 0x30, 0x1c, 0x00, 0xff, 0x28, 0x1c, 0x00, 0xff,
    0x30, 0x20, 0x08, 0xff, 0x28, 0x1c, 0x08, 0xff, 0x28, 0x1c, 0x00, 0xff,
    0x30, 0x1c, 0x08, 0xff, 0x28, 0x1c, 0x00, 0xff, 0x28, 0x1c, 0x00, 0xff,
    0x28, 0x1c, 0x08, 0xff, 0x28, 0x20, 0x00, 0xff, 0x30, 0x1c, 0x00, 0xff,
    0x28, 0x1c, 0x08, 0xff, 0x28, 0x20, 0x00, 0xff, 0x28, 0x1c, 0x08, 0xff,
    0x30, 0x1c, 0x00, 0xff, 0x28, 0x1c, 0x08, 0xff, 0x28, 0x1c, 0x00, 0xff,
    0x30, 0x1c, 0x00, 0xff, 0x28, 0x20, 0x08, 0xff, 0x28, 0x1c, 0x00, 0xff,
    0x30, 0x1c, 0x00, 0xff, 0x28, 0x1c, 0x00, 0xff, 0x28, 0x1c, 0x00, 0xff,
    0x30, 0x1c, 0x00, 0xff, 0x28, 0x20, 0x08, 0xff, 0x28, 0x1c, 0x00, 0xff,
    0x28, 0x1c, 0x00, 0xff, 0x30, 0x20, 0x08, 0xff, 0x28, 0x1c, 0x00, 0xff,
    0x30, 0x1c, 0x00, 0xff, 0x28, 0x1c, 0x00, 0xff, 0x30, 0x1c, 0x08, 0xff,
    0x28, 0x1c, 0x00, 0xff, 0x30, 0x20, 0x00, 0xff, 0x28, 0x1c, 0x08, 0xff,
    0x30, 0x1c, 0x00, 0xff, 0x28, 0x20, 0x00, 0xff, 0x30, 0x1c, 0x08, 0xff,
    0x28, 0x1c, 0x08, 0xff, 0x28, 0x1c, 0x00, 0xff, 0x30, 0x1c, 0x00, 0xff,
    0x28, 0x20, 0x08, 0xff, 0x28, 0x1c, 0x00, 0xff, 0x30, 0x20, 0x00, 0xff,
    0x28, 0x1c, 0x08, 0xff, 0x28, 0x1c, 0x00, 0xff, 0x30, 0x20, 0x00, 0xff,
    0x28, 0x1c, 0x00, 0xff, 0x30, 0x1c, 0x08, 0xff, 0x28, 0x1c, 0x00, 0xff,
    0x30, 0x1c, 0x08, 0xff, 0x30, 0x20, 0x08, 0xff, 0x28, 0x1c, 0x00, 0xff,
    0x30, 0x1c, 0x08, 0xff, 0x28, 0x1c, 0x08, 0xff, 0x28, 0x20, 0x00, 0xff,
    0x30, 0x1c, 0x00, 0xff, 0x28, 0x1c, 0x08, 0xff, 0x28, 0x1c, 0x08, 0xff,
    0x30, 0x1c, 0x00, 0xff, 0x28, 0x1c, 0x00, 0xff, 0x28, 0x1c, 0x00, 0xff,
    0x28, 0x1c, 0x08, 0xff, 0x30, 0x1c, 0x00, 0xff, 0x28, 0x1c, 0x08, 0xff,
    0x30, 0x20, 0x00, 0xff, 0x28, 0x1c, 0x08, 0xff, 0x30, 0x1c, 0x00, 0xff,
    0x28, 0x1c, 0x00, 0xff, 0x28, 0x1c, 0x00, 0xff, 0x28, 0x1c, 0x00, 0xff,
    0x28, 0x1c, 0x00, 0xff, 0x28, 0x1c, 0x00, 0xff, 0x30, 0x20, 0x00, 0xff,
    0x28, 0x1c, 0x00, 0xff, 0x28, 0x1c, 0x08, 0xff, 0x30, 0x1c, 0x00, 0xff,
    0x28, 0x1c, 0x08, 0xff, 0x30, 0x1c, 0x00, 0xff, 0x28, 0x1c, 0x00, 0xff,
    0x30, 0x20, 0x08, 0xff, 0x28, 0x1c, 0x00, 0xff, 0x28, 0x1c, 0x00, 0xff,
    0x28, 0x20, 0x08, 0xff, 0x30, 0x1c, 0x00, 0xff, 0x28, 0x20, 0x00, 0xff,
    0x30, 0x1c, 0x08, 0xff, 0x28, 0x1c, 0x00, 0xff, 0x28, 0x20, 0x08, 0xff,
    0x30, 0x1c, 0x08, 0xff, 0x28, 0x1c, 0x00, 0xff, 0x30, 0x1c, 0x00, 0xff,
    0x28, 0x20, 0x00, 0xff, 0x30, 0x1c, 0x08, 0xff, 0x28, 0x1c, 0x00, 0xff,
    0x28, 0x1c, 0x08, 0xff, 0x30, 0x1c, 0x00, 0xff, 0x28, 0x1c, 0x00, 0xff,
    0x28, 0x20, 0x08, 0xff, 0x30, 0x20, 0x00, 0xff, 0x30, 0x1c, 0x00, 0xff,
    0x28, 0x1c, 0x08, 0xff, 0x30, 0x20, 0x00, 0xff, 0x30, 0x20, 0x08, 0xff,
    0x30, 0x20, 0x08, 0xff, 0x30, 0x20, 0x08, 0xff, 0x28, 0x1c, 0x08, 0xcf,
    0x00, 0x00, 0x00, 0x69, 0x00, 0x00, 0x00, 0x55, 0x00, 0x00, 0x00, 0x45,
    0x00, 0x00, 0x00, 0x34, 0x00, 0x00, 0x00, 0x24, 0x00, 0x00, 0x00, 0x18,
    0x00, 0x00, 0x00, 0x10, 0x00, 0x00, 0x00, 0x08, 0x00, 0x00, 0x00, 0x04,
    0x00, 0x00, 0x00, 0x04, 0x00, 0x00, 0x00, 0x00, 0x00, 0x00, 0x00, 0x00,
    0x00, 0x00, 0x00, 0x00, 0x00, 0x00, 0x00, 0x00, 0x00, 0x00, 0x00, 0x00,
    0x00, 0x00, 0x00, 0x00, 0x00, 0x00, 0x00, 0x00, 0x00, 0x00, 0x00, 0x00,
    0x00, 0x00, 0x00, 0x00, 0x00, 0x00, 0x00, 0x00, 0x00, 0x00, 0x00, 0x00,
    0x00, 0x00, 0x00, 0x00, 0x00, 0x00, 0x00, 0x00, 0x00, 0x00, 0x00, 0x04,
    0x00, 0x00, 0x00, 0x08, 0x00, 0x00, 0x00, 0x0c, 0x00, 0x00, 0x00, 0x14,
    0x00, 0x00, 0x00, 0x20, 0x00, 0x00, 0x00, 0x2c, 0x00, 0x00, 0x00, 0x3c,
    0x00, 0x00, 0x00, 0x4d, 0x00, 0x00, 0x00, 0x61, 0x10, 0x0c, 0x08, 0x8e,
    0x30, 0x24, 0x08, 0xff, 0x30, 0x20, 0x08, 0xff, 0x28, 0x20, 0x08, 0xff,
    0x30, 0x1c, 0x08, 0xff, 0x28, 0x1c, 0x00, 0xff, 0x28, 0x1c, 0x08, 0xff,
    0x30, 0x1c, 0x08, 0xff, 0x28, 0x1c, 0x00, 0xff, 0x28, 0x1c, 0x00, 0xff,
    0x28, 0x1c, 0x00, 0xff, 0x30, 0x1c, 0x08, 0xff, 0x28, 0x1c, 0x00, 0xff,
    0x30, 0x1c, 0x00, 0xff, 0x28, 0x1c, 0x00, 0xff, 0x30, 0x1c, 0x00, 0xff,
    0x28, 0x20, 0x08, 0xff, 0x28, 0x1c, 0x00, 0xff, 0x30, 0x1c, 0x00, 0xff,
    0x28, 0x20, 0x08, 0xff, 0x28, 0x1c, 0x08, 0xff, 0x30, 0x1c, 0x00, 0xff,
    0x28, 0x1c, 0x08, 0xff, 0x28, 0x1c, 0x08, 0xff, 0x30, 0x1c, 0x00, 0xff,
    0x28, 0x1c, 0x00, 0xff, 0x28, 0x1c, 0x08, 0xff, 0x30, 0x20, 0x00, 0xff,
    0x30, 0x1c, 0x00, 0xff, 0x28, 0x1c, 0x00, 0xff, 0x30, 0x1c, 0x00, 0xff,
    0x30, 0x1c, 0x08, 0xff, 0x28, 0x20, 0x00, 0xff, 0x28, 0x1c, 0x08, 0xff,
    0x30, 0x1c, 0x00, 0xff, 0x28, 0x1c, 0x08, 0xff, 0x28, 0x1c, 0x00, 0xff,
    0x30, 0x1c, 0x00, 0xff, 0x28, 0x20, 0x00, 0xff, 0x30, 0x1c, 0x08, 0xff,
    0x28, 0x1c, 0x00, 0xff, 0x28, 0x1c, 0x00, 0xff, 0x28, 0x1c, 0x08, 0xff,
    0x30, 0x1c, 0x00, 0xff, 0x28, 0x1c, 0x00, 0xff, 0x30, 0x1c, 0x08, 0xff,
    0x28, 0x20, 0x00, 0xff, 0x28, 0x1c, 0x00, 0xff, 0x30, 0x1c, 0x08, 0xff,
    0x30, 0x1c, 0x08, 0xff, 0x28, 0x1c, 0x00, 0xff, 0x30, 0x20, 0x00, 0xff,
    0x28, 0x1c, 0x08, 0xff, 0x28, 0x1c, 0x00, 0xff, 0x30, 0x1c, 0x00, 0xff,
    0x28, 0x1c, 0x00, 0xff, 0x28, 0x1c, 0x08, 0xff, 0x30, 0x1c, 0x00, 0xff,
    0x28, 0x1c, 0x00, 0xff, 0x30, 0x1c, 0x08, 0xff, 0x30, 0x20, 0x00, 0xff,
    0x28, 0x1c, 0x00, 0xff, 0x28, 0x1c, 0x00, 0xff, 0x30, 0x1c, 0x08, 0xff,
    0x28, 0x1c, 0x00, 0xff, 0x28, 0x1c, 0x00, 0xff, 0x30, 0x1c, 0x08, 0xff,
    0x28, 0x1c, 0x00, 0xff, 0x28, 0x1c, 0x08, 0xff, 0x30, 0x1c, 0x00, 0xff,
    0x28, 0x1c, 0x00, 0xff, 0x30, 0x1c, 0x08, 0xff, 0x30, 0x1c, 0x00, 0xff,
    0x28, 0x1c, 0x08, 0xff, 0x28, 0x1c, 0x08, 0xff, 0x30, 0x1c, 0x00, 0xff,
    0x28, 0x1c, 0x00, 0xff, 0x28, 0x1c, 0x08, 0xff, 0x30, 0x1c, 0x00, 0xff,
    0x28, 0x20, 0x00, 0xff, 0x28, 0x1c, 0x08, 0xff, 0x28, 0x20, 0x00, 0xff,
    0x30, 0x20, 0x08, 0xff, 0x28, 0x1c, 0x00, 0xff, 0x30, 0x1c, 0x00, 0xff,
    0x28, 0x1c, 0x00, 0xff, 0x28, 0x1c, 0x08, 0xff, 0x28, 0x1c, 0x00, 0xff,
    0x30, 0x1c, 0x00, 0xff, 0x28, 0x1c, 0x00, 0xff, 0x28, 0x1c, 0x08, 0xff,
    0x30, 0x1c, 0x00, 0xff, 0x28, 0x1c, 0x00, 0xff, 0x28, 0x1c, 0x08, 0xff,
    0x30, 0x1c, 0x00, 0xff, 0x30, 0x1c, 0x08, 0xff, 0x28, 0x20, 0x00, 0xff,
    0x28, 0x1c, 0x08, 0xff, 0x30, 0x1c, 0x00, 0xff, 0x28, 0x1c, 0x00, 0xff,
    0x28, 0x1c, 0x00, 0xff, 0x30, 0x1c, 0x00, 0xff, 0x28, 0x1c, 0x00, 0xff,
    0x28, 0x1c, 0x08, 0xff, 0x30, 0x1c, 0x00, 0xff, 0x28, 0x1c, 0x00, 0xff,
    0x28, 0x1c, 0x08, 0xff, 0x30, 0x1c, 0x00, 0xff, 0x28, 0x1c, 0x00, 0xff,
    0x28, 0x1c, 0x08, 0xff, 0x28, 0x1c, 0x00, 0xff, 0x28, 0x1c, 0x00, 0xff,
    0x28, 0x20, 0x08, 0xff, 0x28, 0x1c, 0x08, 0xff, 0x28, 0x1c, 0x00, 0xff,
    0x28, 0x20, 0x00, 0xff, 0x28, 0x1c, 0x08, 0xff, 0x30, 0x1c, 0x00, 0xff,
    0x28, 0x1c, 0x00, 0xff, 0x28, 0x1c, 0x00, 0xff, 0x30, 0x1c, 0x08, 0xff,
    0x28, 0x20, 0x00, 0xff, 0x30, 0x1c, 0x08, 0xff, 0x28, 0x1c, 0x08, 0xff,
    0x28, 0x1c, 0x00, 0xff, 0x30, 0x1c, 0x08, 0xff, 0x28, 0x1c, 0x00, 0xff,
    0x28, 0x20, 0x00, 0xff, 0x28, 0x1c, 0x08, 0xff, 0x28, 0x1c, 0x00, 0xff,
    0x30, 0x1c, 0x08, 0xff, 0x28, 0x1c, 0x00, 0xff, 0x28, 0x1c, 0x08, 0xff,
    0x30, 0x20, 0x00, 0xff, 0x28, 0x1c, 0x00, 0xff, 0x28, 0x1c, 0x00, 0xff,
    0x30, 0x1c, 0x00, 0xff, 0x28, 0x1c, 0x08, 0xff, 0x28, 0x1c, 0x00, 0xff,
    0x28, 0x1c, 0x00, 0xff, 0x30, 0x1c, 0x00, 0xff, 0x28, 0x20, 0x00, 0xff,
    0x28, 0x1c, 0x08, 0xff, 0x28, 0x1c, 0x08, 0xff, 0x28, 0x1c, 0x00, 0xff,
    0x30, 0x1c, 0x00, 0xff, 0x28, 0x1c, 0x08, 0xff, 0x28, 0x1c, 0x00, 0xff,
    0x30, 0x20, 0x08, 0xff, 0x28, 0x1c, 0x00, 0xff, 0x28, 0x1c, 0x00, 0xff,
    0x28, 0x1c, 0x00, 0xff, 0x28, 0x1c, 0x00, 0xff, 0x30, 0x1c, 0x00, 0xff,
    0x28, 0x1c, 0x08, 0xff, 0x30, 0x20, 0x08, 0xff, 0x30, 0x20, 0x08, 0xff,
    0x30, 0x24, 0x08, 0xff, 0x10, 0x0c, 0x08, 0x8e, 0x00, 0x00, 0x00, 0x61,
    0x00, 0x00, 0x00, 0x4d, 0x00, 0x00, 0x00, 0x3c, 0x00, 0x00, 0x00, 0x2c,
    0x00, 0x00, 0x00, 0x20, 0x00, 0x00, 0x00, 0x14, 0x00, 0x00, 0x00, 0x0c,
    0x00, 0x00, 0x00, 0x08, 0x00, 0x00, 0x00, 0x04, 0x00, 0x00, 0x00, 0x00,
    0x00, 0x00, 0x00, 0x00, 0x00, 0x00, 0x00, 0x00, 0x00, 0x00, 0x00, 0x00,
    0x00, 0x00, 0x00, 0x00, 0x00, 0x00, 0x00, 0x00, 0x00, 0x00, 0x00, 0x00,
    0x00, 0x00, 0x00, 0x00, 0x00, 0x00, 0x00, 0x00, 0x00, 0x00, 0x00, 0x00,
    0x00, 0x00, 0x00, 0x00, 0x00, 0x00, 0x00, 0x00, 0x00, 0x00, 0x00, 0x00,
    0x00, 0x00, 0x00, 0x00, 0x00, 0x00, 0x00, 0x00, 0x00, 0x00, 0x00, 0x04,
    0x00, 0x00, 0x00, 0x08, 0x00, 0x00, 0x00, 0x10, 0x00, 0x00, 0x00, 0x18,
    0x00, 0x00, 0x00, 0x24, 0x00, 0x00, 0x00, 0x34, 0x00, 0x00, 0x00, 0x45,
    0x00, 0x00, 0x00, 0x59, 0x00, 0x00, 0x00, 0x6d, 0x28, 0x1c, 0x08, 0xd7,
    0x30, 0x20, 0x08, 0xff, 0x30, 0x20, 0x08, 0xff, 0x28, 0x20, 0x08, 0xff,
    0x30, 0x20, 0x00, 0xff, 0x28, 0x1c, 0x00, 0xff, 0x28, 0x20, 0x08, 0xff,
    0x30, 0x1c, 0x00, 0xff, 0x28, 0x1c, 0x08, 0xff, 0x28, 0x1c, 0x00, 0xff,
    0x28, 0x1c, 0x08, 0xff, 0x28, 0x1c, 0x00, 0xff, 0x28, 0x1c, 0x00, 0xff,
    0x28, 0x1c, 0x08, 0xff, 0x30, 0x1c, 0x00, 0xff, 0x28, 0x1c, 0x00, 0xff,
    0x28, 0x20, 0x08, 0xff, 0x30, 0x1c, 0x00, 0xff, 0x28, 0x1c, 0x00, 0xff,
    0x30, 0x1c, 0x00, 0xff, 0x28, 0x1c, 0x00, 0xff, 0x28, 0x1c, 0x08, 0xff,
    0x28, 0x1c, 0x00, 0xff, 0x30, 0x1c, 0x00, 0xff, 0x28, 0x1c, 0x08, 0xff,
    0x28, 0x1c, 0x00, 0xff, 0x30, 0x1c, 0x08, 0xff, 0x28, 0x1c, 0x08, 0xff,
    0x28, 0x20, 0x00, 0xff, 0x28, 0x1c, 0x08, 0xff, 0x28, 0x1c, 0x00, 0xff,
    0x28, 0x1c, 0x00, 0xff, 0x30, 0x1c, 0x00, 0xff, 0x28, 0x1c, 0x08, 0xff,
    0x28, 0x1c, 0x00, 0xff, 0x30, 0x1c, 0x00, 0xff, 0x28, 0x1c, 0x08, 0xff,
    0x28, 0x1c, 0x00, 0xff, 0x30, 0x1c, 0x00, 0xff, 0x28, 0x1c, 0x08, 0xff,
    0x28, 0x1c, 0x00, 0xff, 0x28, 0x1c, 0x08, 0xff, 0x28, 0x1c, 0x00, 0xff,
    0x30, 0x20, 0x00, 0xff, 0x28, 0x1c, 0x08, 0xff, 0x28, 0x1c, 0x00, 0xff,
    0x30, 0x20, 0x00, 0xff, 0x28, 0x1c, 0x08, 0xff, 0x28, 0x1c, 0x00, 0xff,
    0x30, 0x1c, 0x00, 0xff, 0x28, 0x1c, 0x08, 0xff, 0x28, 0x1c, 0x00, 0xff,
    0x28, 0x1c, 0x08, 0xff, 0x28, 0x1c, 0x00, 0xff, 0x28, 0x1c, 0x00, 0xff,
    0x30, 0x1c, 0x08, 0xff, 0x28, 0x20, 0x00, 0xff, 0x28, 0x1c, 0x08, 0xff,
    0x28, 0x1c, 0x00, 0xff, 0x30, 0x1c, 0x08, 0xff, 0x28, 0x1c, 0x08, 0xff,
    0x28, 0x1c, 0x00, 0xff, 0x30, 0x1c, 0x00, 0xff, 0x28, 0x20, 0x00, 0xff,
    0x28, 0x1c, 0x08, 0xff, 0x30, 0x20, 0x00, 0xff, 0x28, 0x1c, 0x00, 0xff,
    0x28, 0x1c, 0x00, 0xff, 0x30, 0x20, 0x08, 0xff, 0x28, 0x1c, 0x00, 0xff,
    0x28, 0x1c, 0x00, 0xff, 0x28, 0x1c, 0x08, 0xff, 0x28, 0x20, 0x00, 0xff,
    0x28, 0x1c, 0x00, 0xff, 0x30, 0x20, 0x00, 0xff, 0x28, 0x1c, 0x08, 0xff,
    0x30, 0x1c, 0x00, 0xff, 0x28, 0x1c, 0x00, 0xff, 0x28, 0x1c, 0x08, 0xff,
    0x30, 0x1c, 0x00, 0xff, 0x28, 0x1c, 0x00, 0xff, 0x28, 0x1c, 0x08, 0xff,
    0x28, 0x1c, 0x08, 0xff, 0x30, 0x20, 0x00, 0xff, 0x28, 0x1c, 0x00, 0xff,
    0x28, 0x1c, 0x08, 0xff, 0x30, 0x20, 0x00, 0xff, 0x28, 0x1c, 0x00, 0xff,
    0x28, 0x1c, 0x08, 0xff, 0x30, 0x20, 0x00, 0xff, 0x28, 0x1c, 0x00, 0xff,
    0x28, 0x1c, 0x08, 0xff, 0x30, 0x1c, 0x00, 0xff, 0x28, 0x1c, 0x00, 0xff,
    0x28, 0x1c, 0x00, 0xff, 0x30, 0x1c, 0x00, 0xff, 0x28, 0x1c, 0x08, 0xff,
    0x28, 0x20, 0x08, 0xff, 0x30, 0x1c, 0x00, 0xff, 0x28, 0x20, 0x08, 0xff,
    0x28, 0x1c, 0x00, 0xff, 0x28, 0x1c, 0x00, 0xff, 0x28, 0x20, 0x00, 0xff,
    0x28, 0x1c, 0x08, 0xff, 0x28, 0x20, 0x00, 0xff, 0x30, 0x1c, 0x00, 0xff,
    0x28, 0x1c, 0x00, 0xff, 0x28, 0x1c, 0x08, 0xff, 0x30, 0x20, 0x00, 0xff,
    0x30, 0x1c, 0x00, 0xff, 0x28, 0x1c, 0x00, 0xff, 0x30, 0x1c, 0x00, 0xff,
    0x30, 0x1c, 0x08, 0xff, 0x28, 0x1c, 0x00, 0xff, 0x28, 0x1c, 0x00, 0xff,
    0x30, 0x1c, 0x00, 0xff, 0x28, 0x1c, 0x08, 0xff, 0x28, 0x1c, 0x00, 0xff,
    0x28, 0x1c, 0x08, 0xff, 0x30, 0x1c, 0x00, 0xff, 0x28, 0x1c, 0x08, 0xff,
    0x30, 0x1c, 0x00, 0xff, 0x30, 0x1c, 0x00, 0xff, 0x28, 0x20, 0x08, 0xff,
    0x28, 0x1c, 0x00, 0xff, 0x30, 0x1c, 0x08, 0xff, 0x30, 0x1c, 0x00, 0xff,
    0x28, 0x20, 0x00, 0xff, 0x28, 0x1c, 0x00, 0xff, 0x28, 0x1c, 0x00, 0xff,
    0x30, 0x1c, 0x08, 0xff, 0x28, 0x1c, 0x00, 0xff, 0x28, 0x1c, 0x00, 0xff,
    0x30, 0x20, 0x08, 0xff, 0x28, 0x1c, 0x00, 0xff, 0x28, 0x1c, 0x08, 0xff,
    0x28, 0x1c, 0x00, 0xff, 0x30, 0x20, 0x08, 0xff, 0x30, 0x1c, 0x00, 0xff,
    0x28, 0x1c, 0x00, 0xff, 0x28, 0x1c, 0x08, 0xff, 0x30, 0x1c, 0x00, 0xff,
    0x28, 0x20, 0x00, 0xff, 0x28, 0x1c, 0x08, 0xff, 0x28, 0x1c, 0x00, 0xff,
    0x28, 0x20, 0x00, 0xff, 0x30, 0x1c, 0x08, 0xff, 0x28, 0x1c, 0x00, 0xff,
    0x28, 0x1c, 0x08, 0xff, 0x30, 0x1c, 0x08, 0xff, 0x30, 0x1c, 0x00, 0xff,
    0x28, 0x20, 0x08, 0xff, 0x28, 0x20, 0x00, 0xff, 0x30, 0x20, 0x08, 0xff,
    0x30, 0x20, 0x08, 0xff, 0x30, 0x20, 0x08, 0xff, 0x28, 0x1c, 0x08, 0xd7,
    0x00, 0x00, 0x00, 0x6d, 0x00, 0x00, 0x00, 0x55, 0x00, 0x00, 0x00, 0x45,
    0x00, 0x00, 0x00, 0x34, 0x00, 0x00, 0x00, 0x24, 0x00, 0x00, 0x00, 0x18,
    0x00, 0x00, 0x00, 0x10, 0x00, 0x00, 0x00, 0x08, 0x00, 0x00, 0x00, 0x04,
    0x00, 0x00, 0x00, 0x04, 0x00, 0x00, 0x00, 0x00, 0x00, 0x00, 0x00, 0x00,
    0x00, 0x00, 0x00, 0x00, 0x00, 0x00, 0x00, 0x00, 0x00, 0x00, 0x00, 0x00,
    0x00, 0x00, 0x00, 0x00, 0x00, 0x00, 0x00, 0x00, 0x00, 0x00, 0x00, 0x00,
    0x00, 0x00, 0x00, 0x00, 0x00, 0x00, 0x00, 0x00, 0x00, 0x00, 0x00, 0x00,
    0x00, 0x00, 0x00, 0x00, 0x00, 0x00, 0x00, 0x00, 0x00, 0x00, 0x00, 0x00,
    0x00, 0x00, 0x00, 0x04, 0x00, 0x00, 0x00, 0x04, 0x00, 0x00, 0x00, 0x08,
    0x00, 0x00, 0x00, 0x0c, 0x00, 0x00, 0x00, 0x14, 0x00, 0x00, 0x00, 0x20,
    0x00, 0x00, 0x00, 0x2c, 0x00, 0x00, 0x00, 0x3c, 0x00, 0x00, 0x00, 0x4d,
    0x00, 0x00, 0x00, 0x61, 0x10, 0x10, 0x08, 0x92, 0x30, 0x24, 0x08, 0xff,
    0x30, 0x20, 0x08, 0xff, 0x30, 0x20, 0x08, 0xff, 0x30, 0x20, 0x00, 0xff,
    0x28, 0x1c, 0x00, 0xff, 0x28, 0x1c, 0x00, 0xff, 0x30, 0x1c, 0x00, 0xff,
    0x30, 0x1c, 0x08, 0xff, 0x28, 0x1c, 0x00, 0xff, 0x30, 0x1c, 0x00, 0xff,
    0x28, 0x1c, 0x08, 0xff, 0x28, 0x1c, 0x00, 0xff, 0x30, 0x20, 0x08, 0xff,
    0x28, 0x1c, 0x00, 0xff, 0x28, 0x1c, 0x00, 0xff, 0x30, 0x1c, 0x08, 0xff,
    0x28, 0x1c, 0x00, 0xff, 0x28, 0x1c, 0x00, 0xff, 0x30, 0x1c, 0x08, 0xff,
    0x28, 0x20, 0x00, 0xff, 0x30, 0x1c, 0x00, 0xff, 0x28, 0x20, 0x00, 0xff,
    0x28, 0x1c, 0x08, 0xff, 0x30, 0x1c, 0x00, 0xff, 0x28, 0x20, 0x00, 0xff,
    0x28, 0x1c, 0x00, 0xff, 0x30, 0x1c, 0x08, 0xff, 0x28, 0x1c, 0x00, 0xff,
    0x30, 0x1c, 0x00, 0xff, 0x28, 0x1c, 0x08, 0xff, 0x28, 0x1c, 0x00, 0xff,
    0x30, 0x1c, 0x08, 0xff, 0x28, 0x1c, 0x00, 0xff, 0x28, 0x1c, 0x00, 0xff,
    0x30, 0x20, 0x08, 0xff, 0x28, 0x1c, 0x08, 0xff, 0x28, 0x1c, 0x00, 0xff,
    0x30, 0x1c, 0x00, 0xff, 0x30, 0x1c, 0x00, 0xff, 0x28, 0x1c, 0x08, 0xff,
    0x30, 0x20, 0x00, 0xff, 0x28, 0x1c, 0x00, 0xff, 0x28, 0x1c, 0x08, 0xff,
    0x28, 0x1c, 0x00, 0xff, 0x30, 0x1c, 0x08, 0xff, 0x28, 0x1c, 0x00, 0xff,
    0x28, 0x1c, 0x00, 0xff, 0x28, 0x1c, 0x00, 0xff, 0x30, 0x1c, 0x00, 0xff,
    0x28, 0x1c, 0x00, 0xff, 0x28, 0x1c, 0x08, 0xff, 0x30, 0x20, 0x00, 0xff,
    0x30, 0x1c, 0x00, 0xff, 0x28, 0x1c, 0x00, 0xff, 0x28, 0x1c, 0x08, 0xff,
    0x30, 0x1c, 0x00, 0xff, 0x28, 0x1c, 0x00, 0xff, 0x28, 0x1c, 0x00, 0xff,
    0x28, 0x20, 0x00, 0xff, 0x30, 0x1c, 0x08, 0xff, 0x28, 0x1c, 0x00, 0xff,
    0x28, 0x1c, 0x00, 0xff, 0x28, 0x1c, 0x08, 0xff, 0x28, 0x1c, 0x00, 0xff,
    0x28, 0x1c, 0x00, 0xff, 0x28, 0x1c, 0x00, 0xff, 0x30, 0x1c, 0x08, 0xff,
    0x28, 0x1c, 0x00, 0xff, 0x28, 0x1c, 0x08, 0xff, 0x28, 0x1c, 0x00, 0xff,
    0x28, 0x1c, 0x00, 0xff, 0x30, 0x1c, 0x08, 0xff, 0x30, 0x1c, 0x00, 0xff,
    0x28, 0x1c, 0x00, 0xff, 0x28, 0x1c, 0x08, 0xff, 0x28, 0x20, 0x00, 0xff,
    0x30, 0x1c, 0x00, 0xff, 0x28, 0x1c, 0x08, 0xff, 0x30, 0x1c, 0x00, 0xff,
    0x28, 0x1c, 0x00, 0xff, 0x28, 0x1c, 0x00, 0xff, 0x28, 0x1c, 0x00, 0xff,
    0x28, 0x1c, 0x08, 0xff, 0x30, 0x1c, 0x00, 0xff, 0x28, 0x1c, 0x00, 0xff,
    0x30, 0x1c, 0x00, 0xff, 0x28, 0x1c, 0x00, 0xff, 0x28, 0x1c, 0x08, 0xff,
    0x30, 0x1c, 0x00, 0xff, 0x28, 0x1c, 0x00, 0xff, 0x28, 0x1c, 0x00, 0xff,
    0x30, 0x1c, 0x08, 0xff, 0x28, 0x1c, 0x08, 0xff, 0x28, 0x20, 0x00, 0xff,
    0x28, 0x1c, 0x00, 0xff, 0x28, 0x1c, 0x00, 0xff, 0x30, 0x1c, 0x00, 0xff,
    0x28, 0x1c, 0x08, 0xff, 0x28, 0x1c, 0x00, 0xff, 0x30, 0x1c, 0x08, 0xff,
    0x28, 0x1c, 0x08, 0xff, 0x28, 0x1c, 0x00, 0xff, 0x30, 0x1c, 0x00, 0xff,
    0x28, 0x1c, 0x08, 0xff, 0x28, 0x1c, 0x00, 0xff, 0x30, 0x1c, 0x08, 0xff,
    0x28, 0x1c, 0x00, 0xff, 0x28, 0x1c, 0x00, 0xff, 0x28, 0x1c, 0x08, 0xff,
    0x28, 0x1c, 0x08, 0xff, 0x30, 0x1c, 0x00, 0xff, 0x28, 0x1c, 0x00, 0xff,
    0x28, 0x1c, 0x08, 0xff, 0x30, 0x1c, 0x00, 0xff, 0x28, 0x20, 0x08, 0xff,
    0x28, 0x1c, 0x00, 0xff, 0x28, 0x1c, 0x08, 0xff, 0x30, 0x20, 0x00, 0xff,
    0x28, 0x1c, 0x00, 0xff, 0x28, 0x1c, 0x00, 0xff, 0x28, 0x1c, 0x00, 0xff,
    0x28, 0x1c, 0x00, 0xff, 0x28, 0x1c, 0x00, 0xff, 0x28, 0x1c, 0x08, 0xff,
    0x28, 0x1c, 0x00, 0xff, 0x28, 0x1c, 0x08, 0xff, 0x30, 0x1c, 0x00, 0xff,
    0x28, 0x1c, 0x08, 0xff, 0x30, 0x1c, 0x00, 0xff, 0x28, 0x1c, 0x08, 0xff,
    0x28, 0x1c, 0x00, 0xff, 0x30, 0x1c, 0x08, 0xff, 0x28, 0x1c, 0x00, 0xff,
    0x30, 0x1c, 0x08, 0xff, 0x28, 0x1c, 0x00, 0xff, 0x28, 0x1c, 0x00, 0xff,
    0x30, 0x1c, 0x08, 0xff, 0x28, 0x1c, 0x00, 0xff, 0x28, 0x1c, 0x00, 0xff,
    0x28, 0x1c, 0x08, 0xff, 0x30, 0x1c, 0x00, 0xff, 0x28, 0x1c, 0x00, 0xff,
    0x30, 0x1c, 0x00, 0xff, 0x30, 0x1c, 0x08, 0xff, 0x28, 0x1c, 0x00, 0xff,
    0x28, 0x1c, 0x00, 0xff, 0x28, 0x1c, 0x00, 0xff, 0x28, 0x20, 0x00, 0xff,
    0x30, 0x1c, 0x00, 0xff, 0x28, 0x1c, 0x08, 0xff, 0x28, 0x1c, 0x00, 0xff,
    0x28, 0x1c, 0x08, 0xff, 0x30, 0x20, 0x08, 0xff, 0x30, 0x20, 0x08, 0xff,
    0x30, 0x24, 0x08, 0xff, 0x10, 0x10, 0x08, 0x96, 0x00, 0x00, 0x00, 0x61,
    0x00, 0x00, 0x00, 0x4d, 0x00, 0x00, 0x00, 0x3c, 0x00, 0x00, 0x00, 0x2c,
    0x00, 0x00, 0x00, 0x20, 0x00, 0x00, 0x00, 0x14, 0x00, 0x00, 0x00, 0x0c,
    0x00, 0x00, 0x00, 0x08, 0x00, 0x00, 0x00, 0x04, 0x00, 0x00, 0x00, 0x00,
    0x00, 0x00, 0x00, 0x00, 0x00, 0x00, 0x00, 0x00, 0x00, 0x00, 0x00, 0x00,
    0x00, 0x00, 0x00, 0x00, 0x00, 0x00, 0x00, 0x00, 0x00, 0x00, 0x00, 0x00,
    0x00, 0x00, 0x00, 0x00, 0x00, 0x00, 0x00, 0x00, 0x00, 0x00, 0x00, 0x00,
    0x00, 0x00, 0x00, 0x00, 0x00, 0x00, 0x00, 0x00, 0x00, 0x00, 0x00, 0x00,
    0x00, 0x00, 0x00, 0x00, 0x00, 0x00, 0x00, 0x00, 0x00, 0x00, 0x00, 0x00,
    0x00, 0x00, 0x00, 0x04, 0x00, 0x00, 0x00, 0x08, 0x00, 0x00, 0x00, 0x0c,
    0x00, 0x00, 0x00, 0x10, 0x00, 0x00, 0x00, 0x1c, 0x00, 0x00, 0x00, 0x28,
    0x00, 0x00, 0x00, 0x34, 0x00, 0x00, 0x00, 0x45, 0x00, 0x00, 0x00, 0x59,
    0x00, 0x00, 0x00, 0x6d, 0x28, 0x20, 0x08, 0xdb, 0x30, 0x20, 0x08, 0xff,
    0x30, 0x20, 0x08, 0xff, 0x28, 0x20, 0x08, 0xff, 0x30, 0x20, 0x08, 0xff,
    0x28, 0x1c, 0x00, 0xff, 0x28, 0x1c, 0x08, 0xff, 0x28, 0x1c, 0x00, 0xff,
    0x28, 0x1c, 0x00, 0xff, 0x30, 0x20, 0x08, 0xff, 0x28, 0x1c, 0x00, 0xff,
    0x28, 0x1c, 0x00, 0xff, 0x28, 0x1c, 0x08, 0xff, 0x28, 0x1c, 0x00, 0xff,
    0x30, 0x1c, 0x08, 0xff, 0x28, 0x1c, 0x00, 0xff, 0x28, 0x1c, 0x00, 0xff,
    0x28, 0x1c, 0x08, 0xff, 0x28, 0x1c, 0x08, 0xff, 0x30, 0x1c, 0x00, 0xff,
    0x28, 0x1c, 0x08, 0xff, 0x28, 0x1c, 0x08, 0xff, 0x28, 0x1c, 0x00, 0xff,
    0x30, 0x1c, 0x00, 0xff, 0x28, 0x1c, 0x08, 0xff, 0x28, 0x1c, 0x00, 0xff,
    0x28, 0x1c, 0x00, 0xff, 0x28, 0x1c, 0x08, 0xff, 0x28, 0x20, 0x00, 0xff,
    0x30, 0x1c, 0x00, 0xff, 0x28, 0x1c, 0x08, 0xff, 0x28, 0x1c, 0x00, 0xff,
    0x30, 0x1c, 0x00, 0xff, 0x28, 0x1c, 0x00, 0xff, 0x28, 0x1c, 0x08, 0xff,
    0x28, 0x1c, 0x00, 0xff, 0x28, 0x20, 0x00, 0xff, 0x28, 0x1c, 0x08, 0xff,
    0x28, 0x1c, 0x00, 0xff, 0x28, 0x1c, 0x00, 0xff, 0x28, 0x1c, 0x08, 0xff,
    0x30, 0x1c, 0x00, 0xff, 0x28, 0x1c, 0x00, 0xff, 0x30, 0x1c, 0x08, 0xff,
    0x28, 0x20, 0x00, 0xff, 0x28, 0x1c, 0x08, 0xff, 0x30, 0x1c, 0x08, 0xff,
    0x28, 0x20, 0x08, 0xff, 0x28, 0x1c, 0x00, 0xff, 0x30, 0x1c, 0x08, 0xff,
    0x28, 0x1c, 0x00, 0xff, 0x30, 0x1c, 0x00, 0xff, 0x28, 0x1c, 0x08, 0xff,
    0x28, 0x1c, 0x00, 0xff, 0x28, 0x1c, 0x00, 0xff, 0x30, 0x1c, 0x08, 0xff,
    0x28, 0x20, 0x00, 0xff, 0x30, 0x1c, 0x00, 0xff, 0x28, 0x1c, 0x08, 0xff,
    0x28, 0x1c, 0x00, 0xff, 0x30, 0x1c, 0x00, 0xff, 0x30, 0x20, 0x00, 0xff,
    0x30, 0x1c, 0x08, 0xff, 0x30, 0x1c, 0x00, 0xff, 0x28, 0x1c, 0x00, 0xff,
    0x28, 0x1c, 0x08, 0xff, 0x28, 0x1c, 0x00, 0xff, 0x30, 0x1c, 0x00, 0xff,
    0x30, 0x1c, 0x08, 0xff, 0x28, 0x1c, 0x00, 0xff, 0x30, 0x20, 0x00, 0xff,
    0x28, 0x1c, 0x00, 0xff, 0x28, 0x1c, 0x08, 0xff, 0x28, 0x1c, 0x00, 0xff,
    0x28, 0x1c, 0x00, 0xff, 0x28, 0x1c, 0x08, 0xff, 0x28, 0x20, 0x00, 0xff,
    0x28, 0x1c, 0x08, 0xff, 0x30, 0x1c, 0x08, 0xff, 0x30, 0x20, 0x00, 0xff,
    0x28, 0x1c, 0x00, 0xff, 0x28, 0x1c, 0x00, 0xff, 0x28, 0x1c, 0x08, 0xff,
    0x28, 0x20, 0x00, 0xff, 0x28, 0x1c, 0x08, 0xff, 0x30, 0x1c, 0x00, 0xff,
    0x28, 0x1c, 0x08, 0xff, 0x28, 0x1c, 0x00, 0xff, 0x30, 0x1c, 0x08, 0xff,
    0x28, 0x1c, 0x08, 0xff, 0x28, 0x20, 0x00, 0xff, 0x28, 0x1c, 0x00, 0xff,
    0x30, 0x1c, 0x08, 0xff, 0x30, 0x1c, 0x00, 0xff, 0x28, 0x1c, 0x00, 0xff,
    0x28, 0x1c, 0x08, 0xff, 0x28, 0x1c, 0x00, 0xff, 0x30, 0x1c, 0x00, 0xff,
    0x28, 0x1c, 0x00, 0xff, 0x28, 0x1c, 0x00, 0xff, 0x30, 0x1c, 0x00, 0xff,
    0x28, 0x1c, 0x08, 0xff, 0x30, 0x1c, 0x00, 0xff, 0x28, 0x1c, 0x00, 0xff,
    0x28, 0x20, 0x08, 0xff, 0x28, 0x1c, 0x00, 0xff, 0x28, 0x1c, 0x00, 0xff,
    0x28, 0x20, 0x08, 0xff, 0x30, 0x1c, 0x00, 0xff, 0x28, 0x1c, 0x00, 0xff,
    0x28, 0x20, 0x08, 0xff, 0x28, 0x1c, 0x00, 0xff, 0x30, 0x1c, 0x00, 0xff,
    0x28, 0x1c, 0x08, 0xff, 0x28, 0x1c, 0x00, 0xff, 0x28, 0x1c, 0x00, 0xff,
    0x30, 0x1c, 0x00, 0xff, 0x28, 0x1c, 0x08, 0xff, 0x28, 0x1c, 0x00, 0xff,
    0x28, 0x1c, 0x08, 0xff, 0x28, 0x1c, 0x08, 0xff, 0x30, 0x20, 0x00, 0xff,
    0x28, 0x1c, 0x00, 0xff, 0x30, 0x1c, 0x00, 0xff, 0x28, 0x1c, 0x00, 0xff,
    0x28, 0x1c, 0x00, 0xff, 0x30, 0x1c, 0x08, 0xff, 0x28, 0x1c, 0x00, 0xff,
    0x28, 0x1c, 0x00, 0xff, 0x28, 0x1c, 0x00, 0xff, 0x28, 0x1c, 0x08, 0xff,
    0x28, 0x20, 0x00, 0xff, 0x30, 0x1c, 0x00, 0xff, 0x28, 0x1c, 0x08, 0xff,
    0x28, 0x1c, 0x00, 0xff, 0x30, 0x20, 0x00, 0xff, 0x28, 0x1c, 0x00, 0xff,
    0x28, 0x1c, 0x08, 0xff, 0x28, 0x1c, 0x00, 0xff, 0x30, 0x1c, 0x00, 0xff,
    0x28, 0x20, 0x00, 0xff, 0x28, 0x1c, 0x08, 0xff, 0x28, 0x1c, 0x00, 0xff,
    0x28, 0x20, 0x00, 0xff, 0x28, 0x1c, 0x00, 0xff, 0x30, 0x1c, 0x00, 0xff,
    0x28, 0x20, 0x08, 0xff, 0x30, 0x1c, 0x00, 0xff, 0x28, 0x1c, 0x00, 0xff,
    0x28, 0x1c, 0x08, 0xff, 0x30, 0x1c, 0x00, 0xff, 0x30, 0x20, 0x08, 0xff,
    0x28, 0x20, 0x08, 0xff, 0x30, 0x20, 0x08, 0xff, 0x28, 0x20, 0x08, 0xdb,
    0x00, 0x00, 0x00, 0x6d, 0x00, 0x00, 0x00, 0x59, 0x00, 0x00, 0x00, 0x45,
    0x00, 0x00, 0x00, 0x34, 0x00, 0x00, 0x00, 0x28, 0x00, 0x00, 0x00, 0x1c,
    0x00, 0x00, 0x00, 0x10, 0x00, 0x00, 0x00, 0x0c, 0x00, 0x00, 0x00, 0x08,
    0x00, 0x00, 0x00, 0x04, 0x00, 0x00, 0x00, 0x00, 0x00, 0x00, 0x00, 0x00,
    0x00, 0x00, 0x00, 0x00, 0x00, 0x00, 0x00, 0x00, 0x00, 0x00, 0x00, 0x00,
    0x00, 0x00, 0x00, 0x00, 0x00, 0x00, 0x00, 0x00, 0x00, 0x00, 0x00, 0x00,
    0x00, 0x00, 0x00, 0x00, 0x00, 0x00, 0x00, 0x00, 0x00, 0x00, 0x00, 0x00,
    0x00, 0x00, 0x00, 0x00, 0x00, 0x00, 0x00, 0x00, 0x00, 0x00, 0x00, 0x00,
    0x00, 0x00, 0x00, 0x00, 0x00, 0x00, 0x00, 0x00, 0x00, 0x00, 0x00, 0x00,
    0x00, 0x00, 0x00, 0x04, 0x00, 0x00, 0x00, 0x08, 0x00, 0x00, 0x00, 0x10,
    0x00, 0x00, 0x00, 0x14, 0x00, 0x00, 0x00, 0x20, 0x00, 0x00, 0x00, 0x2c,
    0x00, 0x00, 0x00, 0x3c, 0x00, 0x00, 0x00, 0x4d, 0x00, 0x00, 0x00, 0x61,
    0x10, 0x0c, 0x08, 0x92, 0x30, 0x24, 0x08, 0xff, 0x30, 0x20, 0x08, 0xff,
    0x30, 0x20, 0x08, 0xff, 0x28, 0x1c, 0x08, 0xff, 0x28, 0x1c, 0x00, 0xff,
    0x28, 0x1c, 0x00, 0xff, 0x30, 0x1c, 0x08, 0xff, 0x28, 0x1c, 0x00, 0xff,
    0x28, 0x1c, 0x00, 0xff, 0x30, 0x1c, 0x08, 0xff, 0x28, 0x1c, 0x00, 0xff,
    0x30, 0x1c, 0x00, 0xff, 0x28, 0x1c, 0x08, 0xff, 0x28, 0x1c, 0x00, 0xff,
    0x28, 0x1c, 0x00, 0xff, 0x30, 0x20, 0x08, 0xff, 0x30, 0x1c, 0x00, 0xff,
    0x28, 0x1c, 0x00, 0xff, 0x28, 0x1c, 0x00, 0xff, 0x30, 0x1c, 0x00, 0xff,
    0x28, 0x1c, 0x08, 0xff, 0x30, 0x1c, 0x00, 0xff, 0x28, 0x1c, 0x00, 0xff,
    0x28, 0x1c, 0x08, 0xff, 0x28, 0x1c, 0x00, 0xff, 0x30, 0x1c, 0x00, 0xff,
    0x28, 0x1c, 0x00, 0xff, 0x28, 0x1c, 0x08, 0xff, 0x28, 0x1c, 0x00, 0xff,
    0x28, 0x1c, 0x08, 0xff, 0x28, 0x1c, 0x00, 0xff, 0x28, 0x20, 0x08, 0xff,
    0x28, 0x1c, 0x00, 0xff, 0x30, 0x1c, 0x00, 0xff, 0x30, 0x1c, 0x00, 0xff,
    0x28, 0x1c, 0x08, 0xff, 0x28, 0x1c, 0x08, 0xff, 0x28, 0x1c, 0x00, 0xff,
    0x28, 0x1c, 0x00, 0xff, 0x30, 0x1c, 0x08, 0xff, 0x28, 0x20, 0x00, 0xff,
    0x28, 0x1c, 0x00, 0xff, 0x30, 0x1c, 0x00, 0xff, 0x28, 0x1c, 0x00, 0xff,
    0x28, 0x1c, 0x00, 0xff, 0x28, 0x1c, 0x00, 0xff, 0x28, 0x1c, 0x00, 0xff,
    0x28, 0x1c, 0x08, 0xff, 0x28, 0x1c, 0x00, 0xff, 0x28, 0x1c, 0x00, 0xff,
    0x28, 0x1c, 0x08, 0xff, 0x28, 0x1c, 0x08, 0xff, 0x30, 0x1c, 0x00, 0xff,
    0x28, 0x1c, 0x00, 0xff, 0x28, 0x1c, 0x00, 0xff, 0x28, 0x1c, 0x08, 0xff,
    0x30, 0x1c, 0x08, 0xff, 0x28, 0x1c, 0x00, 0xff, 0x28, 0x1c, 0x08, 0xff,
    0x28, 0x1c, 0x00, 0xff, 0x28, 0x1c, 0x08, 0xff, 0x28, 0x1c, 0x00, 0xff,
    0x28, 0x1c, 0x08, 0xff, 0x28, 0x1c, 0x00, 0xff, 0x28, 0x20, 0x00, 0xff,
    0x28, 0x1c, 0x08, 0xff, 0x28, 0x1c, 0x00, 0xff, 0x28, 0x20, 0x00, 0xff,
    0x28, 0x1c, 0x08, 0xff, 0x30, 0x1c, 0x00, 0xff, 0x28, 0x1c, 0x08, 0xff,
    0x28, 0x1c, 0x00, 0xff, 0x30, 0x20, 0x08, 0xff, 0x28, 0x1c, 0x00, 0xff,
    0x30, 0x1c, 0x00, 0xff, 0x28, 0x1c, 0x00, 0xff, 0x28, 0x1c, 0x00, 0xff,
    0x28, 0x1c, 0x00, 0xff, 0x28, 0x1c, 0x08, 0xff, 0x28, 0x1c, 0x08, 0xff,
    0x30, 0x1c, 0x00, 0xff, 0x30, 0x1c, 0x00, 0xff, 0x28, 0x1c, 0x00, 0xff,
    0x30, 0x1c, 0x08, 0xff, 0x28, 0x1c, 0x00, 0xff, 0x28, 0x1c, 0x00, 0xff,
    0x28, 0x1c, 0x00, 0xff, 0x28, 0x1c, 0x00, 0xff, 0x28, 0x1c, 0x08, 0xff,
    0x30, 0x1c, 0x00, 0xff, 0x28, 0x1c, 0x00, 0xff, 0x28, 0x1c, 0x00, 0xff,
    0x28, 0x1c, 0x08, 0xff, 0x30, 0x1c, 0x08, 0xff, 0x28, 0x1c, 0x00, 0xff,
    0x28, 0x1c, 0x08, 0xff, 0x28, 0x1c, 0x00, 0xff, 0x28, 0x1c, 0x08, 0xff,
    0x30, 0x1c, 0x00, 0xff, 0x28, 0x1c, 0x00, 0xff, 0x28, 0x1c, 0x00, 0xff,
    0x28, 0x20, 0x08, 0xff, 0x28, 0x1c, 0x00, 0xff, 0x30, 0x1c, 0x00, 0xff,
    0x28, 0x1c, 0x00, 0xff, 0x28, 0x1c, 0x00, 0xff, 0x30, 0x1c, 0x08, 0xff,
    0x28, 0x1c, 0x00, 0xff, 0x28, 0x1c, 0x00, 0xff, 0x28, 0x1c, 0x08, 0xff,
    0x28, 0x1c, 0x00, 0xff, 0x30, 0x1c, 0x00, 0xff, 0x28, 0x1c, 0x08, 0xff,
    0x28, 0x1c, 0x00, 0xff, 0x30, 0x1c, 0x00, 0xff, 0x30, 0x1c, 0x08, 0xff,
    0x28, 0x1c, 0x00, 0xff, 0x28, 0x1c, 0x00, 0xff, 0x30, 0x1c, 0x08, 0xff,
    0x28, 0x1c, 0x00, 0xff, 0x28, 0x1c, 0x08, 0xff, 0x28, 0x1c, 0x08, 0xff,
    0x30, 0x1c, 0x00, 0xff, 0x28, 0x20, 0x08, 0xff, 0x28, 0x1c, 0x00, 0xff,
    0x28, 0x1c, 0x00, 0xff, 0x30, 0x1c, 0x08, 0xff, 0x28, 0x20, 0x00, 0xff,
    0x30, 0x1c, 0x00, 0xff, 0x28, 0x1c, 0x08, 0xff, 0x28, 0x1c, 0x00, 0xff,
    0x28, 0x1c, 0x00, 0xff, 0x28, 0x1c, 0x08, 0xff, 0x28, 0x1c, 0x08, 0xff,
    0x28, 0x1c, 0x00, 0xff, 0x28, 0x1c, 0x08, 0xff, 0x28, 0x1c, 0x00, 0xff,
    0x30, 0x1c, 0x08, 0xff, 0x28, 0x1c, 0x08, 0xff, 0x28, 0x1c, 0x00, 0xff,
    0x30, 0x1c, 0x08, 0xff, 0x28, 0x1c, 0x08, 0xff, 0x28, 0x20, 0x00, 0xff,
    0x30, 0x1c, 0x08, 0xff, 0x28, 0x1c, 0x08, 0xff, 0x28, 0x1c, 0x00, 0xff,
    0x30, 0x1c, 0x08, 0xff, 0x28, 0x1c, 0x00, 0xff, 0x28, 0x1c, 0x00, 0xff,
    0x30, 0x1c, 0x08, 0xff, 0x30, 0x20, 0x08, 0xff, 0x30, 0x20, 0x08, 0xff,
    0x30, 0x24, 0x08, 0xff, 0x10, 0x0c, 0x08, 0x92, 0x00, 0x00, 0x00, 0x61,
    0x00, 0x00, 0x00, 0x4d, 0x00, 0x00, 0x00, 0x3c, 0x00, 0x00, 0x00, 0x2c,
    0x00, 0x00, 0x00, 0x20, 0x00, 0x00, 0x00, 0x18, 0x00, 0x00, 0x00, 0x0c,
    0x00, 0x00, 0x00, 0x08, 0x00, 0x00, 0x00, 0x04, 0x00, 0x00, 0x00, 0x04,
    0x00, 0x00, 0x00, 0x00, 0x00, 0x00, 0x00, 0x00, 0x00, 0x00, 0x00, 0x00,
    0x00, 0x00, 0x00, 0x00, 0x00, 0x00, 0x00, 0x00, 0x00, 0x00, 0x00, 0x00,
    0x00, 0x00, 0x00, 0x00, 0x00, 0x00, 0x00, 0x00, 0x00, 0x00, 0x00, 0x00,
    0x00, 0x00, 0x00, 0x00, 0x00, 0x00, 0x00, 0x00, 0x00, 0x00, 0x00, 0x00,
    0x00, 0x00, 0x00, 0x00, 0x00, 0x00, 0x00, 0x00, 0x00, 0x00, 0x00, 0x00,
    0x00, 0x00, 0x00, 0x00, 0x00, 0x00, 0x00, 0x00, 0x00, 0x00, 0x00, 0x04,
    0x00, 0x00, 0x00, 0x04, 0x00, 0x00, 0x00, 0x0c, 0x00, 0x00, 0x00, 0x14,
    0x00, 0x00, 0x00, 0x1c, 0x00, 0x00, 0x00, 0x28, 0x00, 0x00, 0x00, 0x34,
    0x00, 0x00, 0x00, 0x45, 0x00, 0x00, 0x00, 0x59, 0x00, 0x00, 0x00, 0x6d,
    0x28, 0x20, 0x08, 0xd7, 0x30, 0x20, 0x08, 0xff, 0x30, 0x20, 0x08, 0xff,
    0x28, 0x20, 0x00, 0xff, 0x28, 0x1c, 0x08, 0xff, 0x30, 0x1c, 0x00, 0xff,
    0x28, 0x1c, 0x00, 0xff, 0x28, 0x1c, 0x08, 0xff, 0x28, 0x1c, 0x00, 0xff,
    0x28, 0x20, 0x08, 0xff, 0x28, 0x1c, 0x00, 0xff, 0x30, 0x1c, 0x00, 0xff,
    0x28, 0x1c, 0x00, 0xff, 0x28, 0x1c, 0x08, 0xff, 0x28, 0x1c, 0x00, 0xff,
    0x28, 0x1c, 0x00, 0xff, 0x28, 0x1c, 0x00, 0xff, 0x28, 0x1c, 0x08, 0xff,
    0x28, 0x1c, 0x00, 0xff, 0x28, 0x1c, 0x00, 0xff, 0x28, 0x1c, 0x08, 0xff,
    0x28, 0x1c, 0x00, 0xff, 0x28, 0x1c, 0x00, 0xff, 0x28, 0x1c, 0x00, 0xff,
    0x30, 0x1c, 0x08, 0xff, 0x30, 0x1c, 0x08, 0xff, 0x28, 0x1c, 0x00, 0xff,
    0x28, 0x1c, 0x00, 0xff, 0x30, 0x1c, 0x08, 0xff, 0x30, 0x1c, 0x00, 0xff,
    0x28, 0x1c, 0x00, 0xff, 0x30, 0x1c, 0x08, 0xff, 0x28, 0x1c, 0x00, 0xff,
    0x28, 0x1c, 0x08, 0xff, 0x28, 0x1c, 0x00, 0xff, 0x30, 0x1c, 0x00, 0xff,
    0x28, 0x1c, 0x00, 0xff, 0x30, 0x1c, 0x00, 0xff, 0x28, 0x1c, 0x00, 0xff,
    0x28, 0x1c, 0x00, 0xff, 0x28, 0x1c, 0x08, 0xff, 0x30, 0x20, 0x08, 0xff,
    0x28, 0x1c, 0x00, 0xff, 0x28, 0x1c, 0x08, 0xff, 0x28, 0x1c, 0x08, 0xff,
    0x30, 0x1c, 0x00, 0xff, 0x28, 0x1c, 0x00, 0xff, 0x30, 0x1c, 0x00, 0xff,
    0x28, 0x20, 0x08, 0xff, 0x28, 0x1c, 0x00, 0xff, 0x30, 0x1c, 0x00, 0xff,
    0x30, 0x20, 0x00, 0xff, 0x28, 0x1c, 0x08, 0xff, 0x28, 0x1c, 0x08, 0xff,
    0x28, 0x1c, 0x00, 0xff, 0x28, 0x1c, 0x00, 0xff, 0x28, 0x1c, 0x00, 0xff,
    0x30, 0x20, 0x00, 0xff, 0x28, 0x1c, 0x00, 0xff, 0x28, 0x1c, 0x08, 0xff,
    0x28, 0x1c, 0x00, 0xff, 0x30, 0x1c, 0x00, 0xff, 0x28, 0x1c, 0x08, 0xff,
    0x28, 0x1c, 0x00, 0xff, 0x30, 0x1c, 0x00, 0xff, 0x28, 0x1c, 0x08, 0xff,
    0x28, 0x1c, 0x00, 0xff, 0x30, 0x1c, 0x00, 0xff, 0x28, 0x1c, 0x08, 0xff,
    0x28, 0x1c, 0x00, 0xff, 0x28, 0x1c, 0x00, 0xff, 0x28, 0x1c, 0x00, 0xff,
    0x28, 0x1c, 0x08, 0xff, 0x28, 0x1c, 0x00, 0xff, 0x28, 0x1c, 0x08, 0xff,
    0x30, 0x1c, 0x08, 0xff, 0x28, 0x1c, 0x00, 0xff, 0x28, 0x1c, 0x00, 0xff,
    0x30, 0x1c, 0x00, 0xff, 0x28, 0x1c, 0x08, 0xff, 0x28, 0x1c, 0x00, 0xff,
    0x28, 0x20, 0x00, 0xff, 0x28, 0x1c, 0x08, 0xff, 0x30, 0x1c, 0x00, 0xff,
    0x28, 0x1c, 0x08, 0xff, 0x28, 0x1c, 0x08, 0xff, 0x30, 0x1c, 0x00, 0xff,
    0x28, 0x1c, 0x00, 0xff, 0x28, 0x1c, 0x00, 0xff, 0x30, 0x1c, 0x00, 0xff,
    0x28, 0x1c, 0x08, 0xff, 0x28, 0x20, 0x00, 0xff, 0x28, 0x1c, 0x00, 0xff,
    0x30, 0x1c, 0x00, 0xff, 0x28, 0x20, 0x00, 0xff, 0x28, 0x1c, 0x00, 0xff,
    0x30, 0x1c, 0x08, 0xff, 0x28, 0x1c, 0x00, 0xff, 0x28, 0x1c, 0x00, 0xff,
    0x28, 0x1c, 0x08, 0xff, 0x28, 0x1c, 0x00, 0xff, 0x30, 0x1c, 0x08, 0xff,
    0x28, 0x1c, 0x00, 0xff, 0x28, 0x1c, 0x08, 0xff, 0x30, 0x1c, 0x00, 0xff,
    0x30, 0x1c, 0x08, 0xff, 0x28, 0x1c, 0x00, 0xff, 0x28, 0x1c, 0x00, 0xff,
    0x30, 0x20, 0x00, 0xff, 0x28, 0x1c, 0x08, 0xff, 0x28, 0x1c, 0x00, 0xff,
    0x28, 0x1c, 0x00, 0xff, 0x28, 0x1c, 0x08, 0xff, 0x30, 0x1c, 0x00, 0xff,
    0x28, 0x1c, 0x00, 0xff, 0x28, 0x1c, 0x00, 0xff, 0x28, 0x1c, 0x00, 0xff,
    0x28, 0x1c, 0x08, 0xff, 0x30, 0x1c, 0x00, 0xff, 0x28, 0x1c, 0x00, 0xff,
    0x28, 0x1c, 0x00, 0xff, 0x28, 0x1c, 0x00, 0xff, 0x28, 0x1c, 0x08, 0xff,
    0x30, 0x1c, 0x00, 0xff, 0x28, 0x1c, 0x08, 0xff, 0x28, 0x1c, 0x00, 0xff,
    0x28, 0x1c, 0x00, 0xff, 0x28, 0x1c, 0x08, 0xff, 0x28, 0x1c, 0x00, 0xff,
    0x30, 0x1c, 0x00, 0xff, 0x28, 0x1c, 0x08, 0xff, 0x28, 0x1c, 0x00, 0xff,
    0x30, 0x1c, 0x00, 0xff, 0x28, 0x1c, 0x00, 0xff, 0x28, 0x1c, 0x00, 0xff,
    0x30, 0x1c, 0x08, 0xff, 0x28, 0x1c, 0x00, 0xff, 0x28, 0x1c, 0x00, 0xff,
    0x28, 0x1c, 0x00, 0xff, 0x28, 0x1c, 0x00, 0xff, 0x30, 0x1c, 0x00, 0xff,
    0x28, 0x1c, 0x00, 0xff, 0x28, 0x1c, 0x00, 0xff, 0x28, 0x1c, 0x00, 0xff,
    0x30, 0x1c, 0x00, 0xff, 0x28, 0x1c, 0x00, 0xff, 0x28, 0x1c, 0x08, 0xff,
    0x30, 0x1c, 0x00, 0xff, 0x28, 0x20, 0x08, 0xff, 0x28, 0x20, 0x08, 0xff,
    0x30, 0x20, 0x08, 0xff, 0x30, 0x24, 0x08, 0xff, 0x28, 0x20, 0x08, 0xd7,
    0x00, 0x00, 0x00, 0x6d, 0x00, 0x00, 0x00, 0x59, 0x00, 0x00, 0x00, 0x45,
    0x00, 0x00, 0x00, 0x34, 0x00, 0x00, 0x00, 0x24, 0x00, 0x00, 0x00, 0x1c,
    0x00, 0x00, 0x00, 0x10, 0x00, 0x00, 0x00, 0x0c, 0x00, 0x00, 0x00, 0x04,
    0x00, 0x00, 0x00, 0x04, 0x00, 0x00, 0x00, 0x00, 0x00, 0x00, 0x00, 0x00,
    0x00, 0x00, 0x00, 0x00, 0x00, 0x00, 0x00, 0x00, 0x00, 0x00, 0x00, 0x00,
    0x00, 0x00, 0x00, 0x00, 0x00, 0x00, 0x00, 0x00, 0x00, 0x00, 0x00, 0x00,
    0x00, 0x00, 0x00, 0x00, 0x00, 0x00, 0x00, 0x00, 0x00, 0x00, 0x00, 0x00,
    0x00, 0x00, 0x00, 0x00, 0x00, 0x00, 0x00, 0x00, 0x00, 0x00, 0x00, 0x00,
    0x00, 0x00, 0x00, 0x00, 0x00, 0x00, 0x00, 0x00, 0x00, 0x00, 0x00, 0x00,
    0x00, 0x00, 0x00, 0x00, 0x00, 0x00, 0x00, 0x04, 0x00, 0x00, 0x00, 0x04,
    0x00, 0x00, 0x00, 0x08, 0x00, 0x00, 0x00, 0x0c, 0x00, 0x00, 0x00, 0x14,
    0x00, 0x00, 0x00, 0x20, 0x00, 0x00, 0x00, 0x2c, 0x00, 0x00, 0x00, 0x3c,
    0x00, 0x00, 0x00, 0x4d, 0x00, 0x00, 0x00, 0x61, 0x10, 0x0c, 0x08, 0x8a,
    0x30, 0x20, 0x08, 0xfb, 0x30, 0x20, 0x08, 0xff, 0x30, 0x20, 0x08, 0xff,
    0x28, 0x1c, 0x08, 0xff, 0x28, 0x1c, 0x00, 0xff, 0x28, 0x1c, 0x00, 0xff,
    0x30, 0x1c, 0x00, 0xff, 0x28, 0x1c, 0x00, 0xff, 0x28, 0x1c, 0x00, 0xff,
    0x28, 0x1c, 0x08, 0xff, 0x28, 0x1c, 0x00, 0xff, 0x30, 0x1c, 0x08, 0xff,
    0x28, 0x1c, 0x00, 0xff, 0x30, 0x1c, 0x00, 0xff, 0x28, 0x1c, 0x08, 0xff,
    0x28, 0x1c, 0x08, 0xff, 0x30, 0x1c, 0x00, 0xff, 0x28, 0x1c, 0x00, 0xff,
    0x28, 0x1c, 0x08, 0xff, 0x30, 0x1c, 0x00, 0xff, 0x28, 0x1c, 0x08, 0xff,
    0x28, 0x20, 0x00, 0xff, 0x30, 0x1c, 0x00, 0xff, 0x28, 0x1c, 0x00, 0xff,
    0x28, 0x20, 0x00, 0xff, 0x30, 0x1c, 0x08, 0xff, 0x28, 0x1c, 0x00, 0xff,
    0x28, 0x1c, 0x00, 0xff, 0x28, 0x1c, 0x00, 0xff, 0x28, 0x1c, 0x08, 0xff,
    0x28, 0x1c, 0x00, 0xff, 0x30, 0x1c, 0x00, 0xff, 0x28, 0x1c, 0x00, 0xff,
    0x28, 0x1c, 0x08, 0xff, 0x28, 0x1c, 0x00, 0xff, 0x28, 0x1c, 0x00, 0xff,
    0x30, 0x1c, 0x08, 0xff, 0x28, 0x1c, 0x08, 0xff, 0x28, 0x1c, 0x00, 0xff,
    0x28, 0x1c, 0x00, 0xff, 0x28, 0x1c, 0x08, 0xff, 0x28, 0x1c, 0x00, 0xff,
    0x28, 0x1c, 0x00, 0xff, 0x30, 0x1c, 0x08, 0xff, 0x28, 0x1c, 0x00, 0xff,
    0x28, 0x1c, 0x08, 0xff, 0x28, 0x1c, 0x00, 0xff, 0x30, 0x1c, 0x08, 0xff,
    0x28, 0x1c, 0x00, 0xff, 0x28, 0x1c, 0x00, 0xff, 0x28, 0x1c, 0x00, 0xff,
    0x28, 0x1c, 0x08, 0xff, 0x30, 0x1c, 0x00, 0xff, 0x28, 0x1c, 0x00, 0xff,
    0x28, 0x1c, 0x00, 0xff, 0x30, 0x1c, 0x08, 0xff, 0x28, 0x1c, 0x00, 0xff,
    0x30, 0x1c, 0x08, 0xff, 0x28, 0x1c, 0x00, 0xff, 0x28, 0x1c, 0x00, 0xff,
    0x28, 0x1c, 0x00, 0xff, 0x30, 0x1c, 0x08, 0xff, 0x28, 0x1c, 0x00, 0xff,
    0x28, 0x1c, 0x08, 0xff, 0x30, 0x1c, 0x00, 0xff, 0x28, 0x1c, 0x00, 0xff,
    0x28, 0x1c, 0x00, 0xff, 0x30, 0x1c, 0x00, 0xff, 0x28, 0x1c, 0x08, 0xff,
    0x28, 0x1c, 0x00, 0xff, 0x30, 0x1c, 0x08, 0xff, 0x30, 0x1c, 0x00, 0xff,
    0x28, 0x1c, 0x00, 0xff, 0x28, 0x1c, 0x00, 0xff, 0x28, 0x1c, 0x00, 0xff,
    0x28, 0x1c, 0x08, 0xff, 0x30, 0x1c, 0x00, 0xff, 0x28, 0x1c, 0x00, 0xff,
    0x28, 0x1c, 0x08, 0xff, 0x28, 0x1c, 0x00, 0xff, 0x28, 0x1c, 0x00, 0xff,
    0x28, 0x1c, 0x00, 0xff, 0x28, 0x1c, 0x00, 0xff, 0x28, 0x1c, 0x00, 0xff,
    0x28, 0x1c, 0x08, 0xff, 0x30, 0x1c, 0x00, 0xff, 0x28, 0x1c, 0x08, 0xff,
    0x28, 0x1c, 0x08, 0xff, 0x28, 0x1c, 0x00, 0xff, 0x30, 0x1c, 0x00, 0xff,
    0x28, 0x1c, 0x08, 0xff, 0x28, 0x1c, 0x00, 0xff, 0x28, 0x1c, 0x08, 0xff,
    0x28, 0x1c, 0x00, 0xff, 0x30, 0x1c, 0x08, 0xff, 0x28, 0x1c, 0x00, 0xff,
    0x28, 0x1c, 0x00, 0xff, 0x30, 0x20, 0x08, 0xff, 0x28, 0x1c, 0x00, 0xff,
    0x28, 0x1c, 0x00, 0xff, 0x30, 0x1c, 0x00, 0xff, 0x28, 0x1c, 0x00, 0xff,
    0x28, 0x1c, 0x08, 0xff, 0x28, 0x1c, 0x00, 0xff, 0x28, 0x1c, 0x00, 0xff,
    0x28, 0x1c, 0x08, 0xff, 0x28, 0x1c, 0x00, 0xff, 0x30, 0x1c, 0x08, 0xff,
    0x28, 0x1c, 0x00, 0xff, 0x28, 0x1c, 0x00, 0xff, 0x30, 0x1c, 0x08, 0xff,
    0x28, 0x1c, 0x00, 0xff, 0x28, 0x1c, 0x00, 0xff, 0x28, 0x1c, 0x08, 0xff,
    0x28, 0x1c, 0x08, 0xff, 0x28, 0x1c, 0x00, 0xff, 0x30, 0x1c, 0x00, 0xff,
    0x28, 0x1c, 0x00, 0xff, 0x28, 0x1c, 0x08, 0xff, 0x30, 0x1c, 0x00, 0xff,
    0x28, 0x20, 0x00, 0xff, 0x28, 0x1c, 0x00, 0xff, 0x28, 0x1c, 0x08, 0xff,
    0x30, 0x1c, 0x00, 0xff, 0x28, 0x1c, 0x00, 0xff, 0x28, 0x1c, 0x08, 0xff,
    0x30, 0x1c, 0x00, 0xff, 0x28, 0x1c, 0x00, 0xff, 0x28, 0x20, 0x00, 0xff,
    0x30, 0x1c, 0x00, 0xff, 0x28, 0x1c, 0x08, 0xff, 0x28, 0x1c, 0x00, 0xff,
    0x30, 0x1c, 0x00, 0xff, 0x30, 0x20, 0x08, 0xff, 0x28, 0x1c, 0x00, 0xff,
    0x28, 0x1c, 0x00, 0xff, 0x30, 0x1c, 0x08, 0xff, 0x28, 0x20, 0x00, 0xff,
    0x28, 0x1c, 0x00, 0xff, 0x28, 0x1c, 0x00, 0xff, 0x30, 0x1c, 0x08, 0xff,
    0x28, 0x1c, 0x08, 0xff, 0x28, 0x1c, 0x00, 0xff, 0x28, 0x1c, 0x00, 0xff,
    0x28, 0x1c, 0x08, 0xff, 0x28, 0x1c, 0x00, 0xff, 0x30, 0x1c, 0x00, 0xff,
    0x28, 0x1c, 0x00, 0xff, 0x30, 0x20, 0x08, 0xff, 0x30, 0x20, 0x08, 0xff,
    0x30, 0x20, 0x08, 0xfb, 0x10, 0x0c, 0x00, 0x8a, 0x00, 0x00, 0x00, 0x61,
    0x00, 0x00, 0x00, 0x4d, 0x00, 0x00, 0x00, 0x3c, 0x00, 0x00, 0x00, 0x2c,
    0x00, 0x00, 0x00, 0x20, 0x00, 0x00, 0x00, 0x18, 0x00, 0x00, 0x00, 0x10,
    0x00, 0x00, 0x00, 0x08, 0x00, 0x00, 0x00, 0x04, 0x00, 0x00, 0x00, 0x04,
    0x00, 0x00, 0x00, 0x00, 0x00, 0x00, 0x00, 0x00, 0x00, 0x00, 0x00, 0x00,
    0x00, 0x00, 0x00, 0x00, 0x00, 0x00, 0x00, 0x00, 0x00, 0x00, 0x00, 0x00,
    0x00, 0x00, 0x00, 0x00, 0x00, 0x00, 0x00, 0x00, 0x00, 0x00, 0x00, 0x00,
    0x00, 0x00, 0x00, 0x00, 0x00, 0x00, 0x00, 0x00, 0x00, 0x00, 0x00, 0x00,
    0x00, 0x00, 0x00, 0x00, 0x00, 0x00, 0x00, 0x00, 0x00, 0x00, 0x00, 0x00,
    0x00, 0x00, 0x00, 0x00, 0x00, 0x00, 0x00, 0x00, 0x00, 0x00, 0x00, 0x00,
    0x00, 0x00, 0x00, 0x00, 0x00, 0x00, 0x00, 0x04, 0x00, 0x00, 0x00, 0x08,
    0x00, 0x00, 0x00, 0x0c, 0x00, 0x00, 0x00, 0x10, 0x00, 0x00, 0x00, 0x1c,
    0x00, 0x00, 0x00, 0x28, 0x00, 0x00, 0x00, 0x34, 0x00, 0x00, 0x00, 0x45,
    0x00, 0x00, 0x00, 0x55, 0x00, 0x00, 0x00, 0x69, 0x20, 0x18, 0x08, 0xc3,
    0x30, 0x24, 0x08, 0xff, 0x30, 0x20, 0x08, 0xff, 0x30, 0x20, 0x08, 0xff,
    0x28, 0x1c, 0x08, 0xff, 0x28, 0x1c, 0x00, 0xff, 0x30, 0x20, 0x00, 0xff,
    0x28, 0x1c, 0x08, 0xff, 0x28, 0x1c, 0x00, 0xff, 0x28, 0x1c, 0x00, 0xff,
    0x30, 0x1c, 0x08, 0xff, 0x28, 0x1c, 0x00, 0xff, 0x28, 0x1c, 0x00, 0xff,
    0x28, 0x1c, 0x08, 0xff, 0x30, 0x1c, 0x00, 0xff, 0x28, 0x1c, 0x00, 0xff,
    0x28, 0x1c, 0x00, 0xff, 0x30, 0x1c, 0x08, 0xff, 0x28, 0x1c, 0x00, 0xff,
    0x28, 0x1c, 0x00, 0xff, 0x30, 0x1c, 0x00, 0xff, 0x28, 0x1c, 0x08, 0xff,
    0x28, 0x1c, 0x08, 0xff, 0x28, 0x1c, 0x00, 0xff, 0x28, 0x1c, 0x00, 0xff,
    0x28, 0x1c, 0x08, 0xff, 0x28, 0x1c, 0x08, 0xff, 0x28, 0x1c, 0x00, 0xff,
    0x30, 0x20, 0x08, 0xff, 0x28, 0x1c, 0x00, 0xff, 0x28, 0x1c, 0x00, 0xff,
    0x28, 0x20, 0x08, 0xff, 0x28, 0x1c, 0x00, 0xff, 0x30, 0x1c, 0x08, 0xff,
    0x28, 0x1c, 0x00, 0xff, 0x28, 0x1c, 0x08, 0xff, 0x28, 0x1c, 0x00, 0xff,
    0x30, 0x1c, 0x00, 0xff, 0x28, 0x1c, 0x08, 0xff, 0x28, 0x1c, 0x00, 0xff,
    0x30, 0x1c, 0x00, 0xff, 0x28, 0x1c, 0x00, 0xff, 0x28, 0x1c, 0x00, 0xff,
    0x28, 0x1c, 0x00, 0xff, 0x28, 0x1c, 0x00, 0xff, 0x28, 0x1c, 0x08, 0xff,
    0x28, 0x1c, 0x00, 0xff, 0x28, 0x1c, 0x00, 0xff, 0x28, 0x1c, 0x08, 0xff,
    0x28, 0x1c, 0x08, 0xff, 0x28, 0x1c, 0x00, 0xff, 0x28, 0x1c, 0x00, 0xff,
    0x30, 0x1c, 0x08, 0xff, 0x28, 0x1c, 0x00, 0xff, 0x28, 0x1c, 0x00, 0xff,
    0x28, 0x1c, 0x08, 0xff, 0x28, 0x1c, 0x00, 0xff, 0x28, 0x1c, 0x00, 0xff,
    0x30, 0x1c, 0x08, 0xff, 0x28, 0x1c, 0x00, 0xff, 0x28, 0x1c, 0x00, 0xff,
    0x28, 0x1c, 0x08, 0xff, 0x28, 0x1c, 0x00, 0xff, 0x28, 0x1c, 0x00, 0xff,
    0x28, 0x1c, 0x08, 0xff, 0x28, 0x1c, 0x08, 0xff, 0x28, 0x1c, 0x00, 0xff,
    0x28, 0x1c, 0x08, 0xff, 0x28, 0x1c, 0x00, 0xff, 0x28, 0x1c, 0x00, 0xff,
    0x28, 0x1c, 0x08, 0xff, 0x28, 0x1c, 0x00, 0xff, 0x28, 0x1c, 0x08, 0xff,
    0x28, 0x1c, 0x00, 0xff, 0x30, 0x1c, 0x00, 0xff, 0x28, 0x1c, 0x08, 0xff,
    0x28, 0x1c, 0x08, 0xff, 0x28, 0x1c, 0x00, 0xff, 0x30, 0x1c, 0x00, 0xff,
    0x30, 0x1c, 0x08, 0xff, 0x28, 0x1c, 0x08, 0xff, 0x30, 0x1c, 0x08, 0xff,
    0x28, 0x1c, 0x00, 0xff, 0x28, 0x1c, 0x00, 0xff, 0x28, 0x1c, 0x00, 0xff,
    0x28, 0x1c, 0x00, 0xff, 0x30, 0x20, 0x00, 0xff, 0x28, 0x1c, 0x00, 0xff,
    0x28, 0x1c, 0x08, 0xff, 0x28, 0x1c, 0x00, 0xff, 0x30, 0x1c, 0x00, 0xff,
    0x28, 0x1c, 0x08, 0xff, 0x28, 0x1c, 0x00, 0xff, 0x30, 0x1c, 0x00, 0xff,
    0x28, 0x1c, 0x08, 0xff, 0x28, 0x1c, 0x00, 0xff, 0x28, 0x1c, 0x00, 0xff,
    0x30, 0x1c, 0x08, 0xff, 0x28, 0x1c, 0x00, 0xff, 0x28, 0x1c, 0x00, 0xff,
    0x28, 0x1c, 0x08, 0xff, 0x28, 0x1c, 0x00, 0xff, 0x28, 0x1c, 0x00, 0xff,
    0x30, 0x1c, 0x00, 0xff, 0x28, 0x1c, 0x08, 0xff, 0x28, 0x1c, 0x00, 0xff,
    0x28, 0x1c, 0x00, 0xff, 0x28, 0x1c, 0x08, 0xff, 0x28, 0x1c, 0x00, 0xff,
    0x30, 0x1c, 0x00, 0xff, 0x28, 0x1c, 0x08, 0xff, 0x28, 0x1c, 0x00, 0xff,
    0x30, 0x1c, 0x00, 0xff, 0x28, 0x20, 0x08, 0xff, 0x28, 0x1c, 0x00, 0xff,
    0x28, 0x1c, 0x00, 0xff, 0x28, 0x1c, 0x08, 0xff, 0x28, 0x1c, 0x00, 0xff,
    0x28, 0x1c, 0x08, 0xff, 0x30, 0x1c, 0x08, 0xff, 0x28, 0x1c, 0x00, 0xff,
    0x28, 0x1c, 0x08, 0xff, 0x28, 0x1c, 0x00, 0xff, 0x28, 0x1c, 0x00, 0xff,
    0x30, 0x1c, 0x08, 0xff, 0x28, 0x1c, 0x00, 0xff, 0x28, 0x1c, 0x08, 0xff,
    0x28, 0x1c, 0x08, 0xff, 0x28, 0x1c, 0x00, 0xff, 0x28, 0x1c, 0x08, 0xff,
    0x28, 0x1c, 0x00, 0xff, 0x28, 0x1c, 0x00, 0xff, 0x28, 0x1c, 0x08, 0xff,
    0x28, 0x1c, 0x00, 0xff, 0x28, 0x1c, 0x00, 0xff, 0x28, 0x1c, 0x08, 0xff,
    0x30, 0x1c, 0x08, 0xff, 0x28, 0x1c, 0x00, 0xff, 0x28, 0x1c, 0x08, 0xff,
    0x28, 0x1c, 0x08, 0xff, 0x28, 0x1c, 0x00, 0xff, 0x30, 0x1c, 0x00, 0xff,
    0x28, 0x1c, 0x08, 0xff, 0x28, 0x1c, 0x08, 0xff, 0x30, 0x1c, 0x00, 0xff,
    0x28, 0x1c, 0x00, 0xff, 0x28, 0x20, 0x08, 0xff, 0x30, 0x20, 0x00, 0xff,
    0x30, 0x20, 0x08, 0xff, 0x30, 0x24, 0x08, 0xff, 0x20, 0x18, 0x08, 0xc3,
    0x00, 0x00, 0x00, 0x69, 0x00, 0x00, 0x00, 0x55, 0x00, 0x00, 0x00, 0x45,
    0x00, 0x00, 0x00, 0x34, 0x00, 0x00, 0x00, 0x24, 0x00, 0x00, 0x00, 0x1c,
    0x00, 0x00, 0x00, 0x10, 0x00, 0x00, 0x00, 0x0c, 0x00, 0x00, 0x00, 0x04,
    0x00, 0x00, 0x00, 0x04, 0x00, 0x00, 0x00, 0x00, 0x00, 0x00, 0x00, 0x00,
    0x00, 0x00, 0x00, 0x00, 0x00, 0x00, 0x00, 0x00, 0x00, 0x00, 0x00, 0x00,
    0x00, 0x00, 0x00, 0x00, 0x00, 0x00, 0x00, 0x00, 0x00, 0x00, 0x00, 0x00,
    0x00, 0x00, 0x00, 0x00, 0x00, 0x00, 0x00, 0x00, 0x00, 0x00, 0x00, 0x00,
    0x00, 0x00, 0x00, 0x00, 0x00, 0x00, 0x00, 0x00, 0x00, 0x00, 0x00, 0x00,
    0x00, 0x00, 0x00, 0x00, 0x00, 0x00, 0x00, 0x00, 0x00, 0x00, 0x00, 0x00,
    0x00, 0x00, 0x00, 0x00, 0x00, 0x00, 0x00, 0x00, 0x00, 0x00, 0x00, 0x00,
    0x00, 0x00, 0x00, 0x00, 0x00, 0x00, 0x00, 0x04, 0x00, 0x00, 0x00, 0x08,
    0x00, 0x00, 0x00, 0x0c, 0x00, 0x00, 0x00, 0x14, 0x00, 0x00, 0x00, 0x20,
    0x00, 0x00, 0x00, 0x2c, 0x00, 0x00, 0x00, 0x38, 0x00, 0x00, 0x00, 0x49,
    0x00, 0x00, 0x00, 0x5d, 0x08, 0x04, 0x00, 0x79, 0x30, 0x20, 0x08, 0xf7,
    0x30, 0x20, 0x08, 0xff, 0x30, 0x20, 0x08, 0xff, 0x28, 0x1c, 0x00, 0xff,
    0x28, 0x1c, 0x08, 0xff, 0x28, 0x1c, 0x08, 0xff, 0x30, 0x1c, 0x00, 0xff,
    0x28, 0x1c, 0x08, 0xff, 0x28, 0x1c, 0x00, 0xff, 0x28, 0x1c, 0x00, 0xff,
    0x28, 0x1c, 0x08, 0xff, 0x28, 0x1c, 0x00, 0xff, 0x28, 0x1c, 0x00, 0xff,
    0x28, 0x1c, 0x08, 0xff, 0x28, 0x1c, 0x00, 0xff, 0x28, 0x1c, 0x08, 0xff,
    0x28, 0x1c, 0x00, 0xff, 0x28, 0x1c, 0x00, 0xff, 0x28, 0x1c, 0x08, 0xff,
    0x28, 0x1c, 0x00, 0xff, 0x30, 0x1c, 0x00, 0xff, 0x28, 0x1c, 0x08, 0xff,
    0x28, 0x1c, 0x00, 0xff, 0x28, 0x1c, 0x00, 0xff, 0x30, 0x1c, 0x08, 0xff,
    0x28, 0x1c, 0x00, 0xff, 0x28, 0x1c, 0x00, 0xff, 0x28, 0x1c, 0x08, 0xff,
    0x30, 0x1c, 0x00, 0xff, 0x28, 0x1c, 0x00, 0xff, 0x28, 0x1c, 0x00, 0xff,
    0x28, 0x1c, 0x00, 0xff, 0x30, 0x1c, 0x08, 0xff, 0x28, 0x1c, 0x00, 0xff,
    0x28, 0x1c, 0x00, 0xff, 0x28, 0x1c, 0x08, 0xff, 0x28, 0x1c, 0x00, 0xff,
    0x30, 0x1c, 0x00, 0xff, 0x28, 0x1c, 0x08, 0xff, 0x28, 0x1c, 0x00, 0xff,
    0x30, 0x1c, 0x00, 0xff, 0x28, 0x1c, 0x08, 0xff, 0x28, 0x1c, 0x08, 0xff,
    0x30, 0x1c, 0x00, 0xff, 0x30, 0x1c, 0x00, 0xff, 0x28, 0x1c, 0x00, 0xff,
    0x30, 0x1c, 0x00, 0xff, 0x30, 0x1c, 0x08, 0xff, 0x28, 0x1c, 0x00, 0xff,
    0x30, 0x1c, 0x00, 0xff, 0x28, 0x1c, 0x00, 0xff, 0x28, 0x1c, 0x08, 0xff,
    0x30, 0x1c, 0x08, 0xff, 0x28, 0x1c, 0x00, 0xff, 0x28, 0x1c, 0x08, 0xff,
    0x28, 0x1c, 0x00, 0xff, 0x28, 0x20, 0x00, 0xff, 0x28, 0x1c, 0x08, 0xff,
    0x30, 0x1c, 0x00, 0xff, 0x28, 0x1c, 0x08, 0xff, 0x28, 0x1c, 0x00, 0xff,
    0x30, 0x1c, 0x00, 0xff, 0x28, 0x1c, 0x08, 0xff, 0x30, 0x1c, 0x00, 0xff,
    0x28, 0x1c, 0x00, 0xff, 0x28, 0x1c, 0x08, 0xff, 0x30, 0x1c, 0x00, 0xff,
    0x28, 0x1c, 0x00, 0xff, 0x30, 0x1c, 0x08, 0xff, 0x28, 0x1c, 0x00, 0xff,
    0x28, 0x1c, 0x00, 0xff, 0x28, 0x1c, 0x08, 0xff, 0x30, 0x1c, 0x08, 0xff,
    0x28, 0x1c, 0x00, 0xff, 0x28, 0x1c, 0x00, 0xff, 0x28, 0x1c, 0x00, 0xff,
    0x28, 0x1c, 0x00, 0xff, 0x28, 0x1c, 0x00, 0xff, 0x28, 0x1c, 0x00, 0xff,
    0x28, 0x1c, 0x00, 0xff, 0x28, 0x1c, 0x08, 0xff, 0x30, 0x1c, 0x08, 0xff,
    0x28, 0x1c, 0x00, 0xff, 0x28, 0x1c, 0x08, 0xff, 0x28, 0x1c, 0x08, 0xff,
    0x28, 0x1c, 0x00, 0xff, 0x30, 0x1c, 0x00, 0xff, 0x28, 0x1c, 0x08, 0xff,
    0x28, 0x1c, 0x00, 0xff, 0x28, 0x1c, 0x00, 0xff, 0x28, 0x1c, 0x08, 0xff,
    0x30, 0x1c, 0x00, 0xff, 0x28, 0x1c, 0x00, 0xff, 0x28, 0x1c, 0x08, 0xff,
    0x28, 0x20, 0x00, 0xff, 0x30, 0x1c, 0x00, 0xff, 0x28, 0x1c, 0x08, 0xff,
    0x28, 0x1c, 0x00, 0xff, 0x28, 0x1c, 0x08, 0xff, 0x30, 0x1c, 0x08, 0xff,
    0x28, 0x1c, 0x00, 0xff, 0x28, 0x1c, 0x00, 0xff, 0x30, 0x1c, 0x08, 0xff,
    0x28, 0x1c, 0x00, 0xff, 0x28, 0x1c, 0x00, 0xff, 0x28, 0x1c, 0x00, 0xff,
    0x28, 0x1c, 0x00, 0xff, 0x30, 0x1c, 0x00, 0xff, 0x28, 0x1c, 0x08, 0xff,
    0x28, 0x1c, 0x00, 0xff, 0x28, 0x1c, 0x00, 0xff, 0x28, 0x1c, 0x00, 0xff,
    0x30, 0x1c, 0x08, 0xff, 0x28, 0x1c, 0x00, 0xff, 0x30, 0x1c, 0x00, 0xff,
    0x28, 0x1c, 0x00, 0xff, 0x28, 0x1c, 0x00, 0xff, 0x30, 0x1c, 0x00, 0xff,
    0x28, 0x1c, 0x00, 0xff, 0x28, 0x1c, 0x08, 0xff, 0x28, 0x1c, 0x00, 0xff,
    0x30, 0x1c, 0x00, 0xff, 0x28, 0x1c, 0x08, 0xff, 0x28, 0x1c, 0x00, 0xff,
    0x28, 0x1c, 0x00, 0xff, 0x30, 0x1c, 0x00, 0xff, 0x28, 0x1c, 0x08, 0xff,
    0x28, 0x1c, 0x00, 0xff, 0x28, 0x1c, 0x00, 0xff, 0x30, 0x1c, 0x08, 0xff,
    0x28, 0x1c, 0x00, 0xff, 0x28, 0x1c, 0x00, 0xff, 0x30, 0x1c, 0x08, 0xff,
    0x28, 0x1c, 0x00, 0xff, 0x28, 0x1c, 0x00, 0xff, 0x28, 0x1c, 0x00, 0xff,
    0x28, 0x1c, 0x00, 0xff, 0x30, 0x1c, 0x00, 0xff, 0x28, 0x1c, 0x08, 0xff,
    0x28, 0x1c, 0x00, 0xff, 0x28, 0x1c, 0x00, 0xff, 0x30, 0x1c, 0x00, 0xff,
    0x28, 0x1c, 0x08, 0xff, 0x28, 0x1c, 0x00, 0xff, 0x28, 0x1c, 0x00, 0xff,
    0x28, 0x1c, 0x08, 0xff, 0x30, 0x20, 0x08, 0xff, 0x30, 0x20, 0x08, 0xff,
    0x30, 0x24, 0x08, 0xf7, 0x08, 0x04, 0x00, 0x79, 0x00, 0x00, 0x00, 0x5d,
    0x00, 0x00, 0x00, 0x4d, 0x00, 0x00, 0x00, 0x38, 0x00, 0x00, 0x00, 0x2c,
    0x00, 0x00, 0x00, 0x20, 0x00, 0x00, 0x00, 0x14, 0x00, 0x00, 0x00, 0x0c,
    0x00, 0x00, 0x00, 0x08, 0x00, 0x00, 0x00, 0x04, 0x00, 0x00, 0x00, 0x00,
    0x00, 0x00, 0x00, 0x00, 0x00, 0x00, 0x00, 0x00, 0x00, 0x00, 0x00, 0x00,
    0x00, 0x00, 0x00, 0x00, 0x00, 0x00, 0x00, 0x00, 0x00, 0x00, 0x00, 0x00,
    0x00, 0x00, 0x00, 0x00, 0x00, 0x00, 0x00, 0x00, 0x00, 0x00, 0x00, 0x00,
    0x00, 0x00, 0x00, 0x00, 0x00, 0x00, 0x00, 0x00, 0x00, 0x00, 0x00, 0x00,
    0x00, 0x00, 0x00, 0x00, 0x00, 0x00, 0x00, 0x00, 0x00, 0x00, 0x00, 0x00,
    0x00, 0x00, 0x00, 0x00, 0x00, 0x00, 0x00, 0x00, 0x00, 0x00, 0x00, 0x00,
    0x00, 0x00, 0x00, 0x00, 0x00, 0x00, 0x00, 0x00, 0x00, 0x00, 0x00, 0x00,
    0x00, 0x00, 0x00, 0x04, 0x00, 0x00, 0x00, 0x08, 0x00, 0x00, 0x00, 0x08,
    0x00, 0x00, 0x00, 0x10, 0x00, 0x00, 0x00, 0x18, 0x00, 0x00, 0x00, 0x24,
    0x00, 0x00, 0x00, 0x30, 0x00, 0x00, 0x00, 0x41, 0x00, 0x00, 0x00, 0x55,
    0x00, 0x00, 0x00, 0x65, 0x18, 0x14, 0x08, 0xae, 0x30, 0x24, 0x08, 0xff,
    0x30, 0x20, 0x08, 0xff, 0x28, 0x20, 0x08, 0xff, 0x30, 0x1c, 0x00, 0xff,
    0x28, 0x1c, 0x00, 0xff, 0x28, 0x1c, 0x00, 0xff, 0x28, 0x1c, 0x08, 0xff,
    0x30, 0x1c, 0x00, 0xff, 0x28, 0x1c, 0x00, 0xff, 0x28, 0x1c, 0x08, 0xff,
    0x30, 0x1c, 0x00, 0xff, 0x30, 0x1c, 0x00, 0xff, 0x28, 0x1c, 0x00, 0xff,
    0x28, 0x1c, 0x00, 0xff, 0x30, 0x1c, 0x08, 0xff, 0x28, 0x1c, 0x00, 0xff,
    0x30, 0x1c, 0x00, 0xff, 0x28, 0x1c, 0x08, 0xff, 0x28, 0x1c, 0x00, 0xff,
    0x28, 0x1c, 0x00, 0xff, 0x30, 0x1c, 0x08, 0xff, 0x28, 0x1c, 0x00, 0xff,
    0x28, 0x1c, 0x00, 0xff, 0x30, 0x1c, 0x00, 0xff, 0x28, 0x1c, 0x00, 0xff,
    0x28, 0x1c, 0x00, 0xff, 0x28, 0x1c, 0x08, 0xff, 0x28, 0x1c, 0x00, 0xff,
    0x30, 0x1c, 0x08, 0xff, 0x28, 0x1c, 0x00, 0xff, 0x28, 0x1c, 0x08, 0xff,
    0x28, 0x1c, 0x00, 0xff, 0x28, 0x1c, 0x00, 0xff, 0x30, 0x1c, 0x00, 0xff,
    0x28, 0x1c, 0x08, 0xff, 0x28, 0x1c, 0x00, 0xff, 0x28, 0x1c, 0x00, 0xff,
    0x28, 0x1c, 0x08, 0xff, 0x28, 0x1c, 0x00, 0xff, 0x28, 0x1c, 0x00, 0xff,
    0x28, 0x1c, 0x00, 0xff, 0x28, 0x1c, 0x08, 0xff, 0x28, 0x1c, 0x00, 0xff,
    0x28, 0x1c, 0x00, 0xff, 0x28, 0x1c, 0x08, 0xff, 0x28, 0x1c, 0x00, 0xff,
    0x28, 0x1c, 0x00, 0xff, 0x28, 0x1c, 0x00, 0xff, 0x28, 0x1c, 0x08, 0xff,
    0x28, 0x1c, 0x00, 0xff, 0x28, 0x1c, 0x00, 0xff, 0x28, 0x1c, 0x00, 0xff,
    0x30, 0x1c, 0x08, 0xff, 0x28, 0x1c, 0x00, 0xff, 0x30, 0x1c, 0x00, 0xff,
    0x28, 0x1c, 0x00, 0xff, 0x28, 0x1c, 0x08, 0xff, 0x28, 0x1c, 0x00, 0xff,
    0x30, 0x1c, 0x00, 0xff, 0x28, 0x1c, 0x00, 0xff, 0x28, 0x1c, 0x08, 0xff,
    0x28, 0x1c, 0x00, 0xff, 0x28, 0x1c, 0x00, 0xff, 0x30, 0x1c, 0x08, 0xff,
    0x28, 0x1c, 0x00, 0xff, 0x28, 0x1c, 0x00, 0xff, 0x30, 0x1c, 0x08, 0xff,
    0x28, 0x1c, 0x00, 0xff, 0x30, 0x1c, 0x00, 0xff, 0x28, 0x1c, 0x00, 0xff,
    0x28, 0x1c, 0x00, 0xff, 0x28, 0x1c, 0x00, 0xff, 0x30, 0x1c, 0x08, 0xff,
    0x28, 0x1c, 0x00, 0xff, 0x30, 0x1c, 0x08, 0xff, 0x28, 0x1c, 0x00, 0xff,
    0x28, 0x1c, 0x00, 0xff, 0x28, 0x1c, 0x08, 0xff, 0x28, 0x1c, 0x00, 0xff,
    0x28, 0x1c, 0x00, 0xff, 0x30, 0x1c, 0x00, 0xff, 0x28, 0x1c, 0x00, 0xff,
    0x28, 0x1c, 0x00, 0xff, 0x30, 0x1c, 0x08, 0xff, 0x28, 0x1c, 0x00, 0xff,
    0x28, 0x1c, 0x08, 0xff, 0x28, 0x1c, 0x00, 0xff, 0x28, 0x1c, 0x08, 0xff,
    0x30, 0x1c, 0x00, 0xff, 0x28, 0x1c, 0x00, 0xff, 0x28, 0x1c, 0x08, 0xff,
    0x28, 0x1c, 0x00, 0xff, 0x28, 0x1c, 0x00, 0xff, 0x28, 0x1c, 0x00, 0xff,
    0x28, 0x1c, 0x00, 0xff, 0x28, 0x1c, 0x08, 0xff, 0x28, 0x1c, 0x00, 0xff,
    0x30, 0x1c, 0x00, 0xff, 0x28, 0x1c, 0x00, 0xff, 0x28, 0x1c, 0x00, 0xff,
    0x28, 0x1c, 0x00, 0xff, 0x28, 0x1c, 0x08, 0xff, 0x30, 0x1c, 0x08, 0xff,
    0x28, 0x1c, 0x00, 0xff, 0x30, 0x1c, 0x08, 0xff, 0x28, 0x1c, 0x08, 0xff,
    0x28, 0x1c, 0x00, 0xff, 0x28, 0x1c, 0x00, 0xff, 0x28, 0x1c, 0x08, 0xff,
    0x28, 0x1c, 0x00, 0xff, 0x28, 0x1c, 0x08, 0xff, 0x28, 0x1c, 0x00, 0xff,
    0x28, 0x1c, 0x08, 0xff, 0x30, 0x1c, 0x08, 0xff, 0x28, 0x1c, 0x00, 0xff,
    0x28, 0x1c, 0x08, 0xff, 0x28, 0x1c, 0x00, 0xff, 0x28, 0x1c, 0x00, 0xff,
    0x28, 0x1c, 0x00, 0xff, 0x30, 0x1c, 0x08, 0xff, 0x28, 0x1c, 0x00, 0xff,
    0x28, 0x1c, 0x00, 0xff, 0x28, 0x1c, 0x08, 0xff, 0x30, 0x1c, 0x00, 0xff,
    0x28, 0x1c, 0x00, 0xff, 0x28, 0x1c, 0x00, 0xff, 0x28, 0x1c, 0x08, 0xff,
    0x30, 0x1c, 0x00, 0xff, 0x28, 0x1c, 0x08, 0xff, 0x28, 0x1c, 0x00, 0xff,
    0x30, 0x1c, 0x00, 0xff, 0x28, 0x1c, 0x08, 0xff, 0x28, 0x1c, 0x00, 0xff,
    0x28, 0x1c, 0x00, 0xff, 0x28, 0x1c, 0x08, 0xff, 0x30, 0x1c, 0x00, 0xff,
    0x28, 0x1c, 0x00, 0xff, 0x28, 0x1c, 0x00, 0xff, 0x30, 0x1c, 0x08, 0xff,
    0x28, 0x1c, 0x00, 0xff, 0x28, 0x1c, 0x00, 0xff, 0x28, 0x1c, 0x00, 0xff,
    0x30, 0x1c, 0x08, 0xff, 0x28, 0x1c, 0x08, 0xff, 0x30, 0x20, 0x00, 0xff,
    0x30, 0x20, 0x08, 0xff, 0x30, 0x20, 0x08, 0xff, 0x18, 0x14, 0x08, 0xae,
    0x00, 0x00, 0x00, 0x65, 0x00, 0x00, 0x00, 0x55, 0x00, 0x00, 0x00, 0x41,
    0x00, 0x00, 0x00, 0x30, 0x00, 0x00, 0x00, 0x24, 0x00, 0x00, 0x00, 0x18,
    0x00, 0x00, 0x00, 0x10, 0x00, 0x00, 0x00, 0x0c, 0x00, 0x00, 0x00, 0x08,
    0x00, 0x00, 0x00, 0x04, 0x00, 0x00, 0x00, 0x00, 0x00, 0x00, 0x00, 0x00,
    0x00, 0x00, 0x00, 0x00, 0x00, 0x00, 0x00, 0x00, 0x00, 0x00, 0x00, 0x00,
    0x00, 0x00, 0x00, 0x00, 0x00, 0x00, 0x00, 0x00, 0x00, 0x00, 0x00, 0x00,
    0x00, 0x00, 0x00, 0x00, 0x00, 0x00, 0x00, 0x00, 0x00, 0x00, 0x00, 0x00,
    0x00, 0x00, 0x00, 0x00, 0x00, 0x00, 0x00, 0x00, 0x00, 0x00, 0x00, 0x00,
    0x00, 0x00, 0x00, 0x00, 0x00, 0x00, 0x00, 0x00, 0x00, 0x00, 0x00, 0x00,
    0x00, 0x00, 0x00, 0x00, 0x00, 0x00, 0x00, 0x00, 0x00, 0x00, 0x00, 0x00,
    0x00, 0x00, 0x00, 0x00, 0x00, 0x00, 0x00, 0x00, 0x00, 0x00, 0x00, 0x04,
    0x00, 0x00, 0x00, 0x04, 0x00, 0x00, 0x00, 0x08, 0x00, 0x00, 0x00, 0x0c,
    0x00, 0x00, 0x00, 0x14, 0x00, 0x00, 0x00, 0x20, 0x00, 0x00, 0x00, 0x28,
    0x00, 0x00, 0x00, 0x38, 0x00, 0x00, 0x00, 0x49, 0x00, 0x00, 0x00, 0x59,
    0x00, 0x00, 0x00, 0x71, 0x28, 0x20, 0x08, 0xdf, 0x30, 0x20, 0x08, 0xff,
    0x30, 0x20, 0x08, 0xff, 0x28, 0x20, 0x08, 0xff, 0x30, 0x1c, 0x00, 0xff,
    0x28, 0x1c, 0x00, 0xff, 0x28, 0x1c, 0x00, 0xff, 0x28, 0x1c, 0x08, 0xff,
    0x28, 0x1c, 0x00, 0xff, 0x28, 0x1c, 0x00, 0xff, 0x28, 0x1c, 0x08, 0xff,
    0x28, 0x1c, 0x00, 0xff, 0x28, 0x1c, 0x08, 0xff, 0x28, 0x1c, 0x00, 0xff,
    0x28, 0x1c, 0x00, 0xff, 0x28, 0x1c, 0x08, 0xff, 0x28, 0x1c, 0x00, 0xff,
    0x28, 0x1c, 0x08, 0xff, 0x30, 0x1c, 0x00, 0xff, 0x28, 0x1c, 0x08, 0xff,
    0x28, 0x1c, 0x00, 0xff, 0x28, 0x1c, 0x00, 0xff, 0x28, 0x1c, 0x08, 0xff,
    0x28, 0x1c, 0x00, 0xff, 0x30, 0x1c, 0x08, 0xff, 0x28, 0x1c, 0x00, 0xff,
    0x28, 0x1c, 0x00, 0xff, 0x28, 0x1c, 0x00, 0xff, 0x28, 0x1c, 0x00, 0xff,
    0x30, 0x1c, 0x00, 0xff, 0x28, 0x1c, 0x08, 0xff, 0x28, 0x1c, 0x00, 0xff,
    0x28, 0x1c, 0x00, 0xff, 0x28, 0x1c, 0x08, 0xff, 0x28, 0x1c, 0x00, 0xff,
    0x30, 0x1c, 0x00, 0xff, 0x28, 0x1c, 0x08, 0xff, 0x28, 0x1c, 0x00, 0xff,
    0x28, 0x1c, 0x08, 0xff, 0x28, 0x1c, 0x00, 0xff, 0x30, 0x1c, 0x00, 0xff,
    0x28, 0x1c, 0x00, 0xff, 0x28, 0x1c, 0x00, 0xff, 0x28, 0x1c, 0x00, 0xff,
    0x28, 0x1c, 0x08, 0xff, 0x28, 0x1c, 0x08, 0xff, 0x28, 0x1c, 0x00, 0xff,
    0x28, 0x1c, 0x00, 0xff, 0x30, 0x1c, 0x08, 0xff, 0x28, 0x1c, 0x08, 0xff,
    0x28, 0x1c, 0x00, 0xff, 0x28, 0x1c, 0x00, 0xff, 0x28, 0x1c, 0x00, 0xff,
    0x28, 0x1c, 0x08, 0xff, 0x28, 0x1c, 0x08, 0xff, 0x30, 0x1c, 0x00, 0xff,
    0x28, 0x1c, 0x00, 0xff, 0x28, 0x1c, 0x08, 0xff, 0x28, 0x1c, 0x00, 0xff,
    0x28, 0x1c, 0x08, 0xff, 0x28, 0x1c, 0x00, 0xff, 0x28, 0x1c, 0x00, 0xff,
    0x28, 0x1c, 0x08, 0xff, 0x28, 0x1c, 0x00, 0xff, 0x28, 0x1c, 0x00, 0xff,
    0x28, 0x1c, 0x00, 0xff, 0x28, 0x1c, 0x00, 0xff, 0x28, 0x1c, 0x08, 0xff,
    0x28, 0x1c, 0x08, 0xff, 0x28, 0x1c, 0x00, 0xff, 0x30, 0x1c, 0x08, 0xff,
    0x28, 0x1c, 0x00, 0xff, 0x28, 0x1c, 0x00, 0xff, 0x28, 0x1c, 0x08, 0xff,
    0x28, 0x1c, 0x00, 0xff, 0x28, 0x1c, 0x08, 0xff, 0x28, 0x1c, 0x00, 0xff,
    0x30, 0x1c, 0x00, 0xff, 0x28, 0x1c, 0x00, 0xff, 0x28, 0x1c, 0x08, 0xff,
    0x28, 0x1c, 0x00, 0xff, 0x28, 0x1c, 0x00, 0xff, 0x28, 0x1c, 0x00, 0xff,
    0x30, 0x1c, 0x00, 0xff, 0x28, 0x1c, 0x08, 0xff, 0x28, 0x1c, 0x00, 0xff,
    0x30, 0x1c, 0x00, 0xff, 0x28, 0x1c, 0x08, 0xff, 0x28, 0x1c, 0x00, 0xff,
    0x28, 0x1c, 0x00, 0xff, 0x28, 0x1c, 0x00, 0xff, 0x30, 0x1c, 0x08, 0xff,
    0x30, 0x1c, 0x08, 0xff, 0x28, 0x1c, 0x00, 0xff, 0x28, 0x1c, 0x00, 0xff,
    0x30, 0x1c, 0x00, 0xff, 0x28, 0x1c, 0x08, 0xff, 0x28, 0x1c, 0x00, 0xff,
    0x28, 0x1c, 0x08, 0xff, 0x30, 0x1c, 0x08, 0xff, 0x28, 0x1c, 0x00, 0xff,
    0x28, 0x1c, 0x00, 0xff, 0x28, 0x1c, 0x00, 0xff, 0x28, 0x1c, 0x00, 0xff,
    0x28, 0x1c, 0x08, 0xff, 0x28, 0x1c, 0x00, 0xff, 0x28, 0x1c, 0x00, 0xff,
    0x30, 0x1c, 0x08, 0xff, 0x28, 0x1c, 0x00, 0xff, 0x30, 0x1c, 0x00, 0xff,
    0x28, 0x1c, 0x00, 0xff, 0x28, 0x1c, 0x00, 0xff, 0x28, 0x1c, 0x00, 0xff,
    0x28, 0x1c, 0x00, 0xff, 0x28, 0x1c, 0x08, 0xff, 0x30, 0x1c, 0x00, 0xff,
    0x28, 0x1c, 0x08, 0xff, 0x28, 0x1c, 0x00, 0xff, 0x28, 0x1c, 0x08, 0xff,
    0x30, 0x1c, 0x00, 0xff, 0x28, 0x1c, 0x00, 0xff, 0x28, 0x1c, 0x08, 0xff,
    0x28, 0x1c, 0x00, 0xff, 0x28, 0x1c, 0x00, 0xff, 0x28, 0x1c, 0x00, 0xff,
    0x28, 0x1c, 0x08, 0xff, 0x28, 0x1c, 0x00, 0xff, 0x28, 0x1c, 0x00, 0xff,
    0x28, 0x1c, 0x00, 0xff, 0x28, 0x1c, 0x08, 0xff, 0x28, 0x1c, 0x00, 0xff,
    0x28, 0x1c, 0x00, 0xff, 0x30, 0x1c, 0x08, 0xff, 0x28, 0x1c, 0x08, 0xff,
    0x28, 0x1c, 0x00, 0xff, 0x28, 0x1c, 0x08, 0xff, 0x28, 0x1c, 0x08, 0xff,
    0x28, 0x1c, 0x00, 0xff, 0x30, 0x1c, 0x00, 0xff, 0x28, 0x1c, 0x00, 0xff,
    0x28, 0x1c, 0x08, 0xff, 0x28, 0x1c, 0x00, 0xff, 0x30, 0x1c, 0x08, 0xff,
    0x28, 0x20, 0x08, 0xff, 0x30, 0x20, 0x08, 0xff, 0x30, 0x20, 0x08, 0xff,
    0x28, 0x20, 0x08, 0xdf, 0x00, 0x00, 0x00, 0x6d, 0x00, 0x00, 0x00, 0x59,
    0x00, 0x00, 0x00, 0x49, 0x00, 0x00, 0x00, 0x38, 0x00, 0x00, 0x00, 0x28,
    0x00, 0x00, 0x00, 0x20, 0x00, 0x00, 0x00, 0x14, 0x00, 0x00, 0x00, 0x0c,
    0x00, 0x00, 0x00, 0x08, 0x00, 0x00, 0x00, 0x04, 0x00, 0x00, 0x00, 0x00,
    0x00, 0x00, 0x00, 0x00, 0x00, 0x00, 0x00, 0x00, 0x00, 0x00, 0x00, 0x00,
    0x00, 0x00, 0x00, 0x00, 0x00, 0x00, 0x00, 0x00, 0x00, 0x00, 0x00, 0x00,
    0x00, 0x00, 0x00, 0x00, 0x00, 0x00, 0x00, 0x00, 0x00, 0x00, 0x00, 0x00,
    0x00, 0x00, 0x00, 0x00, 0x00, 0x00, 0x00, 0x00, 0x00, 0x00, 0x00, 0x00,
    0x00, 0x00, 0x00, 0x00, 0x00, 0x00, 0x00, 0x00, 0x00, 0x00, 0x00, 0x00,
    0x00, 0x00, 0x00, 0x00, 0x00, 0x00, 0x00, 0x00, 0x00, 0x00, 0x00, 0x00,
    0x00, 0x00, 0x00, 0x00, 0x00, 0x00, 0x00, 0x00, 0x00, 0x00, 0x00, 0x00,
    0x00, 0x00, 0x00, 0x00, 0x00, 0x00, 0x00, 0x00, 0x00, 0x00, 0x00, 0x04,
    0x00, 0x00, 0x00, 0x04, 0x00, 0x00, 0x00, 0x0c, 0x00, 0x00, 0x00, 0x10,
    0x00, 0x00, 0x00, 0x18, 0x00, 0x00, 0x00, 0x24, 0x00, 0x00, 0x00, 0x30,
    0x00, 0x00, 0x00, 0x3c, 0x00, 0x00, 0x00, 0x51, 0x00, 0x00, 0x00, 0x61,
    0x10, 0x08, 0x08, 0x86, 0x30, 0x20, 0x08, 0xfb, 0x30, 0x20, 0x08, 0xff,
    0x30, 0x20, 0x08, 0xff, 0x28, 0x1c, 0x08, 0xff, 0x28, 0x1c, 0x08, 0xff,
    0x30, 0x1c, 0x00, 0xff, 0x28, 0x1c, 0x00, 0xff, 0x28, 0x1c, 0x08, 0xff,
    0x28, 0x1c, 0x00, 0xff, 0x30, 0x1c, 0x00, 0xff, 0x28, 0x1c, 0x08, 0xff,
    0x28, 0x1c, 0x00, 0xff, 0x28, 0x1c, 0x08, 0xff, 0x30, 0x1c, 0x00, 0xff,
    0x28, 0x1c, 0x00, 0xff, 0x28, 0x1c, 0x08, 0xff, 0x28, 0x1c, 0x00, 0xff,
    0x30, 0x1c, 0x00, 0xff, 0x28, 0x1c, 0x00, 0xff, 0x28, 0x1c, 0x08, 0xff,
    0x28, 0x1c, 0x00, 0xff, 0x30, 0x1c, 0x08, 0xff, 0x28, 0x1c, 0x00, 0xff,
    0x28, 0x1c, 0x08, 0xff, 0x28, 0x1c, 0x08, 0xff, 0x28, 0x1c, 0x00, 0xff,
    0x30, 0x1c, 0x00, 0xff, 0x28, 0x1c, 0x08, 0xff, 0x28, 0x1c, 0x08, 0xff,
    0x28, 0x1c, 0x00, 0xff, 0x30, 0x1c, 0x00, 0xff, 0x28, 0x1c, 0x08, 0xff,
    0x28, 0x1c, 0x08, 0xff, 0x30, 0x1c, 0x00, 0xff, 0x28, 0x1c, 0x00, 0xff,
    0x28, 0x1c, 0x08, 0xff, 0x28, 0x1c, 0x00, 0xff, 0x30, 0x1c, 0x00, 0xff,
    0x28, 0x1c, 0x08, 0xff, 0x28, 0x1c, 0x00, 0xff, 0x30, 0x1c, 0x08, 0xff,
    0x30, 0x1c, 0x00, 0xff, 0x28, 0x1c, 0x08, 0xff, 0x28, 0x1c, 0x00, 0xff,
    0x30, 0x1c, 0x00, 0xff, 0x28, 0x1c, 0x00, 0xff, 0x28, 0x1c, 0x08, 0xff,
    0x28, 0x1c, 0x00, 0xff, 0x28, 0x1c, 0x00, 0xff, 0x28, 0x1c, 0x08, 0xff,
    0x30, 0x1c, 0x00, 0xff, 0x28, 0x1c, 0x00, 0xff, 0x28, 0x1c, 0x08, 0xff,
    0x28, 0x1c, 0x00, 0xff, 0x28, 0x1c, 0x00, 0xff, 0x30, 0x1c, 0x08, 0xff,
    0x28, 0x1c, 0x00, 0xff, 0x28, 0x1c, 0x00, 0xff, 0x28, 0x1c, 0x08, 0xff,
    0x30, 0x1c, 0x00, 0xff, 0x30, 0x1c, 0x08, 0xff, 0x28, 0x1c, 0x00, 0xff,
    0x28, 0x1c, 0x00, 0xff, 0x28, 0x1c, 0x08, 0xff, 0x28, 0x1c, 0x00, 0xff,
    0x28, 0x1c, 0x00, 0xff, 0x28, 0x1c, 0x08, 0xff, 0x28, 0x1c, 0x00, 0xff,
    0x28, 0x1c, 0x00, 0xff, 0x28, 0x1c, 0x08, 0xff, 0x28, 0x1c, 0x00, 0xff,
    0x28, 0x1c, 0x00, 0xff, 0x28, 0x1c, 0x00, 0xff, 0x30, 0x1c, 0x00, 0xff,
    0x28, 0x1c, 0x08, 0xff, 0x28, 0x1c, 0x08, 0xff, 0x30, 0x1c, 0x00, 0xff,
    0x28, 0x1c, 0x08, 0xff, 0x28, 0x1c, 0x00, 0xff, 0x28, 0x1c, 0x08, 0xff,
    0x28, 0x1c, 0x08, 0xff, 0x28, 0x1c, 0x00, 0xff, 0x28, 0x1c, 0x00, 0xff,
    0x28, 0x1c, 0x08, 0xff, 0x28, 0x1c, 0x00, 0xff, 0x28, 0x1c, 0x00, 0xff,
    0x28, 0x1c, 0x08, 0xff, 0x28, 0x1c, 0x00, 0xff, 0x28, 0x1c, 0x08, 0xff,
    0x28, 0x1c, 0x00, 0xff, 0x28, 0x1c, 0x00, 0xff, 0x28, 0x1c, 0x08, 0xff,
    0x28, 0x1c, 0x08, 0xff, 0x28, 0x1c, 0x00, 0xff, 0x28, 0x1c, 0x08, 0xff,
    0x30, 0x1c, 0x00, 0xff, 0x28, 0x1c, 0x00, 0xff, 0x28, 0x1c, 0x00, 0xff,
    0x28, 0x1c, 0x08, 0xff, 0x28, 0x1c, 0x00, 0xff, 0x30, 0x1c, 0x00, 0xff,
    0x28, 0x1c, 0x08, 0xff, 0x28, 0x1c, 0x00, 0xff, 0x28, 0x1c, 0x00, 0xff,
    0x30, 0x1c, 0x00, 0xff, 0x28, 0x1c, 0x00, 0xff, 0x28, 0x1c, 0x08, 0xff,
    0x28, 0x1c, 0x00, 0xff, 0x28, 0x1c, 0x00, 0xff, 0x30, 0x1c, 0x08, 0xff,
    0x28, 0x1c, 0x08, 0xff, 0x28, 0x1c, 0x00, 0xff, 0x28, 0x1c, 0x00, 0xff,
    0x28, 0x1c, 0x00, 0xff, 0x28, 0x1c, 0x00, 0xff, 0x28, 0x1c, 0x00, 0xff,
    0x28, 0x1c, 0x00, 0xff, 0x28, 0x1c, 0x08, 0xff, 0x28, 0x1c, 0x00, 0xff,
    0x28, 0x1c, 0x08, 0xff, 0x28, 0x1c, 0x00, 0xff, 0x28, 0x1c, 0x08, 0xff,
    0x30, 0x1c, 0x08, 0xff, 0x30, 0x1c, 0x00, 0xff, 0x28, 0x1c, 0x08, 0xff,
    0x28, 0x1c, 0x00, 0xff, 0x28, 0x1c, 0x00, 0xff, 0x28, 0x1c, 0x08, 0xff,
    0x30, 0x1c, 0x00, 0xff, 0x28, 0x1c, 0x00, 0xff, 0x28, 0x1c, 0x00, 0xff,
    0x28, 0x1c, 0x08, 0xff, 0x30, 0x1c, 0x00, 0xff, 0x28, 0x1c, 0x00, 0xff,
    0x30, 0x1c, 0x00, 0xff, 0x28, 0x1c, 0x08, 0xff, 0x28, 0x1c, 0x00, 0xff,
    0x28, 0x1c, 0x08, 0xff, 0x28, 0x1c, 0x00, 0xff, 0x28, 0x1c, 0x00, 0xff,
    0x30, 0x1c, 0x08, 0xff, 0x28, 0x1c, 0x00, 0xff, 0x30, 0x20, 0x08, 0xff,
    0x28, 0x20, 0x08, 0xff, 0x30, 0x20, 0x08, 0xfb, 0x10, 0x0c, 0x00, 0x8a,
    0x00, 0x00, 0x00, 0x61, 0x00, 0x00, 0x00, 0x51, 0x00, 0x00, 0x00, 0x3c,
    0x00, 0x00, 0x00, 0x30, 0x00, 0x00, 0x00, 0x24, 0x00, 0x00, 0x00, 0x18,
    0x00, 0x00, 0x00, 0x10, 0x00, 0x00, 0x00, 0x0c, 0x00, 0x00, 0x00, 0x04,
    0x00, 0x00, 0x00, 0x04, 0x00, 0x00, 0x00, 0x00, 0x00, 0x00, 0x00, 0x00,
    0x00, 0x00, 0x00, 0x00, 0x00, 0x00, 0x00, 0x00, 0x00, 0x00, 0x00, 0x00,
    0x00, 0x00, 0x00, 0x00, 0x00, 0x00, 0x00, 0x00, 0x00, 0x00, 0x00, 0x00,
    0x00, 0x00, 0x00, 0x00, 0x00, 0x00, 0x00, 0x00, 0x00, 0x00, 0x00, 0x00,
    0x00, 0x00, 0x00, 0x00, 0x00, 0x00, 0x00, 0x00, 0x00, 0x00, 0x00, 0x00,
    0x00, 0x00, 0x00, 0x00, 0x00, 0x00, 0x00, 0x00, 0x00, 0x00, 0x00, 0x00,
    0x00, 0x00, 0x00, 0x00, 0x00, 0x00, 0x00, 0x00, 0x00, 0x00, 0x00, 0x00,
    0x00, 0x00, 0x00, 0x00, 0x00, 0x00, 0x00, 0x00, 0x00, 0x00, 0x00, 0x00,
    0x00, 0x00, 0x00, 0x00, 0x00, 0x00, 0x00, 0x04, 0x00, 0x00, 0x00, 0x04,
    0x00, 0x00, 0x00, 0x08, 0x00, 0x00, 0x00, 0x0c, 0x00, 0x00, 0x00, 0x14,
    0x00, 0x00, 0x00, 0x1c, 0x00, 0x00, 0x00, 0x28, 0x00, 0x00, 0x00, 0x34,
    0x00, 0x00, 0x00, 0x45, 0x00, 0x00, 0x00, 0x55, 0x00, 0x00, 0x00, 0x69,
    0x20, 0x18, 0x08, 0xba, 0x30, 0x24, 0x08, 0xff, 0x28, 0x20, 0x08, 0xff,
    0x28, 0x1c, 0x08, 0xff, 0x30, 0x1c, 0x00, 0xff, 0x28, 0x1c, 0x00, 0xff,
    0x28, 0x1c, 0x08, 0xff, 0x28, 0x1c, 0x00, 0xff, 0x28, 0x1c, 0x08, 0xff,
    0x28, 0x1c, 0x00, 0xff, 0x30, 0x1c, 0x00, 0xff, 0x28, 0x1c, 0x00, 0xff,
    0x28, 0x1c, 0x08, 0xff, 0x30, 0x1c, 0x00, 0xff, 0x28, 0x1c, 0x00, 0xff,
    0x28, 0x1c, 0x08, 0xff, 0x30, 0x1c, 0x00, 0xff, 0x28, 0x1c, 0x00, 0xff,
    0x28, 0x1c, 0x08, 0xff, 0x28, 0x1c, 0x00, 0xff, 0x30, 0x1c, 0x00, 0xff,
    0x28, 0x1c, 0x00, 0xff, 0x28, 0x1c, 0x00, 0xff, 0x28, 0x1c, 0x00, 0xff,
    0x28, 0x1c, 0x00, 0xff, 0x28, 0x1c, 0x08, 0xff, 0x30, 0x1c, 0x00, 0xff,
    0x28, 0x1c, 0x00, 0xff, 0x28, 0x1c, 0x00, 0xff, 0x28, 0x1c, 0x08, 0xff,
    0x28, 0x1c, 0x00, 0xff, 0x30, 0x1c, 0x00, 0xff, 0x28, 0x1c, 0x00, 0xff,
    0x28, 0x1c, 0x00, 0xff, 0x28, 0x1c, 0x00, 0xff, 0x28, 0x1c, 0x08, 0xff,
    0x28, 0x1c, 0x00, 0xff, 0x28, 0x1c, 0x00, 0xff, 0x28, 0x1c, 0x08, 0xff,
    0x28, 0x1c, 0x00, 0xff, 0x28, 0x1c, 0x00, 0xff, 0x28, 0x1c, 0x08, 0xff,
    0x28, 0x1c, 0x00, 0xff, 0x30, 0x1c, 0x00, 0xff, 0x28, 0x1c, 0x08, 0xff,
    0x28, 0x1c, 0x00, 0xff, 0x28, 0x1c, 0x00, 0xff, 0x28, 0x1c, 0x00, 0xff,
    0x28, 0x1c, 0x08, 0xff, 0x28, 0x1c, 0x00, 0xff, 0x28, 0x1c, 0x00, 0xff,
    0x28, 0x1c, 0x08, 0xff, 0x30, 0x1c, 0x00, 0xff, 0x28, 0x1c, 0x00, 0xff,
    0x28, 0x1c, 0x08, 0xff, 0x28, 0x1c, 0x00, 0xff, 0x28, 0x1c, 0x00, 0xff,
    0x28, 0x1c, 0x08, 0xff, 0x30, 0x1c, 0x00, 0xff, 0x28, 0x1c, 0x00, 0xff,
    0x28, 0x1c, 0x00, 0xff, 0x28, 0x1c, 0x08, 0xff, 0x28, 0x1c, 0x00, 0xff,
    0x30, 0x1c, 0x08, 0xff, 0x28, 0x1c, 0x00, 0xff, 0x28, 0x1c, 0x00, 0xff,
    0x28, 0x1c, 0x00, 0xff, 0x30, 0x1c, 0x08, 0xff, 0x28, 0x1c, 0x00, 0xff,
    0x28, 0x1c, 0x00, 0xff, 0x28, 0x1c, 0x08, 0xff, 0x30, 0x1c, 0x08, 0xff,
    0x28, 0x1c, 0x00, 0xff, 0x28, 0x1c, 0x00, 0xff, 0x28, 0x1c, 0x00, 0xff,
    0x28, 0x1c, 0x00, 0xff, 0x28, 0x1c, 0x00, 0xff, 0x28, 0x1c, 0x00, 0xff,
    0x30, 0x1c, 0x00, 0xff, 0x30, 0x1c, 0x00, 0xff, 0x28, 0x1c, 0x00, 0xff,
    0x28, 0x1c, 0x08, 0xff, 0x28, 0x1c, 0x00, 0xff, 0x28, 0x1c, 0x00, 0xff,
    0x28, 0x1c, 0x00, 0xff, 0x30, 0x1c, 0x08, 0xff, 0x28, 0x1c, 0x00, 0xff,
    0x28, 0x1c, 0x00, 0xff, 0x30, 0x1c, 0x08, 0xff, 0x28, 0x1c, 0x00, 0xff,
    0x28, 0x1c, 0x00, 0xff, 0x28, 0x1c, 0x00, 0xff, 0x30, 0x1c, 0x00, 0xff,
    0x28, 0x1c, 0x08, 0xff, 0x28, 0x1c, 0x00, 0xff, 0x28, 0x1c, 0x00, 0xff,
    0x28, 0x1c, 0x08, 0xff, 0x28, 0x1c, 0x00, 0xff, 0x28, 0x1c, 0x00, 0xff,
    0x28, 0x1c, 0x00, 0xff, 0x28, 0x1c, 0x08, 0xff, 0x30, 0x1c, 0x08, 0xff,
    0x28, 0x1c, 0x00, 0xff, 0x28, 0x1c, 0x08, 0xff, 0x28, 0x1c, 0x00, 0xff,
    0x28, 0x1c, 0x08, 0xff, 0x28, 0x1c, 0x00, 0xff, 0x28, 0x1c, 0x00, 0xff,
    0x28, 0x1c, 0x08, 0xff, 0x28, 0x1c, 0x00, 0xff, 0x28, 0x1c, 0x00, 0xff,
    0x28, 0x1c, 0x08, 0xff, 0x30, 0x1c, 0x00, 0xff, 0x28, 0x1c, 0x08, 0xff,
    0x28, 0x1c, 0x08, 0xff, 0x28, 0x1c, 0x00, 0xff, 0x30, 0x1c, 0x08, 0xff,
    0x28, 0x1c, 0x00, 0xff, 0x28, 0x1c, 0x00, 0xff, 0x28, 0x1c, 0x00, 0xff,
    0x28, 0x1c, 0x00, 0xff, 0x28, 0x1c, 0x00, 0xff, 0x28, 0x1c, 0x08, 0xff,
    0x28, 0x1c, 0x00, 0xff, 0x30, 0x1c, 0x00, 0xff, 0x30, 0x1c, 0x08, 0xff,
    0x28, 0x1c, 0x00, 0xff, 0x30, 0x1c, 0x08, 0xff, 0x28, 0x1c, 0x00, 0xff,
    0x28, 0x1c, 0x00, 0xff, 0x28, 0x1c, 0x08, 0xff, 0x28, 0x1c, 0x00, 0xff,
    0x28, 0x1c, 0x00, 0xff, 0x28, 0x1c, 0x00, 0xff, 0x28, 0x1c, 0x08, 0xff,
    0x28, 0x1c, 0x00, 0xff, 0x28, 0x1c, 0x00, 0xff, 0x28, 0x1c, 0x00, 0xff,
    0x30, 0x1c, 0x08, 0xff, 0x28, 0x1c, 0x00, 0xff, 0x28, 0x1c, 0x08, 0xff,
    0x30, 0x20, 0x00, 0xff, 0x28, 0x20, 0x08, 0xff, 0x30, 0x20, 0x08, 0xff,
    0x20, 0x18, 0x08, 0xb6, 0x00, 0x00, 0x00, 0x69, 0x00, 0x00, 0x00, 0x55,
    0x00, 0x00, 0x00, 0x45, 0x00, 0x00, 0x00, 0x34, 0x00, 0x00, 0x00, 0x28,
    0x00, 0x00, 0x00, 0x1c, 0x00, 0x00, 0x00, 0x14, 0x00, 0x00, 0x00, 0x0c,
    0x00, 0x00, 0x00, 0x08, 0x00, 0x00, 0x00, 0x04, 0x00, 0x00, 0x00, 0x04,
    0x00, 0x00, 0x00, 0x00, 0x00, 0x00, 0x00, 0x00, 0x00, 0x00, 0x00, 0x00,
    0x00, 0x00, 0x00, 0x00, 0x00, 0x00, 0x00, 0x00, 0x00, 0x00, 0x00, 0x00,
    0x00, 0x00, 0x00, 0x00, 0x00, 0x00, 0x00, 0x00, 0x00, 0x00, 0x00, 0x00,
    0x00, 0x00, 0x00, 0x00, 0x00, 0x00, 0x00, 0x00, 0x00, 0x00, 0x00, 0x00,
    0x00, 0x00, 0x00, 0x00, 0x00, 0x00, 0x00, 0x00, 0x00, 0x00, 0x00, 0x00,
    0x00, 0x00, 0x00, 0x00, 0x00, 0x00, 0x00, 0x00, 0x00, 0x00, 0x00, 0x00,
    0x00, 0x00, 0x00, 0x00, 0x00, 0x00, 0x00, 0x00, 0x00, 0x00, 0x00, 0x00,
    0x00, 0x00, 0x00, 0x00, 0x00, 0x00, 0x00, 0x00, 0x00, 0x00, 0x00, 0x00,
    0x00, 0x00, 0x00, 0x00, 0x00, 0x00, 0x00, 0x04, 0x00, 0x00, 0x00, 0x04,
    0x00, 0x00, 0x00, 0x08, 0x00, 0x00, 0x00, 0x0c, 0x00, 0x00, 0x00, 0x14,
    0x00, 0x00, 0x00, 0x20, 0x00, 0x00, 0x00, 0x2c, 0x00, 0x00, 0x00, 0x38,
    0x00, 0x00, 0x00, 0x49, 0x00, 0x00, 0x00, 0x5d, 0x00, 0x00, 0x00, 0x71,
    0x28, 0x20, 0x08, 0xe3, 0x30, 0x20, 0x08, 0xff, 0x30, 0x20, 0x08, 0xff,
    0x28, 0x20, 0x00, 0xff, 0x28, 0x1c, 0x08, 0xff, 0x28, 0x1c, 0x00, 0xff,
    0x28, 0x1c, 0x00, 0xff, 0x30, 0x1c, 0x00, 0xff, 0x28, 0x1c, 0x08, 0xff,
    0x28, 0x1c, 0x00, 0xff, 0x28, 0x1c, 0x00, 0xff, 0x28, 0x1c, 0x00, 0xff,
    0x28, 0x1c, 0x08, 0xff, 0x28, 0x1c, 0x00, 0xff, 0x28, 0x1c, 0x00, 0xff,
    0x28, 0x1c, 0x08, 0xff, 0x28, 0x1c, 0x00, 0xff, 0x28, 0x1c, 0x08, 0xff,
    0x28, 0x1c, 0x08, 0xff, 0x28, 0x1c, 0x00, 0xff, 0x28, 0x1c, 0x00, 0xff,
    0x28, 0x1c, 0x08, 0xff, 0x30, 0x1c, 0x00, 0xff, 0x28, 0x1c, 0x00, 0xff,
    0x28, 0x1c, 0x00, 0xff, 0x28, 0x1c, 0x08, 0xff, 0x28, 0x1c, 0x00, 0xff,
    0x30, 0x1c, 0x00, 0xff, 0x28, 0x1c, 0x00, 0xff, 0x28, 0x1c, 0x08, 0xff,
    0x28, 0x1c, 0x00, 0xff, 0x28, 0x1c, 0x08, 0xff, 0x28, 0x1c, 0x08, 0xff,
    0x28, 0x1c, 0x00, 0xff, 0x28, 0x1c, 0x00, 0xff, 0x28, 0x1c, 0x08, 0xff,
    0x28, 0x1c, 0x00, 0xff, 0x28, 0x1c, 0x00, 0xff, 0x30, 0x1c, 0x00, 0xff,
    0x28, 0x1c, 0x00, 0xff, 0x28, 0x1c, 0x00, 0xff, 0x28, 0x1c, 0x08, 0xff,
    0x28, 0x1c, 0x00, 0xff, 0x28, 0x1c, 0x08, 0xff, 0x28, 0x1c, 0x00, 0xff,
    0x28, 0x1c, 0x08, 0xff, 0x30, 0x1c, 0x00, 0xff, 0x28, 0x1c, 0x00, 0xff,
    0x28, 0x1c, 0x08, 0xff, 0x28, 0x1c, 0x00, 0xff, 0x30, 0x1c, 0x00, 0xff,
    0x28, 0x1c, 0x00, 0xff, 0x28, 0x1c, 0x00, 0xff, 0x28, 0x1c, 0x08, 0xff,
    0x28, 0x1c, 0x00, 0xff, 0x28, 0x1c, 0x00, 0xff, 0x28, 0x1c, 0x00, 0xff,
    0x28, 0x1c, 0x08, 0xff, 0x28, 0x1c, 0x00, 0xff, 0x28, 0x1c, 0x08, 0xff,
    0x28, 0x1c, 0x00, 0xff, 0x28, 0x1c, 0x00, 0xff, 0x28, 0x1c, 0x00, 0xff,
    0x30, 0x1c, 0x08, 0xff, 0x28, 0x1c, 0x08, 0xff, 0x28, 0x1c, 0x00, 0xff,
    0x28, 0x1c, 0x00, 0xff, 0x30, 0x1c, 0x00, 0xff, 0x28, 0x1c, 0x00, 0xff,
    0x28, 0x1c, 0x00, 0xff, 0x30, 0x1c, 0x00, 0xff, 0x28, 0x1c, 0x00, 0xff,
    0x28, 0x1c, 0x08, 0xff, 0x28, 0x1c, 0x00, 0xff, 0x28, 0x1c, 0x08, 0xff,
    0x28, 0x1c, 0x08, 0xff, 0x28, 0x1c, 0x00, 0xff, 0x28, 0x1c, 0x00, 0xff,
    0x28, 0x1c, 0x08, 0xff, 0x28, 0x1c, 0x00, 0xff, 0x28, 0x1c, 0x08, 0xff,
    0x30, 0x1c, 0x08, 0xff, 0x28, 0x1c, 0x00, 0xff, 0x28, 0x1c, 0x00, 0xff,
    0x28, 0x1c, 0x08, 0xff, 0x28, 0x1c, 0x00, 0xff, 0x30, 0x1c, 0x00, 0xff,
    0x28, 0x1c, 0x00, 0xff, 0x28, 0x1c, 0x08, 0xff, 0x28, 0x1c, 0x08, 0xff,
    0x30, 0x1c, 0x00, 0xff, 0x28, 0x1c, 0x00, 0xff, 0x28, 0x1c, 0x08, 0xff,
    0x28, 0x1c, 0x00, 0xff, 0x28, 0x1c, 0x00, 0xff, 0x28, 0x1c, 0x08, 0xff,
    0x28, 0x1c, 0x00, 0xff, 0x30, 0x1c, 0x00, 0xff, 0x28, 0x1c, 0x08, 0xff,
    0x28, 0x1c, 0x00, 0xff, 0x28, 0x1c, 0x00, 0xff, 0x28, 0x1c, 0x00, 0xff,
    0x30, 0x1c, 0x00, 0xff, 0x28, 0x1c, 0x08, 0xff, 0x28, 0x1c, 0x00, 0xff,
    0x30, 0x1c, 0x00, 0xff, 0x28, 0x1c, 0x00, 0xff, 0x28, 0x1c, 0x08, 0xff,
    0x28, 0x1c, 0x00, 0xff, 0x28, 0x1c, 0x00, 0xff, 0x30, 0x1c, 0x08, 0xff,
    0x28, 0x1c, 0x00, 0xff, 0x28, 0x1c, 0x00, 0xff, 0x28, 0x1c, 0x08, 0xff,
    0x28, 0x1c, 0x00, 0xff, 0x30, 0x1c, 0x00, 0xff, 0x28, 0x1c, 0x08, 0xff,
    0x28, 0x1c, 0x00, 0xff, 0x30, 0x1c, 0x08, 0xff, 0x28, 0x1c, 0x00, 0xff,
    0x28, 0x1c, 0x00, 0xff, 0x28, 0x1c, 0x00, 0xff, 0x28, 0x1c, 0x08, 0xff,
    0x28, 0x1c, 0x00, 0xff, 0x28, 0x1c, 0x00, 0xff, 0x28, 0x1c, 0x08, 0xff,
    0x28, 0x1c, 0x00, 0xff, 0x28, 0x1c, 0x00, 0xff, 0x28, 0x1c, 0x00, 0xff,
    0x28, 0x1c, 0x08, 0xff, 0x28, 0x1c, 0x00, 0xff, 0x30, 0x1c, 0x00, 0xff,
    0x28, 0x1c, 0x08, 0xff, 0x28, 0x1c, 0x00, 0xff, 0x28, 0x1c, 0x00, 0xff,
    0x28, 0x1c, 0x00, 0xff, 0x30, 0x1c, 0x08, 0xff, 0x28, 0x1c, 0x00, 0xff,
    0x28, 0x1c, 0x08, 0xff, 0x30, 0x20, 0x08, 0xff, 0x30, 0x20, 0x08, 0xff,
    0x30, 0x20, 0x08, 0xff, 0x28, 0x1c, 0x08, 0xe3, 0x00, 0x00, 0x00, 0x71,
    0x00, 0x00, 0x00, 0x5d, 0x00, 0x00, 0x00, 0x49, 0x00, 0x00, 0x00, 0x38,
    0x00, 0x00, 0x00, 0x2c, 0x00, 0x00, 0x00, 0x20, 0x00, 0x00, 0x00, 0x14,
    0x00, 0x00, 0x00, 0x0c, 0x00, 0x00, 0x00, 0x08, 0x00, 0x00, 0x00, 0x04,
    0x00, 0x00, 0x00, 0x04, 0x00, 0x00, 0x00, 0x00, 0x00, 0x00, 0x00, 0x00,
    0x00, 0x00, 0x00, 0x00, 0x00, 0x00, 0x00, 0x00, 0x00, 0x00, 0x00, 0x00,
    0x00, 0x00, 0x00, 0x00, 0x00, 0x00, 0x00, 0x00, 0x00, 0x00, 0x00, 0x00,
    0x00, 0x00, 0x00, 0x00, 0x00, 0x00, 0x00, 0x00, 0x00, 0x00, 0x00, 0x00,
    0x00, 0x00, 0x00, 0x00, 0x00, 0x00, 0x00, 0x00, 0x00, 0x00, 0x00, 0x00,
    0x00, 0x00, 0x00, 0x00, 0x00, 0x00, 0x00, 0x00, 0x00, 0x00, 0x00, 0x00,
    0x00, 0x00, 0x00, 0x00, 0x00, 0x00, 0x00, 0x00, 0x00, 0x00, 0x00, 0x00,
    0x00, 0x00, 0x00, 0x00, 0x00, 0x00, 0x00, 0x00, 0x00, 0x00, 0x00, 0x00,
    0x00, 0x00, 0x00, 0x00, 0x00, 0x00, 0x00, 0x00, 0x00, 0x00, 0x00, 0x00,
    0x00, 0x00, 0x00, 0x04, 0x00, 0x00, 0x00, 0x04, 0x00, 0x00, 0x00, 0x04,
    0x00, 0x00, 0x00, 0x0c, 0x00, 0x00, 0x00, 0x10, 0x00, 0x00, 0x00, 0x18,
    0x00, 0x00, 0x00, 0x24, 0x00, 0x00, 0x00, 0x30, 0x00, 0x00, 0x00, 0x41,
    0x00, 0x00, 0x00, 0x4d, 0x00, 0x00, 0x00, 0x61, 0x10, 0x08, 0x08, 0x86,
    0x30, 0x20, 0x08, 0xfb, 0x30, 0x20, 0x08, 0xff, 0x30, 0x20, 0x08, 0xff,
    0x30, 0x20, 0x08, 0xff, 0x28, 0x1c, 0x00, 0xff, 0x28, 0x1c, 0x00, 0xff,
    0x28, 0x1c, 0x08, 0xff, 0x28, 0x1c, 0x00, 0xff, 0x28, 0x1c, 0x08, 0xff,
    0x28, 0x1c, 0x00, 0xff, 0x28, 0x1c, 0x08, 0xff, 0x28, 0x1c, 0x00, 0xff,
    0x28, 0x1c, 0x00, 0xff, 0x28, 0x1c, 0x00, 0xff, 0x28, 0x1c, 0x08, 0xff,
    0x28, 0x1c, 0x00, 0xff, 0x30, 0x1c, 0x00, 0xff, 0x28, 0x1c, 0x08, 0xff,
    0x28, 0x1c, 0x00, 0xff, 0x30, 0x1c, 0x00, 0xff, 0x28, 0x1c, 0x08, 0xff,
    0x28, 0x1c, 0x00, 0xff, 0x30, 0x1c, 0x00, 0xff, 0x28, 0x1c, 0x08, 0xff,
    0x28, 0x1c, 0x08, 0xff, 0x28, 0x1c, 0x00, 0xff, 0x28, 0x1c, 0x08, 0xff,
    0x28, 0x1c, 0x00, 0xff, 0x28, 0x1c, 0x00, 0xff, 0x30, 0x1c, 0x00, 0xff,
    0x28, 0x1c, 0x00, 0xff, 0x28, 0x1c, 0x08, 0xff, 0x28, 0x1c, 0x00, 0xff,
    0x28, 0x1c, 0x00, 0xff, 0x30, 0x1c, 0x08, 0xff, 0x28, 0x1c, 0x08, 0xff,
    0x28, 0x1c, 0x00, 0xff, 0x28, 0x1c, 0x08, 0xff, 0x28, 0x1c, 0x00, 0xff,
    0x28, 0x1c, 0x00, 0xff, 0x28, 0x1c, 0x00, 0xff, 0x30, 0x1c, 0x08, 0xff,
    0x28, 0x1c, 0x00, 0xff, 0x28, 0x1c, 0x00, 0xff, 0x28, 0x1c, 0x08, 0xff,
    0x28, 0x1c, 0x00, 0xff, 0x28, 0x1c, 0x00, 0xff, 0x28, 0x1c, 0x08, 0xff,
    0x28, 0x1c, 0x08, 0xff, 0x28, 0x1c, 0x00, 0xff, 0x28, 0x1c, 0x08, 0xff,
    0x28, 0x1c, 0x00, 0xff, 0x28, 0x1c, 0x00, 0xff, 0x30, 0x1c, 0x08, 0xff,
    0x28, 0x1c, 0x00, 0xff, 0x28, 0x1c, 0x00, 0xff, 0x28, 0x1c, 0x08, 0xff,
    0x28, 0x1c, 0x00, 0xff, 0x28, 0x1c, 0x00, 0xff, 0x28, 0x1c, 0x08, 0xff,
    0x28, 0x1c, 0x00, 0xff, 0x28, 0x1c, 0x00, 0xff, 0x28, 0x1c, 0x08, 0xff,
    0x28, 0x1c, 0x00, 0xff, 0x28, 0x1c, 0x00, 0xff, 0x28, 0x1c, 0x00, 0xff,
    0x28, 0x1c, 0x08, 0xff, 0x28, 0x1c, 0x00, 0xff, 0x28, 0x1c, 0x08, 0xff,
    0x28, 0x1c, 0x00, 0xff, 0x28, 0x1c, 0x08, 0xff, 0x30, 0x1c, 0x00, 0xff,
    0x28, 0x1c, 0x00, 0xff, 0x28, 0x18, 0x00, 0xff, 0x28, 0x1c, 0x08, 0xff,
    0x28, 0x1c, 0x00, 0xff, 0x28, 0x1c, 0x00, 0xff, 0x28, 0x1c, 0x08, 0xff,
    0x28, 0x1c, 0x00, 0xff, 0x28, 0x1c, 0x00, 0xff, 0x28, 0x1c, 0x00, 0xff,
    0x28, 0x1c, 0x00, 0xff, 0x28, 0x1c, 0x08, 0xff, 0x30, 0x1c, 0x00, 0xff,
    0x28, 0x1c, 0x00, 0xff, 0x28, 0x1c, 0x08, 0xff, 0x28, 0x1c, 0x00, 0xff,
    0x28, 0x1c, 0x00, 0xff, 0x28, 0x1c, 0x00, 0xff, 0x28, 0x1c, 0x08, 0xff,
    0x28, 0x1c, 0x00, 0xff, 0x28, 0x1c, 0x00, 0xff, 0x28, 0x1c, 0x08, 0xff,
    0x30, 0x1c, 0x00, 0xff, 0x28, 0x1c, 0x00, 0xff, 0x28, 0x1c, 0x00, 0xff,
    0x28, 0x1c, 0x00, 0xff, 0x28, 0x1c, 0x00, 0xff, 0x30, 0x1c, 0x00, 0xff,
    0x28, 0x1c, 0x08, 0xff, 0x28, 0x1c, 0x00, 0xff, 0x28, 0x1c, 0x00, 0xff,
    0x28, 0x1c, 0x08, 0xff, 0x28, 0x1c, 0x00, 0xff, 0x28, 0x1c, 0x00, 0xff,
    0x28, 0x1c, 0x08, 0xff, 0x28, 0x1c, 0x00, 0xff, 0x30, 0x1c, 0x00, 0xff,
    0x28, 0x1c, 0x08, 0xff, 0x28, 0x1c, 0x00, 0xff, 0x28, 0x1c, 0x00, 0xff,
    0x28, 0x1c, 0x00, 0xff, 0x28, 0x1c, 0x00, 0xff, 0x28, 0x1c, 0x00, 0xff,
    0x28, 0x1c, 0x08, 0xff, 0x28, 0x1c, 0x00, 0xff, 0x28, 0x1c, 0x00, 0xff,
    0x28, 0x1c, 0x08, 0xff, 0x28, 0x1c, 0x00, 0xff, 0x30, 0x1c, 0x08, 0xff,
    0x28, 0x1c, 0x00, 0xff, 0x28, 0x1c, 0x08, 0xff, 0x28, 0x1c, 0x00, 0xff,
    0x28, 0x1c, 0x00, 0xff, 0x28, 0x1c, 0x08, 0xff, 0x28, 0x1c, 0x00, 0xff,
    0x28, 0x1c, 0x08, 0xff, 0x28, 0x1c, 0x08, 0xff, 0x28, 0x1c, 0x00, 0xff,
    0x28, 0x1c, 0x00, 0xff, 0x28, 0x1c, 0x00, 0xff, 0x28, 0x1c, 0x08, 0xff,
    0x30, 0x1c, 0x00, 0xff, 0x28, 0x1c, 0x00, 0xff, 0x28, 0x1c, 0x08, 0xff,
    0x28, 0x1c, 0x00, 0xff, 0x28, 0x1c, 0x00, 0xff, 0x28, 0x20, 0x08, 0xff,
    0x30, 0x20, 0x08, 0xff, 0x30, 0x20, 0x08, 0xff, 0x30, 0x20, 0x08, 0xfb,
    0x10, 0x0c, 0x08, 0x86, 0x00, 0x00, 0x00, 0x61, 0x00, 0x00, 0x00, 0x51,
    0x00, 0x00, 0x00, 0x41, 0x00, 0x00, 0x00, 0x30, 0x00, 0x00, 0x00, 0x24,
    0x00, 0x00, 0x00, 0x18, 0x00, 0x00, 0x00, 0x10, 0x00, 0x00, 0x00, 0x0c,
    0x00, 0x00, 0x00, 0x04, 0x00, 0x00, 0x00, 0x04, 0x00, 0x00, 0x00, 0x00,
    0x00, 0x00, 0x00, 0x00, 0x00, 0x00, 0x00, 0x00, 0x00, 0x00, 0x00, 0x00,
    0x00, 0x00, 0x00, 0x00, 0x00, 0x00, 0x00, 0x00, 0x00, 0x00, 0x00, 0x00,
    0x00, 0x00, 0x00, 0x00, 0x00, 0x00, 0x00, 0x00, 0x00, 0x00, 0x00, 0x00,
    0x00, 0x00, 0x00, 0x00, 0x00, 0x00, 0x00, 0x00, 0x00, 0x00, 0x00, 0x00,
    0x00, 0x00, 0x00, 0x00, 0x00, 0x00, 0x00, 0x00, 0x00, 0x00, 0x00, 0x00,
    0x00, 0x00, 0x00, 0x00, 0x00, 0x00, 0x00, 0x00, 0x00, 0x00, 0x00, 0x00,
    0x00, 0x00, 0x00, 0x00, 0x00, 0x00, 0x00, 0x00, 0x00, 0x00, 0x00, 0x00,
    0x00, 0x00, 0x00, 0x00, 0x00, 0x00, 0x00, 0x00, 0x00, 0x00, 0x00, 0x00,
    0x00, 0x00, 0x00, 0x00, 0x00, 0x00, 0x00, 0x00, 0x00, 0x00, 0x00, 0x00,
    0x00, 0x00, 0x00, 0x04, 0x00, 0x00, 0x00, 0x04, 0x00, 0x00, 0x00, 0x08,
    0x00, 0x00, 0x00, 0x0c, 0x00, 0x00, 0x00, 0x14, 0x00, 0x00, 0x00, 0x1c,
    0x00, 0x00, 0x00, 0x28, 0x00, 0x00, 0x00, 0x34, 0x00, 0x00, 0x00, 0x45,
    0x00, 0x00, 0x00, 0x55, 0x00, 0x00, 0x00, 0x65, 0x18, 0x14, 0x08, 0xaa,
    0x30, 0x24, 0x08, 0xff, 0x30, 0x20, 0x08, 0xff, 0x28, 0x1c, 0x08, 0xff,
    0x28, 0x1c, 0x08, 0xff, 0x30, 0x1c, 0x08, 0xff, 0x28, 0x1c, 0x00, 0xff,
    0x28, 0x1c, 0x00, 0xff, 0x28, 0x1c, 0x00, 0xff, 0x30, 0x1c, 0x08, 0xff,
    0x28, 0x1c, 0x00, 0xff, 0x28, 0x1c, 0x00, 0xff, 0x30, 0x1c, 0x08, 0xff,
    0x28, 0x1c, 0x00, 0xff, 0x28, 0x1c, 0x00, 0xff, 0x28, 0x1c, 0x00, 0xff,
    0x28, 0x1c, 0x00, 0xff, 0x28, 0x1c, 0x00, 0xff, 0x28, 0x1c, 0x08, 0xff,
    0x28, 0x1c, 0x00, 0xff, 0x28, 0x1c, 0x08, 0xff, 0x28, 0x1c, 0x00, 0xff,
    0x28, 0x1c, 0x08, 0xff, 0x28, 0x1c, 0x00, 0xff, 0x28, 0x1c, 0x00, 0xff,
    0x28, 0x1c, 0x00, 0xff, 0x28, 0x18, 0x00, 0xff, 0x28, 0x1c, 0x08, 0xff,
    0x28, 0x18, 0x00, 0xff, 0x28, 0x1c, 0x08, 0xff, 0x28, 0x1c, 0x00, 0xff,
    0x28, 0x1c, 0x00, 0xff, 0x28, 0x1c, 0x00, 0xff, 0x28, 0x1c, 0x00, 0xff,
    0x28, 0x1c, 0x00, 0xff, 0x28, 0x1c, 0x00, 0xff, 0x28, 0x1c, 0x08, 0xff,
    0x28, 0x1c, 0x00, 0xff, 0x28, 0x1c, 0x08, 0xff, 0x28, 0x1c, 0x08, 0xff,
    0x28, 0x1c, 0x00, 0xff, 0x28, 0x1c, 0x00, 0xff, 0x28, 0x1c, 0x00, 0xff,
    0x28, 0x1c, 0x08, 0xff, 0x30, 0x1c, 0x00, 0xff, 0x28, 0x18, 0x00, 0xff,
    0x30, 0x1c, 0x00, 0xff, 0x28, 0x1c, 0x00, 0xff, 0x28, 0x1c, 0x00, 0xff,
    0x28, 0x1c, 0x00, 0xff, 0x28, 0x1c, 0x08, 0xff, 0x28, 0x1c, 0x00, 0xff,
    0x28, 0x1c, 0x00, 0xff, 0x28, 0x1c, 0x08, 0xff, 0x28, 0x1c, 0x08, 0xff,
    0x28, 0x1c, 0x00, 0xff, 0x30, 0x18, 0x00, 0xff, 0x28, 0x1c, 0x08, 0xff,
    0x28, 0x1c, 0x00, 0xff, 0x30, 0x1c, 0x00, 0xff, 0x28, 0x1c, 0x08, 0xff,
    0x28, 0x1c, 0x00, 0xff, 0x28, 0x18, 0x00, 0xff, 0x28, 0x1c, 0x00, 0xff,
    0x30, 0x1c, 0x00, 0xff, 0x28, 0x1c, 0x08, 0xff, 0x28, 0x1c, 0x08, 0xff,
    0x28, 0x1c, 0x00, 0xff, 0x28, 0x1c, 0x00, 0xff, 0x28, 0x1c, 0x08, 0xff,
    0x28, 0x1c, 0x00, 0xff, 0x28, 0x1c, 0x00, 0xff, 0x28, 0x1c, 0x08, 0xff,
    0x28, 0x1c, 0x00, 0xff, 0x30, 0x1c, 0x00, 0xff, 0x28, 0x1c, 0x08, 0xff,
    0x28, 0x1c, 0x00, 0xff, 0x30, 0x1c, 0x00, 0xff, 0x28, 0x1c, 0x00, 0xff,
    0x28, 0x18, 0x08, 0xff, 0x28, 0x1c, 0x00, 0xff, 0x28, 0x1c, 0x00, 0xff,
    0x28, 0x1c, 0x00, 0xff, 0x28, 0x1c, 0x08, 0xff, 0x28, 0x1c, 0x00, 0xff,
    0x28, 0x1c, 0x08, 0xff, 0x28, 0x18, 0x00, 0xff, 0x28, 0x1c, 0x00, 0xff,
    0x28, 0x1c, 0x08, 0xff, 0x30, 0x1c, 0x00, 0xff, 0x28, 0x1c, 0x00, 0xff,
    0x28, 0x1c, 0x00, 0xff, 0x28, 0x1c, 0x08, 0xff, 0x28, 0x1c, 0x00, 0xff,
    0x28, 0x18, 0x08, 0xff, 0x28, 0x1c, 0x00, 0xff, 0x28, 0x1c, 0x08, 0xff,
    0x28, 0x1c, 0x08, 0xff, 0x28, 0x1c, 0x00, 0xff, 0x28, 0x1c, 0x08, 0xff,
    0x28, 0x1c, 0x08, 0xff, 0x28, 0x1c, 0x00, 0xff, 0x28, 0x1c, 0x00, 0xff,
    0x28, 0x1c, 0x00, 0xff, 0x28, 0x1c, 0x00, 0xff, 0x28, 0x1c, 0x08, 0xff,
    0x28, 0x18, 0x00, 0xff, 0x28, 0x1c, 0x00, 0xff, 0x28, 0x1c, 0x08, 0xff,
    0x28, 0x1c, 0x00, 0xff, 0x28, 0x1c, 0x08, 0xff, 0x30, 0x1c, 0x00, 0xff,
    0x28, 0x1c, 0x00, 0xff, 0x28, 0x1c, 0x00, 0xff, 0x28, 0x1c, 0x08, 0xff,
    0x28, 0x1c, 0x00, 0xff, 0x28, 0x1c, 0x00, 0xff, 0x28, 0x1c, 0x00, 0xff,
    0x28, 0x1c, 0x08, 0xff, 0x28, 0x1c, 0x00, 0xff, 0x28, 0x1c, 0x00, 0xff,
    0x28, 0x1c, 0x08, 0xff, 0x28, 0x1c, 0x00, 0xff, 0x28, 0x1c, 0x00, 0xff,
    0x28, 0x1c, 0x00, 0xff, 0x28, 0x1c, 0x00, 0xff, 0x30, 0x1c, 0x00, 0xff,
    0x28, 0x1c, 0x00, 0xff, 0x28, 0x1c, 0x00, 0xff, 0x30, 0x1c, 0x08, 0xff,
    0x28, 0x1c, 0x00, 0xff, 0x28, 0x1c, 0x08, 0xff, 0x28, 0x1c, 0x00, 0xff,
    0x28, 0x1c, 0x08, 0xff, 0x28, 0x1c, 0x00, 0xff, 0x30, 0x1c, 0x08, 0xff,
    0x28, 0x1c, 0x00, 0xff, 0x30, 0x20, 0x08, 0xff, 0x30, 0x20, 0x08, 0xff,
    0x30, 0x24, 0x08, 0xff, 0x18, 0x14, 0x08, 0xaa, 0x00, 0x00, 0x00, 0x69,
    0x00, 0x00, 0x00, 0x55, 0x00, 0x00, 0x00, 0x45, 0x00, 0x00, 0x00, 0x34,
    0x00, 0x00, 0x00, 0x28, 0x00, 0x00, 0x00, 0x1c, 0x00, 0x00, 0x00, 0x14,
    0x00, 0x00, 0x00, 0x0c, 0x00, 0x00, 0x00, 0x08, 0x00, 0x00, 0x00, 0x04,
    0x00, 0x00, 0x00, 0x04, 0x00, 0x00, 0x00, 0x00, 0x00, 0x00, 0x00, 0x00,
    0x00, 0x00, 0x00, 0x00, 0x00, 0x00, 0x00, 0x00, 0x00, 0x00, 0x00, 0x00,
    0x00, 0x00, 0x00, 0x00, 0x00, 0x00, 0x00, 0x00, 0x00, 0x00, 0x00, 0x00,
    0x00, 0x00, 0x00, 0x00, 0x00, 0x00, 0x00, 0x00, 0x00, 0x00, 0x00, 0x00,
    0x00, 0x00, 0x00, 0x00, 0x00, 0x00, 0x00, 0x00, 0x00, 0x00, 0x00, 0x00,
    0x00, 0x00, 0x00, 0x00, 0x00, 0x00, 0x00, 0x00, 0x00, 0x00, 0x00, 0x00,
    0x00, 0x00, 0x00, 0x00, 0x00, 0x00, 0x00, 0x00, 0x00, 0x00, 0x00, 0x00,
    0x00, 0x00, 0x00, 0x00, 0x00, 0x00, 0x00, 0x00, 0x00, 0x00, 0x00, 0x00,
    0x00, 0x00, 0x00, 0x00, 0x00, 0x00, 0x00, 0x00, 0x00, 0x00, 0x00, 0x00,
    0x00, 0x00, 0x00, 0x00, 0x00, 0x00, 0x00, 0x00, 0x00, 0x00, 0x00, 0x00,
    0x00, 0x00, 0x00, 0x04, 0x00, 0x00, 0x00, 0x04, 0x00, 0x00, 0x00, 0x08,
    0x00, 0x00, 0x00, 0x10, 0x00, 0x00, 0x00, 0x14, 0x00, 0x00, 0x00, 0x20,
    0x00, 0x00, 0x00, 0x2c, 0x00, 0x00, 0x00, 0x38, 0x00, 0x00, 0x00, 0x49,
    0x00, 0x00, 0x00, 0x59, 0x00, 0x00, 0x00, 0x6d, 0x28, 0x1c, 0x08, 0xcf,
    0x30, 0x20, 0x08, 0xff, 0x28, 0x20, 0x08, 0xff, 0x28, 0x1c, 0x00, 0xff,
    0x28, 0x1c, 0x00, 0xff, 0x28, 0x1c, 0x00, 0xff, 0x28, 0x1c, 0x00, 0xff,
    0x28, 0x1c, 0x08, 0xff, 0x28, 0x18, 0x00, 0xff, 0x28, 0x1c, 0x00, 0xff,
    0x28, 0x1c, 0x08, 0xff, 0x28, 0x1c, 0x00, 0xff, 0x28, 0x1c, 0x08, 0xff,
    0x28, 0x18, 0x08, 0xff, 0x28, 0x1c, 0x00, 0xff, 0x28, 0x1c, 0x08, 0xff,
    0x28, 0x18, 0x00, 0xff, 0x28, 0x1c, 0x00, 0xff, 0x28, 0x1c, 0x08, 0xff,
    0x28, 0x1c, 0x00, 0xff, 0x28, 0x1c, 0x00, 0xff, 0x28, 0x1c, 0x00, 0xff,
    0x28, 0x18, 0x08, 0xff, 0x28, 0x1c, 0x00, 0xff, 0x28, 0x1c, 0x00, 0xff,
    0x30, 0x1c, 0x08, 0xff, 0x28, 0x1c, 0x00, 0xff, 0x28, 0x1c, 0x00, 0xff,
    0x28, 0x18, 0x00, 0xff, 0x28, 0x1c, 0x08, 0xff, 0x30, 0x1c, 0x08, 0xff,
    0x28, 0x18, 0x00, 0xff, 0x28, 0x1c, 0x08, 0xff, 0x28, 0x1c, 0x00, 0xff,
    0x28, 0x1c, 0x00, 0xff, 0x30, 0x1c, 0x00, 0xff, 0x28, 0x1c, 0x00, 0xff,
    0x28, 0x1c, 0x00, 0xff, 0x30, 0x1c, 0x08, 0xff, 0x28, 0x1c, 0x00, 0xff,
    0x28, 0x1c, 0x00, 0xff, 0x28, 0x1c, 0x08, 0xff, 0x28, 0x1c, 0x00, 0xff,
    0x28, 0x1c, 0x00, 0xff, 0x28, 0x1c, 0x08, 0xff, 0x28, 0x1c, 0x08, 0xff,
    0x28, 0x1c, 0x00, 0xff, 0x28, 0x1c, 0x08, 0xff, 0x30, 0x1c, 0x00, 0xff,
    0x28, 0x1c, 0x00, 0xff, 0x28, 0x1c, 0x08, 0xff, 0x28, 0x1c, 0x00, 0xff,
    0x28, 0x1c, 0x00, 0xff, 0x28, 0x1c, 0x00, 0xff, 0x28, 0x1c, 0x08, 0xff,
    0x28, 0x1c, 0x00, 0xff, 0x28, 0x1c, 0x00, 0xff, 0x28, 0x1c, 0x08, 0xff,
    0x28, 0x18, 0x00, 0xff, 0x28, 0x1c, 0x08, 0xff, 0x28, 0x1c, 0x08, 0xff,
    0x28, 0x1c, 0x00, 0xff, 0x28, 0x1c, 0x08, 0xff, 0x28, 0x1c, 0x08, 0xff,
    0x28, 0x1c, 0x00, 0xff, 0x28, 0x18, 0x00, 0xff, 0x30, 0x1c, 0x08, 0xff,
    0x28, 0x1c, 0x00, 0xff, 0x28, 0x1c, 0x00, 0xff, 0x28, 0x18, 0x00, 0xff,
    0x28, 0x1c, 0x00, 0xff, 0x28, 0x1c, 0x08, 0xff, 0x28, 0x18, 0x00, 0xff,
    0x28, 0x1c, 0x00, 0xff, 0x28, 0x1c, 0x08, 0xff, 0x28, 0x1c, 0x00, 0xff,
    0x28, 0x1c, 0x08, 0xff, 0x28, 0x1c, 0x08, 0xff, 0x28, 0x1c, 0x00, 0xff,
    0x30, 0x18, 0x08, 0xff, 0x28, 0x1c, 0x00, 0xff, 0x28, 0x1c, 0x08, 0xff,
    0x28, 0x1c, 0x00, 0xff, 0x28, 0x1c, 0x00, 0xff, 0x28, 0x1c, 0x08, 0xff,
    0x30, 0x1c, 0x00, 0xff, 0x28, 0x1c, 0x00, 0xff, 0x28, 0x1c, 0x08, 0xff,
    0x28, 0x1c, 0x08, 0xff, 0x28, 0x18, 0x00, 0xff, 0x28, 0x1c, 0x08, 0xff,
    0x28, 0x1c, 0x00, 0xff, 0x28, 0x1c, 0x00, 0xff, 0x28, 0x1c, 0x00, 0xff,
    0x30, 0x18, 0x00, 0xff, 0x28, 0x1c, 0x00, 0xff, 0x28, 0x1c, 0x08, 0xff,
    0x28, 0x18, 0x00, 0xff, 0x28, 0x1c, 0x00, 0xff, 0x28, 0x1c, 0x00, 0xff,
    0x28, 0x18, 0x08, 0xff, 0x30, 0x1c, 0x08, 0xff, 0x28, 0x1c, 0x00, 0xff,
    0x28, 0x1c, 0x08, 0xff, 0x30, 0x1c, 0x00, 0xff, 0x28, 0x1c, 0x00, 0xff,
    0x28, 0x1c, 0x00, 0xff, 0x28, 0x1c, 0x08, 0xff, 0x28, 0x18, 0x00, 0xff,
    0x28, 0x1c, 0x08, 0xff, 0x28, 0x1c, 0x08, 0xff, 0x28, 0x1c, 0x00, 0xff,
    0x28, 0x1c, 0x08, 0xff, 0x30, 0x1c, 0x00, 0xff, 0x28, 0x1c, 0x00, 0xff,
    0x28, 0x1c, 0x00, 0xff, 0x30, 0x1c, 0x00, 0xff, 0x28, 0x18, 0x08, 0xff,
    0x28, 0x1c, 0x00, 0xff, 0x28, 0x1c, 0x00, 0xff, 0x28, 0x18, 0x08, 0xff,
    0x30, 0x1c, 0x00, 0xff, 0x28, 0x1c, 0x08, 0xff, 0x28, 0x1c, 0x00, 0xff,
    0x28, 0x18, 0x08, 0xff, 0x28, 0x1c, 0x08, 0xff, 0x28, 0x1c, 0x00, 0xff,
    0x28, 0x1c, 0x08, 0xff, 0x28, 0x18, 0x00, 0xff, 0x28, 0x1c, 0x00, 0xff,
    0x28, 0x18, 0x08, 0xff, 0x28, 0x1c, 0x00, 0xff, 0x28, 0x1c, 0x00, 0xff,
    0x28, 0x18, 0x00, 0xff, 0x28, 0x1c, 0x08, 0xff, 0x30, 0x1c, 0x08, 0xff,
    0x28, 0x20, 0x08, 0xff, 0x30, 0x20, 0x08, 0xff, 0x28, 0x1c, 0x08, 0xcf,
    0x00, 0x00, 0x00, 0x6d, 0x00, 0x00, 0x00, 0x59, 0x00, 0x00, 0x00, 0x49,
    0x00, 0x00, 0x00, 0x38, 0x00, 0x00, 0x00, 0x28, 0x00, 0x00, 0x00, 0x20,
    0x00, 0x00, 0x00, 0x14, 0x00, 0x00, 0x00, 0x10, 0x00, 0x00, 0x00, 0x08,
    0x00, 0x00, 0x00, 0x04, 0x00, 0x00, 0x00, 0x04, 0x00, 0x00, 0x00, 0x00,
    0x00, 0x00, 0x00, 0x00, 0x00, 0x00, 0x00, 0x00, 0x00, 0x00, 0x00, 0x00,
    0x00, 0x00, 0x00, 0x00, 0x00, 0x00, 0x00, 0x00, 0x00, 0x00, 0x00, 0x00,
    0x00, 0x00, 0x00, 0x00, 0x00, 0x00, 0x00, 0x00, 0x00, 0x00, 0x00, 0x00,
    0x00, 0x00, 0x00, 0x00, 0x00, 0x00, 0x00, 0x00, 0x00, 0x00, 0x00, 0x00,
    0x00, 0x00, 0x00, 0x00, 0x00, 0x00, 0x00, 0x00, 0x00, 0x00, 0x00, 0x00,
    0x00, 0x00, 0x00, 0x00, 0x00, 0x00, 0x00, 0x00, 0x00, 0x00, 0x00, 0x00,
    0x00, 0x00, 0x00, 0x00, 0x00, 0x00, 0x00, 0x00, 0x00, 0x00, 0x00, 0x00,
    0x00, 0x00, 0x00, 0x00, 0x00, 0x00, 0x00, 0x00, 0x00, 0x00, 0x00, 0x00,
    0x00, 0x00, 0x00, 0x00, 0x00, 0x00, 0x00, 0x00, 0x00, 0x00, 0x00, 0x00,
    0x00, 0x00, 0x00, 0x00, 0x00, 0x00, 0x00, 0x00, 0x00, 0x00, 0x00, 0x04,
    0x00, 0x00, 0x00, 0x04, 0x00, 0x00, 0x00, 0x08, 0x00, 0x00, 0x00, 0x0c,
    0x00, 0x00, 0x00, 0x10, 0x00, 0x00, 0x00, 0x18, 0x00, 0x00, 0x00, 0x20,
    0x00, 0x00, 0x00, 0x30, 0x00, 0x00, 0x00, 0x3c, 0x00, 0x00, 0x00, 0x4d,
    0x00, 0x00, 0x00, 0x5d, 0x00, 0x04, 0x00, 0x75, 0x28, 0x20, 0x08, 0xe7,
    0x30, 0x20, 0x08, 0xff, 0x30, 0x20, 0x08, 0xff, 0x28, 0x20, 0x08, 0xff,
    0x28, 0x1c, 0x00, 0xff, 0x28, 0x1c, 0x00, 0xff, 0x28, 0x1c, 0x08, 0xff,
    0x28, 0x1c, 0x00, 0xff, 0x28, 0x1c, 0x00, 0xff, 0x28, 0x18, 0x00, 0xff,
    0x28, 0x1c, 0x00, 0xff, 0x28, 0x1c, 0x00, 0xff, 0x30, 0x1c, 0x08, 0xff,
    0x28, 0x1c, 0x00, 0xff, 0x28, 0x1c, 0x00, 0xff, 0x30, 0x1c, 0x00, 0xff,
    0x28, 0x1c, 0x08, 0xff, 0x28, 0x18, 0x00, 0xff, 0x28, 0x1c, 0x00, 0xff,
    0x28, 0x1c, 0x08, 0xff, 0x30, 0x1c, 0x00, 0xff, 0x28, 0x1c, 0x08, 0xff,
    0x28, 0x1c, 0x00, 0xff, 0x28, 0x1c, 0x00, 0xff, 0x28, 0x1c, 0x08, 0xff,
    0x28, 0x1c, 0x00, 0xff, 0x28, 0x1c, 0x00, 0xff, 0x28, 0x1c, 0x08, 0xff,
    0x28, 0x1c, 0x00, 0xff, 0x28, 0x1c, 0x00, 0xff, 0x28, 0x1c, 0x00, 0xff,
    0x28, 0x18, 0x00, 0xff, 0x30, 0x1c, 0x08, 0xff, 0x28, 0x1c, 0x00, 0xff,
    0x28, 0x18, 0x08, 0xff, 0x28, 0x1c, 0x08, 0xff, 0x28, 0x1c, 0x00, 0xff,
    0x28, 0x18, 0x00, 0xff, 0x28, 0x1c, 0x00, 0xff, 0x28, 0x1c, 0x00, 0xff,
    0x28, 0x18, 0x08, 0xff, 0x28, 0x1c, 0x00, 0xff, 0x28, 0x1c, 0x00, 0xff,
    0x28, 0x18, 0x00, 0xff, 0x28, 0x1c, 0x08, 0xff, 0x28, 0x18, 0x00, 0xff,
    0x28, 0x1c, 0x08, 0xff, 0x28, 0x18, 0x00, 0xff, 0x28, 0x1c, 0x08, 0xff,
    0x28, 0x18, 0x00, 0xff, 0x30, 0x1c, 0x00, 0xff, 0x28, 0x1c, 0x08, 0xff,
    0x28, 0x18, 0x00, 0xff, 0x28, 0x1c, 0x00, 0xff, 0x28, 0x1c, 0x00, 0xff,
    0x28, 0x1c, 0x08, 0xff, 0x28, 0x1c, 0x00, 0xff, 0x28, 0x1c, 0x00, 0xff,
    0x28, 0x1c, 0x00, 0xff, 0x28, 0x1c, 0x00, 0xff, 0x30, 0x1c, 0x00, 0xff,
    0x28, 0x18, 0x00, 0xff, 0x28, 0x1c, 0x08, 0xff, 0x28, 0x1c, 0x00, 0xff,
    0x28, 0x1c, 0x00, 0xff, 0x28, 0x1c, 0x00, 0xff, 0x28, 0x1c, 0x08, 0xff,
    0x28, 0x1c, 0x08, 0xff, 0x28, 0x1c, 0x00, 0xff, 0x30, 0x1c, 0x00, 0xff,
    0x28, 0x1c, 0x00, 0xff, 0x28, 0x1c, 0x00, 0xff, 0x28, 0x1c, 0x08, 0xff,
    0x28, 0x1c, 0x00, 0xff, 0x28, 0x1c, 0x00, 0xff, 0x28, 0x1c, 0x00, 0xff,
    0x28, 0x1c, 0x00, 0xff, 0x28, 0x1c, 0x00, 0xff, 0x28, 0x1c, 0x00, 0xff,
    0x28, 0x1c, 0x08, 0xff, 0x28, 0x1c, 0x00, 0xff, 0x30, 0x1c, 0x00, 0xff,
    0x28, 0x1c, 0x00, 0xff, 0x28, 0x18, 0x00, 0xff, 0x28, 0x1c, 0x08, 0xff,
    0x28, 0x1c, 0x00, 0xff, 0x28, 0x18, 0x00, 0xff, 0x28, 0x1c, 0x00, 0xff,
    0x28, 0x1c, 0x00, 0xff, 0x28, 0x18, 0x08, 0xff, 0x30, 0x1c, 0x00, 0xff,
    0x28, 0x1c, 0x08, 0xff, 0x28, 0x1c, 0x00, 0xff, 0x28, 0x1c, 0x08, 0xff,
    0x28, 0x1c, 0x00, 0xff, 0x28, 0x1c, 0x00, 0xff, 0x30, 0x1c, 0x08, 0xff,
    0x28, 0x1c, 0x00, 0xff, 0x28, 0x1c, 0x00, 0xff, 0x28, 0x18, 0x00, 0xff,
    0x28, 0x1c, 0x00, 0xff, 0x28, 0x1c, 0x00, 0xff, 0x28, 0x1c, 0x08, 0xff,
    0x28, 0x1c, 0x00, 0xff, 0x28, 0x1c, 0x00, 0xff, 0x28, 0x1c, 0x08, 0xff,
    0x28, 0x1c, 0x00, 0xff, 0x28, 0x1c, 0x00, 0xff, 0x28, 0x18, 0x00, 0xff,
    0x28, 0x1c, 0x00, 0xff, 0x28, 0x1c, 0x00, 0xff, 0x28, 0x1c, 0x08, 0xff,
    0x28, 0x18, 0x00, 0xff, 0x28, 0x1c, 0x08, 0xff, 0x28, 0x1c, 0x00, 0xff,
    0x28, 0x1c, 0x08, 0xff, 0x28, 0x1c, 0x00, 0xff, 0x28, 0x1c, 0x00, 0xff,
    0x28, 0x1c, 0x08, 0xff, 0x28, 0x1c, 0x00, 0xff, 0x28, 0x1c, 0x00, 0xff,
    0x28, 0x1c, 0x00, 0xff, 0x28, 0x1c, 0x08, 0xff, 0x28, 0x18, 0x00, 0xff,
    0x28, 0x1c, 0x00, 0xff, 0x28, 0x1c, 0x08, 0xff, 0x28, 0x1c, 0x00, 0xff,
    0x28, 0x1c, 0x00, 0xff, 0x28, 0x1c, 0x08, 0xff, 0x28, 0x1c, 0x00, 0xff,
    0x30, 0x1c, 0x00, 0xff, 0x28, 0x1c, 0x08, 0xff, 0x28, 0x1c, 0x00, 0xff,
    0x30, 0x1c, 0x00, 0xff, 0x28, 0x20, 0x08, 0xff, 0x30, 0x20, 0x08, 0xff,
    0x28, 0x20, 0x08, 0xe7, 0x00, 0x04, 0x00, 0x75, 0x00, 0x00, 0x00, 0x5d,
    0x00, 0x00, 0x00, 0x4d, 0x00, 0x00, 0x00, 0x3c, 0x00, 0x00, 0x00, 0x30,
    0x00, 0x00, 0x00, 0x20, 0x00, 0x00, 0x00, 0x18, 0x00, 0x00, 0x00, 0x10,
    0x00, 0x00, 0x00, 0x0c, 0x00, 0x00, 0x00, 0x04, 0x00, 0x00, 0x00, 0x04,
    0x00, 0x00, 0x00, 0x04, 0x00, 0x00, 0x00, 0x00, 0x00, 0x00, 0x00, 0x00,
    0x00, 0x00, 0x00, 0x00, 0x00, 0x00, 0x00, 0x00, 0x00, 0x00, 0x00, 0x00,
    0x00, 0x00, 0x00, 0x00, 0x00, 0x00, 0x00, 0x00, 0x00, 0x00, 0x00, 0x00,
    0x00, 0x00, 0x00, 0x00, 0x00, 0x00, 0x00, 0x00, 0x00, 0x00, 0x00, 0x00,
    0x00, 0x00, 0x00, 0x00, 0x00, 0x00, 0x00, 0x00, 0x00, 0x00, 0x00, 0x00,
    0x00, 0x00, 0x00, 0x00, 0x00, 0x00, 0x00, 0x00, 0x00, 0x00, 0x00, 0x00,
    0x00, 0x00, 0x00, 0x00, 0x00, 0x00, 0x00, 0x00, 0x00, 0x00, 0x00, 0x00,
    0x00, 0x00, 0x00, 0x00, 0x00, 0x00, 0x00, 0x00, 0x00, 0x00, 0x00, 0x00,
    0x00, 0x00, 0x00, 0x00, 0x00, 0x00, 0x00, 0x00, 0x00, 0x00, 0x00, 0x00,
    0x00, 0x00, 0x00, 0x00, 0x00, 0x00, 0x00, 0x00, 0x00, 0x00, 0x00, 0x00,
    0x00, 0x00, 0x00, 0x00, 0x00, 0x00, 0x00, 0x00, 0x00, 0x00, 0x00, 0x00,
    0x00, 0x00, 0x00, 0x04, 0x00, 0x00, 0x00, 0x08, 0x00, 0x00, 0x00, 0x0c,
    0x00, 0x00, 0x00, 0x14, 0x00, 0x00, 0x00, 0x1c, 0x00, 0x00, 0x00, 0x24,
    0x00, 0x00, 0x00, 0x34, 0x00, 0x00, 0x00, 0x41, 0x00, 0x00, 0x00, 0x51,
    0x00, 0x00, 0x00, 0x61, 0x10, 0x08, 0x08, 0x86, 0x30, 0x20, 0x08, 0xf7,
    0x30, 0x20, 0x08, 0xff, 0x30, 0x1c, 0x08, 0xff, 0x30, 0x1c, 0x08, 0xff,
    0x28, 0x1c, 0x08, 0xff, 0x28, 0x18, 0x00, 0xff, 0x28, 0x1c, 0x08, 0xff,
    0x28, 0x1c, 0x08, 0xff, 0x30, 0x1c, 0x00, 0xff, 0x28, 0x1c, 0x00, 0xff,
    0x28, 0x1c, 0x08, 0xff, 0x28, 0x18, 0x00, 0xff, 0x28, 0x1c, 0x00, 0xff,
    0x28, 0x1c, 0x08, 0xff, 0x28, 0x1c, 0x00, 0xff, 0x28, 0x1c, 0x00, 0xff,
    0x28, 0x1c, 0x08, 0xff, 0x28, 0x1c, 0x00, 0xff, 0x28, 0x18, 0x00, 0xff,
    0x28, 0x1c, 0x08, 0xff, 0x28, 0x1c, 0x00, 0xff, 0x28, 0x18, 0x00, 0xff,
    0x28, 0x18, 0x08, 0xff, 0x28, 0x1c, 0x00, 0xff, 0x28, 0x1c, 0x08, 0xff,
    0x30, 0x18, 0x00, 0xff, 0x28, 0x1c, 0x00, 0xff, 0x28, 0x1c, 0x08, 0xff,
    0x28, 0x18, 0x00, 0xff, 0x28, 0x1c, 0x08, 0xff, 0x28, 0x1c, 0x00, 0xff,
    0x28, 0x1c, 0x00, 0xff, 0x28, 0x1c, 0x00, 0xff, 0x28, 0x18, 0x08, 0xff,
    0x28, 0x1c, 0x00, 0xff, 0x28, 0x1c, 0x00, 0xff, 0x28, 0x1c, 0x00, 0xff,
    0x28, 0x1c, 0x08, 0xff, 0x28, 0x1c, 0x08, 0xff, 0x28, 0x1c, 0x00, 0xff,
    0x30, 0x1c, 0x08, 0xff, 0x28, 0x1c, 0x00, 0xff, 0x28, 0x1c, 0x00, 0xff,
    0x28, 0x1c, 0x00, 0xff, 0x28, 0x1c, 0x00, 0xff, 0x28, 0x1c, 0x00, 0xff,
    0x28, 0x1c, 0x00, 0xff, 0x28, 0x1c, 0x00, 0xff, 0x28, 0x1c, 0x08, 0xff,
    0x28, 0x1c, 0x00, 0xff, 0x28, 0x1c, 0x08, 0xff, 0x28, 0x1c, 0x08, 0xff,
    0x30, 0x1c, 0x00, 0xff, 0x28, 0x1c, 0x08, 0xff, 0x28, 0x1c, 0x00, 0xff,
    0x30, 0x1c, 0x08, 0xff, 0x28, 0x1c, 0x00, 0xff, 0x28, 0x18, 0x00, 0xff,
    0x28, 0x1c, 0x08, 0xff, 0x28, 0x1c, 0x00, 0xff, 0x28, 0x1c, 0x00, 0xff,
    0x28, 0x1c, 0x08, 0xff, 0x30, 0x1c, 0x00, 0xff, 0x28, 0x18, 0x00, 0xff,
    0x28, 0x1c, 0x08, 0xff, 0x28, 0x1c, 0x00, 0xff, 0x28, 0x1c, 0x00, 0xff,
    0x28, 0x18, 0x08, 0xff, 0x28, 0x1c, 0x08, 0xff, 0x28, 0x1c, 0x00, 0xff,
    0x28, 0x1c, 0x00, 0xff, 0x30, 0x18, 0x00, 0xff, 0x28, 0x1c, 0x00, 0xff,
    0x28, 0x18, 0x08, 0xff, 0x30, 0x18, 0x00, 0xff, 0x28, 0x1c, 0x00, 0xff,
    0x28, 0x1c, 0x08, 0xff, 0x28, 0x1c, 0x00, 0xff, 0x28, 0x18, 0x00, 0xff,
    0x28, 0x1c, 0x00, 0xff, 0x28, 0x1c, 0x08, 0xff, 0x28, 0x1c, 0x08, 0xff,
    0x28, 0x1c, 0x00, 0xff, 0x28, 0x1c, 0x00, 0xff, 0x28, 0x1c, 0x00, 0xff,
    0x28, 0x1c, 0x08, 0xff, 0x30, 0x1c, 0x00, 0xff, 0x28, 0x1c, 0x00, 0xff,
    0x28, 0x1c, 0x00, 0xff, 0x28, 0x1c, 0x00, 0xff, 0x28, 0x18, 0x08, 0xff,
    0x28, 0x1c, 0x00, 0xff, 0x28, 0x1c, 0x00, 0xff, 0x28, 0x1c, 0x08, 0xff,
    0x28, 0x18, 0x00, 0xff, 0x28, 0x1c, 0x00, 0xff, 0x28, 0x1c, 0x08, 0xff,
    0x28, 0x1c, 0x08, 0xff, 0x28, 0x1c, 0x00, 0xff, 0x28, 0x1c, 0x00, 0xff,
    0x28, 0x1c, 0x08, 0xff, 0x28, 0x18, 0x00, 0xff, 0x28, 0x1c, 0x00, 0xff,
    0x28, 0x18, 0x00, 0xff, 0x30, 0x1c, 0x08, 0xff, 0x28, 0x1c, 0x00, 0xff,
    0x28, 0x1c, 0x00, 0xff, 0x30, 0x1c, 0x00, 0xff, 0x28, 0x1c, 0x08, 0xff,
    0x28, 0x1c, 0x00, 0xff, 0x28, 0x1c, 0x00, 0xff, 0x28, 0x1c, 0x00, 0xff,
    0x28, 0x18, 0x08, 0xff, 0x28, 0x1c, 0x00, 0xff, 0x28, 0x1c, 0x08, 0xff,
    0x28, 0x18, 0x00, 0xff, 0x30, 0x1c, 0x00, 0xff, 0x28, 0x1c, 0x00, 0xff,
    0x28, 0x1c, 0x00, 0xff, 0x28, 0x1c, 0x00, 0xff, 0x28, 0x1c, 0x08, 0xff,
    0x30, 0x1c, 0x00, 0xff, 0x28, 0x1c, 0x00, 0xff, 0x28, 0x1c, 0x00, 0xff,
    0x30, 0x1c, 0x00, 0xff, 0x28, 0x1c, 0x00, 0xff, 0x28, 0x1c, 0x00, 0xff,
    0x28, 0x1c, 0x00, 0xff, 0x28, 0x1c, 0x08, 0xff, 0x28, 0x1c, 0x00, 0xff,
    0x30, 0x1c, 0x08, 0xff, 0x28, 0x1c, 0x08, 0xff, 0x30, 0x20, 0x08, 0xff,
    0x30, 0x20, 0x08, 0xff, 0x30, 0x20, 0x08, 0xf7, 0x08, 0x08, 0x00, 0x86,
    0x00, 0x00, 0x00, 0x61, 0x00, 0x00, 0x00, 0x51, 0x00, 0x00, 0x00, 0x41,
    0x00, 0x00, 0x00, 0x34, 0x00, 0x00, 0x00, 0x24, 0x00, 0x00, 0x00, 0x1c,
    0x00, 0x00, 0x00, 0x14, 0x00, 0x00, 0x00, 0x0c, 0x00, 0x00, 0x00, 0x08,
    0x00, 0x00, 0x00, 0x04, 0x00, 0x00, 0x00, 0x04, 0x00, 0x00, 0x00, 0x00,
    0x00, 0x00, 0x00, 0x00, 0x00, 0x00, 0x00, 0x00, 0x00, 0x00, 0x00, 0x00,
    0x00, 0x00, 0x00, 0x00, 0x00, 0x00, 0x00, 0x00, 0x00, 0x00, 0x00, 0x00,
    0x00, 0x00, 0x00, 0x00, 0x00, 0x00, 0x00, 0x00, 0x00, 0x00, 0x00, 0x00,
    0x00, 0x00, 0x00, 0x00, 0x00, 0x00, 0x00, 0x00, 0x00, 0x00, 0x00, 0x00,
    0x00, 0x00, 0x00, 0x00, 0x00, 0x00, 0x00, 0x00, 0x00, 0x00, 0x00, 0x00,
    0x00, 0x00, 0x00, 0x00, 0x00, 0x00, 0x00, 0x00, 0x00, 0x00, 0x00, 0x00,
    0x00, 0x00, 0x00, 0x00, 0x00, 0x00, 0x00, 0x00, 0x00, 0x00, 0x00, 0x00,
    0x00, 0x00, 0x00, 0x00, 0x00, 0x00, 0x00, 0x00, 0x00, 0x00, 0x00, 0x00,
    0x00, 0x00, 0x00, 0x00, 0x00, 0x00, 0x00, 0x00, 0x00, 0x00, 0x00, 0x00,
    0x00, 0x00, 0x00, 0x00, 0x00, 0x00, 0x00, 0x00, 0x00, 0x00, 0x00, 0x00,
    0x00, 0x00, 0x00, 0x00, 0x00, 0x00, 0x00, 0x00, 0x00, 0x00, 0x00, 0x04,
    0x00, 0x00, 0x00, 0x04, 0x00, 0x00, 0x00, 0x08, 0x00, 0x00, 0x00, 0x0c,
    0x00, 0x00, 0x00, 0x14, 0x00, 0x00, 0x00, 0x1c, 0x00, 0x00, 0x00, 0x28,
    0x00, 0x00, 0x00, 0x34, 0x00, 0x00, 0x00, 0x45, 0x00, 0x00, 0x00, 0x55,
    0x00, 0x00, 0x00, 0x65, 0x18, 0x10, 0x08, 0x9e, 0x30, 0x24, 0x08, 0xff,
    0x28, 0x20, 0x08, 0xff, 0x28, 0x1c, 0x08, 0xff, 0x30, 0x1c, 0x08, 0xff,
    0x28, 0x1c, 0x00, 0xff, 0x28, 0x1c, 0x00, 0xff, 0x28, 0x1c, 0x00, 0xff,
    0x28, 0x1c, 0x00, 0xff, 0x28, 0x1c, 0x08, 0xff, 0x28, 0x1c, 0x00, 0xff,
    0x28, 0x18, 0x00, 0xff, 0x28, 0x1c, 0x08, 0xff, 0x28, 0x18, 0x00, 0xff,
    0x28, 0x18, 0x00, 0xff, 0x28, 0x1c, 0x08, 0xff, 0x28, 0x1c, 0x00, 0xff,
    0x28, 0x1c, 0x00, 0xff, 0x28, 0x1c, 0x08, 0xff, 0x28, 0x18, 0x00, 0xff,
    0x28, 0x1c, 0x00, 0xff, 0x30, 0x1c, 0x08, 0xff, 0x28, 0x1c, 0x00, 0xff,
    0x28, 0x1c, 0x00, 0xff, 0x28, 0x18, 0x08, 0xff, 0x28, 0x1c, 0x00, 0xff,
    0x28, 0x1c, 0x00, 0xff, 0x28, 0x1c, 0x08, 0xff, 0x30, 0x1c, 0x00, 0xff,
    0x28, 0x1c, 0x00, 0xff, 0x28, 0x1c, 0x08, 0xff, 0x28, 0x18, 0x00, 0xff,
    0x28, 0x1c, 0x08, 0xff, 0x28, 0x1c, 0x00, 0xff, 0x28, 0x1c, 0x00, 0xff,
    0x28, 0x1c, 0x08, 0xff, 0x28, 0x1c, 0x00, 0xff, 0x28, 0x18, 0x00, 0xff,
    0x28, 0x1c, 0x00, 0xff, 0x28, 0x1c, 0x00, 0xff, 0x28, 0x1c, 0x00, 0xff,
    0x28, 0x1c, 0x08, 0xff, 0x28, 0x1c, 0x00, 0xff, 0x28, 0x1c, 0x08, 0xff,
    0x30, 0x1c, 0x08, 0xff, 0x28, 0x1c, 0x00, 0xff, 0x28, 0x1c, 0x08, 0xff,
    0x28, 0x18, 0x00, 0xff, 0x28, 0x1c, 0x00, 0xff, 0x28, 0x1c, 0x00, 0xff,
    0x28, 0x18, 0x00, 0xff, 0x28, 0x1c, 0x00, 0xff, 0x28, 0x1c, 0x00, 0xff,
    0x28, 0x18, 0x00, 0xff, 0x28, 0x1c, 0x08, 0xff, 0x28, 0x1c, 0x00, 0xff,
    0x28, 0x1c, 0x08, 0xff, 0x28, 0x1c, 0x08, 0xff, 0x28, 0x1c, 0x00, 0xff,
    0x28, 0x1c, 0x08, 0xff, 0x28, 0x1c, 0x00, 0xff, 0x28, 0x1c, 0x00, 0xff,
    0x28, 0x1c, 0x08, 0xff, 0x28, 0x1c, 0x00, 0xff, 0x28, 0x1c, 0x00, 0xff,
    0x30, 0x18, 0x00, 0xff, 0x28, 0x1c, 0x00, 0xff, 0x28, 0x1c, 0x00, 0xff,
    0x28, 0x1c, 0x00, 0xff, 0x28, 0x1c, 0x08, 0xff, 0x28, 0x1c, 0x00, 0xff,
    0x28, 0x1c, 0x00, 0xff, 0x28, 0x1c, 0x08, 0xff, 0x28, 0x1c, 0x00, 0xff,
    0x28, 0x1c, 0x08, 0xff, 0x28, 0x1c, 0x00, 0xff, 0x28, 0x1c, 0x08, 0xff,
    0x30, 0x18, 0x08, 0xff, 0x28, 0x1c, 0x00, 0xff, 0x28, 0x1c, 0x08, 0xff,
    0x28, 0x18, 0x00, 0xff, 0x28, 0x1c, 0x00, 0xff, 0x28, 0x1c, 0x08, 0xff,
    0x28, 0x18, 0x00, 0xff, 0x28, 0x1c, 0x08, 0xff, 0x28, 0x1c, 0x00, 0xff,
    0x28, 0x1c, 0x08, 0xff, 0x28, 0x18, 0x08, 0xff, 0x28, 0x1c, 0x00, 0xff,
    0x28, 0x1c, 0x08, 0xff, 0x28, 0x1c, 0x00, 0xff, 0x30, 0x1c, 0x00, 0xff,
    0x28, 0x1c, 0x08, 0xff, 0x28, 0x1c, 0x00, 0xff, 0x28, 0x1c, 0x00, 0xff,
    0x28, 0x1c, 0x08, 0xff, 0x28, 0x18, 0x00, 0xff, 0x28, 0x18, 0x00, 0xff,
    0x28, 0x1c, 0x00, 0xff, 0x30, 0x1c, 0x08, 0xff, 0x28, 0x18, 0x00, 0xff,
    0x28, 0x1c, 0x00, 0xff, 0x28, 0x1c, 0x08, 0xff, 0x28, 0x1c, 0x00, 0xff,
    0x28, 0x18, 0x08, 0xff, 0x28, 0x1c, 0x08, 0xff, 0x28, 0x1c, 0x00, 0xff,
    0x28, 0x18, 0x00, 0xff, 0x28, 0x1c, 0x08, 0xff, 0x28, 0x1c, 0x00, 0xff,
    0x30, 0x1c, 0x00, 0xff, 0x28, 0x1c, 0x00, 0xff, 0x28, 0x1c, 0x00, 0xff,
    0x28, 0x1c, 0x08, 0xff, 0x28, 0x1c, 0x00, 0xff, 0x28, 0x18, 0x00, 0xff,
    0x28, 0x1c, 0x08, 0xff, 0x28, 0x1c, 0x08, 0xff, 0x28, 0x18, 0x00, 0xff,
    0x28, 0x18, 0x08, 0xff, 0x28, 0x1c, 0x00, 0xff, 0x28, 0x18, 0x00, 0xff,
    0x28, 0x1c, 0x08, 0xff, 0x28, 0x1c, 0x08, 0xff, 0x28, 0x18, 0x00, 0xff,
    0x28, 0x1c, 0x08, 0xff, 0x28, 0x1c, 0x08, 0xff, 0x30, 0x1c, 0x00, 0xff,
    0x28, 0x18, 0x00, 0xff, 0x28, 0x1c, 0x08, 0xff, 0x28, 0x1c, 0x08, 0xff,
    0x30, 0x20, 0x08, 0xff, 0x28, 0x20, 0x08, 0xff, 0x30, 0x20, 0x08, 0xff,
    0x18, 0x10, 0x08, 0x9e, 0x00, 0x00, 0x00, 0x65, 0x00, 0x00, 0x00, 0x55,
    0x00, 0x00, 0x00, 0x45, 0x00, 0x00, 0x00, 0x34, 0x00, 0x00, 0x00, 0x28,
    0x00, 0x00, 0x00, 0x1c, 0x00, 0x00, 0x00, 0x14, 0x00, 0x00, 0x00, 0x10,
    0x00, 0x00, 0x00, 0x08, 0x00, 0x00, 0x00, 0x04, 0x00, 0x00, 0x00, 0x04,
    0x00, 0x00, 0x00, 0x00, 0x00, 0x00, 0x00, 0x00, 0x00, 0x00, 0x00, 0x00,
    0x00, 0x00, 0x00, 0x00, 0x00, 0x00, 0x00, 0x00, 0x00, 0x00, 0x00, 0x00,
    0x00, 0x00, 0x00, 0x00, 0x00, 0x00, 0x00, 0x00, 0x00, 0x00, 0x00, 0x00,
    0x00, 0x00, 0x00, 0x00, 0x00, 0x00, 0x00, 0x00, 0x00, 0x00, 0x00, 0x00,
    0x00, 0x00, 0x00, 0x00, 0x00, 0x00, 0x00, 0x00, 0x00, 0x00, 0x00, 0x00,
    0x00, 0x00, 0x00, 0x00, 0x00, 0x00, 0x00, 0x00, 0x00, 0x00, 0x00, 0x00,
    0x00, 0x00, 0x00, 0x00, 0x00, 0x00, 0x00, 0x00, 0x00, 0x00, 0x00, 0x00,
    0x00, 0x00, 0x00, 0x00, 0x00, 0x00, 0x00, 0x00, 0x00, 0x00, 0x00, 0x00,
    0x00, 0x00, 0x00, 0x00, 0x00, 0x00, 0x00, 0x00, 0x00, 0x00, 0x00, 0x00,
    0x00, 0x00, 0x00, 0x00, 0x00, 0x00, 0x00, 0x00, 0x00, 0x00, 0x00, 0x00,
    0x00, 0x00, 0x00, 0x00, 0x00, 0x00, 0x00, 0x00, 0x00, 0x00, 0x00, 0x00,
    0x00, 0x00, 0x00, 0x00, 0x00, 0x00, 0x00, 0x04, 0x00, 0x00, 0x00, 0x04,
    0x00, 0x00, 0x00, 0x08, 0x00, 0x00, 0x00, 0x0c, 0x00, 0x00, 0x00, 0x10,
    0x00, 0x00, 0x00, 0x18, 0x00, 0x00, 0x00, 0x20, 0x00, 0x00, 0x00, 0x2c,
    0x00, 0x00, 0x00, 0x38, 0x00, 0x00, 0x00, 0x45, 0x00, 0x00, 0x00, 0x59,
    0x00, 0x00, 0x00, 0x69, 0x18, 0x14, 0x08, 0xb2, 0x30, 0x24, 0x08, 0xff,
    0x30, 0x20, 0x08, 0xff, 0x30, 0x20, 0x08, 0xff, 0x28, 0x1c, 0x08, 0xff,
    0x28, 0x1c, 0x08, 0xff, 0x28, 0x1c, 0x00, 0xff, 0x28, 0x18, 0x00, 0xff,
    0x28, 0x1c, 0x00, 0xff, 0x28, 0x1c, 0x00, 0xff, 0x28, 0x1c, 0x00, 0xff,
    0x28, 0x1c, 0x00, 0xff, 0x28, 0x1c, 0x00, 0xff, 0x28, 0x1c, 0x08, 0xff,
    0x28, 0x1c, 0x00, 0xff, 0x30, 0x18, 0x00, 0xff, 0x28, 0x1c, 0x08, 0xff,
    0x28, 0x1c, 0x00, 0xff, 0x28, 0x1c, 0x00, 0xff, 0x28, 0x1c, 0x08, 0xff,
    0x28, 0x1c, 0x00, 0xff, 0x28, 0x1c, 0x00, 0xff, 0x28, 0x1c, 0x08, 0xff,
    0x28, 0x1c, 0x00, 0xff, 0x28, 0x1c, 0x00, 0xff, 0x28, 0x18, 0x00, 0xff,
    0x28, 0x1c, 0x08, 0xff, 0x28, 0x1c, 0x00, 0xff, 0x28, 0x1c, 0x00, 0xff,
    0x28, 0x18, 0x08, 0xff, 0x28, 0x1c, 0x00, 0xff, 0x28, 0x1c, 0x00, 0xff,
    0x30, 0x1c, 0x08, 0xff, 0x28, 0x18, 0x00, 0xff, 0x28, 0x1c, 0x08, 0xff,
    0x28, 0x1c, 0x08, 0xff, 0x28, 0x18, 0x00, 0xff, 0x28, 0x1c, 0x08, 0xff,
    0x28, 0x1c, 0x00, 0xff, 0x28, 0x18, 0x00, 0xff, 0x28, 0x1c, 0x00, 0xff,
    0x28, 0x1c, 0x00, 0xff, 0x28, 0x18, 0x00, 0xff, 0x28, 0x1c, 0x08, 0xff,
    0x28, 0x1c, 0x00, 0xff, 0x28, 0x18, 0x08, 0xff, 0x28, 0x1c, 0x00, 0xff,
    0x30, 0x1c, 0x08, 0xff, 0x28, 0x1c, 0x08, 0xff, 0x28, 0x1c, 0x00, 0xff,
    0x28, 0x18, 0x00, 0xff, 0x28, 0x1c, 0x08, 0xff, 0x28, 0x1c, 0x00, 0xff,
    0x28, 0x18, 0x00, 0xff, 0x28, 0x1c, 0x00, 0xff, 0x28, 0x1c, 0x00, 0xff,
    0x28, 0x18, 0x00, 0xff, 0x30, 0x1c, 0x00, 0xff, 0x28, 0x1c, 0x08, 0xff,
    0x28, 0x18, 0x00, 0xff, 0x28, 0x1c, 0x00, 0xff, 0x28, 0x18, 0x08, 0xff,
    0x28, 0x1c, 0x00, 0xff, 0x28, 0x1c, 0x00, 0xff, 0x28, 0x1c, 0x08, 0xff,
    0x28, 0x18, 0x08, 0xff, 0x28, 0x1c, 0x00, 0xff, 0x28, 0x1c, 0x00, 0xff,
    0x30, 0x18, 0x08, 0xff, 0x28, 0x1c, 0x00, 0xff, 0x28, 0x1c, 0x00, 0xff,
    0x28, 0x18, 0x08, 0xff, 0x28, 0x1c, 0x00, 0xff, 0x28, 0x1c, 0x00, 0xff,
    0x28, 0x1c, 0x00, 0xff, 0x28, 0x1c, 0x00, 0xff, 0x28, 0x1c, 0x00, 0xff,
    0x28, 0x1c, 0x00, 0xff, 0x28, 0x1c, 0x08, 0xff, 0x28, 0x1c, 0x00, 0xff,
    0x28, 0x1c, 0x00, 0xff, 0x30, 0x1c, 0x00, 0xff, 0x28, 0x1c, 0x08, 0xff,
    0x28, 0x18, 0x00, 0xff, 0x28, 0x1c, 0x00, 0xff, 0x28, 0x18, 0x00, 0xff,
    0x28, 0x1c, 0x08, 0xff, 0x28, 0x1c, 0x00, 0xff, 0x28, 0x18, 0x00, 0xff,
    0x28, 0x1c, 0x08, 0xff, 0x28, 0x1c, 0x00, 0xff, 0x28, 0x18, 0x00, 0xff,
    0x28, 0x1c, 0x00, 0xff, 0x28, 0x1c, 0x08, 0xff, 0x28, 0x1c, 0x00, 0xff,
    0x28, 0x1c, 0x00, 0xff, 0x28, 0x1c, 0x00, 0xff, 0x28, 0x1c, 0x08, 0xff,
    0x28, 0x1c, 0x00, 0xff, 0x28, 0x1c, 0x00, 0xff, 0x28, 0x1c, 0x00, 0xff,
    0x30, 0x1c, 0x08, 0xff, 0x28, 0x1c, 0x00, 0xff, 0x28, 0x1c, 0x00, 0xff,
    0x28, 0x18, 0x00, 0xff, 0x28, 0x1c, 0x08, 0xff, 0x28, 0x1c, 0x00, 0xff,
    0x28, 0x1c, 0x00, 0xff, 0x28, 0x18, 0x08, 0xff, 0x28, 0x1c, 0x08, 0xff,
    0x28, 0x1c, 0x00, 0xff, 0x28, 0x18, 0x00, 0xff, 0x30, 0x1c, 0x00, 0xff,
    0x28, 0x1c, 0x00, 0xff, 0x28, 0x1c, 0x00, 0xff, 0x28, 0x1c, 0x08, 0xff,
    0x28, 0x1c, 0x00, 0xff, 0x28, 0x1c, 0x00, 0xff, 0x28, 0x1c, 0x08, 0xff,
    0x28, 0x1c, 0x00, 0xff, 0x28, 0x1c, 0x00, 0xff, 0x28, 0x1c, 0x00, 0xff,
    0x28, 0x1c, 0x00, 0xff, 0x28, 0x1c, 0x08, 0xff, 0x28, 0x1c, 0x00, 0xff,
    0x28, 0x1c, 0x00, 0xff, 0x28, 0x18, 0x08, 0xff, 0x28, 0x1c, 0x00, 0xff,
    0x28, 0x1c, 0x00, 0xff, 0x30, 0x1c, 0x08, 0xff, 0x30, 0x20, 0x08, 0xff,
    0x30, 0x24, 0x08, 0xff, 0x18, 0x14, 0x08, 0xb2, 0x00, 0x00, 0x00, 0x69,
    0x00, 0x00, 0x00, 0x55, 0x00, 0x00, 0x00, 0x49, 0x00, 0x00, 0x00, 0x38,
    0x00, 0x00, 0x00, 0x2c, 0x00, 0x00, 0x00, 0x20, 0x00, 0x00, 0x00, 0x18,
    0x00, 0x00, 0x00, 0x10, 0x00, 0x00, 0x00, 0x08, 0x00, 0x00, 0x00, 0x08,
    0x00, 0x00, 0x00, 0x04, 0x00, 0x00, 0x00, 0x00, 0x00, 0x00, 0x00, 0x00,
    0x00, 0x00, 0x00, 0x00, 0x00, 0x00, 0x00, 0x00, 0x00, 0x00, 0x00, 0x00,
    0x00, 0x00, 0x00, 0x00, 0x00, 0x00, 0x00, 0x00, 0x00, 0x00, 0x00, 0x00,
    0x00, 0x00, 0x00, 0x00, 0x00, 0x00, 0x00, 0x00, 0x00, 0x00, 0x00, 0x00,
    0x00, 0x00, 0x00, 0x00, 0x00, 0x00, 0x00, 0x00, 0x00, 0x00, 0x00, 0x00,
    0x00, 0x00, 0x00, 0x00, 0x00, 0x00, 0x00, 0x00, 0x00, 0x00, 0x00, 0x00,
    0x00, 0x00, 0x00, 0x00, 0x00, 0x00, 0x00, 0x00, 0x00, 0x00, 0x00, 0x00,
    0x00, 0x00, 0x00, 0x00, 0x00, 0x00, 0x00, 0x00, 0x00, 0x00, 0x00, 0x00,
    0x00, 0x00, 0x00, 0x00, 0x00, 0x00, 0x00, 0x00, 0x00, 0x00, 0x00, 0x00,
    0x00, 0x00, 0x00, 0x00, 0x00, 0x00, 0x00, 0x00, 0x00, 0x00, 0x00, 0x00,
    0x00, 0x00, 0x00, 0x00, 0x00, 0x00, 0x00, 0x00, 0x00, 0x00, 0x00, 0x00,
    0x00, 0x00, 0x00, 0x00, 0x00, 0x00, 0x00, 0x00, 0x00, 0x00, 0x00, 0x00,
    0x00, 0x00, 0x00, 0x00, 0x00, 0x00, 0x00, 0x00, 0x00, 0x00, 0x00, 0x04,
    0x00, 0x00, 0x00, 0x08, 0x00, 0x00, 0x00, 0x0c, 0x00, 0x00, 0x00, 0x10,
    0x00, 0x00, 0x00, 0x18, 0x00, 0x00, 0x00, 0x20, 0x00, 0x00, 0x00, 0x2c,
    0x00, 0x00, 0x00, 0x3c, 0x00, 0x00, 0x00, 0x49, 0x00, 0x00, 0x00, 0x59,
    0x00, 0x00, 0x00, 0x6d, 0x20, 0x18, 0x08, 0xc3, 0x30, 0x20, 0x08, 0xff,
    0x30, 0x20, 0x08, 0xff, 0x28, 0x20, 0x08, 0xff, 0x28, 0x1c, 0x00, 0xff,
    0x28, 0x1c, 0x08, 0xff, 0x28, 0x1c, 0x08, 0xff, 0x28, 0x1c, 0x08, 0xff,
    0x28, 0x18, 0x08, 0xff, 0x28, 0x1c, 0x08, 0xff, 0x28, 0x1c, 0x00, 0xff,
    0x30, 0x1c, 0x00, 0xff, 0x28, 0x1c, 0x00, 0xff, 0x28, 0x18, 0x00, 0xff,
    0x28, 0x1c, 0x08, 0xff, 0x28, 0x1c, 0x00, 0xff, 0x28, 0x18, 0x00, 0xff,
    0x28, 0x1c, 0x00, 0xff, 0x28, 0x18, 0x00, 0xff, 0x28, 0x18, 0x00, 0xff,
    0x28, 0x1c, 0x00, 0xff, 0x28, 0x18, 0x08, 0xff, 0x30, 0x1c, 0x00, 0xff,
    0x28, 0x1c, 0x00, 0xff, 0x28, 0x18, 0x00, 0xff, 0x28, 0x1c, 0x08, 0xff,
    0x28, 0x1c, 0x00, 0xff, 0x28, 0x18, 0x00, 0xff, 0x28, 0x1c, 0x00, 0xff,
    0x28, 0x1c, 0x00, 0xff, 0x28, 0x1c, 0x00, 0xff, 0x28, 0x1c, 0x08, 0xff,
    0x28, 0x1c, 0x00, 0xff, 0x28, 0x1c, 0x00, 0xff, 0x28, 0x1c, 0x00, 0xff,
    0x28, 0x1c, 0x00, 0xff, 0x28, 0x1c, 0x00, 0xff, 0x28, 0x1c, 0x08, 0xff,
    0x28, 0x18, 0x00, 0xff, 0x28, 0x1c, 0x08, 0xff, 0x28, 0x1c, 0x00, 0xff,
    0x28, 0x1c, 0x00, 0xff, 0x28, 0x1c, 0x00, 0xff, 0x28, 0x18, 0x00, 0xff,
    0x28, 0x1c, 0x00, 0xff, 0x28, 0x1c, 0x08, 0xff, 0x28, 0x18, 0x00, 0xff,
    0x28, 0x1c, 0x00, 0xff, 0x28, 0x1c, 0x08, 0xff, 0x28, 0x1c, 0x08, 0xff,
    0x28, 0x1c, 0x00, 0xff, 0x28, 0x1c, 0x08, 0xff, 0x28, 0x1c, 0x00, 0xff,
    0x28, 0x18, 0x08, 0xff, 0x28, 0x1c, 0x00, 0xff, 0x28, 0x1c, 0x00, 0xff,
    0x28, 0x18, 0x00, 0xff, 0x28, 0x1c, 0x00, 0xff, 0x28, 0x1c, 0x00, 0xff,
    0x28, 0x1c, 0x08, 0xff, 0x28, 0x1c, 0x00, 0xff, 0x28, 0x18, 0x08, 0xff,
    0x28, 0x1c, 0x00, 0xff, 0x28, 0x1c, 0x00, 0xff, 0x28, 0x1c, 0x08, 0xff,
    0x28, 0x18, 0x00, 0xff, 0x28, 0x1c, 0x08, 0xff, 0x28, 0x1c, 0x00, 0xff,
    0x28, 0x18, 0x08, 0xff, 0x28, 0x1c, 0x00, 0xff, 0x28, 0x1c, 0x00, 0xff,
    0x28, 0x18, 0x08, 0xff, 0x28, 0x1c, 0x00, 0xff, 0x28, 0x18, 0x08, 0xff,
    0x28, 0x18, 0x08, 0xff, 0x28, 0x1c, 0x00, 0xff, 0x28, 0x1c, 0x00, 0xff,
    0x28, 0x18, 0x00, 0xff, 0x28, 0x1c, 0x08, 0xff, 0x28, 0x1c, 0x00, 0xff,
    0x28, 0x18, 0x00, 0xff, 0x28, 0x1c, 0x00, 0xff, 0x28, 0x1c, 0x00, 0xff,
    0x30, 0x1c, 0x00, 0xff, 0x28, 0x1c, 0x00, 0xff, 0x28, 0x1c, 0x00, 0xff,
    0x30, 0x1c, 0x08, 0xff, 0x28, 0x18, 0x00, 0xff, 0x28, 0x1c, 0x00, 0xff,
    0x28, 0x1c, 0x08, 0xff, 0x28, 0x1c, 0x00, 0xff, 0x28, 0x18, 0x08, 0xff,
    0x28, 0x1c, 0x00, 0xff, 0x30, 0x1c, 0x08, 0xff, 0x28, 0x18, 0x00, 0xff,
    0x28, 0x1c, 0x08, 0xff, 0x28, 0x1c, 0x00, 0xff, 0x28, 0x18, 0x00, 0xff,
    0x28, 0x1c, 0x00, 0xff, 0x28, 0x18, 0x08, 0xff, 0x28, 0x1c, 0x00, 0xff,
    0x28, 0x1c, 0x00, 0xff, 0x28, 0x18, 0x08, 0xff, 0x28, 0x1c, 0x00, 0xff,
    0x28, 0x1c, 0x00, 0xff, 0x30, 0x1c, 0x08, 0xff, 0x28, 0x18, 0x00, 0xff,
    0x28, 0x1c, 0x00, 0xff, 0x28, 0x1c, 0x00, 0xff, 0x28, 0x18, 0x08, 0xff,
    0x28, 0x1c, 0x08, 0xff, 0x28, 0x1c, 0x00, 0xff, 0x28, 0x18, 0x08, 0xff,
    0x28, 0x1c, 0x00, 0xff, 0x28, 0x1c, 0x00, 0xff, 0x30, 0x18, 0x00, 0xff,
    0x28, 0x1c, 0x08, 0xff, 0x28, 0x1c, 0x00, 0xff, 0x28, 0x1c, 0x00, 0xff,
    0x28, 0x18, 0x00, 0xff, 0x28, 0x1c, 0x00, 0xff, 0x28, 0x18, 0x08, 0xff,
    0x28, 0x1c, 0x00, 0xff, 0x28, 0x1c, 0x00, 0xff, 0x28, 0x1c, 0x00, 0xff,
    0x28, 0x1c, 0x08, 0xff, 0x28, 0x1c, 0x08, 0xff, 0x30, 0x20, 0x08, 0xff,
    0x30, 0x20, 0x08, 0xff, 0x30, 0x20, 0x08, 0xff, 0x20, 0x18, 0x08, 0xc3,
    0x00, 0x00, 0x00, 0x6d, 0x00, 0x00, 0x00, 0x59, 0x00, 0x00, 0x00, 0x49,
    0x00, 0x00, 0x00, 0x3c, 0x00, 0x00, 0x00, 0x2c, 0x00, 0x00, 0x00, 0x20,
    0x00, 0x00, 0x00, 0x18, 0x00, 0x00, 0x00, 0x10, 0x00, 0x00, 0x00, 0x0c,
    0x00, 0x00, 0x00, 0x08, 0x00, 0x00, 0x00, 0x04, 0x00, 0x00, 0x00, 0x00,
    0x00, 0x00, 0x00, 0x00, 0x00, 0x00, 0x00, 0x00, 0x00, 0x00, 0x00, 0x00,
    0x00, 0x00, 0x00, 0x00, 0x00, 0x00, 0x00, 0x00, 0x00, 0x00, 0x00, 0x00,
    0x00, 0x00, 0x00, 0x00, 0x00, 0x00, 0x00, 0x00, 0x00, 0x00, 0x00, 0x00,
    0x00, 0x00, 0x00, 0x00, 0x00, 0x00, 0x00, 0x00, 0x00, 0x00, 0x00, 0x00,
    0x00, 0x00, 0x00, 0x00, 0x00, 0x00, 0x00, 0x00, 0x00, 0x00, 0x00, 0x00,
    0x00, 0x00, 0x00, 0x00, 0x00, 0x00, 0x00, 0x00, 0x00, 0x00, 0x00, 0x00,
    0x00, 0x00, 0x00, 0x00, 0x00, 0x00, 0x00, 0x00, 0x00, 0x00, 0x00, 0x00,
    0x00, 0x00, 0x00, 0x00, 0x00, 0x00, 0x00, 0x00, 0x00, 0x00, 0x00, 0x00,
    0x00, 0x00, 0x00, 0x00, 0x00, 0x00, 0x00, 0x00, 0x00, 0x00, 0x00, 0x00,
    0x00, 0x00, 0x00, 0x00, 0x00, 0x00, 0x00, 0x00, 0x00, 0x00, 0x00, 0x00,
    0x00, 0x00, 0x00, 0x00, 0x00, 0x00, 0x00, 0x00, 0x00, 0x00, 0x00, 0x00,
    0x00, 0x00, 0x00, 0x00, 0x00, 0x00, 0x00, 0x00, 0x00, 0x00, 0x00, 0x00,
    0x00, 0x00, 0x00, 0x00, 0x00, 0x00, 0x00, 0x04, 0x00, 0x00, 0x00, 0x04,
    0x00, 0x00, 0x00, 0x08, 0x00, 0x00, 0x00, 0x0c, 0x00, 0x00, 0x00, 0x10,
    0x00, 0x00, 0x00, 0x1c, 0x00, 0x00, 0x00, 0x24, 0x00, 0x00, 0x00, 0x30,
    0x00, 0x00, 0x00, 0x3c, 0x00, 0x00, 0x00, 0x4d, 0x00, 0x00, 0x00, 0x5d,
    0x00, 0x00, 0x00, 0x6d, 0x28, 0x1c, 0x08, 0xd3, 0x30, 0x20, 0x08, 0xff,
    0x30, 0x20, 0x08, 0xff, 0x30, 0x1c, 0x08, 0xff, 0x28, 0x1c, 0x00, 0xff,
    0x28, 0x1c, 0x00, 0xff, 0x28, 0x1c, 0x00, 0xff, 0x28, 0x1c, 0x00, 0xff,
    0x28, 0x18, 0x08, 0xff, 0x28, 0x1c, 0x00, 0xff, 0x28, 0x18, 0x08, 0xff,
    0x28, 0x1c, 0x00, 0xff, 0x28, 0x1c, 0x08, 0xff, 0x28, 0x1c, 0x00, 0xff,
    0x28, 0x1c, 0x08, 0xff, 0x28, 0x1c, 0x08, 0xff, 0x28, 0x1c, 0x00, 0xff,
    0x28, 0x1c, 0x00, 0xff, 0x28, 0x1c, 0x08, 0xff, 0x28, 0x1c, 0x00, 0xff,
    0x28, 0x18, 0x00, 0xff, 0x28, 0x1c, 0x08, 0xff, 0x28, 0x1c, 0x00, 0xff,
    0x28, 0x1c, 0x08, 0xff, 0x28, 0x1c, 0x00, 0xff, 0x28, 0x1c, 0x00, 0xff,
    0x28, 0x1c, 0x08, 0xff, 0x28, 0x1c, 0x00, 0xff, 0x28, 0x18, 0x00, 0xff,
    0x28, 0x1c, 0x08, 0xff, 0x28, 0x1c, 0x00, 0xff, 0x28, 0x18, 0x00, 0xff,
    0x28, 0x1c, 0x00, 0xff, 0x28, 0x18, 0x00, 0xff, 0x28, 0x1c, 0x08, 0xff,
    0x28, 0x1c, 0x00, 0xff, 0x28, 0x18, 0x08, 0xff, 0x28, 0x1c, 0x00, 0xff,
    0x28, 0x1c, 0x08, 0xff, 0x28, 0x1c, 0x08, 0xff, 0x28, 0x18, 0x00, 0xff,
    0x28, 0x1c, 0x08, 0xff, 0x28, 0x1c, 0x08, 0xff, 0x28, 0x1c, 0x00, 0xff,
    0x28, 0x1c, 0x00, 0xff, 0x28, 0x1c, 0x00, 0xff, 0x28, 0x18, 0x00, 0xff,
    0x28, 0x1c, 0x00, 0xff, 0x28, 0x1c, 0x00, 0xff, 0x28, 0x18, 0x00, 0xff,
    0x28, 0x1c, 0x00, 0xff, 0x28, 0x1c, 0x08, 0xff, 0x28, 0x1c, 0x00, 0xff,
    0x28, 0x1c, 0x08, 0xff, 0x28, 0x1c, 0x00, 0xff, 0x28, 0x1c, 0x08, 0xff,
    0x28, 0x18, 0x08, 0xff, 0x28, 0x1c, 0x00, 0xff, 0x28, 0x1c, 0x00, 0xff,
    0x28, 0x1c, 0x08, 0xff, 0x28, 0x1c, 0x00, 0xff, 0x28, 0x18, 0x00, 0xff,
    0x28, 0x1c, 0x08, 0xff, 0x28, 0x1c, 0x00, 0xff, 0x28, 0x1c, 0x00, 0xff,
    0x28, 0x1c, 0x00, 0xff, 0x28, 0x1c, 0x08, 0xff, 0x28, 0x1c, 0x00, 0xff,
    0x28, 0x1c, 0x00, 0xff, 0x28, 0x1c, 0x08, 0xff, 0x28, 0x1c, 0x00, 0xff,
    0x28, 0x1c, 0x00, 0xff, 0x28, 0x1c, 0x00, 0xff, 0x28, 0x1c, 0x00, 0xff,
    0x28, 0x1c, 0x08, 0xff, 0x28, 0x1c, 0x00, 0xff, 0x28, 0x18, 0x08, 0xff,
    0x28, 0x1c, 0x00, 0xff, 0x28, 0x1c, 0x08, 0xff, 0x28, 0x1c, 0x08, 0xff,
    0x28, 0x1c, 0x00, 0xff, 0x28, 0x1c, 0x08, 0xff, 0x28, 0x18, 0x00, 0xff,
    0x28, 0x1c, 0x08, 0xff, 0x28, 0x1c, 0x00, 0xff, 0x28, 0x18, 0x00, 0xff,
    0x28, 0x1c, 0x08, 0xff, 0x28, 0x1c, 0x00, 0xff, 0x28, 0x1c, 0x00, 0xff,
    0x28, 0x1c, 0x08, 0xff, 0x28, 0x1c, 0x00, 0xff, 0x28, 0x18, 0x00, 0xff,
    0x28, 0x1c, 0x00, 0xff, 0x28, 0x1c, 0x08, 0xff, 0x28, 0x18, 0x00, 0xff,
    0x28, 0x1c, 0x08, 0xff, 0x28, 0x1c, 0x08, 0xff, 0x28, 0x1c, 0x00, 0xff,
    0x28, 0x18, 0x08, 0xff, 0x28, 0x1c, 0x00, 0xff, 0x28, 0x1c, 0x00, 0xff,
    0x28, 0x1c, 0x08, 0xff, 0x28, 0x1c, 0x00, 0xff, 0x28, 0x18, 0x00, 0xff,
    0x28, 0x1c, 0x00, 0xff, 0x28, 0x1c, 0x08, 0xff, 0x28, 0x1c, 0x00, 0xff,
    0x28, 0x1c, 0x00, 0xff, 0x28, 0x1c, 0x08, 0xff, 0x28, 0x1c, 0x00, 0xff,
    0x28, 0x1c, 0x00, 0xff, 0x28, 0x18, 0x00, 0xff, 0x28, 0x1c, 0x08, 0xff,
    0x28, 0x1c, 0x00, 0xff, 0x28, 0x18, 0x08, 0xff, 0x28, 0x1c, 0x00, 0xff,
    0x28, 0x1c, 0x00, 0xff, 0x28, 0x18, 0x08, 0xff, 0x28, 0x1c, 0x08, 0xff,
    0x28, 0x1c, 0x00, 0xff, 0x28, 0x1c, 0x00, 0xff, 0x28, 0x18, 0x08, 0xff,
    0x28, 0x1c, 0x00, 0xff, 0x28, 0x1c, 0x08, 0xff, 0x30, 0x1c, 0x00, 0xff,
    0x30, 0x1c, 0x08, 0xff, 0x28, 0x20, 0x08, 0xff, 0x30, 0x20, 0x08, 0xff,
    0x20, 0x1c, 0x08, 0xd3, 0x00, 0x00, 0x00, 0x6d, 0x00, 0x00, 0x00, 0x5d,
    0x00, 0x00, 0x00, 0x4d, 0x00, 0x00, 0x00, 0x3c, 0x00, 0x00, 0x00, 0x30,
    0x00, 0x00, 0x00, 0x24, 0x00, 0x00, 0x00, 0x18, 0x00, 0x00, 0x00, 0x14,
    0x00, 0x00, 0x00, 0x0c, 0x00, 0x00, 0x00, 0x08, 0x00, 0x00, 0x00, 0x04,
    0x00, 0x00, 0x00, 0x04, 0x00, 0x00, 0x00, 0x00, 0x00, 0x00, 0x00, 0x00,
    0x00, 0x00, 0x00, 0x00, 0x00, 0x00, 0x00, 0x00, 0x00, 0x00, 0x00, 0x00,
    0x00, 0x00, 0x00, 0x00, 0x00, 0x00, 0x00, 0x00, 0x00, 0x00, 0x00, 0x00,
    0x00, 0x00, 0x00, 0x00, 0x00, 0x00, 0x00, 0x00, 0x00, 0x00, 0x00, 0x00,
    0x00, 0x00, 0x00, 0x00, 0x00, 0x00, 0x00, 0x00, 0x00, 0x00, 0x00, 0x00,
    0x00, 0x00, 0x00, 0x00, 0x00, 0x00, 0x00, 0x00, 0x00, 0x00, 0x00, 0x00,
    0x00, 0x00, 0x00, 0x00, 0x00, 0x00, 0x00, 0x00, 0x00, 0x00, 0x00, 0x00,
    0x00, 0x00, 0x00, 0x00, 0x00, 0x00, 0x00, 0x00, 0x00, 0x00, 0x00, 0x00,
    0x00, 0x00, 0x00, 0x00, 0x00, 0x00, 0x00, 0x00, 0x00, 0x00, 0x00, 0x00,
    0x00, 0x00, 0x00, 0x00, 0x00, 0x00, 0x00, 0x00, 0x00, 0x00, 0x00, 0x00,
    0x00, 0x00, 0x00, 0x00, 0x00, 0x00, 0x00, 0x00, 0x00, 0x00, 0x00, 0x00,
    0x00, 0x00, 0x00, 0x00, 0x00, 0x00, 0x00, 0x00, 0x00, 0x00, 0x00, 0x00,
    0x00, 0x00, 0x00, 0x00, 0x00, 0x00, 0x00, 0x00, 0x00, 0x00, 0x00, 0x00,
    0x00, 0x00, 0x00, 0x00, 0x00, 0x00, 0x00, 0x04, 0x00, 0x00, 0x00, 0x04,
    0x00, 0x00, 0x00, 0x08, 0x00, 0x00, 0x00, 0x0c, 0x00, 0x00, 0x00, 0x14,
    0x00, 0x00, 0x00, 0x1c, 0x00, 0x00, 0x00, 0x28, 0x00, 0x00, 0x00, 0x30,
    0x00, 0x00, 0x00, 0x41, 0x00, 0x00, 0x00, 0x4d, 0x00, 0x00, 0x00, 0x5d,
    0x00, 0x04, 0x00, 0x71, 0x28, 0x1c, 0x08, 0xdb, 0x30, 0x20, 0x08, 0xff,
    0x28, 0x20, 0x08, 0xff, 0x30, 0x1c, 0x08, 0xff, 0x28, 0x1c, 0x00, 0xff,
    0x28, 0x1c, 0x00, 0xff, 0x28, 0x1c, 0x00, 0xff, 0x30, 0x1c, 0x00, 0xff,
    0x28, 0x1c, 0x08, 0xff, 0x28, 0x1c, 0x00, 0xff, 0x28, 0x18, 0x00, 0xff,
    0x28, 0x1c, 0x00, 0xff, 0x28, 0x18, 0x00, 0xff, 0x28, 0x1c, 0x00, 0xff,
    0x28, 0x18, 0x00, 0xff, 0x28, 0x1c, 0x08, 0xff, 0x28, 0x18, 0x08, 0xff,
    0x28, 0x1c, 0x00, 0xff, 0x28, 0x1c, 0x00, 0xff, 0x28, 0x1c, 0x00, 0xff,
    0x28, 0x1c, 0x08, 0xff, 0x28, 0x18, 0x00, 0xff, 0x28, 0x1c, 0x00, 0xff,
    0x28, 0x18, 0x08, 0xff, 0x28, 0x1c, 0x00, 0xff, 0x28, 0x1c, 0x00, 0xff,
    0x28, 0x18, 0x08, 0xff, 0x28, 0x1c, 0x08, 0xff, 0x28, 0x1c, 0x00, 0xff,
    0x28, 0x18, 0x00, 0xff, 0x28, 0x1c, 0x08, 0xff, 0x28, 0x1c, 0x00, 0xff,
    0x28, 0x18, 0x08, 0xff, 0x28, 0x1c, 0x00, 0xff, 0x28, 0x1c, 0x00, 0xff,
    0x30, 0x1c, 0x00, 0xff, 0x28, 0x1c, 0x00, 0xff, 0x28, 0x1c, 0x00, 0xff,
    0x28, 0x18, 0x00, 0xff, 0x28, 0x18, 0x00, 0xff, 0x28, 0x1c, 0x00, 0xff,
    0x28, 0x1c, 0x00, 0xff, 0x28, 0x18, 0x08, 0xff, 0x28, 0x1c, 0x00, 0xff,
    0x28, 0x1c, 0x00, 0xff, 0x28, 0x1c, 0x08, 0xff, 0x28, 0x1c, 0x08, 0xff,
    0x28, 0x18, 0x00, 0xff, 0x28, 0x1c, 0x00, 0xff, 0x28, 0x1c, 0x08, 0xff,
    0x28, 0x18, 0x00, 0xff, 0x30, 0x1c, 0x00, 0xff, 0x28, 0x18, 0x08, 0xff,
    0x28, 0x1c, 0x00, 0xff, 0x28, 0x1c, 0x00, 0xff, 0x28, 0x1c, 0x08, 0xff,
    0x28, 0x18, 0x00, 0xff, 0x28, 0x1c, 0x00, 0xff, 0x28, 0x18, 0x00, 0xff,
    0x28, 0x1c, 0x00, 0xff, 0x28, 0x1c, 0x08, 0xff, 0x28, 0x18, 0x00, 0xff,
    0x28, 0x1c, 0x08, 0xff, 0x28, 0x1c, 0x00, 0xff, 0x28, 0x18, 0x00, 0xff,
    0x28, 0x18, 0x00, 0xff, 0x28, 0x1c, 0x08, 0xff, 0x28, 0x18, 0x00, 0xff,
    0x28, 0x1c, 0x00, 0xff, 0x28, 0x1c, 0x00, 0xff, 0x28, 0x18, 0x00, 0xff,
    0x28, 0x1c, 0x08, 0xff, 0x28, 0x1c, 0x00, 0xff, 0x28, 0x18, 0x00, 0xff,
    0x28, 0x1c, 0x08, 0xff, 0x28, 0x1c, 0x00, 0xff, 0x28, 0x1c, 0x00, 0xff,
    0x28, 0x18, 0x00, 0xff, 0x28, 0x1c, 0x00, 0xff, 0x28, 0x1c, 0x08, 0xff,
    0x28, 0x18, 0x00, 0xff, 0x28, 0x1c, 0x00, 0xff, 0x28, 0x1c, 0x08, 0xff,
    0x28, 0x18, 0x00, 0xff, 0x28, 0x1c, 0x00, 0xff, 0x28, 0x1c, 0x00, 0xff,
    0x28, 0x18, 0x00, 0xff, 0x28, 0x1c, 0x00, 0xff, 0x28, 0x1c, 0x00, 0xff,
    0x28, 0x18, 0x08, 0xff, 0x28, 0x1c, 0x00, 0xff, 0x28, 0x1c, 0x00, 0xff,
    0x28, 0x1c, 0x00, 0xff, 0x28, 0x18, 0x00, 0xff, 0x28, 0x18, 0x00, 0xff,
    0x28, 0x1c, 0x00, 0xff, 0x28, 0x1c, 0x00, 0xff, 0x28, 0x18, 0x08, 0xff,
    0x28, 0x1c, 0x00, 0xff, 0x28, 0x1c, 0x00, 0xff, 0x28, 0x18, 0x08, 0xff,
    0x28, 0x1c, 0x00, 0xff, 0x28, 0x1c, 0x08, 0xff, 0x28, 0x18, 0x00, 0xff,
    0x28, 0x1c, 0x08, 0xff, 0x28, 0x1c, 0x00, 0xff, 0x28, 0x18, 0x00, 0xff,
    0x28, 0x18, 0x08, 0xff, 0x28, 0x1c, 0x00, 0xff, 0x28, 0x1c, 0x00, 0xff,
    0x28, 0x1c, 0x08, 0xff, 0x28, 0x1c, 0x00, 0xff, 0x28, 0x1c, 0x00, 0xff,
    0x28, 0x1c, 0x00, 0xff, 0x28, 0x1c, 0x00, 0xff, 0x28, 0x1c, 0x08, 0xff,
    0x28, 0x1c, 0x00, 0xff, 0x28, 0x1c, 0x00, 0xff, 0x28, 0x1c, 0x08, 0xff,
    0x28, 0x18, 0x00, 0xff, 0x28, 0x1c, 0x00, 0xff, 0x28, 0x1c, 0x08, 0xff,
    0x30, 0x1c, 0x08, 0xff, 0x30, 0x1c, 0x08, 0xff, 0x28, 0x20, 0x00, 0xff,
    0x30, 0x20, 0x08, 0xff, 0x28, 0x1c, 0x08, 0xdb, 0x00, 0x04, 0x00, 0x71,
    0x00, 0x00, 0x00, 0x5d, 0x00, 0x00, 0x00, 0x4d, 0x00, 0x00, 0x00, 0x41,
    0x00, 0x00, 0x00, 0x30, 0x00, 0x00, 0x00, 0x24, 0x00, 0x00, 0x00, 0x1c,
    0x00, 0x00, 0x00, 0x14, 0x00, 0x00, 0x00, 0x0c, 0x00, 0x00, 0x00, 0x08,
    0x00, 0x00, 0x00, 0x04, 0x00, 0x00, 0x00, 0x04, 0x00, 0x00, 0x00, 0x00,
    0x00, 0x00, 0x00, 0x00, 0x00, 0x00, 0x00, 0x00, 0x00, 0x00, 0x00, 0x00,
    0x00, 0x00, 0x00, 0x00, 0x00, 0x00, 0x00, 0x00, 0x00, 0x00, 0x00, 0x00,
    0x00, 0x00, 0x00, 0x00, 0x00, 0x00, 0x00, 0x00, 0x00, 0x00, 0x00, 0x00,
    0x00, 0x00, 0x00, 0x00, 0x00, 0x00, 0x00, 0x00, 0x00, 0x00, 0x00, 0x00,
    0x00, 0x00, 0x00, 0x00, 0x00, 0x00, 0x00, 0x00, 0x00, 0x00, 0x00, 0x00,
    0x00, 0x00, 0x00, 0x00, 0x00, 0x00, 0x00, 0x00, 0x00, 0x00, 0x00, 0x00,
    0x00, 0x00, 0x00, 0x00, 0x00, 0x00, 0x00, 0x00, 0x00, 0x00, 0x00, 0x00,
    0x00, 0x00, 0x00, 0x00, 0x00, 0x00, 0x00, 0x00, 0x00, 0x00, 0x00, 0x00,
    0x00, 0x00, 0x00, 0x00, 0x00, 0x00, 0x00, 0x00, 0x00, 0x00, 0x00, 0x00,
    0x00, 0x00, 0x00, 0x00, 0x00, 0x00, 0x00, 0x00, 0x00, 0x00, 0x00, 0x00,
    0x00, 0x00, 0x00, 0x00, 0x00, 0x00, 0x00, 0x00, 0x00, 0x00, 0x00, 0x00,
    0x00, 0x00, 0x00, 0x00, 0x00, 0x00, 0x00, 0x00, 0x00, 0x00, 0x00, 0x00,
    0x00, 0x00, 0x00, 0x00, 0x00, 0x00, 0x00, 0x00, 0x00, 0x00, 0x00, 0x00,
    0x00, 0x00, 0x00, 0x04, 0x00, 0x00, 0x00, 0x04, 0x00, 0x00, 0x00, 0x08,
    0x00, 0x00, 0x00, 0x08, 0x00, 0x00, 0x00, 0x10, 0x00, 0x00, 0x00, 0x14,
    0x00, 0x00, 0x00, 0x1c, 0x00, 0x00, 0x00, 0x28, 0x00, 0x00, 0x00, 0x34,
    0x00, 0x00, 0x00, 0x41, 0x00, 0x00, 0x00, 0x4d, 0x00, 0x00, 0x00, 0x61,
    0x00, 0x04, 0x00, 0x79, 0x28, 0x20, 0x08, 0xdf, 0x30, 0x20, 0x08, 0xff,
    0x30, 0x20, 0x08, 0xff, 0x28, 0x1c, 0x08, 0xff, 0x28, 0x1c, 0x08, 0xff,
    0x28, 0x1c, 0x08, 0xff, 0x28, 0x1c, 0x00, 0xff, 0x28, 0x18, 0x00, 0xff,
    0x28, 0x1c, 0x00, 0xff, 0x28, 0x1c, 0x00, 0xff, 0x28, 0x18, 0x08, 0xff,
    0x28, 0x1c, 0x08, 0xff, 0x28, 0x1c, 0x00, 0xff, 0x28, 0x1c, 0x00, 0xff,
    0x30, 0x18, 0x00, 0xff, 0x28, 0x18, 0x00, 0xff, 0x28, 0x1c, 0x08, 0xff,
    0x28, 0x1c, 0x00, 0xff, 0x28, 0x18, 0x08, 0xff, 0x28, 0x1c, 0x00, 0xff,
    0x28, 0x1c, 0x00, 0xff, 0x28, 0x1c, 0x08, 0xff, 0x28, 0x18, 0x00, 0xff,
    0x28, 0x1c, 0x00, 0xff, 0x28, 0x1c, 0x00, 0xff, 0x28, 0x1c, 0x00, 0xff,
    0x28, 0x1c, 0x00, 0xff, 0x28, 0x1c, 0x00, 0xff, 0x28, 0x1c, 0x00, 0xff,
    0x28, 0x1c, 0x08, 0xff, 0x28, 0x1c, 0x00, 0xff, 0x28, 0x1c, 0x00, 0xff,
    0x28, 0x18, 0x00, 0xff, 0x28, 0x1c, 0x08, 0xff, 0x28, 0x18, 0x08, 0xff,
    0x28, 0x1c, 0x00, 0xff, 0x28, 0x1c, 0x00, 0xff, 0x28, 0x1c, 0x08, 0xff,
    0x28, 0x1c, 0x08, 0xff, 0x28, 0x1c, 0x00, 0xff, 0x28, 0x1c, 0x00, 0xff,
    0x28, 0x18, 0x08, 0xff, 0x28, 0x1c, 0x08, 0xff, 0x28, 0x1c, 0x00, 0xff,
    0x28, 0x18, 0x00, 0xff, 0x28, 0x1c, 0x00, 0xff, 0x28, 0x18, 0x00, 0xff,
    0x28, 0x1c, 0x00, 0xff, 0x28, 0x1c, 0x08, 0xff, 0x28, 0x1c, 0x00, 0xff,
    0x28, 0x18, 0x00, 0xff, 0x28, 0x1c, 0x08, 0xff, 0x28, 0x1c, 0x00, 0xff,
    0x28, 0x18, 0x00, 0xff, 0x28, 0x18, 0x00, 0xff, 0x28, 0x1c, 0x08, 0xff,
    0x28, 0x1c, 0x08, 0xff, 0x28, 0x18, 0x00, 0xff, 0x28, 0x1c, 0x00, 0xff,
    0x30, 0x1c, 0x08, 0xff, 0x28, 0x1c, 0x00, 0xff, 0x28, 0x18, 0x00, 0xff,
    0x28, 0x18, 0x08, 0xff, 0x28, 0x1c, 0x00, 0xff, 0x28, 0x1c, 0x08, 0xff,
    0x28, 0x1c, 0x00, 0xff, 0x28, 0x18, 0x08, 0xff, 0x28, 0x1c, 0x08, 0xff,
    0x28, 0x1c, 0x00, 0xff, 0x28, 0x18, 0x00, 0xff, 0x30, 0x1c, 0x08, 0xff,
    0x28, 0x18, 0x00, 0xff, 0x28, 0x1c, 0x00, 0xff, 0x28, 0x18, 0x08, 0xff,
    0x28, 0x1c, 0x00, 0xff, 0x28, 0x1c, 0x00, 0xff, 0x28, 0x18, 0x00, 0xff,
    0x28, 0x1c, 0x00, 0xff, 0x28, 0x1c, 0x08, 0xff, 0x28, 0x18, 0x00, 0xff,
    0x28, 0x1c, 0x00, 0xff, 0x28, 0x1c, 0x08, 0xff, 0x28, 0x1c, 0x08, 0xff,
    0x28, 0x1c, 0x00, 0xff, 0x28, 0x18, 0x08, 0xff, 0x28, 0x1c, 0x00, 0xff,
    0x28, 0x1c, 0x00, 0xff, 0x28, 0x18, 0x08, 0xff, 0x28, 0x1c, 0x00, 0xff,
    0x28, 0x1c, 0x08, 0xff, 0x28, 0x18, 0x08, 0xff, 0x28, 0x1c, 0x00, 0xff,
    0x28, 0x18, 0x08, 0xff, 0x28, 0x1c, 0x00, 0xff, 0x28, 0x1c, 0x00, 0xff,
    0x28, 0x1c, 0x08, 0xff, 0x28, 0x1c, 0x00, 0xff, 0x28, 0x1c, 0x00, 0xff,
    0x28, 0x18, 0x00, 0xff, 0x28, 0x18, 0x00, 0xff, 0x28, 0x1c, 0x08, 0xff,
    0x28, 0x1c, 0x00, 0xff, 0x28, 0x1c, 0x00, 0xff, 0x28, 0x18, 0x00, 0xff,
    0x28, 0x1c, 0x00, 0xff, 0x28, 0x1c, 0x00, 0xff, 0x30, 0x18, 0x08, 0xff,
    0x28, 0x1c, 0x00, 0xff, 0x28, 0x1c, 0x08, 0xff, 0x28, 0x18, 0x00, 0xff,
    0x28, 0x18, 0x08, 0xff, 0x28, 0x1c, 0x08, 0xff, 0x28, 0x18, 0x00, 0xff,
    0x28, 0x1c, 0x08, 0xff, 0x28, 0x18, 0x00, 0xff, 0x28, 0x1c, 0x00, 0xff,
    0x28, 0x1c, 0x00, 0xff, 0x28, 0x18, 0x00, 0xff, 0x28, 0x1c, 0x08, 0xff,
    0x28, 0x1c, 0x00, 0xff, 0x28, 0x1c, 0x00, 0xff, 0x30, 0x1c, 0x08, 0xff,
    0x28, 0x20, 0x08, 0xff, 0x30, 0x20, 0x08, 0xff, 0x28, 0x20, 0x08, 0xdf,
    0x08, 0x04, 0x00, 0x75, 0x00, 0x00, 0x00, 0x61, 0x00, 0x00, 0x00, 0x4d,
    0x00, 0x00, 0x00, 0x41, 0x00, 0x00, 0x00, 0x34, 0x00, 0x00, 0x00, 0x28,
    0x00, 0x00, 0x00, 0x1c, 0x00, 0x00, 0x00, 0x14, 0x00, 0x00, 0x00, 0x10,
    0x00, 0x00, 0x00, 0x08, 0x00, 0x00, 0x00, 0x08, 0x00, 0x00, 0x00, 0x04,
    0x00, 0x00, 0x00, 0x00, 0x00, 0x00, 0x00, 0x00, 0x00, 0x00, 0x00, 0x00,
    0x00, 0x00, 0x00, 0x00, 0x00, 0x00, 0x00, 0x00, 0x00, 0x00, 0x00, 0x00,
    0x00, 0x00, 0x00, 0x00, 0x00, 0x00, 0x00, 0x00, 0x00, 0x00, 0x00, 0x00,
    0x00, 0x00, 0x00, 0x00, 0x00, 0x00, 0x00, 0x00, 0x00, 0x00, 0x00, 0x00,
    0x00, 0x00, 0x00, 0x00, 0x00, 0x00, 0x00, 0x00, 0x00, 0x00, 0x00, 0x00,
    0x00, 0x00, 0x00, 0x00, 0x00, 0x00, 0x00, 0x00, 0x00, 0x00, 0x00, 0x00,
    0x00, 0x00, 0x00, 0x00, 0x00, 0x00, 0x00, 0x00, 0x00, 0x00, 0x00, 0x00,
    0x00, 0x00, 0x00, 0x00, 0x00, 0x00, 0x00, 0x00, 0x00, 0x00, 0x00, 0x00,
    0x00, 0x00, 0x00, 0x00, 0x00, 0x00, 0x00, 0x00, 0x00, 0x00, 0x00, 0x00,
    0x00, 0x00, 0x00, 0x00, 0x00, 0x00, 0x00, 0x00, 0x00, 0x00, 0x00, 0x00,
    0x00, 0x00, 0x00, 0x00, 0x00, 0x00, 0x00, 0x00, 0x00, 0x00, 0x00, 0x00,
    0x00, 0x00, 0x00, 0x00, 0x00, 0x00, 0x00, 0x00, 0x00, 0x00, 0x00, 0x00,
    0x00, 0x00, 0x00, 0x00, 0x00, 0x00, 0x00, 0x00, 0x00, 0x00, 0x00, 0x00,
    0x00, 0x00, 0x00, 0x00, 0x00, 0x00, 0x00, 0x00, 0x00, 0x00, 0x00, 0x00,
    0x00, 0x00, 0x00, 0x04, 0x00, 0x00, 0x00, 0x04, 0x00, 0x00, 0x00, 0x04,
    0x00, 0x00, 0x00, 0x0c, 0x00, 0x00, 0x00, 0x10, 0x00, 0x00, 0x00, 0x14,
    0x00, 0x00, 0x00, 0x1c, 0x00, 0x00, 0x00, 0x28, 0x00, 0x00, 0x00, 0x34,
    0x00, 0x00, 0x00, 0x41, 0x00, 0x00, 0x00, 0x51, 0x00, 0x00, 0x00, 0x61,
    0x08, 0x04, 0x00, 0x79, 0x28, 0x1c, 0x08, 0xe3, 0x30, 0x20, 0x08, 0xff,
    0x28, 0x20, 0x08, 0xff, 0x30, 0x1c, 0x08, 0xff, 0x28, 0x1c, 0x00, 0xff,
    0x28, 0x1c, 0x00, 0xff, 0x28, 0x1c, 0x08, 0xff, 0x28, 0x1c, 0x00, 0xff,
    0x28, 0x1c, 0x08, 0xff, 0x28, 0x1c, 0x00, 0xff, 0x28, 0x18, 0x00, 0xff,
    0x28, 0x1c, 0x00, 0xff, 0x28, 0x1c, 0x08, 0xff, 0x28, 0x1c, 0x00, 0xff,
    0x28, 0x1c, 0x00, 0xff, 0x28, 0x1c, 0x00, 0xff, 0x28, 0x1c, 0x00, 0xff,
    0x28, 0x18, 0x00, 0xff, 0x28, 0x18, 0x00, 0xff, 0x28, 0x18, 0x00, 0xff,
    0x28, 0x1c, 0x08, 0xff, 0x28, 0x1c, 0x00, 0xff, 0x28, 0x1c, 0x00, 0xff,
    0x28, 0x18, 0x08, 0xff, 0x28, 0x1c, 0x00, 0xff, 0x28, 0x18, 0x08, 0xff,
    0x28, 0x1c, 0x00, 0xff, 0x28, 0x18, 0x08, 0xff, 0x28, 0x1c, 0x00, 0xff,
    0x28, 0x1c, 0x00, 0xff, 0x30, 0x18, 0x00, 0xff, 0x28, 0x18, 0x00, 0xff,
    0x28, 0x1c, 0x00, 0xff, 0x28, 0x1c, 0x08, 0xff, 0x28, 0x18, 0x00, 0xff,
    0x28, 0x1c, 0x00, 0xff, 0x28, 0x1c, 0x08, 0xff, 0x28, 0x18, 0x00, 0xff,
    0x28, 0x1c, 0x00, 0xff, 0x28, 0x1c, 0x00, 0xff, 0x28, 0x1c, 0x00, 0xff,
    0x28, 0x18, 0x08, 0xff, 0x28, 0x1c, 0x00, 0xff, 0x28, 0x1c, 0x00, 0xff,
    0x28, 0x1c, 0x08, 0xff, 0x28, 0x1c, 0x08, 0xff, 0x28, 0x1c, 0x00, 0xff,
    0x28, 0x1c, 0x00, 0xff, 0x28, 0x1c, 0x08, 0xff, 0x28, 0x1c, 0x00, 0xff,
    0x28, 0x1c, 0x00, 0xff, 0x28, 0x18, 0x08, 0xff, 0x28, 0x1c, 0x00, 0xff,
    0x28, 0x1c, 0x00, 0xff, 0x28, 0x1c, 0x00, 0xff, 0x28, 0x18, 0x08, 0xff,
    0x28, 0x1c, 0x00, 0xff, 0x28, 0x1c, 0x00, 0xff, 0x28, 0x1c, 0x00, 0xff,
    0x28, 0x1c, 0x00, 0xff, 0x28, 0x18, 0x00, 0xff, 0x28, 0x1c, 0x08, 0xff,
    0x28, 0x1c, 0x00, 0xff, 0x28, 0x1c, 0x00, 0xff, 0x28, 0x1c, 0x00, 0xff,
    0x28, 0x1c, 0x00, 0xff, 0x28, 0x18, 0x08, 0xff, 0x28, 0x1c, 0x00, 0xff,
    0x28, 0x1c, 0x00, 0xff, 0x28, 0x1c, 0x08, 0xff, 0x28, 0x1c, 0x00, 0xff,
    0x28, 0x1c, 0x00, 0xff, 0x28, 0x18, 0x00, 0xff, 0x28, 0x1c, 0x08, 0xff,
    0x28, 0x1c, 0x00, 0xff, 0x28, 0x1c, 0x08, 0xff, 0x28, 0x1c, 0x00, 0xff,
    0x28, 0x18, 0x00, 0xff, 0x28, 0x1c, 0x08, 0xff, 0x28, 0x18, 0x00, 0xff,
    0x28, 0x1c, 0x00, 0xff, 0x28, 0x1c, 0x00, 0xff, 0x28, 0x18, 0x00, 0xff,
    0x28, 0x1c, 0x08, 0xff, 0x28, 0x1c, 0x00, 0xff, 0x28, 0x1c, 0x00, 0xff,
    0x28, 0x1c, 0x08, 0xff, 0x28, 0x18, 0x00, 0xff, 0x28, 0x1c, 0x00, 0xff,
    0x28, 0x1c, 0x00, 0xff, 0x28, 0x1c, 0x08, 0xff, 0x28, 0x18, 0x00, 0xff,
    0x28, 0x1c, 0x00, 0xff, 0x28, 0x1c, 0x08, 0xff, 0x28, 0x18, 0x00, 0xff,
    0x28, 0x1c, 0x08, 0xff, 0x28, 0x1c, 0x08, 0xff, 0x28, 0x1c, 0x00, 0xff,
    0x28, 0x1c, 0x08, 0xff, 0x28, 0x18, 0x00, 0xff, 0x28, 0x1c, 0x00, 0xff,
    0x28, 0x18, 0x08, 0xff, 0x28, 0x1c, 0x08, 0xff, 0x28, 0x1c, 0x00, 0xff,
    0x28, 0x18, 0x00, 0xff, 0x28, 0x1c, 0x08, 0xff, 0x28, 0x1c, 0x00, 0xff,
    0x28, 0x18, 0x00, 0xff, 0x28, 0x1c, 0x00, 0xff, 0x28, 0x18, 0x00, 0xff,
    0x28, 0x1c, 0x08, 0xff, 0x28, 0x18, 0x00, 0xff, 0x28, 0x1c, 0x00, 0xff,
    0x28, 0x18, 0x00, 0xff, 0x28, 0x1c, 0x08, 0xff, 0x28, 0x1c, 0x08, 0xff,
    0x28, 0x1c, 0x00, 0xff, 0x30, 0x1c, 0x08, 0xff, 0x28, 0x1c, 0x00, 0xff,
    0x30, 0x1c, 0x08, 0xff, 0x28, 0x20, 0x08, 0xff, 0x30, 0x20, 0x08, 0xff,
    0x28, 0x1c, 0x08, 0xe3, 0x08, 0x04, 0x00, 0x75, 0x00, 0x00, 0x00, 0x61,
    0x00, 0x00, 0x00, 0x51, 0x00, 0x00, 0x00, 0x41, 0x00, 0x00, 0x00, 0x34,
    0x00, 0x00, 0x00, 0x28, 0x00, 0x00, 0x00, 0x1c, 0x00, 0x00, 0x00, 0x18,
    0x00, 0x00, 0x00, 0x10, 0x00, 0x00, 0x00, 0x08, 0x00, 0x00, 0x00, 0x08,
    0x00, 0x00, 0x00, 0x04, 0x00, 0x00, 0x00, 0x00, 0x00, 0x00, 0x00, 0x00,
    0x00, 0x00, 0x00, 0x00, 0x00, 0x00, 0x00, 0x00, 0x00, 0x00, 0x00, 0x00,
    0x00, 0x00, 0x00, 0x00, 0x00, 0x00, 0x00, 0x00, 0x00, 0x00, 0x00, 0x00,
    0x00, 0x00, 0x00, 0x00, 0x00, 0x00, 0x00, 0x00, 0x00, 0x00, 0x00, 0x00,
    0x00, 0x00, 0x00, 0x00, 0x00, 0x00, 0x00, 0x00, 0x00, 0x00, 0x00, 0x00,
    0x00, 0x00, 0x00, 0x00, 0x00, 0x00, 0x00, 0x00, 0x00, 0x00, 0x00, 0x00,
    0x00, 0x00, 0x00, 0x00, 0x00, 0x00, 0x00, 0x00, 0x00, 0x00, 0x00, 0x00,
    0x00, 0x00, 0x00, 0x00, 0x00, 0x00, 0x00, 0x00, 0x00, 0x00, 0x00, 0x00,
    0x00, 0x00, 0x00, 0x00, 0x00, 0x00, 0x00, 0x00, 0x00, 0x00, 0x00, 0x00,
    0x00, 0x00, 0x00, 0x00, 0x00, 0x00, 0x00, 0x00, 0x00, 0x00, 0x00, 0x00,
    0x00, 0x00, 0x00, 0x00, 0x00, 0x00, 0x00, 0x00, 0x00, 0x00, 0x00, 0x00,
    0x00, 0x00, 0x00, 0x00, 0x00, 0x00, 0x00, 0x00, 0x00, 0x00, 0x00, 0x00,
    0x00, 0x00, 0x00, 0x00, 0x00, 0x00, 0x00, 0x00, 0x00, 0x00, 0x00, 0x00,
    0x00, 0x00, 0x00, 0x00, 0x00, 0x00, 0x00, 0x00, 0x00, 0x00, 0x00, 0x00,
    0x00, 0x00, 0x00, 0x00, 0x00, 0x00, 0x00, 0x00, 0x00, 0x00, 0x00, 0x00,
    0x00, 0x00, 0x00, 0x00, 0x00, 0x00, 0x00, 0x04, 0x00, 0x00, 0x00, 0x08,
    0x00, 0x00, 0x00, 0x08, 0x00, 0x00, 0x00, 0x10, 0x00, 0x00, 0x00, 0x18,
    0x00, 0x00, 0x00, 0x20, 0x00, 0x00, 0x00, 0x28, 0x00, 0x00, 0x00, 0x34,
    0x00, 0x00, 0x00, 0x41, 0x00, 0x00, 0x00, 0x51, 0x00, 0x00, 0x00, 0x61,
    0x08, 0x04, 0x08, 0x79, 0x28, 0x1c, 0x08, 0xdf, 0x30, 0x20, 0x08, 0xff,
    0x30, 0x20, 0x08, 0xff, 0x28, 0x1c, 0x08, 0xff, 0x28, 0x1c, 0x08, 0xff,
    0x28, 0x1c, 0x00, 0xff, 0x28, 0x1c, 0x00, 0xff, 0x28, 0x18, 0x00, 0xff,
    0x28, 0x18, 0x08, 0xff, 0x28, 0x18, 0x00, 0xff, 0x28, 0x1c, 0x00, 0xff,
    0x28, 0x1c, 0x08, 0xff, 0x28, 0x1c, 0x00, 0xff, 0x28, 0x18, 0x00, 0xff,
    0x28, 0x1c, 0x08, 0xff, 0x28, 0x1c, 0x00, 0xff, 0x28, 0x18, 0x00, 0xff,
    0x28, 0x1c, 0x08, 0xff, 0x28, 0x1c, 0x00, 0xff, 0x28, 0x18, 0x00, 0xff,
    0x28, 0x18, 0x08, 0xff, 0x28, 0x1c, 0x00, 0xff, 0x28, 0x1c, 0x08, 0xff,
    0x28, 0x1c, 0x08, 0xff, 0x28, 0x1c, 0x00, 0xff, 0x28, 0x18, 0x00, 0xff,
    0x28, 0x1c, 0x08, 0xff, 0x28, 0x1c, 0x00, 0xff, 0x28, 0x1c, 0x00, 0xff,
    0x28, 0x18, 0x08, 0xff, 0x28, 0x18, 0x08, 0xff, 0x28, 0x1c, 0x00, 0xff,
    0x28, 0x1c, 0x00, 0xff, 0x28, 0x18, 0x08, 0xff, 0x28, 0x18, 0x00, 0xff,
    0x28, 0x1c, 0x00, 0xff, 0x28, 0x18, 0x00, 0xff, 0x28, 0x1c, 0x00, 0xff,
    0x28, 0x1c, 0x08, 0xff, 0x28, 0x18, 0x00, 0xff, 0x28, 0x1c, 0x00, 0xff,
    0x28, 0x18, 0x08, 0xff, 0x28, 0x1c, 0x00, 0xff, 0x28, 0x1c, 0x00, 0xff,
    0x28, 0x18, 0x08, 0xff, 0x28, 0x18, 0x00, 0xff, 0x28, 0x1c, 0x00, 0xff,
    0x28, 0x18, 0x00, 0xff, 0x28, 0x1c, 0x08, 0xff, 0x28, 0x18, 0x00, 0xff,
    0x28, 0x1c, 0x00, 0xff, 0x28, 0x18, 0x00, 0xff, 0x28, 0x1c, 0x08, 0xff,
    0x28, 0x1c, 0x00, 0xff, 0x28, 0x1c, 0x00, 0xff, 0x28, 0x1c, 0x08, 0xff,
    0x28, 0x18, 0x08, 0xff, 0x28, 0x18, 0x00, 0xff, 0x28, 0x1c, 0x00, 0xff,
    0x28, 0x1c, 0x08, 0xff, 0x28, 0x1c, 0x00, 0xff, 0x28, 0x18, 0x00, 0xff,
    0x28, 0x1c, 0x08, 0xff, 0x28, 0x1c, 0x00, 0xff, 0x28, 0x1c, 0x00, 0xff,
    0x28, 0x18, 0x08, 0xff, 0x28, 0x1c, 0x00, 0xff, 0x28, 0x18, 0x00, 0xff,
    0x28, 0x1c, 0x08, 0xff, 0x28, 0x18, 0x00, 0xff, 0x28, 0x1c, 0x08, 0xff,
    0x28, 0x1c, 0x08, 0xff, 0x28, 0x18, 0x00, 0xff, 0x28, 0x18, 0x00, 0xff,
    0x28, 0x18, 0x08, 0xff, 0x28, 0x1c, 0x00, 0xff, 0x28, 0x1c, 0x00, 0xff,
    0x28, 0x1c, 0x08, 0xff, 0x28, 0x1c, 0x00, 0xff, 0x28, 0x18, 0x00, 0xff,
    0x28, 0x1c, 0x08, 0xff, 0x28, 0x18, 0x00, 0xff, 0x28, 0x1c, 0x00, 0xff,
    0x28, 0x18, 0x00, 0xff, 0x28, 0x1c, 0x00, 0xff, 0x28, 0x18, 0x08, 0xff,
    0x28, 0x1c, 0x00, 0xff, 0x28, 0x1c, 0x00, 0xff, 0x28, 0x1c, 0x00, 0xff,
    0x28, 0x1c, 0x00, 0xff, 0x28, 0x1c, 0x08, 0xff, 0x28, 0x1c, 0x00, 0xff,
    0x28, 0x18, 0x00, 0xff, 0x28, 0x1c, 0x00, 0xff, 0x28, 0x1c, 0x00, 0xff,
    0x28, 0x18, 0x00, 0xff, 0x28, 0x1c, 0x08, 0xff, 0x28, 0x18, 0x00, 0xff,
    0x28, 0x18, 0x00, 0xff, 0x28, 0x1c, 0x00, 0xff, 0x28, 0x18, 0x00, 0xff,
    0x28, 0x1c, 0x00, 0xff, 0x28, 0x1c, 0x08, 0xff, 0x28, 0x1c, 0x00, 0xff,
    0x28, 0x1c, 0x00, 0xff, 0x28, 0x1c, 0x08, 0xff, 0x28, 0x1c, 0x00, 0xff,
    0x28, 0x1c, 0x08, 0xff, 0x28, 0x1c, 0x00, 0xff, 0x28, 0x1c, 0x00, 0xff,
    0x28, 0x1c, 0x08, 0xff, 0x28, 0x1c, 0x00, 0xff, 0x28, 0x18, 0x00, 0xff,
    0x28, 0x18, 0x08, 0xff, 0x28, 0x18, 0x00, 0xff, 0x28, 0x1c, 0x08, 0xff,
    0x28, 0x1c, 0x08, 0xff, 0x30, 0x1c, 0x08, 0xff, 0x28, 0x20, 0x08, 0xff,
    0x30, 0x20, 0x08, 0xff, 0x28, 0x20, 0x08, 0xdf, 0x08, 0x04, 0x00, 0x79,
    0x00, 0x00, 0x00, 0x61, 0x00, 0x00, 0x00, 0x51, 0x00, 0x00, 0x00, 0x41,
    0x00, 0x00, 0x00, 0x34, 0x00, 0x00, 0x00, 0x28, 0x00, 0x00, 0x00, 0x20,
    0x00, 0x00, 0x00, 0x14, 0x00, 0x00, 0x00, 0x10, 0x00, 0x00, 0x00, 0x0c,
    0x00, 0x00, 0x00, 0x08, 0x00, 0x00, 0x00, 0x04, 0x00, 0x00, 0x00, 0x00,
    0x00, 0x00, 0x00, 0x00, 0x00, 0x00, 0x00, 0x00, 0x00, 0x00, 0x00, 0x00,
    0x00, 0x00, 0x00, 0x00, 0x00, 0x00, 0x00, 0x00, 0x00, 0x00, 0x00, 0x00,
    0x00, 0x00, 0x00, 0x00, 0x00, 0x00, 0x00, 0x00, 0x00, 0x00, 0x00, 0x00,
    0x00, 0x00, 0x00, 0x00, 0x00, 0x00, 0x00, 0x00, 0x00, 0x00, 0x00, 0x00,
    0x00, 0x00, 0x00, 0x00, 0x00, 0x00, 0x00, 0x00, 0x00, 0x00, 0x00, 0x00,
    0x00, 0x00, 0x00, 0x00, 0x00, 0x00, 0x00, 0x00, 0x00, 0x00, 0x00, 0x00,
    0x00, 0x00, 0x00, 0x00, 0x00, 0x00, 0x00, 0x00, 0x00, 0x00, 0x00, 0x00,
    0x00, 0x00, 0x00, 0x00, 0x00, 0x00, 0x00, 0x00, 0x00, 0x00, 0x00, 0x00,
    0x00, 0x00, 0x00, 0x00, 0x00, 0x00, 0x00, 0x00, 0x00, 0x00, 0x00, 0x00,
    0x00, 0x00, 0x00, 0x00, 0x00, 0x00, 0x00, 0x00, 0x00, 0x00, 0x00, 0x00,
    0x00, 0x00, 0x00, 0x00, 0x00, 0x00, 0x00, 0x00, 0x00, 0x00, 0x00, 0x00,
    0x00, 0x00, 0x00, 0x00, 0x00, 0x00, 0x00, 0x00, 0x00, 0x00, 0x00, 0x00,
    0x00, 0x00, 0x00, 0x00, 0x00, 0x00, 0x00, 0x00, 0x00, 0x00, 0x00, 0x00,
    0x00, 0x00, 0x00, 0x00, 0x00, 0x00, 0x00, 0x00, 0x00, 0x00, 0x00, 0x00,
    0x00, 0x00, 0x00, 0x00, 0x00, 0x00, 0x00, 0x00, 0x00, 0x00, 0x00, 0x00,
    0x00, 0x00, 0x00, 0x04, 0x00, 0x00, 0x00, 0x04, 0x00, 0x00, 0x00, 0x08,
    0x00, 0x00, 0x00, 0x0c, 0x00, 0x00, 0x00, 0x10, 0x00, 0x00, 0x00, 0x18,
    0x00, 0x00, 0x00, 0x20, 0x00, 0x00, 0x00, 0x28, 0x00, 0x00, 0x00, 0x34,
    0x00, 0x00, 0x00, 0x41, 0x00, 0x00, 0x00, 0x51, 0x00, 0x00, 0x00, 0x61,
    0x00, 0x04, 0x00, 0x75, 0x28, 0x1c, 0x08, 0xdb, 0x30, 0x20, 0x08, 0xff,
    0x30, 0x20, 0x08, 0xff, 0x28, 0x1c, 0x08, 0xff, 0x30, 0x1c, 0x08, 0xff,
    0x28, 0x1c, 0x00, 0xff, 0x28, 0x18, 0x08, 0xff, 0x28, 0x1c, 0x00, 0xff,
    0x28, 0x1c, 0x00, 0xff, 0x28, 0x1c, 0x08, 0xff, 0x28, 0x1c, 0x00, 0xff,
    0x28, 0x18, 0x08, 0xff, 0x28, 0x1c, 0x00, 0xff, 0x28, 0x1c, 0x00, 0xff,
    0x28, 0x1c, 0x08, 0xff, 0x28, 0x18, 0x08, 0xff, 0x28, 0x1c, 0x00, 0xff,
    0x28, 0x1c, 0x00, 0xff, 0x28, 0x1c, 0x00, 0xff, 0x28, 0x1c, 0x08, 0xff,
    0x28, 0x1c, 0x00, 0xff, 0x28, 0x18, 0x00, 0xff, 0x28, 0x1c, 0x00, 0xff,
    0x28, 0x1c, 0x00, 0xff, 0x28, 0x1c, 0x08, 0xff, 0x28, 0x1c, 0x00, 0xff,
    0x28, 0x18, 0x00, 0xff, 0x28, 0x18, 0x08, 0xff, 0x28, 0x1c, 0x00, 0xff,
    0x28, 0x1c, 0x08, 0xff, 0x28, 0x1c, 0x00, 0xff, 0x28, 0x18, 0x00, 0xff,
    0x28, 0x1c, 0x00, 0xff, 0x28, 0x1c, 0x00, 0xff, 0x28, 0x18, 0x08, 0xff,
    0x28, 0x1c, 0x08, 0xff, 0x28, 0x18, 0x00, 0xff, 0x28, 0x1c, 0x00, 0xff,
    0x28, 0x18, 0x00, 0xff, 0x28, 0x1c, 0x00, 0xff, 0x28, 0x18, 0x08, 0xff,
    0x28, 0x1c, 0x00, 0xff, 0x28, 0x1c, 0x00, 0xff, 0x28, 0x18, 0x00, 0xff,
    0x28, 0x1c, 0x00, 0xff, 0x28, 0x18, 0x08, 0xff, 0x28, 0x18, 0x00, 0xff,
    0x28, 0x1c, 0x00, 0xff, 0x28, 0x18, 0x08, 0xff, 0x28, 0x18, 0x00, 0xff,
    0x28, 0x1c, 0x08, 0xff, 0x28, 0x1c, 0x00, 0xff, 0x28, 0x18, 0x08, 0xff,
    0x28, 0x1c, 0x00, 0xff, 0x28, 0x18, 0x00, 0xff, 0x28, 0x18, 0x00, 0xff,
    0x28, 0x1c, 0x00, 0xff, 0x28, 0x18, 0x08, 0xff, 0x28, 0x1c, 0x00, 0xff,
    0x28, 0x1c, 0x00, 0xff, 0x28, 0x18, 0x08, 0xff, 0x28, 0x1c, 0x08, 0xff,
    0x28, 0x1c, 0x00, 0xff, 0x28, 0x18, 0x08, 0xff, 0x28, 0x1c, 0x00, 0xff,
    0x28, 0x18, 0x00, 0xff, 0x28, 0x18, 0x00, 0xff, 0x28, 0x18, 0x08, 0xff,
    0x28, 0x1c, 0x00, 0xff, 0x28, 0x18, 0x00, 0xff, 0x28, 0x1c, 0x00, 0xff,
    0x28, 0x1c, 0x00, 0xff, 0x28, 0x1c, 0x00, 0xff, 0x28, 0x18, 0x00, 0xff,
    0x28, 0x1c, 0x08, 0xff, 0x28, 0x1c, 0x00, 0xff, 0x28, 0x18, 0x00, 0xff,
    0x28, 0x1c, 0x00, 0xff, 0x28, 0x18, 0x08, 0xff, 0x28, 0x1c, 0x00, 0xff,
    0x28, 0x1c, 0x08, 0xff, 0x28, 0x18, 0x00, 0xff, 0x28, 0x18, 0x08, 0xff,
    0x28, 0x1c, 0x08, 0xff, 0x28, 0x18, 0x00, 0xff, 0x28, 0x1c, 0x00, 0xff,
    0x28, 0x1c, 0x08, 0xff, 0x28, 0x18, 0x00, 0xff, 0x28, 0x18, 0x00, 0xff,
    0x28, 0x1c, 0x00, 0xff, 0x28, 0x1c, 0x08, 0xff, 0x28, 0x18, 0x00, 0xff,
    0x28, 0x18, 0x00, 0xff, 0x28, 0x1c, 0x00, 0xff, 0x28, 0x18, 0x00, 0xff,
    0x28, 0x1c, 0x08, 0xff, 0x28, 0x1c, 0x00, 0xff, 0x28, 0x1c, 0x00, 0xff,
    0x28, 0x1c, 0x08, 0xff, 0x28, 0x1c, 0x00, 0xff, 0x28, 0x18, 0x00, 0xff,
    0x28, 0x1c, 0x00, 0xff, 0x28, 0x18, 0x08, 0xff, 0x28, 0x18, 0x00, 0xff,
    0x28, 0x1c, 0x00, 0xff, 0x28, 0x18, 0x00, 0xff, 0x28, 0x1c, 0x08, 0xff,
    0x28, 0x18, 0x00, 0xff, 0x28, 0x18, 0x00, 0xff, 0x28, 0x1c, 0x00, 0xff,
    0x28, 0x18, 0x08, 0xff, 0x28, 0x1c, 0x00, 0xff, 0x28, 0x1c, 0x00, 0xff,
    0x28, 0x1c, 0x00, 0xff, 0x30, 0x1c, 0x08, 0xff, 0x28, 0x1c, 0x00, 0xff,
    0x30, 0x20, 0x08, 0xff, 0x30, 0x20, 0x08, 0xff, 0x28, 0x1c, 0x08, 0xdb,
    0x00, 0x04, 0x00, 0x75, 0x00, 0x00, 0x00, 0x61, 0x00, 0x00, 0x00, 0x51,
    0x00, 0x00, 0x00, 0x41, 0x00, 0x00, 0x00, 0x34, 0x00, 0x00, 0x00, 0x28,
    0x00, 0x00, 0x00, 0x20, 0x00, 0x00, 0x00, 0x18, 0x00, 0x00, 0x00, 0x10,
    0x00, 0x00, 0x00, 0x0c, 0x00, 0x00, 0x00, 0x08, 0x00, 0x00, 0x00, 0x04,
    0x00, 0x00, 0x00, 0x00, 0x00, 0x00, 0x00, 0x00, 0x00, 0x00, 0x00, 0x04,
    0x00, 0x00, 0x00, 0x00, 0x00, 0x00, 0x00, 0x00, 0x00, 0x00, 0x00, 0x00,
    0x00, 0x00, 0x00, 0x00, 0x00, 0x00, 0x00, 0x00, 0x00, 0x00, 0x00, 0x00,
    0x00, 0x00, 0x00, 0x00, 0x00, 0x00, 0x00, 0x00, 0x00, 0x00, 0x00, 0x00,
    0x00, 0x00, 0x00, 0x00, 0x00, 0x00, 0x00, 0x00, 0x00, 0x00, 0x00, 0x00,
    0x00, 0x00, 0x00, 0x00, 0x00, 0x00, 0x00, 0x00, 0x00, 0x00, 0x00, 0x00,
    0x00, 0x00, 0x00, 0x00, 0x00, 0x00, 0x00, 0x00, 0x00, 0x00, 0x00, 0x00,
    0x00, 0x00, 0x00, 0x00, 0x00, 0x00, 0x00, 0x00, 0x00, 0x00, 0x00, 0x00,
    0x00, 0x00, 0x00, 0x00, 0x00, 0x00, 0x00, 0x00, 0x00, 0x00, 0x00, 0x00,
    0x00, 0x00, 0x00, 0x00, 0x00, 0x00, 0x00, 0x00, 0x00, 0x00, 0x00, 0x00,
    0x00, 0x00, 0x00, 0x00, 0x00, 0x00, 0x00, 0x00, 0x00, 0x00, 0x00, 0x00,
    0x00, 0x00, 0x00, 0x00, 0x00, 0x00, 0x00, 0x00, 0x00, 0x00, 0x00, 0x00,
    0x00, 0x00, 0x00, 0x00, 0x00, 0x00, 0x00, 0x00, 0x00, 0x00, 0x00, 0x00,
    0x00, 0x00, 0x00, 0x00, 0x00, 0x00, 0x00, 0x00, 0x00, 0x00, 0x00, 0x00,
    0x00, 0x00, 0x00, 0x00, 0x00, 0x00, 0x00, 0x00, 0x00, 0x00, 0x00, 0x00,
    0x00, 0x00, 0x00, 0x00, 0x00, 0x00, 0x00, 0x00, 0x00, 0x00, 0x00, 0x00,
    0x00, 0x00, 0x00, 0x04, 0x00, 0x00, 0x00, 0x04, 0x00, 0x00, 0x00, 0x08,
    0x00, 0x00, 0x00, 0x0c, 0x00, 0x00, 0x00, 0x10, 0x00, 0x00, 0x00, 0x18,
    0x00, 0x00, 0x00, 0x20, 0x00, 0x00, 0x00, 0x2c, 0x00, 0x00, 0x00, 0x34,
    0x00, 0x00, 0x00, 0x41, 0x00, 0x00, 0x00, 0x51, 0x00, 0x00, 0x00, 0x61,
    0x00, 0x04, 0x00, 0x71, 0x28, 0x1c, 0x08, 0xd3, 0x30, 0x20, 0x08, 0xff,
    0x28, 0x20, 0x08, 0xff, 0x28, 0x20, 0x08, 0xff, 0x28, 0x1c, 0x08, 0xff,
    0x28, 0x1c, 0x00, 0xff, 0x28, 0x1c, 0x00, 0xff, 0x28, 0x18, 0x00, 0xff,
    0x28, 0x1c, 0x08, 0xff, 0x28, 0x18, 0x00, 0xff, 0x28, 0x1c, 0x00, 0xff,
    0x28, 0x1c, 0x08, 0xff, 0x28, 0x18, 0x00, 0xff, 0x28, 0x18, 0x00, 0xff,
    0x28, 0x1c, 0x00, 0xff, 0x28, 0x1c, 0x00, 0xff, 0x28, 0x1c, 0x00, 0xff,
    0x28, 0x18, 0x08, 0xff, 0x28, 0x1c, 0x00, 0xff, 0x28, 0x18, 0x00, 0xff,
    0x28, 0x1c, 0x00, 0xff, 0x28, 0x18, 0x00, 0xff, 0x28, 0x1c, 0x08, 0xff,
    0x28, 0x1c, 0x00, 0xff, 0x28, 0x1c, 0x00, 0xff, 0x28, 0x1c, 0x00, 0xff,
    0x28, 0x18, 0x08, 0xff, 0x28, 0x1c, 0x00, 0xff, 0x28, 0x1c, 0x00, 0xff,
    0x28, 0x18, 0x00, 0xff, 0x28, 0x1c, 0x08, 0xff, 0x28, 0x1c, 0x00, 0xff,
    0x28, 0x1c, 0x00, 0xff, 0x28, 0x1c, 0x08, 0xff, 0x28, 0x1c, 0x00, 0xff,
    0x28, 0x1c, 0x08, 0xff, 0x28, 0x18, 0x00, 0xff, 0x28, 0x1c, 0x08, 0xff,
    0x28, 0x1c, 0x00, 0xff, 0x28, 0x1c, 0x00, 0xff, 0x28, 0x18, 0x08, 0xff,
    0x28, 0x1c, 0x00, 0xff, 0x28, 0x1c, 0x00, 0xff, 0x28, 0x1c, 0x08, 0xff,
    0x28, 0x1c, 0x00, 0xff, 0x28, 0x18, 0x00, 0xff, 0x28, 0x1c, 0x08, 0xff,
    0x28, 0x1c, 0x00, 0xff, 0x28, 0x1c, 0x00, 0xff, 0x28, 0x1c, 0x00, 0xff,
    0x28, 0x18, 0x00, 0xff, 0x28, 0x18, 0x08, 0xff, 0x28, 0x1c, 0x00, 0xff,
    0x28, 0x1c, 0x00, 0xff, 0x28, 0x18, 0x00, 0xff, 0x28, 0x1c, 0x08, 0xff,
    0x28, 0x18, 0x08, 0xff, 0x28, 0x1c, 0x00, 0xff, 0x28, 0x18, 0x00, 0xff,
    0x28, 0x18, 0x00, 0xff, 0x28, 0x18, 0x00, 0xff, 0x28, 0x18, 0x00, 0xff,
    0x28, 0x1c, 0x08, 0xff, 0x28, 0x1c, 0x00, 0xff, 0x28, 0x1c, 0x00, 0xff,
    0x28, 0x1c, 0x08, 0xff, 0x28, 0x1c, 0x00, 0xff, 0x28, 0x18, 0x00, 0xff,
    0x28, 0x1c, 0x00, 0xff, 0x28, 0x1c, 0x00, 0xff, 0x28, 0x1c, 0x08, 0xff,
    0x28, 0x18, 0x08, 0xff, 0x28, 0x1c, 0x00, 0xff, 0x28, 0x1c, 0x00, 0xff,
    0x28, 0x1c, 0x08, 0xff, 0x28, 0x18, 0x00, 0xff, 0x28, 0x1c, 0x08, 0xff,
    0x28, 0x18, 0x00, 0xff, 0x28, 0x18, 0x00, 0xff, 0x28, 0x1c, 0x00, 0xff,
    0x28, 0x1c, 0x00, 0xff, 0x28, 0x1c, 0x08, 0xff, 0x28, 0x1c, 0x00, 0xff,
    0x28, 0x1c, 0x00, 0xff, 0x28, 0x18, 0x00, 0xff, 0x28, 0x18, 0x00, 0xff,
    0x28, 0x1c, 0x08, 0xff, 0x28, 0x18, 0x08, 0xff, 0x28, 0x1c, 0x00, 0xff,
    0x28, 0x18, 0x00, 0xff, 0x28, 0x18, 0x08, 0xff, 0x28, 0x1c, 0x00, 0xff,
    0x28, 0x18, 0x08, 0xff, 0x28, 0x1c, 0x08, 0xff, 0x28, 0x1c, 0x00, 0xff,
    0x28, 0x1c, 0x00, 0xff, 0x28, 0x1c, 0x08, 0xff, 0x28, 0x18, 0x08, 0xff,
    0x28, 0x1c, 0x00, 0xff, 0x28, 0x18, 0x00, 0xff, 0x28, 0x18, 0x08, 0xff,
    0x28, 0x1c, 0x00, 0xff, 0x28, 0x18, 0x08, 0xff, 0x28, 0x1c, 0x00, 0xff,
    0x28, 0x18, 0x08, 0xff, 0x28, 0x1c, 0x00, 0xff, 0x28, 0x1c, 0x00, 0xff,
    0x28, 0x18, 0x08, 0xff, 0x28, 0x18, 0x00, 0xff, 0x28, 0x1c, 0x00, 0xff,
    0x28, 0x1c, 0x00, 0xff, 0x28, 0x1c, 0x08, 0xff, 0x30, 0x1c, 0x08, 0xff,
    0x28, 0x1c, 0x00, 0xff, 0x30, 0x20, 0x08, 0xff, 0x30, 0x20, 0x08, 0xff,
    0x28, 0x1c, 0x08, 0xd3, 0x00, 0x04, 0x00, 0x71, 0x00, 0x00, 0x00, 0x61,
    0x00, 0x00, 0x00, 0x51, 0x00, 0x00, 0x00, 0x41, 0x00, 0x00, 0x00, 0x34,
    0x00, 0x00, 0x00, 0x2c, 0x00, 0x00, 0x00, 0x20, 0x00, 0x00, 0x00, 0x18,
    0x00, 0x00, 0x00, 0x10, 0x00, 0x00, 0x00, 0x0c, 0x00, 0x00, 0x00, 0x08,
    0x00, 0x00, 0x00, 0x04, 0x00, 0x00, 0x00, 0x04, 0x00, 0x00, 0x00, 0x00,
    0x00, 0x00, 0x00, 0x00, 0x00, 0x00, 0x00, 0x00, 0x00, 0x00, 0x00, 0x00,
    0x00, 0x00, 0x00, 0x00, 0x00, 0x00, 0x00, 0x00, 0x00, 0x00, 0x00, 0x00,
    0x00, 0x00, 0x00, 0x00, 0x00, 0x00, 0x00, 0x00, 0x00, 0x00, 0x00, 0x00,
    0x00, 0x00, 0x00, 0x00, 0x00, 0x00, 0x00, 0x00, 0x00, 0x00, 0x00, 0x00,
    0x00, 0x00, 0x00, 0x00, 0x00, 0x00, 0x00, 0x00, 0x00, 0x00, 0x00, 0x00,
    0x00, 0x00, 0x00, 0x00, 0x00, 0x00, 0x00, 0x00, 0x00, 0x00, 0x00, 0x00,
    0x00, 0x00, 0x00, 0x00, 0x00, 0x00, 0x00, 0x00, 0x00, 0x00, 0x00, 0x00,
    0x00, 0x00, 0x00, 0x00, 0x00, 0x00, 0x00, 0x00, 0x00, 0x00, 0x00, 0x00,
    0x00, 0x00, 0x00, 0x00, 0x00, 0x00, 0x00, 0x00, 0x00, 0x00, 0x00, 0x00,
    0x00, 0x00, 0x00, 0x00, 0x00, 0x00, 0x00, 0x00, 0x00, 0x00, 0x00, 0x00,
    0x00, 0x00, 0x00, 0x00, 0x00, 0x00, 0x00, 0x00, 0x00, 0x00, 0x00, 0x00,
    0x00, 0x00, 0x00, 0x00, 0x00, 0x00, 0x00, 0x00, 0x00, 0x00, 0x00, 0x00,
    0x00, 0x00, 0x00, 0x00, 0x00, 0x00, 0x00, 0x00, 0x00, 0x00, 0x00, 0x00,
    0x00, 0x00, 0x00, 0x00, 0x00, 0x00, 0x00, 0x00, 0x00, 0x00, 0x00, 0x00,
    0x00, 0x00, 0x00, 0x00, 0x00, 0x00, 0x00, 0x00, 0x00, 0x00, 0x00, 0x00,
    0x00, 0x00, 0x00, 0x00, 0x00, 0x00, 0x00, 0x00, 0x00, 0x00, 0x00, 0x00,
    0x00, 0x00, 0x00, 0x04, 0x00, 0x00, 0x00, 0x04, 0x00, 0x00, 0x00, 0x08,
    0x00, 0x00, 0x00, 0x0c, 0x00, 0x00, 0x00, 0x10, 0x00, 0x00, 0x00, 0x18,
    0x00, 0x00, 0x00, 0x20, 0x00, 0x00, 0x00, 0x28, 0x00, 0x00, 0x00, 0x34,
    0x00, 0x00, 0x00, 0x41, 0x00, 0x00, 0x00, 0x4d, 0x00, 0x00, 0x00, 0x5d,
    0x00, 0x00, 0x00, 0x6d, 0x20, 0x18, 0x08, 0xc3, 0x30, 0x24, 0x08, 0xff,
    0x30, 0x20, 0x08, 0xff, 0x30, 0x1c, 0x08, 0xff, 0x28, 0x1c, 0x00, 0xff,
    0x28, 0x1c, 0x08, 0xff, 0x28, 0x1c, 0x08, 0xff, 0x28, 0x1c, 0x00, 0xff,
    0x28, 0x1c, 0x00, 0xff, 0x28, 0x1c, 0x00, 0xff, 0x28, 0x18, 0x08, 0xff,
    0x28, 0x1c, 0x00, 0xff, 0x28, 0x1c, 0x08, 0xff, 0x28, 0x1c, 0x08, 0xff,
    0x28, 0x18, 0x00, 0xff, 0x28, 0x1c, 0x08, 0xff, 0x28, 0x18, 0x00, 0xff,
    0x28, 0x18, 0x08, 0xff, 0x28, 0x1c, 0x00, 0xff, 0x28, 0x1c, 0x08, 0xff,
    0x28, 0x1c, 0x00, 0xff, 0x28, 0x18, 0x00, 0xff, 0x28, 0x18, 0x00, 0xff,
    0x28, 0x1c, 0x08, 0xff, 0x28, 0x1c, 0x08, 0xff, 0x28, 0x18, 0x00, 0xff,
    0x28, 0x1c, 0x00, 0xff, 0x28, 0x1c, 0x08, 0xff, 0x28, 0x1c, 0x00, 0xff,
    0x28, 0x18, 0x00, 0xff, 0x28, 0x18, 0x08, 0xff, 0x28, 0x18, 0x00, 0xff,
    0x28, 0x18, 0x00, 0xff, 0x28, 0x1c, 0x00, 0xff, 0x28, 0x1c, 0x00, 0xff,
    0x28, 0x1c, 0x08, 0xff, 0x28, 0x18, 0x00, 0xff, 0x28, 0x18, 0x00, 0xff,
    0x28, 0x18, 0x08, 0xff, 0x28, 0x1c, 0x00, 0xff, 0x28, 0x18, 0x08, 0xff,
    0x28, 0x1c, 0x08, 0xff, 0x28, 0x18, 0x00, 0xff, 0x28, 0x1c, 0x00, 0xff,
    0x28, 0x1c, 0x00, 0xff, 0x28, 0x18, 0x00, 0xff, 0x28, 0x1c, 0x08, 0xff,
    0x28, 0x18, 0x00, 0xff, 0x28, 0x1c, 0x00, 0xff, 0x28, 0x1c, 0x00, 0xff,
    0x28, 0x1c, 0x08, 0xff, 0x28, 0x1c, 0x08, 0xff, 0x28, 0x1c, 0x00, 0xff,
    0x28, 0x1c, 0x08, 0xff, 0x28, 0x18, 0x00, 0xff, 0x28, 0x1c, 0x00, 0xff,
    0x28, 0x1c, 0x00, 0xff, 0x28, 0x1c, 0x08, 0xff, 0x28, 0x1c, 0x08, 0xff,
    0x28, 0x1c, 0x00, 0xff, 0x28, 0x1c, 0x00, 0xff, 0x28, 0x18, 0x00, 0xff,
    0x28, 0x1c, 0x08, 0xff, 0x28, 0x18, 0x00, 0xff, 0x28, 0x1c, 0x00, 0xff,
    0x28, 0x1c, 0x00, 0xff, 0x28, 0x1c, 0x08, 0xff, 0x28, 0x1c, 0x00, 0xff,
    0x28, 0x18, 0x00, 0xff, 0x28, 0x18, 0x00, 0xff, 0x28, 0x1c, 0x00, 0xff,
    0x28, 0x18, 0x00, 0xff, 0x28, 0x1c, 0x00, 0xff, 0x28, 0x18, 0x08, 0xff,
    0x28, 0x18, 0x00, 0xff, 0x28, 0x1c, 0x00, 0xff, 0x28, 0x1c, 0x08, 0xff,
    0x28, 0x1c, 0x00, 0xff, 0x28, 0x18, 0x08, 0xff, 0x28, 0x1c, 0x00, 0xff,
    0x28, 0x1c, 0x00, 0xff, 0x28, 0x1c, 0x00, 0xff, 0x28, 0x1c, 0x08, 0xff,
    0x28, 0x1c, 0x00, 0xff, 0x28, 0x1c, 0x00, 0xff, 0x28, 0x1c, 0x00, 0xff,
    0x28, 0x1c, 0x08, 0xff, 0x28, 0x18, 0x00, 0xff, 0x28, 0x1c, 0x00, 0xff,
    0x28, 0x1c, 0x08, 0xff, 0x28, 0x1c, 0x00, 0xff, 0x28, 0x1c, 0x00, 0xff,
    0x28, 0x1c, 0x00, 0xff, 0x28, 0x18, 0x00, 0xff, 0x28, 0x18, 0x08, 0xff,
    0x28, 0x18, 0x00, 0xff, 0x28, 0x1c, 0x00, 0xff, 0x28, 0x18, 0x00, 0xff,
    0x28, 0x1c, 0x08, 0xff, 0x28, 0x1c, 0x00, 0xff, 0x28, 0x1c, 0x00, 0xff,
    0x28, 0x18, 0x00, 0xff, 0x28, 0x1c, 0x00, 0xff, 0x28, 0x1c, 0x00, 0xff,
    0x28, 0x18, 0x08, 0xff, 0x28, 0x1c, 0x00, 0xff, 0x28, 0x1c, 0x08, 0xff,
    0x28, 0x18, 0x00, 0xff, 0x28, 0x1c, 0x08, 0xff, 0x28, 0x1c, 0x08, 0xff,
    0x28, 0x1c, 0x08, 0xff, 0x28, 0x20, 0x08, 0xff, 0x28, 0x20, 0x08, 0xff,
    0x30, 0x20, 0x08, 0xff, 0x20, 0x1c, 0x08, 0xc7, 0x00, 0x00, 0x00, 0x71,
    0x00, 0x00, 0x00, 0x5d, 0x00, 0x00, 0x00, 0x4d, 0x00, 0x00, 0x00, 0x41,
    0x00, 0x00, 0x00, 0x34, 0x00, 0x00, 0x00, 0x28, 0x00, 0x00, 0x00, 0x20,
    0x00, 0x00, 0x00, 0x18, 0x00, 0x00, 0x00, 0x10, 0x00, 0x00, 0x00, 0x0c,
    0x00, 0x00, 0x00, 0x08, 0x00, 0x00, 0x00, 0x04, 0x00, 0x00, 0x00, 0x04,
    0x00, 0x00, 0x00, 0x00, 0x00, 0x00, 0x00, 0x00, 0x00, 0x00, 0x00, 0x00,
    0x00, 0x00, 0x00, 0x00, 0x00, 0x00, 0x00, 0x00, 0x00, 0x00, 0x00, 0x00,
    0x00, 0x00, 0x00, 0x00, 0x00, 0x00, 0x00, 0x00, 0x00, 0x00, 0x00, 0x00,
    0x00, 0x00, 0x00, 0x00, 0x00, 0x00, 0x00, 0x00, 0x00, 0x00, 0x00, 0x00,
    0x00, 0x00, 0x00, 0x00, 0x00, 0x00, 0x00, 0x00, 0x00, 0x00, 0x00, 0x00,
    0x00, 0x00, 0x00, 0x00, 0x00, 0x00, 0x00, 0x00, 0x00, 0x00, 0x00, 0x00,
    0x00, 0x00, 0x00, 0x00, 0x00, 0x00, 0x00, 0x00, 0x00, 0x00, 0x00, 0x00,
    0x00, 0x00, 0x00, 0x00, 0x00, 0x00, 0x00, 0x00, 0x00, 0x00, 0x00, 0x00,
    0x00, 0x00, 0x00, 0x00, 0x00, 0x00, 0x00, 0x00, 0x00, 0x00, 0x00, 0x00,
    0x00, 0x00, 0x00, 0x00, 0x00, 0x00, 0x00, 0x00, 0x00, 0x00, 0x00, 0x00,
    0x00, 0x00, 0x00, 0x00, 0x00, 0x00, 0x00, 0x00, 0x00, 0x00, 0x00, 0x00,
    0x00, 0x00, 0x00, 0x00, 0x00, 0x00, 0x00, 0x00, 0x00, 0x00, 0x00, 0x00,
    0x00, 0x00, 0x00, 0x00, 0x00, 0x00, 0x00, 0x00, 0x00, 0x00, 0x00, 0x00,
    0x00, 0x00, 0x00, 0x00, 0x00, 0x00, 0x00, 0x00, 0x00, 0x00, 0x00, 0x00,
    0x00, 0x00, 0x00, 0x00, 0x00, 0x00, 0x00, 0x00, 0x00, 0x00, 0x00, 0x00,
    0x00, 0x00, 0x00, 0x00, 0x00, 0x00, 0x00, 0x00, 0x00, 0x00, 0x00, 0x00,
    0x00, 0x00, 0x00, 0x00, 0x00, 0x00, 0x00, 0x00, 0x00, 0x00, 0x00, 0x04,
    0x00, 0x00, 0x00, 0x04, 0x00, 0x00, 0x00, 0x04, 0x00, 0x00, 0x00, 0x08,
    0x00, 0x00, 0x00, 0x0c, 0x00, 0x00, 0x00, 0x10, 0x00, 0x00, 0x00, 0x18,
    0x00, 0x00, 0x00, 0x20, 0x00, 0x00, 0x00, 0x28, 0x00, 0x00, 0x00, 0x34,
    0x00, 0x00, 0x00, 0x41, 0x00, 0x00, 0x00, 0x4d, 0x00, 0x00, 0x00, 0x5d,
    0x00, 0x00, 0x00, 0x6d, 0x18, 0x14, 0x08, 0xae, 0x30, 0x20, 0x08, 0xff,
    0x30, 0x20, 0x08, 0xff, 0x28, 0x1c, 0x08, 0xff, 0x28, 0x1c, 0x08, 0xff,
    0x28, 0x1c, 0x00, 0xff, 0x28, 0x1c, 0x08, 0xff, 0x28, 0x18, 0x08, 0xff,
    0x28, 0x1c, 0x00, 0xff, 0x28, 0x18, 0x00, 0xff, 0x28, 0x18, 0x00, 0xff,
    0x28, 0x1c, 0x00, 0xff, 0x28, 0x18, 0x00, 0xff, 0x28, 0x18, 0x08, 0xff,
    0x28, 0x1c, 0x00, 0xff, 0x28, 0x1c, 0x00, 0xff, 0x28, 0x18, 0x00, 0xff,
    0x28, 0x1c, 0x08, 0xff, 0x28, 0x18, 0x00, 0xff, 0x28, 0x1c, 0x00, 0xff,
    0x28, 0x18, 0x08, 0xff, 0x28, 0x18, 0x00, 0xff, 0x28, 0x1c, 0x00, 0xff,
    0x28, 0x18, 0x00, 0xff, 0x28, 0x1c, 0x00, 0xff, 0x28, 0x1c, 0x00, 0xff,
    0x28, 0x18, 0x00, 0xff, 0x28, 0x1c, 0x00, 0xff, 0x28, 0x1c, 0x08, 0xff,
    0x28, 0x18, 0x00, 0xff, 0x28, 0x1c, 0x08, 0xff, 0x28, 0x18, 0x00, 0xff,
    0x28, 0x1c, 0x00, 0xff, 0x28, 0x1c, 0x08, 0xff, 0x28, 0x18, 0x00, 0xff,
    0x28, 0x18, 0x00, 0xff, 0x28, 0x1c, 0x00, 0xff, 0x28, 0x1c, 0x08, 0xff,
    0x28, 0x1c, 0x00, 0xff, 0x28, 0x1c, 0x00, 0xff, 0x28, 0x1c, 0x00, 0xff,
    0x28, 0x18, 0x00, 0xff, 0x28, 0x1c, 0x08, 0xff, 0x28, 0x18, 0x08, 0xff,
    0x28, 0x1c, 0x00, 0xff, 0x28, 0x1c, 0x00, 0xff, 0x28, 0x18, 0x08, 0xff,
    0x28, 0x1c, 0x00, 0xff, 0x28, 0x1c, 0x08, 0xff, 0x28, 0x18, 0x00, 0xff,
    0x28, 0x18, 0x00, 0xff, 0x28, 0x1c, 0x00, 0xff, 0x28, 0x18, 0x00, 0xff,
    0x28, 0x1c, 0x08, 0xff, 0x28, 0x1c, 0x00, 0xff, 0x28, 0x18, 0x00, 0xff,
    0x28, 0x18, 0x08, 0xff, 0x28, 0x1c, 0x00, 0xff, 0x28, 0x18, 0x08, 0xff,
    0x28, 0x18, 0x00, 0xff, 0x28, 0x1c, 0x00, 0xff, 0x28, 0x1c, 0x08, 0xff,
    0x28, 0x18, 0x00, 0xff, 0x28, 0x18, 0x00, 0xff, 0x28, 0x18, 0x08, 0xff,
    0x28, 0x18, 0x00, 0xff, 0x28, 0x1c, 0x08, 0xff, 0x28, 0x18, 0x00, 0xff,
    0x28, 0x1c, 0x00, 0xff, 0x28, 0x18, 0x08, 0xff, 0x28, 0x1c, 0x00, 0xff,
    0x28, 0x1c, 0x08, 0xff, 0x28, 0x1c, 0x00, 0xff, 0x28, 0x1c, 0x00, 0xff,
    0x28, 0x18, 0x00, 0xff, 0x28, 0x1c, 0x08, 0xff, 0x28, 0x1c, 0x00, 0xff,
    0x28, 0x1c, 0x00, 0xff, 0x28, 0x18, 0x00, 0xff, 0x28, 0x18, 0x00, 0xff,
    0x28, 0x18, 0x00, 0xff, 0x28, 0x1c, 0x00, 0xff, 0x28, 0x18, 0x08, 0xff,
    0x28, 0x18, 0x00, 0xff, 0x28, 0x1c, 0x08, 0xff, 0x28, 0x18, 0x00, 0xff,
    0x28, 0x1c, 0x00, 0xff, 0x28, 0x1c, 0x08, 0xff, 0x28, 0x1c, 0x00, 0xff,
    0x28, 0x18, 0x00, 0xff, 0x28, 0x1c, 0x00, 0xff, 0x28, 0x18, 0x00, 0xff,
    0x28, 0x1c, 0x08, 0xff, 0x28, 0x1c, 0x00, 0xff, 0x28, 0x1c, 0x00, 0xff,
    0x28, 0x18, 0x08, 0xff, 0x28, 0x1c, 0x00, 0xff, 0x28, 0x18, 0x08, 0xff,
    0x28, 0x1c, 0x00, 0xff, 0x28, 0x1c, 0x00, 0xff, 0x28, 0x1c, 0x08, 0xff,
    0x28, 0x18, 0x00, 0xff, 0x28, 0x1c, 0x00, 0xff, 0x28, 0x18, 0x08, 0xff,
    0x28, 0x1c, 0x00, 0xff, 0x28, 0x1c, 0x00, 0xff, 0x28, 0x1c, 0x08, 0xff,
    0x28, 0x1c, 0x00, 0xff, 0x28, 0x1c, 0x00, 0xff, 0x30, 0x1c, 0x08, 0xff,
    0x30, 0x20, 0x08, 0xff, 0x30, 0x24, 0x08, 0xff, 0x20, 0x14, 0x08, 0xb2,
    0x00, 0x00, 0x00, 0x6d, 0x00, 0x00, 0x00, 0x5d, 0x00, 0x00, 0x00, 0x4d,
    0x00, 0x00, 0x00, 0x41, 0x00, 0x00, 0x00, 0x34, 0x00, 0x00, 0x00, 0x28,
    0x00, 0x00, 0x00, 0x20, 0x00, 0x00, 0x00, 0x18, 0x00, 0x00, 0x00, 0x10,
    0x00, 0x00, 0x00, 0x0c, 0x00, 0x00, 0x00, 0x08, 0x00, 0x00, 0x00, 0x04,
    0x00, 0x00, 0x00, 0x04, 0x00, 0x00, 0x00, 0x00, 0x00, 0x00, 0x00, 0x00,
    0x00, 0x00, 0x00, 0x00, 0x00, 0x00, 0x00, 0x00, 0x00, 0x00, 0x00, 0x00,
    0x00, 0x00, 0x00, 0x00, 0x00, 0x00, 0x00, 0x00, 0x00, 0x00, 0x00, 0x00,
    0x00, 0x00, 0x00, 0x00, 0x00, 0x00, 0x00, 0x00, 0x00, 0x00, 0x00, 0x00,
    0x00, 0x00, 0x00, 0x00, 0x00, 0x00, 0x00, 0x00, 0x00, 0x00, 0x00, 0x00,
    0x00, 0x00, 0x00, 0x00, 0x00, 0x00, 0x00, 0x00, 0x00, 0x00, 0x00, 0x00,
    0x00, 0x00, 0x00, 0x00, 0x00, 0x00, 0x00, 0x00, 0x00, 0x00, 0x00, 0x00,
    0x00, 0x00, 0x00, 0x00, 0x00, 0x00, 0x00, 0x00, 0x00, 0x00, 0x00, 0x00,
    0x00, 0x00, 0x00, 0x00, 0x00, 0x00, 0x00, 0x00, 0x00, 0x00, 0x00, 0x00,
    0x00, 0x00, 0x00, 0x00, 0x00, 0x00, 0x00, 0x00, 0x00, 0x00, 0x00, 0x00,
    0x00, 0x00, 0x00, 0x00, 0x00, 0x00, 0x00, 0x00, 0x00, 0x00, 0x00, 0x00,
    0x00, 0x00, 0x00, 0x00, 0x00, 0x00, 0x00, 0x00, 0x00, 0x00, 0x00, 0x00,
    0x00, 0x00, 0x00, 0x00, 0x00, 0x00, 0x00, 0x00, 0x00, 0x00, 0x00, 0x00,
    0x00, 0x00, 0x00, 0x00, 0x00, 0x00, 0x00, 0x00, 0x00, 0x00, 0x00, 0x00,
    0x00, 0x00, 0x00, 0x00, 0x00, 0x00, 0x00, 0x00, 0x00, 0x00, 0x00, 0x00,
    0x00, 0x00, 0x00, 0x00, 0x00, 0x00, 0x00, 0x00, 0x00, 0x00, 0x00, 0x00,
    0x00, 0x00, 0x00, 0x00, 0x00, 0x00, 0x00, 0x00, 0x00, 0x00, 0x00, 0x00,
    0x00, 0x00, 0x00, 0x00, 0x00, 0x00, 0x00, 0x00, 0x00, 0x00, 0x00, 0x00,
    0x00, 0x00, 0x00, 0x04, 0x00, 0x00, 0x00, 0x04, 0x00, 0x00, 0x00, 0x08,
    0x00, 0x00, 0x00, 0x0c, 0x00, 0x00, 0x00, 0x10, 0x00, 0x00, 0x00, 0x18,
    0x00, 0x00, 0x00, 0x20, 0x00, 0x00, 0x00, 0x28, 0x00, 0x00, 0x00, 0x34,
    0x00, 0x00, 0x00, 0x41, 0x00, 0x00, 0x00, 0x4d, 0x00, 0x00, 0x00, 0x59,
    0x00, 0x00, 0x00, 0x69, 0x10, 0x10, 0x08, 0x9e, 0x28, 0x20, 0x08, 0xf7,
    0x30, 0x20, 0x08, 0xff, 0x28, 0x20, 0x08, 0xff, 0x30, 0x1c, 0x08, 0xff,
    0x28, 0x1c, 0x00, 0xff, 0x28, 0x1c, 0x08, 0xff, 0x28, 0x18, 0x00, 0xff,
    0x28, 0x1c, 0x08, 0xff, 0x28, 0x1c, 0x00, 0xff, 0x28, 0x18, 0x00, 0xff,
    0x28, 0x1c, 0x08, 0xff, 0x28, 0x1c, 0x00, 0xff, 0x28, 0x18, 0x00, 0xff,
    0x28, 0x1c, 0x08, 0xff, 0x28, 0x1c, 0x00, 0xff, 0x28, 0x18, 0x00, 0xff,
    0x28, 0x1c, 0x00, 0xff, 0x28, 0x1c, 0x08, 0xff, 0x28, 0x1c, 0x08, 0xff,
    0x28, 0x18, 0x00, 0xff, 0x28, 0x1c, 0x00, 0xff, 0x28, 0x18, 0x00, 0xff,
    0x28, 0x18, 0x08, 0xff, 0x28, 0x1c, 0x08, 0xff, 0x28, 0x18, 0x00, 0xff,
    0x28, 0x18, 0x00, 0xff, 0x28, 0x1c, 0x00, 0xff, 0x28, 0x1c, 0x00, 0xff,
    0x28, 0x18, 0x00, 0xff, 0x28, 0x1c, 0x08, 0xff, 0x28, 0x1c, 0x00, 0xff,
    0x28, 0x18, 0x08, 0xff, 0x28, 0x1c, 0x00, 0xff, 0x28, 0x1c, 0x00, 0xff,
    0x28, 0x1c, 0x08, 0xff, 0x28, 0x1c, 0x00, 0xff, 0x28, 0x18, 0x00, 0xff,
    0x28, 0x1c, 0x00, 0xff, 0x28, 0x1c, 0x08, 0xff, 0x28, 0x1c, 0x00, 0xff,
    0x28, 0x1c, 0x00, 0xff, 0x28, 0x18, 0x00, 0xff, 0x28, 0x1c, 0x08, 0xff,
    0x28, 0x18, 0x00, 0xff, 0x28, 0x1c, 0x00, 0xff, 0x28, 0x1c, 0x00, 0xff,
    0x28, 0x18, 0x08, 0xff, 0x28, 0x1c, 0x00, 0xff, 0x28, 0x18, 0x00, 0xff,
    0x28, 0x1c, 0x00, 0xff, 0x28, 0x1c, 0x00, 0xff, 0x28, 0x18, 0x08, 0xff,
    0x28, 0x1c, 0x00, 0xff, 0x28, 0x18, 0x00, 0xff, 0x28, 0x18, 0x00, 0xff,
    0x28, 0x1c, 0x00, 0xff, 0x28, 0x1c, 0x00, 0xff, 0x28, 0x1c, 0x00, 0xff,
    0x28, 0x18, 0x08, 0xff, 0x28, 0x1c, 0x00, 0xff, 0x28, 0x1c, 0x08, 0xff,
    0x28, 0x1c, 0x00, 0xff, 0x28, 0x1c, 0x00, 0xff, 0x28, 0x1c, 0x00, 0xff,
    0x28, 0x18, 0x08, 0xff, 0x28, 0x1c, 0x08, 0xff, 0x28, 0x1c, 0x00, 0xff,
    0x28, 0x18, 0x08, 0xff, 0x28, 0x18, 0x00, 0xff, 0x28, 0x1c, 0x00, 0xff,
    0x28, 0x18, 0x00, 0xff, 0x28, 0x1c, 0x08, 0xff, 0x28, 0x1c, 0x00, 0xff,
    0x28, 0x18, 0x00, 0xff, 0x28, 0x18, 0x08, 0xff, 0x28, 0x1c, 0x00, 0xff,
    0x28, 0x1c, 0x00, 0xff, 0x28, 0x1c, 0x08, 0xff, 0x28, 0x18, 0x08, 0xff,
    0x28, 0x18, 0x00, 0xff, 0x28, 0x1c, 0x00, 0xff, 0x28, 0x18, 0x00, 0xff,
    0x28, 0x1c, 0x08, 0xff, 0x28, 0x1c, 0x00, 0xff, 0x28, 0x18, 0x00, 0xff,
    0x28, 0x18, 0x08, 0xff, 0x28, 0x1c, 0x00, 0xff, 0x28, 0x1c, 0x00, 0xff,
    0x28, 0x18, 0x08, 0xff, 0x28, 0x18, 0x00, 0xff, 0x28, 0x1c, 0x00, 0xff,
    0x28, 0x1c, 0x00, 0xff, 0x28, 0x1c, 0x08, 0xff, 0x28, 0x18, 0x00, 0xff,
    0x28, 0x1c, 0x00, 0xff, 0x28, 0x18, 0x08, 0xff, 0x28, 0x1c, 0x00, 0xff,
    0x28, 0x1c, 0x00, 0xff, 0x28, 0x1c, 0x08, 0xff, 0x28, 0x1c, 0x00, 0xff,
    0x28, 0x18, 0x00, 0xff, 0x28, 0x18, 0x00, 0xff, 0x28, 0x1c, 0x00, 0xff,
    0x28, 0x1c, 0x00, 0xff, 0x28, 0x1c, 0x08, 0xff, 0x30, 0x1c, 0x08, 0xff,
    0x28, 0x20, 0x08, 0xff, 0x30, 0x20, 0x08, 0xff, 0x28, 0x20, 0x08, 0xf7,
    0x18, 0x10, 0x08, 0x9e, 0x00, 0x00, 0x00, 0x69, 0x00, 0x00, 0x00, 0x59,
    0x00, 0x00, 0x00, 0x4d, 0x00, 0x00, 0x00, 0x41, 0x00, 0x00, 0x00, 0x34,
    0x00, 0x00, 0x00, 0x28, 0x00, 0x00, 0x00, 0x20, 0x00, 0x00, 0x00, 0x18,
    0x00, 0x00, 0x00, 0x10, 0x00, 0x00, 0x00, 0x0c, 0x00, 0x00, 0x00, 0x08,
    0x00, 0x00, 0x00, 0x04, 0x00, 0x00, 0x00, 0x04, 0x00, 0x00, 0x00, 0x00,
    0x00, 0x00, 0x00, 0x00, 0x00, 0x00, 0x00, 0x00, 0x00, 0x00, 0x00, 0x00,
    0x00, 0x00, 0x00, 0x00, 0x00, 0x00, 0x00, 0x00, 0x00, 0x00, 0x00, 0x00,
    0x00, 0x00, 0x00, 0x00, 0x00, 0x00, 0x00, 0x00, 0x00, 0x00, 0x00, 0x00,
    0x00, 0x00, 0x00, 0x00, 0x00, 0x00, 0x00, 0x00, 0x00, 0x00, 0x00, 0x00,
    0x00, 0x00, 0x00, 0x00, 0x00, 0x00, 0x00, 0x00, 0x00, 0x00, 0x00, 0x00,
    0x00, 0x00, 0x00, 0x00, 0x00, 0x00, 0x00, 0x00, 0x00, 0x00, 0x00, 0x00,
    0x00, 0x00, 0x00, 0x00, 0x00, 0x00, 0x00, 0x00, 0x00, 0x00, 0x00, 0x00,
    0x00, 0x00, 0x00, 0x00, 0x00, 0x00, 0x00, 0x00, 0x00, 0x00, 0x00, 0x00,
    0x00, 0x00, 0x00, 0x00, 0x00, 0x00, 0x00, 0x00, 0x00, 0x00, 0x00, 0x00,
    0x00, 0x00, 0x00, 0x00, 0x00, 0x00, 0x00, 0x00, 0x00, 0x00, 0x00, 0x00,
    0x00, 0x00, 0x00, 0x00, 0x00, 0x00, 0x00, 0x00, 0x00, 0x00, 0x00, 0x00,
    0x00, 0x00, 0x00, 0x00, 0x00, 0x00, 0x00, 0x00, 0x00, 0x00, 0x00, 0x00,
    0x00, 0x00, 0x00, 0x00, 0x00, 0x00, 0x00, 0x00, 0x00, 0x00, 0x00, 0x00,
    0x00, 0x00, 0x00, 0x00, 0x00, 0x00, 0x00, 0x00, 0x00, 0x00, 0x00, 0x00,
    0x00, 0x00, 0x00, 0x00, 0x00, 0x00, 0x00, 0x00, 0x00, 0x00, 0x00, 0x00,
    0x00, 0x00, 0x00, 0x00, 0x00, 0x00, 0x00, 0x00, 0x00, 0x00, 0x00, 0x00,
    0x00, 0x00, 0x00, 0x00, 0x00, 0x00, 0x00, 0x00, 0x00, 0x00, 0x00, 0x00,
    0x00, 0x00, 0x00, 0x00, 0x00, 0x00, 0x00, 0x00, 0x00, 0x00, 0x00, 0x04,
    0x00, 0x00, 0x00, 0x04, 0x00, 0x00, 0x00, 0x04, 0x00, 0x00, 0x00, 0x08,
    0x00, 0x00, 0x00, 0x0c, 0x00, 0x00, 0x00, 0x10, 0x00, 0x00, 0x00, 0x14,
    0x00, 0x00, 0x00, 0x1c, 0x00, 0x00, 0x00, 0x28, 0x00, 0x00, 0x00, 0x30,
    0x00, 0x00, 0x00, 0x3c, 0x00, 0x00, 0x00, 0x49, 0x00, 0x00, 0x00, 0x59,
    0x00, 0x00, 0x00, 0x65, 0x10, 0x08, 0x00, 0x86, 0x28, 0x1c, 0x08, 0xe7,
    0x30, 0x20, 0x08, 0xff, 0x28, 0x1c, 0x08, 0xff, 0x28, 0x1c, 0x08, 0xff,
    0x28, 0x1c, 0x08, 0xff, 0x28, 0x1c, 0x00, 0xff, 0x28, 0x1c, 0x08, 0xff,
    0x28, 0x1c, 0x08, 0xff, 0x28, 0x18, 0x00, 0xff, 0x28, 0x1c, 0x00, 0xff,
    0x28, 0x1c, 0x00, 0xff, 0x28, 0x18, 0x00, 0xff, 0x28, 0x1c, 0x08, 0xff,
    0x28, 0x18, 0x08, 0xff, 0x28, 0x18, 0x00, 0xff, 0x28, 0x1c, 0x00, 0xff,
    0x28, 0x18, 0x00, 0xff, 0x28, 0x1c, 0x00, 0xff, 0x28, 0x1c, 0x00, 0xff,
    0x28, 0x1c, 0x08, 0xff, 0x28, 0x18, 0x08, 0xff, 0x28, 0x1c, 0x00, 0xff,
    0x28, 0x1c, 0x00, 0xff, 0x28, 0x18, 0x08, 0xff, 0x28, 0x1c, 0x00, 0xff,
    0x28, 0x1c, 0x08, 0xff, 0x28, 0x1c, 0x08, 0xff, 0x28, 0x18, 0x00, 0xff,
    0x28, 0x1c, 0x00, 0xff, 0x28, 0x18, 0x08, 0xff, 0x28, 0x18, 0x00, 0xff,
    0x28, 0x1c, 0x00, 0xff, 0x28, 0x1c, 0x08, 0xff, 0x28, 0x18, 0x08, 0xff,
    0x28, 0x18, 0x00, 0xff, 0x28, 0x1c, 0x00, 0xff, 0x28, 0x1c, 0x08, 0xff,
    0x28, 0x18, 0x00, 0xff, 0x28, 0x1c, 0x08, 0xff, 0x28, 0x1c, 0x00, 0xff,
    0x28, 0x18, 0x00, 0xff, 0x28, 0x1c, 0x08, 0xff, 0x28, 0x1c, 0x00, 0xff,
    0x28, 0x18, 0x00, 0xff, 0x28, 0x1c, 0x08, 0xff, 0x28, 0x18, 0x00, 0xff,
    0x28, 0x1c, 0x00, 0xff, 0x28, 0x1c, 0x08, 0xff, 0x28, 0x1c, 0x00, 0xff,
    0x28, 0x18, 0x00, 0xff, 0x28, 0x1c, 0x00, 0xff, 0x28, 0x1c, 0x00, 0xff,
    0x28, 0x1c, 0x08, 0xff, 0x28, 0x18, 0x08, 0xff, 0x28, 0x1c, 0x00, 0xff,
    0x28, 0x18, 0x08, 0xff, 0x28, 0x18, 0x00, 0xff, 0x28, 0x1c, 0x00, 0xff,
    0x28, 0x18, 0x08, 0xff, 0x28, 0x1c, 0x00, 0xff, 0x28, 0x18, 0x00, 0xff,
    0x28, 0x1c, 0x00, 0xff, 0x28, 0x1c, 0x08, 0xff, 0x28, 0x18, 0x00, 0xff,
    0x28, 0x1c, 0x00, 0xff, 0x28, 0x1c, 0x00, 0xff, 0x28, 0x18, 0x00, 0xff,
    0x28, 0x1c, 0x00, 0xff, 0x28, 0x18, 0x08, 0xff, 0x28, 0x1c, 0x00, 0xff,
    0x28, 0x18, 0x00, 0xff, 0x28, 0x1c, 0x00, 0xff, 0x28, 0x18, 0x00, 0xff,
    0x28, 0x1c, 0x00, 0xff, 0x28, 0x18, 0x08, 0xff, 0x28, 0x18, 0x00, 0xff,
    0x28, 0x1c, 0x00, 0xff, 0x28, 0x1c, 0x00, 0xff, 0x28, 0x1c, 0x00, 0xff,
    0x28, 0x1c, 0x08, 0xff, 0x28, 0x1c, 0x00, 0xff, 0x28, 0x18, 0x00, 0xff,
    0x28, 0x1c, 0x08, 0xff, 0x28, 0x1c, 0x00, 0xff, 0x28, 0x1c, 0x00, 0xff,
    0x28, 0x18, 0x08, 0xff, 0x28, 0x1c, 0x08, 0xff, 0x28, 0x1c, 0x00, 0xff,
    0x28, 0x18, 0x00, 0xff, 0x28, 0x1c, 0x00, 0xff, 0x28, 0x18, 0x08, 0xff,
    0x28, 0x1c, 0x00, 0xff, 0x28, 0x18, 0x00, 0xff, 0x28, 0x1c, 0x00, 0xff,
    0x28, 0x18, 0x00, 0xff, 0x28, 0x18, 0x08, 0xff, 0x28, 0x18, 0x00, 0xff,
    0x28, 0x18, 0x00, 0xff, 0x28, 0x1c, 0x08, 0xff, 0x28, 0x1c, 0x00, 0xff,
    0x28, 0x1c, 0x08, 0xff, 0x28, 0x1c, 0x08, 0xff, 0x28, 0x1c, 0x08, 0xff,
    0x30, 0x1c, 0x00, 0xff, 0x28, 0x20, 0x08, 0xff, 0x30, 0x20, 0x08, 0xff,
    0x28, 0x20, 0x08, 0xe7, 0x08, 0x08, 0x00, 0x86, 0x00, 0x00, 0x00, 0x65,
    0x00, 0x00, 0x00, 0x59, 0x00, 0x00, 0x00, 0x49, 0x00, 0x00, 0x00, 0x3c,
    0x00, 0x00, 0x00, 0x30, 0x00, 0x00, 0x00, 0x28, 0x00, 0x00, 0x00, 0x1c,
    0x00, 0x00, 0x00, 0x18, 0x00, 0x00, 0x00, 0x10, 0x00, 0x00, 0x00, 0x0c,
    0x00, 0x00, 0x00, 0x08, 0x00, 0x00, 0x00, 0x04, 0x00, 0x00, 0x00, 0x04,
    0x00, 0x00, 0x00, 0x00, 0x00, 0x00, 0x00, 0x00, 0x00, 0x00, 0x00, 0x00,
    0x00, 0x00, 0x00, 0x00, 0x00, 0x00, 0x00, 0x00, 0x00, 0x00, 0x00, 0x00,
    0x00, 0x00, 0x00, 0x00, 0x00, 0x00, 0x00, 0x00, 0x00, 0x00, 0x00, 0x00,
    0x00, 0x00, 0x00, 0x00, 0x00, 0x00, 0x00, 0x00, 0x00, 0x00, 0x00, 0x00,
    0x00, 0x00, 0x00, 0x00, 0x00, 0x00, 0x00, 0x00, 0x00, 0x00, 0x00, 0x00,
    0x00, 0x00, 0x00, 0x00, 0x00, 0x00, 0x00, 0x00, 0x00, 0x00, 0x00, 0x00,
    0x00, 0x00, 0x00, 0x00, 0x00, 0x00, 0x00, 0x00, 0x00, 0x00, 0x00, 0x00,
    0x00, 0x00, 0x00, 0x00, 0x00, 0x00, 0x00, 0x00, 0x00, 0x00, 0x00, 0x00,
    0x00, 0x00, 0x00, 0x00, 0x00, 0x00, 0x00, 0x00, 0x00, 0x00, 0x00, 0x00,
    0x00, 0x00, 0x00, 0x00, 0x00, 0x00, 0x00, 0x00, 0x00, 0x00, 0x00, 0x00,
    0x00, 0x00, 0x00, 0x00, 0x00, 0x00, 0x00, 0x00, 0x00, 0x00, 0x00, 0x00,
    0x00, 0x00, 0x00, 0x00, 0x00, 0x00, 0x00, 0x00, 0x00, 0x00, 0x00, 0x00,
    0x00, 0x00, 0x00, 0x00, 0x00, 0x00, 0x00, 0x00, 0x00, 0x00, 0x00, 0x00,
    0x00, 0x00, 0x00, 0x00, 0x00, 0x00, 0x00, 0x00, 0x00, 0x00, 0x00, 0x00,
    0x00, 0x00, 0x00, 0x00, 0x00, 0x00, 0x00, 0x00, 0x00, 0x00, 0x00, 0x00,
    0x00, 0x00, 0x00, 0x00, 0x00, 0x00, 0x00, 0x00, 0x00, 0x00, 0x00, 0x00,
    0x00, 0x00, 0x00, 0x00, 0x00, 0x00, 0x00, 0x00, 0x00, 0x00, 0x00, 0x00,
    0x00, 0x00, 0x00, 0x00, 0x00, 0x00, 0x00, 0x00, 0x00, 0x00, 0x00, 0x00,
    0x00, 0x00, 0x00, 0x00, 0x00, 0x00, 0x00, 0x00, 0x00, 0x00, 0x00, 0x00,
    0x00, 0x00, 0x00, 0x04, 0x00, 0x00, 0x00, 0x04, 0x00, 0x00, 0x00, 0x08,
    0x00, 0x00, 0x00, 0x0c, 0x00, 0x00, 0x00, 0x10, 0x00, 0x00, 0x00, 0x14,
    0x00, 0x00, 0x00, 0x1c, 0x00, 0x00, 0x00, 0x24, 0x00, 0x00, 0x00, 0x30,
    0x00, 0x00, 0x00, 0x3c, 0x00, 0x00, 0x00, 0x45, 0x00, 0x00, 0x00, 0x55,
    0x00, 0x00, 0x00, 0x61, 0x00, 0x04, 0x00, 0x75, 0x28, 0x1c, 0x08, 0xcf,
    0x30, 0x20, 0x08, 0xff, 0x28, 0x20, 0x08, 0xff, 0x30, 0x1c, 0x08, 0xff,
    0x28, 0x1c, 0x00, 0xff, 0x28, 0x1c, 0x00, 0xff, 0x28, 0x1c, 0x00, 0xff,
    0x28, 0x18, 0x08, 0xff, 0x28, 0x1c, 0x00, 0xff, 0x28, 0x1c, 0x00, 0xff,
    0x28, 0x1c, 0x00, 0xff, 0x28, 0x18, 0x00, 0xff, 0x28, 0x1c, 0x08, 0xff,
    0x28, 0x1c, 0x00, 0xff, 0x28, 0x18, 0x08, 0xff, 0x28, 0x1c, 0x08, 0xff,
    0x28, 0x1c, 0x00, 0xff, 0x28, 0x18, 0x00, 0xff, 0x28, 0x1c, 0x08, 0xff,
    0x28, 0x18, 0x00, 0xff, 0x28, 0x1c, 0x00, 0xff, 0x28, 0x1c, 0x00, 0xff,
    0x28, 0x1c, 0x00, 0xff, 0x28, 0x1c, 0x00, 0xff, 0x28, 0x18, 0x00, 0xff,
    0x28, 0x18, 0x00, 0xff, 0x28, 0x1c, 0x08, 0xff, 0x28, 0x1c, 0x00, 0xff,
    0x28, 0x1c, 0x00, 0xff, 0x28, 0x18, 0x08, 0xff, 0x28, 0x1c, 0x00, 0xff,
    0x28, 0x18, 0x00, 0xff, 0x28, 0x18, 0x00, 0xff, 0x28, 0x1c, 0x08, 0xff,
    0x28, 0x18, 0x00, 0xff, 0x28, 0x1c, 0x00, 0xff, 0x28, 0x18, 0x00, 0xff,
    0x28, 0x18, 0x00, 0xff, 0x28, 0x1c, 0x00, 0xff, 0x28, 0x18, 0x00, 0xff,
    0x28, 0x18, 0x08, 0xff, 0x28, 0x1c, 0x00, 0xff, 0x28, 0x18, 0x00, 0xff,
    0x28, 0x1c, 0x00, 0xff, 0x28, 0x1c, 0x00, 0xff, 0x28, 0x18, 0x00, 0xff,
    0x28, 0x1c, 0x08, 0xff, 0x28, 0x1c, 0x00, 0xff, 0x28, 0x1c, 0x08, 0xff,
    0x28, 0x18, 0x00, 0xff, 0x28, 0x18, 0x08, 0xff, 0x28, 0x1c, 0x00, 0xff,
    0x28, 0x1c, 0x00, 0xff, 0x28, 0x18, 0x00, 0xff, 0x28, 0x1c, 0x00, 0xff,
    0x28, 0x1c, 0x00, 0xff, 0x28, 0x18, 0x00, 0xff, 0x28, 0x1c, 0x00, 0xff,
    0x28, 0x18, 0x08, 0xff, 0x28, 0x1c, 0x08, 0xff, 0x28, 0x1c, 0x00, 0xff,
    0x28, 0x18, 0x00, 0xff, 0x28, 0x18, 0x00, 0xff, 0x28, 0x1c, 0x00, 0xff,
    0x28, 0x18, 0x08, 0xff, 0x28, 0x1c, 0x00, 0xff, 0x28, 0x1c, 0x08, 0xff,
    0x28, 0x18, 0x00, 0xff, 0x28, 0x1c, 0x00, 0xff, 0x28, 0x1c, 0x08, 0xff,
    0x28, 0x18, 0x00, 0xff, 0x28, 0x1c, 0x00, 0xff, 0x28, 0x1c, 0x08, 0xff,
    0x28, 0x18, 0x00, 0xff, 0x28, 0x18, 0x08, 0xff, 0x28, 0x1c, 0x00, 0xff,
    0x28, 0x18, 0x08, 0xff, 0x28, 0x18, 0x08, 0xff, 0x28, 0x1c, 0x00, 0xff,
    0x28, 0x18, 0x00, 0xff, 0x28, 0x1c, 0x08, 0xff, 0x28, 0x18, 0x00, 0xff,
    0x28, 0x18, 0x00, 0xff, 0x28, 0x1c, 0x00, 0xff, 0x28, 0x1c, 0x00, 0xff,
    0x28, 0x18, 0x08, 0xff, 0x28, 0x1c, 0x00, 0xff, 0x28, 0x1c, 0x00, 0xff,
    0x28, 0x18, 0x08, 0xff, 0x28, 0x18, 0x00, 0xff, 0x28, 0x1c, 0x00, 0xff,
    0x28, 0x1c, 0x08, 0xff, 0x28, 0x1c, 0x00, 0xff, 0x28, 0x1c, 0x08, 0xff,
    0x28, 0x18, 0x00, 0xff, 0x28, 0x1c, 0x00, 0xff, 0x28, 0x18, 0x00, 0xff,
    0x28, 0x18, 0x00, 0xff, 0x28, 0x1c, 0x08, 0xff, 0x28, 0x1c, 0x00, 0xff,
    0x28, 0x1c, 0x08, 0xff, 0x28, 0x1c, 0x08, 0xff, 0x30, 0x20, 0x08, 0xff,
    0x30, 0x20, 0x08, 0xff, 0x20, 0x1c, 0x08, 0xcf, 0x08, 0x04, 0x00, 0x75,
    0x00, 0x00, 0x00, 0x61, 0x00, 0x00, 0x00, 0x55, 0x00, 0x00, 0x00, 0x45,
    0x00, 0x00, 0x00, 0x3c, 0x00, 0x00, 0x00, 0x30, 0x00, 0x00, 0x00, 0x24,
    0x00, 0x00, 0x00, 0x1c, 0x00, 0x00, 0x00, 0x18, 0x00, 0x00, 0x00, 0x10,
    0x00, 0x00, 0x00, 0x0c, 0x00, 0x00, 0x00, 0x08, 0x00, 0x00, 0x00, 0x04,
    0x00, 0x00, 0x00, 0x04, 0x00, 0x00, 0x00, 0x04, 0x00, 0x00, 0x00, 0x00,
    0x00, 0x00, 0x00, 0x00, 0x00, 0x00, 0x00, 0x00, 0x00, 0x00, 0x00, 0x00,
    0x00, 0x00, 0x00, 0x00, 0x00, 0x00, 0x00, 0x00, 0x00, 0x00, 0x00, 0x00,
    0x00, 0x00, 0x00, 0x00, 0x00, 0x00, 0x00, 0x00, 0x00, 0x00, 0x00, 0x00,
    0x00, 0x00, 0x00, 0x00, 0x00, 0x00, 0x00, 0x00, 0x00, 0x00, 0x00, 0x00,
    0x00, 0x00, 0x00, 0x00, 0x00, 0x00, 0x00, 0x00, 0x00, 0x00, 0x00, 0x00,
    0x00, 0x00, 0x00, 0x00, 0x00, 0x00, 0x00, 0x00, 0x00, 0x00, 0x00, 0x00,
    0x00, 0x00, 0x00, 0x00, 0x00, 0x00, 0x00, 0x00, 0x00, 0x00, 0x00, 0x00,
    0x00, 0x00, 0x00, 0x00, 0x00, 0x00, 0x00, 0x00, 0x00, 0x00, 0x00, 0x00,
    0x00, 0x00, 0x00, 0x00, 0x00, 0x00, 0x00, 0x00, 0x00, 0x00, 0x00, 0x00,
    0x00, 0x00, 0x00, 0x00, 0x00, 0x00, 0x00, 0x00, 0x00, 0x00, 0x00, 0x00,
    0x00, 0x00, 0x00, 0x00, 0x00, 0x00, 0x00, 0x00, 0x00, 0x00, 0x00, 0x00,
    0x00, 0x00, 0x00, 0x00, 0x00, 0x00, 0x00, 0x00, 0x00, 0x00, 0x00, 0x00,
    0x00, 0x00, 0x00, 0x00, 0x00, 0x00, 0x00, 0x00, 0x00, 0x00, 0x00, 0x00,
    0x00, 0x00, 0x00, 0x00, 0x00, 0x00, 0x00, 0x00, 0x00, 0x00, 0x00, 0x00,
    0x00, 0x00, 0x00, 0x00, 0x00, 0x00, 0x00, 0x00, 0x00, 0x00, 0x00, 0x00,
    0x00, 0x00, 0x00, 0x00, 0x00, 0x00, 0x00, 0x00, 0x00, 0x00, 0x00, 0x00,
    0x00, 0x00, 0x00, 0x00, 0x00, 0x00, 0x00, 0x00, 0x00, 0x00, 0x00, 0x00,
    0x00, 0x00, 0x00, 0x00, 0x00, 0x00, 0x00, 0x00, 0x00, 0x00, 0x00, 0x00,
    0x00, 0x00, 0x00, 0x00, 0x00, 0x00, 0x00, 0x00, 0x00, 0x00, 0x00, 0x04,
    0x00, 0x00, 0x00, 0x04, 0x00, 0x00, 0x00, 0x04, 0x00, 0x00, 0x00, 0x08,
    0x00, 0x00, 0x00, 0x08, 0x00, 0x00, 0x00, 0x10, 0x00, 0x00, 0x00, 0x14,
    0x00, 0x00, 0x00, 0x1c, 0x00, 0x00, 0x00, 0x24, 0x00, 0x00, 0x00, 0x2c,
    0x00, 0x00, 0x00, 0x38, 0x00, 0x00, 0x00, 0x45, 0x00, 0x00, 0x00, 0x51,
    0x00, 0x00, 0x00, 0x5d, 0x00, 0x00, 0x00, 0x6d, 0x18, 0x14, 0x08, 0xaa,
    0x30, 0x20, 0x08, 0xf7, 0x30, 0x20, 0x08, 0xff, 0x28, 0x20, 0x08, 0xff,
    0x28, 0x1c, 0x08, 0xff, 0x28, 0x1c, 0x08, 0xff, 0x28, 0x1c, 0x00, 0xff,
    0x28, 0x1c, 0x08, 0xff, 0x28, 0x18, 0x08, 0xff, 0x28, 0x1c, 0x00, 0xff,
    0x28, 0x18, 0x00, 0xff, 0x28, 0x1c, 0x00, 0xff, 0x28, 0x1c, 0x00, 0xff,
    0x28, 0x18, 0x00, 0xff, 0x28, 0x1c, 0x08, 0xff, 0x28, 0x18, 0x00, 0xff,
    0x28, 0x18, 0x00, 0xff, 0x28, 0x1c, 0x00, 0xff, 0x28, 0x18, 0x00, 0xff,
    0x28, 0x18, 0x00, 0xff, 0x28, 0x18, 0x08, 0xff, 0x28, 0x18, 0x00, 0xff,
    0x28, 0x1c, 0x08, 0xff, 0x28, 0x1c, 0x00, 0xff, 0x28, 0x1c, 0x00, 0xff,
    0x28, 0x18, 0x00, 0xff, 0x28, 0x18, 0x00, 0xff, 0x28, 0x1c, 0x00, 0xff,
    0x28, 0x1c, 0x00, 0xff, 0x28, 0x18, 0x08, 0xff, 0x28, 0x1c, 0x00, 0xff,
    0x28, 0x1c, 0x00, 0xff, 0x28, 0x18, 0x08, 0xff, 0x28, 0x1c, 0x00, 0xff,
    0x28, 0x1c, 0x08, 0xff, 0x28, 0x1c, 0x00, 0xff, 0x28, 0x18, 0x00, 0xff,
    0x28, 0x1c, 0x08, 0xff, 0x28, 0x1c, 0x00, 0xff, 0x28, 0x18, 0x00, 0xff,
    0x28, 0x1c, 0x08, 0xff, 0x28, 0x18, 0x00, 0xff, 0x28, 0x18, 0x08, 0xff,
    0x28, 0x1c, 0x08, 0xff, 0x28, 0x1c, 0x00, 0xff, 0x28, 0x18, 0x00, 0xff,
    0x28, 0x1c, 0x00, 0xff, 0x28, 0x18, 0x00, 0xff, 0x28, 0x1c, 0x00, 0xff,
    0x28, 0x18, 0x08, 0xff, 0x28, 0x18, 0x00, 0xff, 0x28, 0x1c, 0x00, 0xff,
    0x28, 0x18, 0x08, 0xff, 0x28, 0x18, 0x00, 0xff, 0x28, 0x1c, 0x00, 0xff,
    0x28, 0x18, 0x08, 0xff, 0x28, 0x1c, 0x00, 0xff, 0x28, 0x1c, 0x00, 0xff,
    0x28, 0x18, 0x08, 0xff, 0x28, 0x1c, 0x00, 0xff, 0x28, 0x1c, 0x00, 0xff,
    0x28, 0x18, 0x00, 0xff, 0x28, 0x1c, 0x08, 0xff, 0x28, 0x18, 0x00, 0xff,
    0x28, 0x1c, 0x00, 0xff, 0x28, 0x18, 0x00, 0xff, 0x28, 0x18, 0x08, 0xff,
    0x28, 0x1c, 0x00, 0xff, 0x28, 0x18, 0x00, 0xff, 0x28, 0x18, 0x08, 0xff,
    0x28, 0x1c, 0x00, 0xff, 0x28, 0x18, 0x00, 0xff, 0x28, 0x1c, 0x00, 0xff,
    0x28, 0x1c, 0x00, 0xff, 0x28, 0x18, 0x08, 0xff, 0x28, 0x1c, 0x00, 0xff,
    0x28, 0x1c, 0x00, 0xff, 0x28, 0x18, 0x00, 0xff, 0x28, 0x1c, 0x08, 0xff,
    0x28, 0x1c, 0x00, 0xff, 0x28, 0x18, 0x08, 0xff, 0x28, 0x1c, 0x08, 0xff,
    0x28, 0x1c, 0x00, 0xff, 0x28, 0x1c, 0x00, 0xff, 0x28, 0x18, 0x00, 0xff,
    0x28, 0x18, 0x00, 0xff, 0x28, 0x1c, 0x08, 0xff, 0x28, 0x1c, 0x08, 0xff,
    0x28, 0x18, 0x00, 0xff, 0x28, 0x1c, 0x00, 0xff, 0x28, 0x18, 0x00, 0xff,
    0x28, 0x18, 0x00, 0xff, 0x28, 0x1c, 0x08, 0xff, 0x28, 0x1c, 0x00, 0xff,
    0x28, 0x1c, 0x00, 0xff, 0x28, 0x1c, 0x08, 0xff, 0x28, 0x1c, 0x08, 0xff,
    0x28, 0x1c, 0x08, 0xff, 0x28, 0x1c, 0x00, 0xff, 0x28, 0x1c, 0x08, 0xff,
    0x30, 0x20, 0x08, 0xff, 0x30, 0x20, 0x08, 0xf7, 0x18, 0x14, 0x08, 0xaa,
    0x00, 0x00, 0x00, 0x6d, 0x00, 0x00, 0x00, 0x5d, 0x00, 0x00, 0x00, 0x51,
    0x00, 0x00, 0x00, 0x45, 0x00, 0x00, 0x00, 0x38, 0x00, 0x00, 0x00, 0x2c,
    0x00, 0x00, 0x00, 0x24, 0x00, 0x00, 0x00, 0x1c, 0x00, 0x00, 0x00, 0x14,
    0x00, 0x00, 0x00, 0x10, 0x00, 0x00, 0x00, 0x0c, 0x00, 0x00, 0x00, 0x04,
    0x00, 0x00, 0x00, 0x04, 0x00, 0x00, 0x00, 0x04, 0x00, 0x00, 0x00, 0x00,
    0x00, 0x00, 0x00, 0x00, 0x00, 0x00, 0x00, 0x00, 0x00, 0x00, 0x00, 0x00,
    0x00, 0x00, 0x00, 0x00, 0x00, 0x00, 0x00, 0x00, 0x00, 0x00, 0x00, 0x00,
    0x00, 0x00, 0x00, 0x00, 0x00, 0x00, 0x00, 0x00, 0x00, 0x00, 0x00, 0x00,
    0x00, 0x00, 0x00, 0x00, 0x00, 0x00, 0x00, 0x00, 0x00, 0x00, 0x00, 0x00,
    0x00, 0x00, 0x00, 0x00, 0x00, 0x00, 0x00, 0x00, 0x00, 0x00, 0x00, 0x00,
    0x00, 0x00, 0x00, 0x00, 0x00, 0x00, 0x00, 0x00, 0x00, 0x00, 0x00, 0x00,
    0x00, 0x00, 0x00, 0x00, 0x00, 0x00, 0x00, 0x00, 0x00, 0x00, 0x00, 0x00,
    0x00, 0x00, 0x00, 0x00, 0x00, 0x00, 0x00, 0x00, 0x00, 0x00, 0x00, 0x00,
    0x00, 0x00, 0x00, 0x00, 0x00, 0x00, 0x00, 0x00, 0x00, 0x00, 0x00, 0x00,
    0x00, 0x00, 0x00, 0x00, 0x00, 0x00, 0x00, 0x00, 0x00, 0x00, 0x00, 0x00,
    0x00, 0x00, 0x00, 0x00, 0x00, 0x00, 0x00, 0x00, 0x00, 0x00, 0x00, 0x00,
    0x00, 0x00, 0x00, 0x00, 0x00, 0x00, 0x00, 0x00, 0x00, 0x00, 0x00, 0x00,
    0x00, 0x00, 0x00, 0x00, 0x00, 0x00, 0x00, 0x00, 0x00, 0x00, 0x00, 0x00,
    0x00, 0x00, 0x00, 0x00, 0x00, 0x00, 0x00, 0x00, 0x00, 0x00, 0x00, 0x00,
    0x00, 0x00, 0x00, 0x00, 0x00, 0x00, 0x00, 0x00, 0x00, 0x00, 0x00, 0x00,
    0x00, 0x00, 0x00, 0x00, 0x00, 0x00, 0x00, 0x00, 0x00, 0x00, 0x00, 0x00,
    0x00, 0x00, 0x00, 0x00, 0x00, 0x00, 0x00, 0x00, 0x00, 0x00, 0x00, 0x00,
    0x00, 0x00, 0x00, 0x00, 0x00, 0x00, 0x00, 0x00, 0x00, 0x00, 0x00, 0x00,
    0x00, 0x00, 0x00, 0x00, 0x00, 0x00, 0x00, 0x00, 0x00, 0x00, 0x00, 0x00,
    0x00, 0x00, 0x00, 0x00, 0x00, 0x00, 0x00, 0x00, 0x00, 0x00, 0x00, 0x00,
    0x00, 0x00, 0x00, 0x04, 0x00, 0x00, 0x00, 0x04, 0x00, 0x00, 0x00, 0x08,
    0x00, 0x00, 0x00, 0x0c, 0x00, 0x00, 0x00, 0x10, 0x00, 0x00, 0x00, 0x14,
    0x00, 0x00, 0x00, 0x1c, 0x00, 0x00, 0x00, 0x20, 0x00, 0x00, 0x00, 0x2c,
    0x00, 0x00, 0x00, 0x34, 0x00, 0x00, 0x00, 0x41, 0x00, 0x00, 0x00, 0x4d,
    0x00, 0x00, 0x00, 0x59, 0x00, 0x00, 0x00, 0x65, 0x08, 0x08, 0x00, 0x86,
    0x28, 0x1c, 0x08, 0xdf, 0x30, 0x20, 0x08, 0xff, 0x30, 0x20, 0x08, 0xff,
    0x28, 0x1c, 0x08, 0xff, 0x28, 0x1c, 0x08, 0xff, 0x28, 0x1c, 0x00, 0xff,
    0x28, 0x1c, 0x00, 0xff, 0x28, 0x18, 0x08, 0xff, 0x28, 0x18, 0x08, 0xff,
    0x28, 0x1c, 0x00, 0xff, 0x28, 0x18, 0x08, 0xff, 0x28, 0x18, 0x00, 0xff,
    0x28, 0x1c, 0x00, 0xff, 0x28, 0x1c, 0x08, 0xff, 0x28, 0x18, 0x08, 0xff,
    0x28, 0x1c, 0x00, 0xff, 0x28, 0x1c, 0x08, 0xff, 0x28, 0x1c, 0x00, 0xff,
    0x28, 0x1c, 0x00, 0xff, 0x28, 0x1c, 0x08, 0xff, 0x28, 0x18, 0x00, 0xff,
    0x28, 0x18, 0x00, 0xff, 0x28, 0x1c, 0x08, 0xff, 0x28, 0x18, 0x08, 0xff,
    0x28, 0x18, 0x00, 0xff, 0x28, 0x1c, 0x00, 0xff, 0x28, 0x1c, 0x08, 0xff,
    0x28, 0x18, 0x00, 0xff, 0x28, 0x1c, 0x00, 0xff, 0x28, 0x1c, 0x00, 0xff,
    0x28, 0x1c, 0x00, 0xff, 0x28, 0x18, 0x08, 0xff, 0x28, 0x18, 0x00, 0xff,
    0x28, 0x1c, 0x08, 0xff, 0x28, 0x1c, 0x00, 0xff, 0x28, 0x18, 0x00, 0xff,
    0x28, 0x1c, 0x00, 0xff, 0x28, 0x1c, 0x08, 0xff, 0x28, 0x1c, 0x00, 0xff,
    0x28, 0x18, 0x00, 0xff, 0x28, 0x18, 0x08, 0xff, 0x28, 0x1c, 0x00, 0xff,
    0x28, 0x18, 0x00, 0xff, 0x28, 0x18, 0x00, 0xff, 0x28, 0x1c, 0x08, 0xff,
    0x28, 0x18, 0x08, 0xff, 0x28, 0x1c, 0x00, 0xff, 0x28, 0x1c, 0x00, 0xff,
    0x28, 0x18, 0x00, 0xff, 0x28, 0x1c, 0x00, 0xff, 0x28, 0x1c, 0x08, 0xff,
    0x28, 0x18, 0x08, 0xff, 0x28, 0x18, 0x00, 0xff, 0x28, 0x1c, 0x08, 0xff,
    0x28, 0x18, 0x00, 0xff, 0x28, 0x18, 0x00, 0xff, 0x28, 0x1c, 0x00, 0xff,
    0x28, 0x18, 0x00, 0xff, 0x28, 0x1c, 0x08, 0xff, 0x28, 0x1c, 0x00, 0xff,
    0x28, 0x18, 0x08, 0xff, 0x28, 0x1c, 0x00, 0xff, 0x28, 0x18, 0x00, 0xff,
    0x28, 0x1c, 0x00, 0xff, 0x28, 0x1c, 0x00, 0xff, 0x28, 0x18, 0x00, 0xff,
    0x28, 0x1c, 0x08, 0xff, 0x28, 0x1c, 0x00, 0xff, 0x28, 0x18, 0x08, 0xff,
    0x28, 0x18, 0x00, 0xff, 0x28, 0x1c, 0x08, 0xff, 0x28, 0x1c, 0x00, 0xff,
    0x28, 0x18, 0x00, 0xff, 0x28, 0x1c, 0x00, 0xff, 0x28, 0x1c, 0x00, 0xff,
    0x28, 0x18, 0x08, 0xff, 0x28, 0x18, 0x00, 0xff, 0x28, 0x1c, 0x00, 0xff,
    0x28, 0x18, 0x00, 0xff, 0x28, 0x18, 0x00, 0xff, 0x28, 0x1c, 0x00, 0xff,
    0x28, 0x18, 0x08, 0xff, 0x28, 0x1c, 0x08, 0xff, 0x28, 0x1c, 0x00, 0xff,
    0x28, 0x18, 0x00, 0xff, 0x28, 0x18, 0x00, 0xff, 0x28, 0x1c, 0x00, 0xff,
    0x28, 0x1c, 0x08, 0xff, 0x28, 0x18, 0x08, 0xff, 0x28, 0x18, 0x00, 0xff,
    0x28, 0x1c, 0x00, 0xff, 0x28, 0x18, 0x00, 0xff, 0x28, 0x1c, 0x08, 0xff,
    0x28, 0x1c, 0x00, 0xff, 0x28, 0x1c, 0x08, 0xff, 0x28, 0x1c, 0x08, 0xff,
    0x30, 0x20, 0x08, 0xff, 0x30, 0x20, 0x08, 0xff, 0x28, 0x1c, 0x08, 0xe3,
    0x08, 0x08, 0x00, 0x86, 0x00, 0x00, 0x00, 0x65, 0x00, 0x00, 0x00, 0x59,
    0x00, 0x00, 0x00, 0x4d, 0x00, 0x00, 0x00, 0x41, 0x00, 0x00, 0x00, 0x34,
    0x00, 0x00, 0x00, 0x2c, 0x00, 0x00, 0x00, 0x24, 0x00, 0x00, 0x00, 0x18,
    0x00, 0x00, 0x00, 0x14, 0x00, 0x00, 0x00, 0x10, 0x00, 0x00, 0x00, 0x08,
    0x00, 0x00, 0x00, 0x08, 0x00, 0x00, 0x00, 0x04, 0x00, 0x00, 0x00, 0x04,
    0x00, 0x00, 0x00, 0x00, 0x00, 0x00, 0x00, 0x00, 0x00, 0x00, 0x00, 0x00,
    0x00, 0x00, 0x00, 0x00, 0x00, 0x00, 0x00, 0x00, 0x00, 0x00, 0x00, 0x00,
    0x00, 0x00, 0x00, 0x00, 0x00, 0x00, 0x00, 0x00, 0x00, 0x00, 0x00, 0x00,
    0x00, 0x00, 0x00, 0x00, 0x00, 0x00, 0x00, 0x00, 0x00, 0x00, 0x00, 0x00,
    0x00, 0x00, 0x00, 0x00, 0x00, 0x00, 0x00, 0x00, 0x00, 0x00, 0x00, 0x00,
    0x00, 0x00, 0x00, 0x00, 0x00, 0x00, 0x00, 0x00, 0x00, 0x00, 0x00, 0x00,
    0x00, 0x00, 0x00, 0x00, 0x00, 0x00, 0x00, 0x00, 0x00, 0x00, 0x00, 0x00,
    0x00, 0x00, 0x00, 0x00, 0x00, 0x00, 0x00, 0x00, 0x00, 0x00, 0x00, 0x00,
    0x00, 0x00, 0x00, 0x00, 0x00, 0x00, 0x00, 0x00, 0x00, 0x00, 0x00, 0x00,
    0x00, 0x00, 0x00, 0x00, 0x00, 0x00, 0x00, 0x00, 0x00, 0x00, 0x00, 0x00,
    0x00, 0x00, 0x00, 0x00, 0x00, 0x00, 0x00, 0x00, 0x00, 0x00, 0x00, 0x00,
    0x00, 0x00, 0x00, 0x00, 0x00, 0x00, 0x00, 0x00, 0x00, 0x00, 0x00, 0x00,
    0x00, 0x00, 0x00, 0x00, 0x00, 0x00, 0x00, 0x00, 0x00, 0x00, 0x00, 0x00,
    0x00, 0x00, 0x00, 0x00, 0x00, 0x00, 0x00, 0x00, 0x00, 0x00, 0x00, 0x00,
    0x00, 0x00, 0x00, 0x00, 0x00, 0x00, 0x00, 0x00, 0x00, 0x00, 0x00, 0x00,
    0x00, 0x00, 0x00, 0x00, 0x00, 0x00, 0x00, 0x00, 0x00, 0x00, 0x00, 0x00,
    0x00, 0x00, 0x00, 0x00, 0x00, 0x00, 0x00, 0x00, 0x00, 0x00, 0x00, 0x00,
    0x00, 0x00, 0x00, 0x00, 0x00, 0x00, 0x00, 0x00, 0x00, 0x00, 0x00, 0x00,
    0x00, 0x00, 0x00, 0x00, 0x00, 0x00, 0x00, 0x00, 0x00, 0x00, 0x00, 0x00,
    0x00, 0x00, 0x00, 0x00, 0x00, 0x00, 0x00, 0x00, 0x00, 0x00, 0x00, 0x00,
    0x00, 0x00, 0x00, 0x00, 0x00, 0x00, 0x00, 0x00, 0x00, 0x00, 0x00, 0x00,
    0x00, 0x00, 0x00, 0x00, 0x00, 0x00, 0x00, 0x04, 0x00, 0x00, 0x00, 0x04,
    0x00, 0x00, 0x00, 0x08, 0x00, 0x00, 0x00, 0x0c, 0x00, 0x00, 0x00, 0x14,
    0x00, 0x00, 0x00, 0x18, 0x00, 0x00, 0x00, 0x20, 0x00, 0x00, 0x00, 0x28,
    0x00, 0x00, 0x00, 0x30, 0x00, 0x00, 0x00, 0x3c, 0x00, 0x00, 0x00, 0x49,
    0x00, 0x00, 0x00, 0x55, 0x00, 0x00, 0x00, 0x61, 0x00, 0x00, 0x00, 0x71,
    0x20, 0x14, 0x08, 0xba, 0x30, 0x20, 0x08, 0xfb, 0x28, 0x20, 0x08, 0xff,
    0x28, 0x1c, 0x08, 0xff, 0x28, 0x1c, 0x08, 0xff, 0x28, 0x1c, 0x08, 0xff,
    0x28, 0x1c, 0x00, 0xff, 0x28, 0x1c, 0x08, 0xff, 0x28, 0x1c, 0x00, 0xff,
    0x28, 0x1c, 0x00, 0xff, 0x28, 0x18, 0x08, 0xff, 0x28, 0x1c, 0x00, 0xff,
    0x28, 0x1c, 0x00, 0xff, 0x28, 0x18, 0x00, 0xff, 0x28, 0x18, 0x08, 0xff,
    0x28, 0x1c, 0x00, 0xff, 0x28, 0x18, 0x00, 0xff, 0x28, 0x1c, 0x08, 0xff,
    0x28, 0x1c, 0x00, 0xff, 0x28, 0x18, 0x00, 0xff, 0x28, 0x18, 0x00, 0xff,
    0x28, 0x1c, 0x00, 0xff, 0x20, 0x1c, 0x00, 0xff, 0x28, 0x1c, 0x00, 0xff,
    0x28, 0x18, 0x08, 0xff, 0x20, 0x1c, 0x00, 0xff, 0x28, 0x1c, 0x00, 0xff,
    0x28, 0x18, 0x08, 0xff, 0x28, 0x18, 0x00, 0xff, 0x28, 0x1c, 0x08, 0xff,
    0x28, 0x18, 0x00, 0xff, 0x28, 0x18, 0x00, 0xff, 0x28, 0x1c, 0x00, 0xff,
    0x28, 0x18, 0x08, 0xff, 0x28, 0x18, 0x00, 0xff, 0x28, 0x18, 0x08, 0xff,
    0x28, 0x1c, 0x00, 0xff, 0x28, 0x18, 0x00, 0xff, 0x28, 0x1c, 0x00, 0xff,
    0x28, 0x1c, 0x00, 0xff, 0x28, 0x18, 0x08, 0xff, 0x28, 0x1c, 0x00, 0xff,
    0x28, 0x1c, 0x00, 0xff, 0x28, 0x18, 0x08, 0xff, 0x28, 0x1c, 0x00, 0xff,
    0x28, 0x18, 0x08, 0xff, 0x28, 0x1c, 0x00, 0xff, 0x28, 0x1c, 0x00, 0xff,
    0x28, 0x18, 0x08, 0xff, 0x28, 0x1c, 0x00, 0xff, 0x28, 0x1c, 0x00, 0xff,
    0x28, 0x18, 0x00, 0xff, 0x28, 0x1c, 0x00, 0xff, 0x28, 0x1c, 0x08, 0xff,
    0x28, 0x18, 0x00, 0xff, 0x28, 0x1c, 0x00, 0xff, 0x28, 0x18, 0x08, 0xff,
    0x28, 0x18, 0x00, 0xff, 0x28, 0x1c, 0x08, 0xff, 0x28, 0x18, 0x00, 0xff,
    0x28, 0x1c, 0x08, 0xff, 0x28, 0x1c, 0x08, 0xff, 0x20, 0x18, 0x00, 0xff,
    0x28, 0x1c, 0x00, 0xff, 0x28, 0x18, 0x08, 0xff, 0x28, 0x1c, 0x00, 0xff,
    0x20, 0x1c, 0x00, 0xff, 0x28, 0x1c, 0x00, 0xff, 0x28, 0x18, 0x08, 0xff,
    0x28, 0x1c, 0x00, 0xff, 0x28, 0x18, 0x00, 0xff, 0x28, 0x1c, 0x00, 0xff,
    0x20, 0x18, 0x08, 0xff, 0x28, 0x1c, 0x08, 0xff, 0x28, 0x18, 0x00, 0xff,
    0x28, 0x1c, 0x00, 0xff, 0x28, 0x1c, 0x00, 0xff, 0x28, 0x18, 0x00, 0xff,
    0x28, 0x1c, 0x00, 0xff, 0x28, 0x1c, 0x00, 0xff, 0x28, 0x18, 0x00, 0xff,
    0x28, 0x18, 0x00, 0xff, 0x28, 0x1c, 0x00, 0xff, 0x28, 0x1c, 0x08, 0xff,
    0x28, 0x18, 0x00, 0xff, 0x28, 0x1c, 0x00, 0xff, 0x28, 0x1c, 0x08, 0xff,
    0x28, 0x1c, 0x00, 0xff, 0x28, 0x1c, 0x00, 0xff, 0x28, 0x1c, 0x08, 0xff,
    0x28, 0x1c, 0x08, 0xff, 0x28, 0x1c, 0x08, 0xff, 0x28, 0x1c, 0x08, 0xff,
    0x28, 0x1c, 0x08, 0xff, 0x30, 0x20, 0x08, 0xff, 0x30, 0x20, 0x08, 0xfb,
    0x20, 0x18, 0x08, 0xb6, 0x00, 0x00, 0x00, 0x71, 0x00, 0x00, 0x00, 0x61,
    0x00, 0x00, 0x00, 0x55, 0x00, 0x00, 0x00, 0x49, 0x00, 0x00, 0x00, 0x3c,
    0x00, 0x00, 0x00, 0x30, 0x00, 0x00, 0x00, 0x28, 0x00, 0x00, 0x00, 0x20,
    0x00, 0x00, 0x00, 0x18, 0x00, 0x00, 0x00, 0x14, 0x00, 0x00, 0x00, 0x0c,
    0x00, 0x00, 0x00, 0x08, 0x00, 0x00, 0x00, 0x08, 0x00, 0x00, 0x00, 0x04,
    0x00, 0x00, 0x00, 0x00, 0x00, 0x00, 0x00, 0x00, 0x00, 0x00, 0x00, 0x00,
    0x00, 0x00, 0x00, 0x00, 0x00, 0x00, 0x00, 0x00, 0x00, 0x00, 0x00, 0x00,
    0x00, 0x00, 0x00, 0x00, 0x00, 0x00, 0x00, 0x00, 0x00, 0x00, 0x00, 0x00,
    0x00, 0x00, 0x00, 0x00, 0x00, 0x00, 0x00, 0x00, 0x00, 0x00, 0x00, 0x00,
    0x00, 0x00, 0x00, 0x00, 0x00, 0x00, 0x00, 0x00, 0x00, 0x00, 0x00, 0x00,
    0x00, 0x00, 0x00, 0x00, 0x00, 0x00, 0x00, 0x00, 0x00, 0x00, 0x00, 0x00,
    0x00, 0x00, 0x00, 0x00, 0x00, 0x00, 0x00, 0x00, 0x00, 0x00, 0x00, 0x00,
    0x00, 0x00, 0x00, 0x00, 0x00, 0x00, 0x00, 0x00, 0x00, 0x00, 0x00, 0x00,
    0x00, 0x00, 0x00, 0x00, 0x00, 0x00, 0x00, 0x00, 0x00, 0x00, 0x00, 0x00,
    0x00, 0x00, 0x00, 0x00, 0x00, 0x00, 0x00, 0x00, 0x00, 0x00, 0x00, 0x00,
    0x00, 0x00, 0x00, 0x00, 0x00, 0x00, 0x00, 0x00, 0x00, 0x00, 0x00, 0x00,
    0x00, 0x00, 0x00, 0x00, 0x00, 0x00, 0x00, 0x00, 0x00, 0x00, 0x00, 0x00,
    0x00, 0x00, 0x00, 0x00, 0x00, 0x00, 0x00, 0x00, 0x00, 0x00, 0x00, 0x00,
    0x00, 0x00, 0x00, 0x00, 0x00, 0x00, 0x00, 0x00, 0x00, 0x00, 0x00, 0x00,
    0x00, 0x00, 0x00, 0x00, 0x00, 0x00, 0x00, 0x00, 0x00, 0x00, 0x00, 0x00,
    0x00, 0x00, 0x00, 0x00, 0x00, 0x00, 0x00, 0x00, 0x00, 0x00, 0x00, 0x00,
    0x00, 0x00, 0x00, 0x00, 0x00, 0x00, 0x00, 0x00, 0x00, 0x00, 0x00, 0x00,
    0x00, 0x00, 0x00, 0x00, 0x00, 0x00, 0x00, 0x00, 0x00, 0x00, 0x00, 0x00,
    0x00, 0x00, 0x00, 0x00, 0x00, 0x00, 0x00, 0x00, 0x00, 0x00, 0x00, 0x00,
    0x00, 0x00, 0x00, 0x00, 0x00, 0x00, 0x00, 0x00, 0x00, 0x00, 0x00, 0x00,
    0x00, 0x00, 0x00, 0x00, 0x00, 0x00, 0x00, 0x00, 0x00, 0x00, 0x00, 0x00,
    0x00, 0x00, 0x00, 0x00, 0x00, 0x00, 0x00, 0x00, 0x00, 0x00, 0x00, 0x00,
    0x00, 0x00, 0x00, 0x04, 0x00, 0x00, 0x00, 0x04, 0x00, 0x00, 0x00, 0x04,
    0x00, 0x00, 0x00, 0x08, 0x00, 0x00, 0x00, 0x0c, 0x00, 0x00, 0x00, 0x10,
    0x00, 0x00, 0x00, 0x18, 0x00, 0x00, 0x00, 0x1c, 0x00, 0x00, 0x00, 0x24,
    0x00, 0x00, 0x00, 0x30, 0x00, 0x00, 0x00, 0x38, 0x00, 0x00, 0x00, 0x41,
    0x00, 0x00, 0x00, 0x51, 0x00, 0x00, 0x00, 0x5d, 0x00, 0x00, 0x00, 0x69,
    0x08, 0x08, 0x08, 0x86, 0x28, 0x1c, 0x08, 0xdf, 0x30, 0x20, 0x08, 0xff,
    0x30, 0x20, 0x08, 0xff, 0x28, 0x20, 0x08, 0xff, 0x28, 0x1c, 0x08, 0xff,
    0x28, 0x1c, 0x00, 0xff, 0x28, 0x1c, 0x00, 0xff, 0x28, 0x1c, 0x08, 0xff,
    0x28, 0x18, 0x00, 0xff, 0x28, 0x1c, 0x00, 0xff, 0x28, 0x18, 0x00, 0xff,
    0x20, 0x1c, 0x00, 0xff, 0x28, 0x1c, 0x08, 0xff, 0x28, 0x18, 0x00, 0xff,
    0x20, 0x18, 0x00, 0xff, 0x20, 0x18, 0x00, 0xff, 0x28, 0x1c, 0x08, 0xff,
    0x28, 0x1c, 0x00, 0xff, 0x28, 0x18, 0x08, 0xff, 0x28, 0x1c, 0x00, 0xff,
    0x28, 0x18, 0x00, 0xff, 0x28, 0x18, 0x08, 0xff, 0x28, 0x1c, 0x00, 0xff,
    0x28, 0x18, 0x00, 0xff, 0x28, 0x18, 0x08, 0xff, 0x28, 0x1c, 0x00, 0xff,
    0x20, 0x18, 0x08, 0xff, 0x28, 0x1c, 0x00, 0xff, 0x28, 0x1c, 0x00, 0xff,
    0x20, 0x1c, 0x08, 0xff, 0x28, 0x18, 0x00, 0xff, 0x28, 0x1c, 0x00, 0xff,
    0x20, 0x1c, 0x00, 0xff, 0x28, 0x18, 0x00, 0xff, 0x28, 0x18, 0x00, 0xff,
    0x28, 0x1c, 0x08, 0xff, 0x28, 0x18, 0x08, 0xff, 0x28, 0x1c, 0x00, 0xff,
    0x28, 0x18, 0x00, 0xff, 0x20, 0x1c, 0x00, 0xff, 0x20, 0x18, 0x00, 0xff,
    0x28, 0x1c, 0x00, 0xff, 0x28, 0x18, 0x00, 0xff, 0x20, 0x1c, 0x00, 0xff,
    0x28, 0x18, 0x08, 0xff, 0x28, 0x1c, 0x00, 0xff, 0x20, 0x18, 0x00, 0xff,
    0x20, 0x18, 0x00, 0xff, 0x28, 0x1c, 0x00, 0xff, 0x28, 0x18, 0x00, 0xff,
    0x20, 0x1c, 0x00, 0xff, 0x28, 0x1c, 0x08, 0xff, 0x28, 0x18, 0x00, 0xff,
    0x20, 0x1c, 0x08, 0xff, 0x28, 0x1c, 0x00, 0xff, 0x20, 0x18, 0x00, 0xff,
    0x28, 0x1c, 0x00, 0xff, 0x28, 0x18, 0x00, 0xff, 0x20, 0x1c, 0x00, 0xff,
    0x28, 0x18, 0x00, 0xff, 0x28, 0x18, 0x08, 0xff, 0x28, 0x1c, 0x00, 0xff,
    0x28, 0x18, 0x00, 0xff, 0x28, 0x18, 0x00, 0xff, 0x28, 0x18, 0x00, 0xff,
    0x28, 0x1c, 0x00, 0xff, 0x28, 0x18, 0x08, 0xff, 0x20, 0x18, 0x00, 0xff,
    0x28, 0x1c, 0x08, 0xff, 0x28, 0x18, 0x00, 0xff, 0x28, 0x1c, 0x00, 0xff,
    0x28, 0x18, 0x00, 0xff, 0x28, 0x1c, 0x00, 0xff, 0x20, 0x18, 0x08, 0xff,
    0x28, 0x18, 0x00, 0xff, 0x28, 0x1c, 0x08, 0xff, 0x20, 0x1c, 0x08, 0xff,
    0x28, 0x18, 0x00, 0xff, 0x28, 0x1c, 0x00, 0xff, 0x28, 0x18, 0x00, 0xff,
    0x28, 0x1c, 0x08, 0xff, 0x20, 0x18, 0x08, 0xff, 0x28, 0x1c, 0x00, 0xff,
    0x20, 0x18, 0x00, 0xff, 0x28, 0x1c, 0x08, 0xff, 0x28, 0x1c, 0x00, 0xff,
    0x28, 0x18, 0x08, 0xff, 0x28, 0x1c, 0x08, 0xff, 0x28, 0x1c, 0x08, 0xff,
    0x28, 0x1c, 0x08, 0xff, 0x30, 0x20, 0x08, 0xff, 0x30, 0x20, 0x08, 0xff,
    0x28, 0x1c, 0x08, 0xdf, 0x08, 0x08, 0x00, 0x8a, 0x00, 0x00, 0x00, 0x69,
    0x00, 0x00, 0x00, 0x5d, 0x00, 0x00, 0x00, 0x4d, 0x00, 0x00, 0x00, 0x45,
    0x00, 0x00, 0x00, 0x38, 0x00, 0x00, 0x00, 0x30, 0x00, 0x00, 0x00, 0x24,
    0x00, 0x00, 0x00, 0x1c, 0x00, 0x00, 0x00, 0x18, 0x00, 0x00, 0x00, 0x10,
    0x00, 0x00, 0x00, 0x0c, 0x00, 0x00, 0x00, 0x08, 0x00, 0x00, 0x00, 0x08,
    0x00, 0x00, 0x00, 0x04, 0x00, 0x00, 0x00, 0x00, 0x00, 0x00, 0x00, 0x00,
    0x00, 0x00, 0x00, 0x00, 0x00, 0x00, 0x00, 0x00, 0x00, 0x00, 0x00, 0x00,
    0x00, 0x00, 0x00, 0x00, 0x00, 0x00, 0x00, 0x00, 0x00, 0x00, 0x00, 0x00,
    0x00, 0x00, 0x00, 0x00, 0x00, 0x00, 0x00, 0x00, 0x00, 0x00, 0x00, 0x00,
    0x00, 0x00, 0x00, 0x00, 0x00, 0x00, 0x00, 0x00, 0x00, 0x00, 0x00, 0x00,
    0x00, 0x00, 0x00, 0x00, 0x00, 0x00, 0x00, 0x00, 0x00, 0x00, 0x00, 0x00,
    0x00, 0x00, 0x00, 0x00, 0x00, 0x00, 0x00, 0x00, 0x00, 0x00, 0x00, 0x00,
    0x00, 0x00, 0x00, 0x00, 0x00, 0x00, 0x00, 0x00, 0x00, 0x00, 0x00, 0x00,
    0x00, 0x00, 0x00, 0x00, 0x00, 0x00, 0x00, 0x00, 0x00, 0x00, 0x00, 0x00,
    0x00, 0x00, 0x00, 0x00, 0x00, 0x00, 0x00, 0x00, 0x00, 0x00, 0x00, 0x00,
    0x00, 0x00, 0x00, 0x00, 0x00, 0x00, 0x00, 0x00, 0x00, 0x00, 0x00, 0x00,
    0x00, 0x00, 0x00, 0x00, 0x00, 0x00, 0x00, 0x00, 0x00, 0x00, 0x00, 0x00,
    0x00, 0x00, 0x00, 0x00, 0x00, 0x00, 0x00, 0x00, 0x00, 0x00, 0x00, 0x00,
    0x00, 0x00, 0x00, 0x00, 0x00, 0x00, 0x00, 0x00, 0x00, 0x00, 0x00, 0x00,
    0x00, 0x00, 0x00, 0x00, 0x00, 0x00, 0x00, 0x00, 0x00, 0x00, 0x00, 0x00,
    0x00, 0x00, 0x00, 0x00, 0x00, 0x00, 0x00, 0x00, 0x00, 0x00, 0x00, 0x00,
    0x00, 0x00, 0x00, 0x00, 0x00, 0x00, 0x00, 0x00, 0x00, 0x00, 0x00, 0x00,
    0x00, 0x00, 0x00, 0x00, 0x00, 0x00, 0x00, 0x00, 0x00, 0x00, 0x00, 0x00,
    0x00, 0x00, 0x00, 0x00, 0x00, 0x00, 0x00, 0x00, 0x00, 0x00, 0x00, 0x00,
    0x00, 0x00, 0x00, 0x00, 0x00, 0x00, 0x00, 0x00, 0x00, 0x00, 0x00, 0x00,
    0x00, 0x00, 0x00, 0x00, 0x00, 0x00, 0x00, 0x00, 0x00, 0x00, 0x00, 0x00,
    0x00, 0x00, 0x00, 0x00, 0x00, 0x00, 0x00, 0x00, 0x00, 0x00, 0x00, 0x00,
    0x00, 0x00, 0x00, 0x00, 0x00, 0x00, 0x00, 0x00, 0x00, 0x00, 0x00, 0x00,
    0x00, 0x00, 0x00, 0x04, 0x00, 0x00, 0x00, 0x04, 0x00, 0x00, 0x00, 0x04,
    0x00, 0x00, 0x00, 0x08, 0x00, 0x00, 0x00, 0x0c, 0x00, 0x00, 0x00, 0x10,
    0x00, 0x00, 0x00, 0x14, 0x00, 0x00, 0x00, 0x1c, 0x00, 0x00, 0x00, 0x24,
    0x00, 0x00, 0x00, 0x2c, 0x00, 0x00, 0x00, 0x34, 0x00, 0x00, 0x00, 0x41,
    0x00, 0x00, 0x00, 0x49, 0x00, 0x00, 0x00, 0x55, 0x00, 0x00, 0x00, 0x61,
    0x00, 0x00, 0x00, 0x6d, 0x18, 0x14, 0x08, 0xae, 0x28, 0x20, 0x08, 0xf3,
    0x30, 0x20, 0x08, 0xff, 0x28, 0x1c, 0x08, 0xff, 0x28, 0x1c, 0x08, 0xff,
    0x28, 0x1c, 0x08, 0xff, 0x28, 0x1c, 0x08, 0xff, 0x28, 0x1c, 0x00, 0xff,
    0x28, 0x1c, 0x08, 0xff, 0x28, 0x18, 0x08, 0xff, 0x28, 0x1c, 0x00, 0xff,
    0x28, 0x1c, 0x00, 0xff, 0x28, 0x18, 0x00, 0xff, 0x28, 0x1c, 0x08, 0xff,
    0x28, 0x1c, 0x00, 0xff, 0x28, 0x18, 0x00, 0xff, 0x20, 0x18, 0x00, 0xff,
    0x28, 0x1c, 0x08, 0xff, 0x28, 0x18, 0x08, 0xff, 0x28, 0x1c, 0x00, 0xff,
    0x28, 0x1c, 0x00, 0xff, 0x28, 0x18, 0x00, 0xff, 0x20, 0x1c, 0x00, 0xff,
    0x28, 0x1c, 0x00, 0xff, 0x28, 0x18, 0x00, 0xff, 0x28, 0x1c, 0x00, 0xff,
    0x28, 0x18, 0x08, 0xff, 0x28, 0x18, 0x00, 0xff, 0x28, 0x1c, 0x00, 0xff,
    0x28, 0x18, 0x08, 0xff, 0x28, 0x1c, 0x00, 0xff, 0x28, 0x1c, 0x08, 0xff,
    0x20, 0x18, 0x08, 0xff, 0x28, 0x1c, 0x00, 0xff, 0x28, 0x1c, 0x00, 0xff,
    0x20, 0x18, 0x08, 0xff, 0x28, 0x18, 0x00, 0xff, 0x28, 0x1c, 0x08, 0xff,
    0x28, 0x18, 0x00, 0xff, 0x28, 0x1c, 0x00, 0xff, 0x28, 0x18, 0x08, 0xff,
    0x28, 0x1c, 0x00, 0xff, 0x28, 0x18, 0x00, 0xff, 0x28, 0x1c, 0x08, 0xff,
    0x28, 0x1c, 0x00, 0xff, 0x28, 0x18, 0x00, 0xff, 0x28, 0x1c, 0x08, 0xff,
    0x28, 0x18, 0x08, 0xff, 0x28, 0x18, 0x00, 0xff, 0x28, 0x1c, 0x00, 0xff,
    0x28, 0x18, 0x00, 0xff, 0x28, 0x18, 0x08, 0xff, 0x28, 0x1c, 0x00, 0xff,
    0x28, 0x18, 0x00, 0xff, 0x28, 0x1c, 0x08, 0xff, 0x28, 0x18, 0x00, 0xff,
    0x20, 0x1c, 0x08, 0xff, 0x28, 0x18, 0x00, 0xff, 0x28, 0x1c, 0x00, 0xff,
    0x28, 0x1c, 0x00, 0xff, 0x28, 0x18, 0x08, 0xff, 0x28, 0x1c, 0x00, 0xff,
    0x28, 0x1c, 0x08, 0xff, 0x20, 0x18, 0x00, 0xff, 0x28, 0x1c, 0x08, 0xff,
    0x28, 0x1c, 0x00, 0xff, 0x28, 0x18, 0x00, 0xff, 0x20, 0x1c, 0x08, 0xff,
    0x28, 0x1c, 0x00, 0xff, 0x28, 0x18, 0x00, 0xff, 0x28, 0x1c, 0x08, 0xff,
    0x28, 0x18, 0x00, 0xff, 0x28, 0x1c, 0x00, 0xff, 0x20, 0x18, 0x00, 0xff,
    0x28, 0x1c, 0x08, 0xff, 0x28, 0x18, 0x08, 0xff, 0x28, 0x18, 0x00, 0xff,
    0x20, 0x1c, 0x08, 0xff, 0x28, 0x1c, 0x08, 0xff, 0x28, 0x18, 0x00, 0xff,
    0x28, 0x1c, 0x00, 0xff, 0x28, 0x18, 0x00, 0xff, 0x28, 0x1c, 0x08, 0xff,
    0x28, 0x1c, 0x08, 0xff, 0x28, 0x1c, 0x08, 0xff, 0x28, 0x1c, 0x00, 0xff,
    0x28, 0x1c, 0x08, 0xff, 0x28, 0x20, 0x08, 0xff, 0x30, 0x20, 0x08, 0xff,
    0x30, 0x20, 0x08, 0xf3, 0x18, 0x14, 0x08, 0xae, 0x00, 0x00, 0x00, 0x6d,
    0x00, 0x00, 0x00, 0x61, 0x00, 0x00, 0x00, 0x55, 0x00, 0x00, 0x00, 0x49,
    0x00, 0x00, 0x00, 0x41, 0x00, 0x00, 0x00, 0x34, 0x00, 0x00, 0x00, 0x2c,
    0x00, 0x00, 0x00, 0x24, 0x00, 0x00, 0x00, 0x1c, 0x00, 0x00, 0x00, 0x14,
    0x00, 0x00, 0x00, 0x10, 0x00, 0x00, 0x00, 0x0c, 0x00, 0x00, 0x00, 0x08,
    0x00, 0x00, 0x00, 0x04, 0x00, 0x00, 0x00, 0x04, 0x00, 0x00, 0x00, 0x00,
    0x00, 0x00, 0x00, 0x00, 0x00, 0x00, 0x00, 0x04, 0x00, 0x00, 0x00, 0x00,
    0x00, 0x00, 0x00, 0x00, 0x00, 0x00, 0x00, 0x00, 0x00, 0x00, 0x00, 0x00,
    0x00, 0x00, 0x00, 0x00, 0x00, 0x00, 0x00, 0x00, 0x00, 0x00, 0x00, 0x00,
    0x00, 0x00, 0x00, 0x00, 0x00, 0x00, 0x00, 0x00, 0x00, 0x00, 0x00, 0x00,
    0x00, 0x00, 0x00, 0x00, 0x00, 0x00, 0x00, 0x00, 0x00, 0x00, 0x00, 0x00,
    0x00, 0x00, 0x00, 0x00, 0x00, 0x00, 0x00, 0x00, 0x00, 0x00, 0x00, 0x00,
    0x00, 0x00, 0x00, 0x00, 0x00, 0x00, 0x00, 0x00, 0x00, 0x00, 0x00, 0x00,
    0x00, 0x00, 0x00, 0x00, 0x00, 0x00, 0x00, 0x00, 0x00, 0x00, 0x00, 0x00,
    0x00, 0x00, 0x00, 0x00, 0x00, 0x00, 0x00, 0x00, 0x00, 0x00, 0x00, 0x00,
    0x00, 0x00, 0x00, 0x00, 0x00, 0x00, 0x00, 0x00, 0x00, 0x00, 0x00, 0x00,
    0x00, 0x00, 0x00, 0x00, 0x00, 0x00, 0x00, 0x00, 0x00, 0x00, 0x00, 0x00,
    0x00, 0x00, 0x00, 0x00, 0x00, 0x00, 0x00, 0x00, 0x00, 0x00, 0x00, 0x00,
    0x00, 0x00, 0x00, 0x00, 0x00, 0x00, 0x00, 0x00, 0x00, 0x00, 0x00, 0x00,
    0x00, 0x00, 0x00, 0x00, 0x00, 0x00, 0x00, 0x00, 0x00, 0x00, 0x00, 0x00,
    0x00, 0x00, 0x00, 0x00, 0x00, 0x00, 0x00, 0x00, 0x00, 0x00, 0x00, 0x00,
    0x00, 0x00, 0x00, 0x00, 0x00, 0x00, 0x00, 0x00, 0x00, 0x00, 0x00, 0x00,
    0x00, 0x00, 0x00, 0x00, 0x00, 0x00, 0x00, 0x00, 0x00, 0x00, 0x00, 0x00,
    0x00, 0x00, 0x00, 0x00, 0x00, 0x00, 0x00, 0x00, 0x00, 0x00, 0x00, 0x00,
    0x00, 0x00, 0x00, 0x00, 0x00, 0x00, 0x00, 0x00, 0x00, 0x00, 0x00, 0x00,
    0x00, 0x00, 0x00, 0x00, 0x00, 0x00, 0x00, 0x00, 0x00, 0x00, 0x00, 0x00,
    0x00, 0x00, 0x00, 0x00, 0x00, 0x00, 0x00, 0x00, 0x00, 0x00, 0x00, 0x00,
    0x00, 0x00, 0x00, 0x00, 0x00, 0x00, 0x00, 0x00, 0x00, 0x00, 0x00, 0x00,
    0x00, 0x00, 0x00, 0x00, 0x00, 0x00, 0x00, 0x00, 0x00, 0x00, 0x00, 0x00,
    0x00, 0x00, 0x00, 0x04, 0x00, 0x00, 0x00, 0x04, 0x00, 0x00, 0x00, 0x04,
    0x00, 0x00, 0x00, 0x08, 0x00, 0x00, 0x00, 0x08, 0x00, 0x00, 0x00, 0x10,
    0x00, 0x00, 0x00, 0x14, 0x00, 0x00, 0x00, 0x18, 0x00, 0x00, 0x00, 0x20,
    0x00, 0x00, 0x00, 0x28, 0x00, 0x00, 0x00, 0x30, 0x00, 0x00, 0x00, 0x38,
    0x00, 0x00, 0x00, 0x45, 0x00, 0x00, 0x00, 0x4d, 0x00, 0x00, 0x00, 0x59,
    0x00, 0x00, 0x00, 0x65, 0x08, 0x04, 0x00, 0x7d, 0x20, 0x18, 0x08, 0xc3,
    0x30, 0x20, 0x08, 0xfb, 0x28, 0x20, 0x08, 0xff, 0x28, 0x20, 0x08, 0xff,
    0x28, 0x1c, 0x08, 0xff, 0x28, 0x1c, 0x08, 0xff, 0x28, 0x1c, 0x08, 0xff,
    0x28, 0x1c, 0x00, 0xff, 0x28, 0x1c, 0x08, 0xff, 0x28, 0x18, 0x00, 0xff,
    0x28, 0x18, 0x08, 0xff, 0x28, 0x1c, 0x00, 0xff, 0x28, 0x1c, 0x08, 0xff,
    0x28, 0x18, 0x00, 0xff, 0x28, 0x1c, 0x00, 0xff, 0x28, 0x1c, 0x00, 0xff,
    0x20, 0x18, 0x00, 0xff, 0x20, 0x18, 0x08, 0xff, 0x28, 0x1c, 0x00, 0xff,
    0x28, 0x18, 0x00, 0xff, 0x20, 0x18, 0x08, 0xff, 0x28, 0x1c, 0x00, 0xff,
    0x28, 0x18, 0x00, 0xff, 0x28, 0x1c, 0x08, 0xff, 0x20, 0x1c, 0x00, 0xff,
    0x28, 0x18, 0x00, 0xff, 0x28, 0x18, 0x08, 0xff, 0x20, 0x1c, 0x00, 0xff,
    0x28, 0x18, 0x00, 0xff, 0x28, 0x18, 0x08, 0xff, 0x28, 0x1c, 0x00, 0xff,
    0x28, 0x18, 0x00, 0xff, 0x28, 0x18, 0x00, 0xff, 0x28, 0x1c, 0x00, 0xff,
    0x28, 0x1c, 0x00, 0xff, 0x20, 0x18, 0x00, 0xff, 0x28, 0x1c, 0x08, 0xff,
    0x28, 0x18, 0x00, 0xff, 0x28, 0x1c, 0x08, 0xff, 0x28, 0x18, 0x00, 0xff,
    0x28, 0x18, 0x00, 0xff, 0x28, 0x1c, 0x00, 0xff, 0x28, 0x18, 0x00, 0xff,
    0x28, 0x1c, 0x00, 0xff, 0x28, 0x1c, 0x08, 0xff, 0x28, 0x18, 0x00, 0xff,
    0x28, 0x1c, 0x08, 0xff, 0x28, 0x1c, 0x00, 0xff, 0x28, 0x18, 0x08, 0xff,
    0x20, 0x1c, 0x00, 0xff, 0x28, 0x18, 0x00, 0xff, 0x28, 0x1c, 0x00, 0xff,
    0x28, 0x18, 0x00, 0xff, 0x28, 0x1c, 0x08, 0xff, 0x28, 0x18, 0x00, 0xff,
    0x28, 0x1c, 0x00, 0xff, 0x28, 0x18, 0x08, 0xff, 0x20, 0x1c, 0x00, 0xff,
    0x28, 0x18, 0x00, 0xff, 0x28, 0x1c, 0x08, 0xff, 0x28, 0x18, 0x00, 0xff,
    0x20, 0x1c, 0x00, 0xff, 0x28, 0x18, 0x00, 0xff, 0x28, 0x1c, 0x00, 0xff,
    0x28, 0x18, 0x00, 0xff, 0x28, 0x18, 0x00, 0xff, 0x28, 0x1c, 0x08, 0xff,
    0x28, 0x18, 0x08, 0xff, 0x20, 0x18, 0x00, 0xff, 0x28, 0x1c, 0x00, 0xff,
    0x28, 0x1c, 0x00, 0xff, 0x28, 0x18, 0x08, 0xff, 0x28, 0x1c, 0x00, 0xff,
    0x28, 0x18, 0x00, 0xff, 0x28, 0x1c, 0x00, 0xff, 0x28, 0x18, 0x00, 0xff,
    0x28, 0x18, 0x00, 0xff, 0x28, 0x1c, 0x00, 0xff, 0x28, 0x1c, 0x08, 0xff,
    0x28, 0x1c, 0x00, 0xff, 0x28, 0x1c, 0x08, 0xff, 0x28, 0x1c, 0x08, 0xff,
    0x28, 0x1c, 0x08, 0xff, 0x28, 0x20, 0x08, 0xff, 0x28, 0x20, 0x08, 0xff,
    0x30, 0x20, 0x08, 0xfb, 0x20, 0x18, 0x08, 0xc7, 0x08, 0x04, 0x00, 0x79,
    0x00, 0x00, 0x00, 0x65, 0x00, 0x00, 0x00, 0x59, 0x00, 0x00, 0x00, 0x51,
    0x00, 0x00, 0x00, 0x45, 0x00, 0x00, 0x00, 0x38, 0x00, 0x00, 0x00, 0x30,
    0x00, 0x00, 0x00, 0x28, 0x00, 0x00, 0x00, 0x20, 0x00, 0x00, 0x00, 0x18,
    0x00, 0x00, 0x00, 0x14, 0x00, 0x00, 0x00, 0x0c, 0x00, 0x00, 0x00, 0x08,
    0x00, 0x00, 0x00, 0x08, 0x00, 0x00, 0x00, 0x04, 0x00, 0x00, 0x00, 0x04,
    0x00, 0x00, 0x00, 0x04, 0x00, 0x00, 0x00, 0x00, 0x00, 0x00, 0x00, 0x00,
    0x00, 0x00, 0x00, 0x00, 0x00, 0x00, 0x00, 0x00, 0x00, 0x00, 0x00, 0x00,
    0x00, 0x00, 0x00, 0x00, 0x00, 0x00, 0x00, 0x00, 0x00, 0x00, 0x00, 0x00,
    0x00, 0x00, 0x00, 0x00, 0x00, 0x00, 0x00, 0x00, 0x00, 0x00, 0x00, 0x00,
    0x00, 0x00, 0x00, 0x00, 0x00, 0x00, 0x00, 0x00, 0x00, 0x00, 0x00, 0x00,
    0x00, 0x00, 0x00, 0x00, 0x00, 0x00, 0x00, 0x00, 0x00, 0x00, 0x00, 0x00,
    0x00, 0x00, 0x00, 0x00, 0x00, 0x00, 0x00, 0x00, 0x00, 0x00, 0x00, 0x00,
    0x00, 0x00, 0x00, 0x00, 0x00, 0x00, 0x00, 0x00, 0x00, 0x00, 0x00, 0x00,
    0x00, 0x00, 0x00, 0x00, 0x00, 0x00, 0x00, 0x00, 0x00, 0x00, 0x00, 0x00,
    0x00, 0x00, 0x00, 0x00, 0x00, 0x00, 0x00, 0x00, 0x00, 0x00, 0x00, 0x00,
    0x00, 0x00, 0x00, 0x00, 0x00, 0x00, 0x00, 0x00, 0x00, 0x00, 0x00, 0x00,
    0x00, 0x00, 0x00, 0x00, 0x00, 0x00, 0x00, 0x00, 0x00, 0x00, 0x00, 0x00,
    0x00, 0x00, 0x00, 0x00, 0x00, 0x00, 0x00, 0x00, 0x00, 0x00, 0x00, 0x00,
    0x00, 0x00, 0x00, 0x00, 0x00, 0x00, 0x00, 0x00, 0x00, 0x00, 0x00, 0x00,
    0x00, 0x00, 0x00, 0x00, 0x00, 0x00, 0x00, 0x00, 0x00, 0x00, 0x00, 0x00,
    0x00, 0x00, 0x00, 0x00, 0x00, 0x00, 0x00, 0x00, 0x00, 0x00, 0x00, 0x00,
    0x00, 0x00, 0x00, 0x00, 0x00, 0x00, 0x00, 0x00, 0x00, 0x00, 0x00, 0x00,
    0x00, 0x00, 0x00, 0x00, 0x00, 0x00, 0x00, 0x00, 0x00, 0x00, 0x00, 0x00,
    0x00, 0x00, 0x00, 0x00, 0x00, 0x00, 0x00, 0x00, 0x00, 0x00, 0x00, 0x00,
    0x00, 0x00, 0x00, 0x00, 0x00, 0x00, 0x00, 0x00, 0x00, 0x00, 0x00, 0x00,
    0x00, 0x00, 0x00, 0x00, 0x00, 0x00, 0x00, 0x00, 0x00, 0x00, 0x00, 0x00,
    0x00, 0x00, 0x00, 0x00, 0x00, 0x00, 0x00, 0x00, 0x00, 0x00, 0x00, 0x00,
    0x00, 0x00, 0x00, 0x00, 0x00, 0x00, 0x00, 0x00, 0x00, 0x00, 0x00, 0x00,
    0x00, 0x00, 0x00, 0x00, 0x00, 0x00, 0x00, 0x00, 0x00, 0x00, 0x00, 0x00,
    0x00, 0x00, 0x00, 0x00, 0x00, 0x00, 0x00, 0x04, 0x00, 0x00, 0x00, 0x04,
    0x00, 0x00, 0x00, 0x04, 0x00, 0x00, 0x00, 0x08, 0x00, 0x00, 0x00, 0x0c,
    0x00, 0x00, 0x00, 0x10, 0x00, 0x00, 0x00, 0x14, 0x00, 0x00, 0x00, 0x1c,
    0x00, 0x00, 0x00, 0x24, 0x00, 0x00, 0x00, 0x2c, 0x00, 0x00, 0x00, 0x34,
    0x00, 0x00, 0x00, 0x41, 0x00, 0x00, 0x00, 0x49, 0x00, 0x00, 0x00, 0x51,
    0x00, 0x00, 0x00, 0x5d, 0x00, 0x00, 0x00, 0x69, 0x10, 0x0c, 0x00, 0x8a,
    0x28, 0x1c, 0x08, 0xd7, 0x30, 0x20, 0x08, 0xff, 0x28, 0x20, 0x08, 0xff,
    0x28, 0x20, 0x08, 0xff, 0x28, 0x1c, 0x08, 0xff, 0x28, 0x1c, 0x00, 0xff,
    0x28, 0x1c, 0x08, 0xff, 0x28, 0x1c, 0x00, 0xff, 0x28, 0x1c, 0x08, 0xff,
    0x28, 0x18, 0x00, 0xff, 0x28, 0x18, 0x00, 0xff, 0x28, 0x1c, 0x00, 0xff,
    0x20, 0x18, 0x08, 0xff, 0x28, 0x1c, 0x00, 0xff, 0x28, 0x18, 0x00, 0xff,
    0x28, 0x1c, 0x00, 0xff, 0x28, 0x1c, 0x08, 0xff, 0x28, 0x18, 0x00, 0xff,
    0x28, 0x1c, 0x00, 0xff, 0x28, 0x18, 0x08, 0xff, 0x28, 0x18, 0x00, 0xff,
    0x20, 0x18, 0x00, 0xff, 0x28, 0x1c, 0x08, 0xff, 0x28, 0x18, 0x00, 0xff,
    0x20, 0x1c, 0x00, 0xff, 0x28, 0x1c, 0x00, 0xff, 0x28, 0x18, 0x00, 0xff,
    0x28, 0x1c, 0x00, 0xff, 0x20, 0x1c, 0x00, 0xff, 0x28, 0x18, 0x08, 0xff,
    0x28, 0x18, 0x08, 0xff, 0x28, 0x1c, 0x00, 0xff, 0x28, 0x18, 0x08, 0xff,
    0x28, 0x1c, 0x00, 0xff, 0x28, 0x18, 0x00, 0xff, 0x28, 0x1c, 0x08, 0xff,
    0x20, 0x1c, 0x00, 0xff, 0x28, 0x18, 0x08, 0xff, 0x28, 0x1c, 0x00, 0xff,
    0x20, 0x18, 0x08, 0xff, 0x28, 0x18, 0x08, 0xff, 0x28, 0x1c, 0x00, 0xff,
    0x28, 0x18, 0x00, 0xff, 0x20, 0x18, 0x00, 0xff, 0x28, 0x1c, 0x00, 0xff,
    0x28, 0x18, 0x08, 0xff, 0x28, 0x1c, 0x00, 0xff, 0x20, 0x18, 0x00, 0xff,
    0x28, 0x1c, 0x00, 0xff, 0x28, 0x18, 0x08, 0xff, 0x28, 0x1c, 0x00, 0xff,
    0x28, 0x18, 0x00, 0xff, 0x28, 0x1c, 0x08, 0xff, 0x20, 0x18, 0x00, 0xff,
    0x28, 0x18, 0x08, 0xff, 0x28, 0x1c, 0x00, 0xff, 0x28, 0x18, 0x00, 0xff,
    0x28, 0x18, 0x08, 0xff, 0x20, 0x1c, 0x00, 0xff, 0x28, 0x18, 0x00, 0xff,
    0x28, 0x18, 0x08, 0xff, 0x28, 0x18, 0x08, 0xff, 0x28, 0x1c, 0x00, 0xff,
    0x28, 0x1c, 0x00, 0xff, 0x20, 0x18, 0x00, 0xff, 0x28, 0x1c, 0x00, 0xff,
    0x28, 0x18, 0x00, 0xff, 0x28, 0x1c, 0x08, 0xff, 0x28, 0x18, 0x08, 0xff,
    0x20, 0x18, 0x00, 0xff, 0x28, 0x18, 0x00, 0xff, 0x28, 0x1c, 0x08, 0xff,
    0x28, 0x18, 0x00, 0xff, 0x28, 0x18, 0x00, 0xff, 0x28, 0x1c, 0x08, 0xff,
    0x20, 0x1c, 0x08, 0xff, 0x28, 0x1c, 0x08, 0xff, 0x28, 0x1c, 0x08, 0xff,
    0x28, 0x1c, 0x08, 0xff, 0x28, 0x1c, 0x08, 0xff, 0x28, 0x20, 0x08, 0xff,
    0x30, 0x20, 0x08, 0xff, 0x28, 0x1c, 0x08, 0xd7, 0x10, 0x0c, 0x00, 0x86,
    0x00, 0x00, 0x00, 0x69, 0x00, 0x00, 0x00, 0x5d, 0x00, 0x00, 0x00, 0x55,
    0x00, 0x00, 0x00, 0x49, 0x00, 0x00, 0x00, 0x3c, 0x00, 0x00, 0x00, 0x34,
    0x00, 0x00, 0x00, 0x2c, 0x00, 0x00, 0x00, 0x24, 0x00, 0x00, 0x00, 0x1c,
    0x00, 0x00, 0x00, 0x14, 0x00, 0x00, 0x00, 0x10, 0x00, 0x00, 0x00, 0x0c,
    0x00, 0x00, 0x00, 0x08, 0x00, 0x00, 0x00, 0x08, 0x00, 0x00, 0x00, 0x04,
    0x00, 0x00, 0x00, 0x04, 0x00, 0x00, 0x00, 0x00, 0x00, 0x00, 0x00, 0x00,
    0x00, 0x00, 0x00, 0x00, 0x00, 0x00, 0x00, 0x00, 0x00, 0x00, 0x00, 0x00,
    0x00, 0x00, 0x00, 0x00, 0x00, 0x00, 0x00, 0x00, 0x00, 0x00, 0x00, 0x00,
    0x00, 0x00, 0x00, 0x00, 0x00, 0x00, 0x00, 0x00, 0x00, 0x00, 0x00, 0x00,
    0x00, 0x00, 0x00, 0x00, 0x00, 0x00, 0x00, 0x00, 0x00, 0x00, 0x00, 0x00,
    0x00, 0x00, 0x00, 0x00, 0x00, 0x00, 0x00, 0x00, 0x00, 0x00, 0x00, 0x00,
    0x00, 0x00, 0x00, 0x00, 0x00, 0x00, 0x00, 0x00, 0x00, 0x00, 0x00, 0x00,
    0x00, 0x00, 0x00, 0x00, 0x00, 0x00, 0x00, 0x00, 0x00, 0x00, 0x00, 0x00,
    0x00, 0x00, 0x00, 0x00, 0x00, 0x00, 0x00, 0x00, 0x00, 0x00, 0x00, 0x00,
    0x00, 0x00, 0x00, 0x00, 0x00, 0x00, 0x00, 0x00, 0x00, 0x00, 0x00, 0x00,
    0x00, 0x00, 0x00, 0x00, 0x00, 0x00, 0x00, 0x00, 0x00, 0x00, 0x00, 0x00,
    0x00, 0x00, 0x00, 0x00, 0x00, 0x00, 0x00, 0x00, 0x00, 0x00, 0x00, 0x00,
    0x00, 0x00, 0x00, 0x00, 0x00, 0x00, 0x00, 0x00, 0x00, 0x00, 0x00, 0x00,
    0x00, 0x00, 0x00, 0x00, 0x00, 0x00, 0x00, 0x00, 0x00, 0x00, 0x00, 0x00,
    0x00, 0x00, 0x00, 0x00, 0x00, 0x00, 0x00, 0x00, 0x00, 0x00, 0x00, 0x00,
    0x00, 0x00, 0x00, 0x00, 0x00, 0x00, 0x00, 0x00, 0x00, 0x00, 0x00, 0x00,
    0x00, 0x00, 0x00, 0x00, 0x00, 0x00, 0x00, 0x00, 0x00, 0x00, 0x00, 0x00,
    0x00, 0x00, 0x00, 0x00, 0x00, 0x00, 0x00, 0x00, 0x00, 0x00, 0x00, 0x00,
    0x00, 0x00, 0x00, 0x00, 0x00, 0x00, 0x00, 0x00, 0x00, 0x00, 0x00, 0x00,
    0x00, 0x00, 0x00, 0x00, 0x00, 0x00, 0x00, 0x00, 0x00, 0x00, 0x00, 0x00,
    0x00, 0x00, 0x00, 0x00, 0x00, 0x00, 0x00, 0x00, 0x00, 0x00, 0x00, 0x00,
    0x00, 0x00, 0x00, 0x00, 0x00, 0x00, 0x00, 0x00, 0x00, 0x00, 0x00, 0x00,
    0x00, 0x00, 0x00, 0x00, 0x00, 0x00, 0x00, 0x00, 0x00, 0x00, 0x00, 0x00,
    0x00, 0x00, 0x00, 0x00, 0x00, 0x00, 0x00, 0x00, 0x00, 0x00, 0x00, 0x00,
    0x00, 0x00, 0x00, 0x00, 0x00, 0x00, 0x00, 0x00, 0x00, 0x00, 0x00, 0x00,
    0x00, 0x00, 0x00, 0x00, 0x00, 0x00, 0x00, 0x04, 0x00, 0x00, 0x00, 0x04,
    0x00, 0x00, 0x00, 0x04, 0x00, 0x00, 0x00, 0x08, 0x00, 0x00, 0x00, 0x0c,
    0x00, 0x00, 0x00, 0x10, 0x00, 0x00, 0x00, 0x10, 0x00, 0x00, 0x00, 0x18,
    0x00, 0x00, 0x00, 0x20, 0x00, 0x00, 0x00, 0x28, 0x00, 0x00, 0x00, 0x30,
    0x00, 0x00, 0x00, 0x38, 0x00, 0x00, 0x00, 0x41, 0x00, 0x00, 0x00, 0x4d,
    0x00, 0x00, 0x00, 0x55, 0x00, 0x00, 0x00, 0x61, 0x00, 0x00, 0x00, 0x6d,
    0x10, 0x0c, 0x08, 0x92, 0x28, 0x1c, 0x08, 0xdb, 0x30, 0x20, 0x08, 0xff,
    0x28, 0x20, 0x08, 0xff, 0x28, 0x1c, 0x08, 0xff, 0x28, 0x1c, 0x08, 0xff,
    0x28, 0x1c, 0x08, 0xff, 0x28, 0x1c, 0x00, 0xff, 0x28, 0x1c, 0x00, 0xff,
    0x28, 0x1c, 0x08, 0xff, 0x28, 0x18, 0x00, 0xff, 0x28, 0x18, 0x08, 0xff,
    0x28, 0x1c, 0x08, 0xff, 0x28, 0x18, 0x00, 0xff, 0x28, 0x18, 0x00, 0xff,
    0x28, 0x18, 0x00, 0xff, 0x28, 0x1c, 0x08, 0xff, 0x20, 0x18, 0x00, 0xff,
    0x28, 0x1c, 0x00, 0xff, 0x28, 0x1c, 0x08, 0xff, 0x28, 0x18, 0x00, 0xff,
    0x28, 0x18, 0x00, 0xff, 0x28, 0x1c, 0x08, 0xff, 0x28, 0x18, 0x00, 0xff,
    0x28, 0x18, 0x08, 0xff, 0x28, 0x1c, 0x00, 0xff, 0x28, 0x18, 0x08, 0xff,
    0x28, 0x18, 0x00, 0xff, 0x20, 0x1c, 0x00, 0xff, 0x28, 0x1c, 0x00, 0xff,
    0x28, 0x18, 0x08, 0xff, 0x28, 0x18, 0x00, 0xff, 0x28, 0x1c, 0x00, 0xff,
    0x20, 0x18, 0x00, 0xff, 0x28, 0x18, 0x00, 0xff, 0x28, 0x1c, 0x00, 0xff,
    0x28, 0x1c, 0x00, 0xff, 0x28, 0x18, 0x00, 0xff, 0x20, 0x18, 0x00, 0xff,
    0x28, 0x1c, 0x08, 0xff, 0x28, 0x18, 0x00, 0xff, 0x28, 0x1c, 0x00, 0xff,
    0x20, 0x1c, 0x08, 0xff, 0x28, 0x18, 0x00, 0xff, 0x28, 0x18, 0x00, 0xff,
    0x20, 0x18, 0x00, 0xff, 0x28, 0x18, 0x00, 0xff, 0x28, 0x1c, 0x08, 0xff,
    0x28, 0x18, 0x08, 0xff, 0x20, 0x18, 0x00, 0xff, 0x28, 0x1c, 0x00, 0xff,
    0x28, 0x1c, 0x08, 0xff, 0x28, 0x18, 0x00, 0xff, 0x28, 0x1c, 0x00, 0xff,
    0x28, 0x1c, 0x00, 0xff, 0x28, 0x18, 0x08, 0xff, 0x28, 0x1c, 0x00, 0xff,
    0x28, 0x1c, 0x00, 0xff, 0x28, 0x18, 0x08, 0xff, 0x28, 0x1c, 0x00, 0xff,
    0x28, 0x1c, 0x00, 0xff, 0x20, 0x18, 0x08, 0xff, 0x28, 0x18, 0x00, 0xff,
    0x28, 0x18, 0x00, 0xff, 0x20, 0x1c, 0x08, 0xff, 0x28, 0x1c, 0x00, 0xff,
    0x28, 0x18, 0x00, 0xff, 0x28, 0x1c, 0x08, 0xff, 0x28, 0x1c, 0x00, 0xff,
    0x20, 0x18, 0x00, 0xff, 0x28, 0x1c, 0x08, 0xff, 0x28, 0x1c, 0x08, 0xff,
    0x28, 0x1c, 0x00, 0xff, 0x28, 0x1c, 0x08, 0xff, 0x28, 0x1c, 0x08, 0xff,
    0x28, 0x1c, 0x00, 0xff, 0x28, 0x20, 0x08, 0xff, 0x30, 0x20, 0x08, 0xff,
    0x30, 0x20, 0x08, 0xff, 0x28, 0x1c, 0x08, 0xdb, 0x10, 0x0c, 0x00, 0x92,
    0x00, 0x00, 0x00, 0x6d, 0x00, 0x00, 0x00, 0x61, 0x00, 0x00, 0x00, 0x55,
    0x00, 0x00, 0x00, 0x4d, 0x00, 0x00, 0x00, 0x41, 0x00, 0x00, 0x00, 0x38,
    0x00, 0x00, 0x00, 0x30, 0x00, 0x00, 0x00, 0x28, 0x00, 0x00, 0x00, 0x20,
    0x00, 0x00, 0x00, 0x18, 0x00, 0x00, 0x00, 0x14, 0x00, 0x00, 0x00, 0x10,
    0x00, 0x00, 0x00, 0x0c, 0x00, 0x00, 0x00, 0x08, 0x00, 0x00, 0x00, 0x04,
    0x00, 0x00, 0x00, 0x04, 0x00, 0x00, 0x00, 0x00, 0x00, 0x00, 0x00, 0x00,
    0x00, 0x00, 0x00, 0x00, 0x00, 0x00, 0x00, 0x00, 0x00, 0x00, 0x00, 0x00,
    0x00, 0x00, 0x00, 0x00, 0x00, 0x00, 0x00, 0x00, 0x00, 0x00, 0x00, 0x00,
    0x00, 0x00, 0x00, 0x00, 0x00, 0x00, 0x00, 0x00, 0x00, 0x00, 0x00, 0x00,
    0x00, 0x00, 0x00, 0x00, 0x00, 0x00, 0x00, 0x00, 0x00, 0x00, 0x00, 0x00,
    0x00, 0x00, 0x00, 0x00, 0x00, 0x00, 0x00, 0x00, 0x00, 0x00, 0x00, 0x00,
    0x00, 0x00, 0x00, 0x00, 0x00, 0x00, 0x00, 0x00, 0x00, 0x00, 0x00, 0x00,
    0x00, 0x00, 0x00, 0x00, 0x00, 0x00, 0x00, 0x00, 0x00, 0x00, 0x00, 0x00,
    0x00, 0x00, 0x00, 0x00, 0x00, 0x00, 0x00, 0x00, 0x00, 0x00, 0x00, 0x00,
    0x00, 0x00, 0x00, 0x00, 0x00, 0x00, 0x00, 0x00, 0x00, 0x00, 0x00, 0x00,
    0x00, 0x00, 0x00, 0x00, 0x00, 0x00, 0x00, 0x00, 0x00, 0x00, 0x00, 0x00,
    0x00, 0x00, 0x00, 0x00, 0x00, 0x00, 0x00, 0x00, 0x00, 0x00, 0x00, 0x00,
    0x00, 0x00, 0x00, 0x00, 0x00, 0x00, 0x00, 0x00, 0x00, 0x00, 0x00, 0x00,
    0x00, 0x00, 0x00, 0x00, 0x00, 0x00, 0x00, 0x00, 0x00, 0x00, 0x00, 0x00,
    0x00, 0x00, 0x00, 0x00, 0x00, 0x00, 0x00, 0x00, 0x00, 0x00, 0x00, 0x00,
    0x00, 0x00, 0x00, 0x00, 0x00, 0x00, 0x00, 0x00, 0x00, 0x00, 0x00, 0x00,
    0x00, 0x00, 0x00, 0x00, 0x00, 0x00, 0x00, 0x00, 0x00, 0x00, 0x00, 0x00,
    0x00, 0x00, 0x00, 0x00, 0x00, 0x00, 0x00, 0x00, 0x00, 0x00, 0x00, 0x00,
    0x00, 0x00, 0x00, 0x00, 0x00, 0x00, 0x00, 0x00, 0x00, 0x00, 0x00, 0x00,
    0x00, 0x00, 0x00, 0x00, 0x00, 0x00, 0x00, 0x00, 0x00, 0x00, 0x00, 0x00,
    0x00, 0x00, 0x00, 0x00, 0x00, 0x00, 0x00, 0x00, 0x00, 0x00, 0x00, 0x00,
    0x00, 0x00, 0x00, 0x00, 0x00, 0x00, 0x00, 0x00, 0x00, 0x00, 0x00, 0x00,
    0x00, 0x00, 0x00, 0x00, 0x00, 0x00, 0x00, 0x00, 0x00, 0x00, 0x00, 0x00,
    0x00, 0x00, 0x00, 0x00, 0x00, 0x00, 0x00, 0x00, 0x00, 0x00, 0x00, 0x00,
    0x00, 0x00, 0x00, 0x00, 0x00, 0x00, 0x00, 0x00, 0x00, 0x00, 0x00, 0x00,
    0x00, 0x00, 0x00, 0x00, 0x00, 0x00, 0x00, 0x00, 0x00, 0x00, 0x00, 0x00,
    0x00, 0x00, 0x00, 0x00, 0x00, 0x00, 0x00, 0x04, 0x00, 0x00, 0x00, 0x04,
    0x00, 0x00, 0x00, 0x04, 0x00, 0x00, 0x00, 0x04, 0x00, 0x00, 0x00, 0x08,
    0x00, 0x00, 0x00, 0x0c, 0x00, 0x00, 0x00, 0x10, 0x00, 0x00, 0x00, 0x14,
    0x00, 0x00, 0x00, 0x1c, 0x00, 0x00, 0x00, 0x20, 0x00, 0x00, 0x00, 0x28,
    0x00, 0x00, 0x00, 0x34, 0x00, 0x00, 0x00, 0x3c, 0x00, 0x00, 0x00, 0x45,
    0x00, 0x00, 0x00, 0x4d, 0x00, 0x00, 0x00, 0x59, 0x00, 0x00, 0x00, 0x61,
    0x00, 0x00, 0x00, 0x6d, 0x10, 0x0c, 0x08, 0x92, 0x28, 0x1c, 0x08, 0xd7,
    0x30, 0x20, 0x08, 0xff, 0x28, 0x20, 0x08, 0xff, 0x28, 0x20, 0x08, 0xff,
    0x28, 0x1c, 0x08, 0xff, 0x28, 0x1c, 0x08, 0xff, 0x28, 0x1c, 0x08, 0xff,
    0x28, 0x1c, 0x08, 0xff, 0x28, 0x1c, 0x00, 0xff, 0x28, 0x1c, 0x00, 0xff,
    0x28, 0x1c, 0x00, 0xff, 0x28, 0x18, 0x08, 0xff, 0x20, 0x1c, 0x00, 0xff,
    0x28, 0x18, 0x08, 0xff, 0x28, 0x18, 0x00, 0xff, 0x20, 0x1c, 0x00, 0xff,
    0x28, 0x1c, 0x08, 0xff, 0x28, 0x18, 0x00, 0xff, 0x20, 0x1c, 0x00, 0xff,
    0x28, 0x18, 0x08, 0xff, 0x28, 0x1c, 0x00, 0xff, 0x28, 0x18, 0x00, 0xff,
    0x20, 0x18, 0x08, 0xff, 0x28, 0x1c, 0x00, 0xff, 0x28, 0x18, 0x00, 0xff,
    0x28, 0x18, 0x00, 0xff, 0x20, 0x1c, 0x00, 0xff, 0x28, 0x18, 0x08, 0xff,
    0x20, 0x18, 0x00, 0xff, 0x28, 0x1c, 0x00, 0xff, 0x28, 0x1c, 0x08, 0xff,
    0x28, 0x18, 0x00, 0xff, 0x28, 0x18, 0x00, 0xff, 0x28, 0x18, 0x08, 0xff,
    0x28, 0x18, 0x00, 0xff, 0x28, 0x1c, 0x00, 0xff, 0x20, 0x1c, 0x08, 0xff,
    0x28, 0x18, 0x00, 0xff, 0x28, 0x18, 0x00, 0xff, 0x28, 0x1c, 0x08, 0xff,
    0x28, 0x1c, 0x00, 0xff, 0x28, 0x18, 0x08, 0xff, 0x28, 0x1c, 0x08, 0xff,
    0x28, 0x1c, 0x00, 0xff, 0x28, 0x18, 0x00, 0xff, 0x20, 0x18, 0x00, 0xff,
    0x28, 0x1c, 0x00, 0xff, 0x28, 0x18, 0x08, 0xff, 0x28, 0x18, 0x00, 0xff,
    0x20, 0x18, 0x00, 0xff, 0x28, 0x1c, 0x00, 0xff, 0x28, 0x18, 0x08, 0xff,
    0x20, 0x18, 0x00, 0xff, 0x28, 0x1c, 0x00, 0xff, 0x28, 0x18, 0x00, 0xff,
    0x20, 0x18, 0x00, 0xff, 0x28, 0x1c, 0x00, 0xff, 0x28, 0x18, 0x08, 0xff,
    0x28, 0x1c, 0x00, 0xff, 0x28, 0x1c, 0x00, 0xff, 0x28, 0x18, 0x08, 0xff,
    0x28, 0x18, 0x00, 0xff, 0x28, 0x1c, 0x00, 0xff, 0x28, 0x18, 0x00, 0xff,
    0x28, 0x1c, 0x00, 0xff, 0x28, 0x18, 0x08, 0xff, 0x28, 0x1c, 0x00, 0xff,
    0x28, 0x1c, 0x08, 0xff, 0x28, 0x1c, 0x00, 0xff, 0x28, 0x1c, 0x08, 0xff,
    0x28, 0x1c, 0x08, 0xff, 0x28, 0x20, 0x08, 0xff, 0x28, 0x20, 0x08, 0xff,
    0x30, 0x20, 0x08, 0xff, 0x28, 0x1c, 0x08, 0xd7, 0x10, 0x10, 0x08, 0x96,
    0x00, 0x00, 0x00, 0x6d, 0x00, 0x00, 0x00, 0x61, 0x00, 0x00, 0x00, 0x59,
    0x00, 0x00, 0x00, 0x4d, 0x00, 0x00, 0x00, 0x45, 0x00, 0x00, 0x00, 0x3c,
    0x00, 0x00, 0x00, 0x30, 0x00, 0x00, 0x00, 0x28, 0x00, 0x00, 0x00, 0x20,
    0x00, 0x00, 0x00, 0x1c, 0x00, 0x00, 0x00, 0x14, 0x00, 0x00, 0x00, 0x10,
    0x00, 0x00, 0x00, 0x0c, 0x00, 0x00, 0x00, 0x08, 0x00, 0x00, 0x00, 0x04,
    0x00, 0x00, 0x00, 0x04, 0x00, 0x00, 0x00, 0x04, 0x00, 0x00, 0x00, 0x04,
    0x00, 0x00, 0x00, 0x00, 0x00, 0x00, 0x00, 0x00, 0x00, 0x00, 0x00, 0x00,
    0x00, 0x00, 0x00, 0x00, 0x00, 0x00, 0x00, 0x00, 0x00, 0x00, 0x00, 0x00,
    0x00, 0x00, 0x00, 0x00, 0x00, 0x00, 0x00, 0x00, 0x00, 0x00, 0x00, 0x00,
    0x00, 0x00, 0x00, 0x00, 0x00, 0x00, 0x00, 0x00, 0x00, 0x00, 0x00, 0x00,
    0x00, 0x00, 0x00, 0x00, 0x00, 0x00, 0x00, 0x00, 0x00, 0x00, 0x00, 0x00,
    0x00, 0x00, 0x00, 0x00, 0x00, 0x00, 0x00, 0x00, 0x00, 0x00, 0x00, 0x00,
    0x00, 0x00, 0x00, 0x00, 0x00, 0x00, 0x00, 0x00, 0x00, 0x00, 0x00, 0x00,
    0x00, 0x00, 0x00, 0x00, 0x00, 0x00, 0x00, 0x00, 0x00, 0x00, 0x00, 0x00,
    0x00, 0x00, 0x00, 0x00, 0x00, 0x00, 0x00, 0x00, 0x00, 0x00, 0x00, 0x00,
    0x00, 0x00, 0x00, 0x00, 0x00, 0x00, 0x00, 0x00, 0x00, 0x00, 0x00, 0x00,
    0x00, 0x00, 0x00, 0x00, 0x00, 0x00, 0x00, 0x00, 0x00, 0x00, 0x00, 0x00,
    0x00, 0x00, 0x00, 0x00, 0x00, 0x00, 0x00, 0x00, 0x00, 0x00, 0x00, 0x00,
    0x00, 0x00, 0x00, 0x00, 0x00, 0x00, 0x00, 0x00, 0x00, 0x00, 0x00, 0x00,
    0x00, 0x00, 0x00, 0x00, 0x00, 0x00, 0x00, 0x00, 0x00, 0x00, 0x00, 0x00,
    0x00, 0x00, 0x00, 0x00, 0x00, 0x00, 0x00, 0x00, 0x00, 0x00, 0x00, 0x00,
    0x00, 0x00, 0x00, 0x00, 0x00, 0x00, 0x00, 0x00, 0x00, 0x00, 0x00, 0x00,
    0x00, 0x00, 0x00, 0x00, 0x00, 0x00, 0x00, 0x00, 0x00, 0x00, 0x00, 0x00,
    0x00, 0x00, 0x00, 0x00, 0x00, 0x00, 0x00, 0x00, 0x00, 0x00, 0x00, 0x00,
    0x00, 0x00, 0x00, 0x00, 0x00, 0x00, 0x00, 0x00, 0x00, 0x00, 0x00, 0x00,
    0x00, 0x00, 0x00, 0x00, 0x00, 0x00, 0x00, 0x00, 0x00, 0x00, 0x00, 0x00,
    0x00, 0x00, 0x00, 0x00, 0x00, 0x00, 0x00, 0x00, 0x00, 0x00, 0x00, 0x00,
    0x00, 0x00, 0x00, 0x00, 0x00, 0x00, 0x00, 0x00, 0x00, 0x00, 0x00, 0x00,
    0x00, 0x00, 0x00, 0x00, 0x00, 0x00, 0x00, 0x00, 0x00, 0x00, 0x00, 0x00,
    0x00, 0x00, 0x00, 0x00, 0x00, 0x00, 0x00, 0x00, 0x00, 0x00, 0x00, 0x00,
    0x00, 0x00, 0x00, 0x00, 0x00, 0x00, 0x00, 0x00, 0x00, 0x00, 0x00, 0x00,
    0x00, 0x00, 0x00, 0x00, 0x00, 0x00, 0x00, 0x00, 0x00, 0x00, 0x00, 0x00,
    0x00, 0x00, 0x00, 0x00, 0x00, 0x00, 0x00, 0x00, 0x00, 0x00, 0x00, 0x04,
    0x00, 0x00, 0x00, 0x04, 0x00, 0x00, 0x00, 0x04, 0x00, 0x00, 0x00, 0x08,
    0x00, 0x00, 0x00, 0x0c, 0x00, 0x00, 0x00, 0x10, 0x00, 0x00, 0x00, 0x14,
    0x00, 0x00, 0x00, 0x18, 0x00, 0x00, 0x00, 0x1c, 0x00, 0x00, 0x00, 0x24,
    0x00, 0x00, 0x00, 0x2c, 0x00, 0x00, 0x00, 0x34, 0x00, 0x00, 0x00, 0x3c,
    0x00, 0x00, 0x00, 0x45, 0x00, 0x00, 0x00, 0x4d, 0x00, 0x00, 0x00, 0x59,
    0x00, 0x00, 0x00, 0x61, 0x00, 0x00, 0x00, 0x6d, 0x10, 0x0c, 0x00, 0x8a,
    0x20, 0x1c, 0x08, 0xcb, 0x30, 0x20, 0x08, 0xfb, 0x30, 0x20, 0x08, 0xff,
    0x28, 0x20, 0x08, 0xff, 0x28, 0x1c, 0x08, 0xff, 0x28, 0x1c, 0x08, 0xff,
    0x28, 0x1c, 0x08, 0xff, 0x28, 0x1c, 0x00, 0xff, 0x28, 0x1c, 0x08, 0xff,
    0x28, 0x1c, 0x08, 0xff, 0x28, 0x1c, 0x00, 0xff, 0x28, 0x1c, 0x00, 0xff,
    0x28, 0x18, 0x08, 0xff, 0x28, 0x18, 0x00, 0xff, 0x28, 0x18, 0x00, 0xff,
    0x28, 0x18, 0x08, 0xff, 0x28, 0x1c, 0x00, 0xff, 0x28, 0x18, 0x00, 0xff,
    0x28, 0x1c, 0x08, 0xff, 0x20, 0x1c, 0x00, 0xff, 0x28, 0x18, 0x00, 0xff,
    0x28, 0x1c, 0x08, 0xff, 0x28, 0x1c, 0x00, 0xff, 0x28, 0x18, 0x00, 0xff,
    0x28, 0x1c, 0x08, 0xff, 0x28, 0x1c, 0x00, 0xff, 0x28, 0x18, 0x08, 0xff,
    0x28, 0x1c, 0x00, 0xff, 0x28, 0x18, 0x00, 0xff, 0x28, 0x1c, 0x08, 0xff,
    0x20, 0x1c, 0x08, 0xff, 0x28, 0x18, 0x00, 0xff, 0x28, 0x1c, 0x00, 0xff,
    0x28, 0x18, 0x00, 0xff, 0x28, 0x18, 0x00, 0xff, 0x20, 0x1c, 0x08, 0xff,
    0x28, 0x18, 0x00, 0xff, 0x28, 0x18, 0x00, 0xff, 0x28, 0x1c, 0x00, 0xff,
    0x20, 0x18, 0x00, 0xff, 0x28, 0x1c, 0x00, 0xff, 0x28, 0x18, 0x08, 0xff,
    0x20, 0x18, 0x00, 0xff, 0x28, 0x1c, 0x00, 0xff, 0x28, 0x1c, 0x00, 0xff,
    0x28, 0x18, 0x08, 0xff, 0x28, 0x1c, 0x00, 0xff, 0x20, 0x18, 0x08, 0xff,
    0x28, 0x18, 0x08, 0xff, 0x28, 0x1c, 0x00, 0xff, 0x28, 0x1c, 0x00, 0xff,
    0x28, 0x18, 0x08, 0xff, 0x28, 0x1c, 0x00, 0xff, 0x20, 0x18, 0x00, 0xff,
    0x28, 0x18, 0x08, 0xff, 0x28, 0x1c, 0x00, 0xff, 0x28, 0x18, 0x00, 0xff,
    0x20, 0x18, 0x08, 0xff, 0x28, 0x1c, 0x00, 0xff, 0x28, 0x18, 0x00, 0xff,
    0x28, 0x18, 0x08, 0xff, 0x20, 0x1c, 0x08, 0xff, 0x28, 0x1c, 0x08, 0xff,
    0x28, 0x1c, 0x00, 0xff, 0x28, 0x1c, 0x08, 0xff, 0x28, 0x1c, 0x08, 0xff,
    0x28, 0x1c, 0x08, 0xff, 0x28, 0x20, 0x08, 0xff, 0x28, 0x20, 0x08, 0xff,
    0x30, 0x20, 0x08, 0xfb, 0x20, 0x18, 0x08, 0xcb, 0x10, 0x08, 0x08, 0x8a,
    0x00, 0x00, 0x00, 0x6d, 0x00, 0x00, 0x00, 0x61, 0x00, 0x00, 0x00, 0x59,
    0x00, 0x00, 0x00, 0x4d, 0x00, 0x00, 0x00, 0x45, 0x00, 0x00, 0x00, 0x3c,
    0x00, 0x00, 0x00, 0x34, 0x00, 0x00, 0x00, 0x2c, 0x00, 0x00, 0x00, 0x24,
    0x00, 0x00, 0x00, 0x1c, 0x00, 0x00, 0x00, 0x18, 0x00, 0x00, 0x00, 0x14,
    0x00, 0x00, 0x00, 0x0c, 0x00, 0x00, 0x00, 0x0c, 0x00, 0x00, 0x00, 0x08,
    0x00, 0x00, 0x00, 0x04, 0x00, 0x00, 0x00, 0x04, 0x00, 0x00, 0x00, 0x04,
    0x00, 0x00, 0x00, 0x00, 0x00, 0x00, 0x00, 0x00, 0x00, 0x00, 0x00, 0x00,
    0x00, 0x00, 0x00, 0x00, 0x00, 0x00, 0x00, 0x00, 0x00, 0x00, 0x00, 0x00,
    0x00, 0x00, 0x00, 0x00, 0x00, 0x00, 0x00, 0x00, 0x00, 0x00, 0x00, 0x00,
    0x00, 0x00, 0x00, 0x00, 0x00, 0x00, 0x00, 0x00, 0x00, 0x00, 0x00, 0x00,
    0x00, 0x00, 0x00, 0x00, 0x00, 0x00, 0x00, 0x00, 0x00, 0x00, 0x00, 0x00,
    0x00, 0x00, 0x00, 0x00, 0x00, 0x00, 0x00, 0x00, 0x00, 0x00, 0x00, 0x00,
    0x00, 0x00, 0x00, 0x00, 0x00, 0x00, 0x00, 0x00, 0x00, 0x00, 0x00, 0x00,
    0x00, 0x00, 0x00, 0x00, 0x00, 0x00, 0x00, 0x00, 0x00, 0x00, 0x00, 0x00,
    0x00, 0x00, 0x00, 0x00, 0x00, 0x00, 0x00, 0x00, 0x00, 0x00, 0x00, 0x00,
    0x00, 0x00, 0x00, 0x00, 0x00, 0x00, 0x00, 0x00, 0x00, 0x00, 0x00, 0x00,
    0x00, 0x00, 0x00, 0x00, 0x00, 0x00, 0x00, 0x00, 0x00, 0x00, 0x00, 0x00,
    0x00, 0x00, 0x00, 0x00, 0x00, 0x00, 0x00, 0x00, 0x00, 0x00, 0x00, 0x00,
    0x00, 0x00, 0x00, 0x00, 0x00, 0x00, 0x00, 0x00, 0x00, 0x00, 0x00, 0x00,
    0x00, 0x00, 0x00, 0x00, 0x00, 0x00, 0x00, 0x00, 0x00, 0x00, 0x00, 0x00,
    0x00, 0x00, 0x00, 0x00, 0x00, 0x00, 0x00, 0x00, 0x00, 0x00, 0x00, 0x00,
    0x00, 0x00, 0x00, 0x00, 0x00, 0x00, 0x00, 0x00, 0x00, 0x00, 0x00, 0x00,
    0x00, 0x00, 0x00, 0x00, 0x00, 0x00, 0x00, 0x00, 0x00, 0x00, 0x00, 0x00,
    0x00, 0x00, 0x00, 0x00, 0x00, 0x00, 0x00, 0x00, 0x00, 0x00, 0x00, 0x00,
    0x00, 0x00, 0x00, 0x00, 0x00, 0x00, 0x00, 0x00, 0x00, 0x00, 0x00, 0x00,
    0x00, 0x00, 0x00, 0x00, 0x00, 0x00, 0x00, 0x00, 0x00, 0x00, 0x00, 0x00,
    0x00, 0x00, 0x00, 0x00, 0x00, 0x00, 0x00, 0x00, 0x00, 0x00, 0x00, 0x00,
    0x00, 0x00, 0x00, 0x00, 0x00, 0x00, 0x00, 0x00, 0x00, 0x00, 0x00, 0x00,
    0x00, 0x00, 0x00, 0x00, 0x00, 0x00, 0x00, 0x00, 0x00, 0x00, 0x00, 0x00,
    0x00, 0x00, 0x00, 0x00, 0x00, 0x00, 0x00, 0x00, 0x00, 0x00, 0x00, 0x00,
    0x00, 0x00, 0x00, 0x00, 0x00, 0x00, 0x00, 0x00, 0x00, 0x00, 0x00, 0x00,
    0x00, 0x00, 0x00, 0x00, 0x00, 0x00, 0x00, 0x00, 0x00, 0x00, 0x00, 0x00,
    0x00, 0x00, 0x00, 0x00, 0x00, 0x00, 0x00, 0x00, 0x00, 0x00, 0x00, 0x00,
    0x00, 0x00, 0x00, 0x00, 0x00, 0x00, 0x00, 0x00, 0x00, 0x00, 0x00, 0x04,
    0x00, 0x00, 0x00, 0x04, 0x00, 0x00, 0x00, 0x04, 0x00, 0x00, 0x00, 0x04,
    0x00, 0x00, 0x00, 0x08, 0x00, 0x00, 0x00, 0x0c, 0x00, 0x00, 0x00, 0x10,
    0x00, 0x00, 0x00, 0x14, 0x00, 0x00, 0x00, 0x18, 0x00, 0x00, 0x00, 0x20,
    0x00, 0x00, 0x00, 0x24, 0x00, 0x00, 0x00, 0x2c, 0x00, 0x00, 0x00, 0x34,
    0x00, 0x00, 0x00, 0x3c, 0x00, 0x00, 0x00, 0x45, 0x00, 0x00, 0x00, 0x4d,
    0x00, 0x00, 0x00, 0x59, 0x00, 0x00, 0x00, 0x61, 0x00, 0x00, 0x00, 0x69,
    0x08, 0x04, 0x00, 0x82, 0x20, 0x18, 0x08, 0xba, 0x28, 0x20, 0x08, 0xef,
    0x30, 0x20, 0x08, 0xff, 0x28, 0x20, 0x08, 0xff, 0x28, 0x20, 0x08, 0xff,
    0x28, 0x1c, 0x08, 0xff, 0x28, 0x1c, 0x08, 0xff, 0x28, 0x1c, 0x08, 0xff,
    0x28, 0x1c, 0x08, 0xff, 0x28, 0x1c, 0x08, 0xff, 0x28, 0x1c, 0x08, 0xff,
    0x28, 0x1c, 0x00, 0xff, 0x28, 0x1c, 0x00, 0xff, 0x28, 0x1c, 0x00, 0xff,
    0x20, 0x18, 0x08, 0xff, 0x28, 0x18, 0x00, 0xff, 0x28, 0x18, 0x00, 0xff,
    0x28, 0x18, 0x00, 0xff, 0x28, 0x1c, 0x00, 0xff, 0x28, 0x18, 0x08, 0xff,
    0x20, 0x18, 0x00, 0xff, 0x28, 0x18, 0x08, 0xff, 0x28, 0x1c, 0x00, 0xff,
    0x28, 0x18, 0x00, 0xff, 0x28, 0x18, 0x00, 0xff, 0x20, 0x18, 0x08, 0xff,
    0x28, 0x18, 0x00, 0xff, 0x28, 0x1c, 0x00, 0xff, 0x20, 0x18, 0x00, 0xff,
    0x28, 0x1c, 0x00, 0xff, 0x28, 0x1c, 0x00, 0xff, 0x20, 0x18, 0x08, 0xff,
    0x28, 0x18, 0x00, 0xff, 0x28, 0x18, 0x00, 0xff, 0x20, 0x1c, 0x00, 0xff,
    0x28, 0x1c, 0x00, 0xff, 0x28, 0x18, 0x08, 0xff, 0x28, 0x18, 0x00, 0xff,
    0x28, 0x18, 0x00, 0xff, 0x28, 0x1c, 0x00, 0xff, 0x28, 0x18, 0x08, 0xff,
    0x28, 0x18, 0x00, 0xff, 0x28, 0x18, 0x00, 0xff, 0x28, 0x18, 0x00, 0xff,
    0x28, 0x18, 0x00, 0xff, 0x28, 0x18, 0x00, 0xff, 0x28, 0x1c, 0x00, 0xff,
    0x28, 0x18, 0x00, 0xff, 0x20, 0x18, 0x08, 0xff, 0x28, 0x1c, 0x00, 0xff,
    0x28, 0x1c, 0x00, 0xff, 0x28, 0x18, 0x08, 0xff, 0x28, 0x1c, 0x00, 0xff,
    0x20, 0x1c, 0x00, 0xff, 0x28, 0x18, 0x08, 0xff, 0x28, 0x1c, 0x00, 0xff,
    0x28, 0x1c, 0x00, 0xff, 0x28, 0x1c, 0x08, 0xff, 0x28, 0x1c, 0x08, 0xff,
    0x28, 0x1c, 0x08, 0xff, 0x28, 0x1c, 0x08, 0xff, 0x28, 0x20, 0x08, 0xff,
    0x28, 0x1c, 0x08, 0xff, 0x28, 0x20, 0x08, 0xff, 0x30, 0x20, 0x08, 0xff,
    0x28, 0x20, 0x08, 0xef, 0x20, 0x18, 0x08, 0xba, 0x08, 0x04, 0x00, 0x7d,
    0x00, 0x00, 0x00, 0x69, 0x00, 0x00, 0x00, 0x61, 0x00, 0x00, 0x00, 0x55,
    0x00, 0x00, 0x00, 0x4d, 0x00, 0x00, 0x00, 0x45, 0x00, 0x00, 0x00, 0x3c,
    0x00, 0x00, 0x00, 0x34, 0x00, 0x00, 0x00, 0x2c, 0x00, 0x00, 0x00, 0x24,
    0x00, 0x00, 0x00, 0x20, 0x00, 0x00, 0x00, 0x18, 0x00, 0x00, 0x00, 0x14,
    0x00, 0x00, 0x00, 0x10, 0x00, 0x00, 0x00, 0x0c, 0x00, 0x00, 0x00, 0x08,
    0x00, 0x00, 0x00, 0x08, 0x00, 0x00, 0x00, 0x04, 0x00, 0x00, 0x00, 0x04,
    0x00, 0x00, 0x00, 0x04, 0x00, 0x00, 0x00, 0x00, 0x00, 0x00, 0x00, 0x00,
    0x00, 0x00, 0x00, 0x00, 0x00, 0x00, 0x00, 0x00, 0x00, 0x00, 0x00, 0x00,
    0x00, 0x00, 0x00, 0x00, 0x00, 0x00, 0x00, 0x00, 0x00, 0x00, 0x00, 0x00,
    0x00, 0x00, 0x00, 0x00, 0x00, 0x00, 0x00, 0x00, 0x00, 0x00, 0x00, 0x00,
    0x00, 0x00, 0x00, 0x00, 0x00, 0x00, 0x00, 0x00, 0x00, 0x00, 0x00, 0x00,
    0x00, 0x00, 0x00, 0x00, 0x00, 0x00, 0x00, 0x00, 0x00, 0x00, 0x00, 0x00,
    0x00, 0x00, 0x00, 0x00, 0x00, 0x00, 0x00, 0x00, 0x00, 0x00, 0x00, 0x00,
    0x00, 0x00, 0x00, 0x00, 0x00, 0x00, 0x00, 0x00, 0x00, 0x00, 0x00, 0x00,
    0x00, 0x00, 0x00, 0x00, 0x00, 0x00, 0x00, 0x00, 0x00, 0x00, 0x00, 0x00,
    0x00, 0x00, 0x00, 0x00, 0x00, 0x00, 0x00, 0x00, 0x00, 0x00, 0x00, 0x00,
    0x00, 0x00, 0x00, 0x00, 0x00, 0x00, 0x00, 0x00, 0x00, 0x00, 0x00, 0x00,
    0x00, 0x00, 0x00, 0x00, 0x00, 0x00, 0x00, 0x00, 0x00, 0x00, 0x00, 0x00,
    0x00, 0x00, 0x00, 0x00, 0x00, 0x00, 0x00, 0x00, 0x00, 0x00, 0x00, 0x00,
    0x00, 0x00, 0x00, 0x00, 0x00, 0x00, 0x00, 0x00, 0x00, 0x00, 0x00, 0x00,
    0x00, 0x00, 0x00, 0x00, 0x00, 0x00, 0x00, 0x00, 0x00, 0x00, 0x00, 0x00,
    0x00, 0x00, 0x00, 0x00, 0x00, 0x00, 0x00, 0x00, 0x00, 0x00, 0x00, 0x00,
    0x00, 0x00, 0x00, 0x00, 0x00, 0x00, 0x00, 0x00, 0x00, 0x00, 0x00, 0x00,
    0x00, 0x00, 0x00, 0x00, 0x00, 0x00, 0x00, 0x00, 0x00, 0x00, 0x00, 0x00,
    0x00, 0x00, 0x00, 0x00, 0x00, 0x00, 0x00, 0x00, 0x00, 0x00, 0x00, 0x00,
    0x00, 0x00, 0x00, 0x00, 0x00, 0x00, 0x00, 0x00, 0x00, 0x00, 0x00, 0x00,
    0x00, 0x00, 0x00, 0x00, 0x00, 0x00, 0x00, 0x00, 0x00, 0x00, 0x00, 0x00,
    0x00, 0x00, 0x00, 0x00, 0x00, 0x00, 0x00, 0x00, 0x00, 0x00, 0x00, 0x00,
    0x00, 0x00, 0x00, 0x00, 0x00, 0x00, 0x00, 0x00, 0x00, 0x00, 0x00, 0x00,
    0x00, 0x00, 0x00, 0x00, 0x00, 0x00, 0x00, 0x00, 0x00, 0x00, 0x00, 0x00,
    0x00, 0x00, 0x00, 0x00, 0x00, 0x00, 0x00, 0x00, 0x00, 0x00, 0x00, 0x00,
    0x00, 0x00, 0x00, 0x00, 0x00, 0x00, 0x00, 0x00, 0x00, 0x00, 0x00, 0x00,
    0x00, 0x00, 0x00, 0x00, 0x00, 0x00, 0x00, 0x00, 0x00, 0x00, 0x00, 0x00,
    0x00, 0x00, 0x00, 0x00, 0x00, 0x00, 0x00, 0x00, 0x00, 0x00, 0x00, 0x00,
    0x00, 0x00, 0x00, 0x00, 0x00, 0x00, 0x00, 0x00, 0x00, 0x00, 0x00, 0x00,
    0x00, 0x00, 0x00, 0x04, 0x00, 0x00, 0x00, 0x04, 0x00, 0x00, 0x00, 0x04,
    0x00, 0x00, 0x00, 0x08, 0x00, 0x00, 0x00, 0x08, 0x00, 0x00, 0x00, 0x0c,
    0x00, 0x00, 0x00, 0x10, 0x00, 0x00, 0x00, 0x14, 0x00, 0x00, 0x00, 0x18,
    0x00, 0x00, 0x00, 0x20, 0x00, 0x00, 0x00, 0x28, 0x00, 0x00, 0x00, 0x2c,
    0x00, 0x00, 0x00, 0x34, 0x00, 0x00, 0x00, 0x3c, 0x00, 0x00, 0x00, 0x45,
    0x00, 0x00, 0x00, 0x4d, 0x00, 0x00, 0x00, 0x55, 0x00, 0x00, 0x00, 0x5d,
    0x00, 0x00, 0x00, 0x65, 0x00, 0x00, 0x00, 0x71, 0x10, 0x10, 0x08, 0x9a,
    0x28, 0x1c, 0x08, 0xd3, 0x30, 0x20, 0x08, 0xfb, 0x28, 0x20, 0x08, 0xff,
    0x28, 0x20, 0x08, 0xff, 0x28, 0x1c, 0x08, 0xff, 0x28, 0x1c, 0x08, 0xff,
    0x28, 0x20, 0x08, 0xff, 0x28, 0x1c, 0x00, 0xff, 0x28, 0x1c, 0x08, 0xff,
    0x28, 0x1c, 0x08, 0xff, 0x28, 0x18, 0x08, 0xff, 0x28, 0x1c, 0x00, 0xff,
    0x28, 0x1c, 0x00, 0xff, 0x28, 0x1c, 0x08, 0xff, 0x20, 0x18, 0x00, 0xff,
    0x28, 0x18, 0x00, 0xff, 0x28, 0x18, 0x00, 0xff, 0x28, 0x1c, 0x00, 0xff,
    0x20, 0x18, 0x08, 0xff, 0x28, 0x18, 0x00, 0xff, 0x28, 0x1c, 0x00, 0xff,
    0x20, 0x1c, 0x08, 0xff, 0x28, 0x1c, 0x00, 0xff, 0x28, 0x18, 0x00, 0xff,
    0x28, 0x18, 0x00, 0xff, 0x28, 0x18, 0x08, 0xff, 0x28, 0x1c, 0x00, 0xff,
    0x28, 0x18, 0x00, 0xff, 0x28, 0x1c, 0x08, 0xff, 0x28, 0x1c, 0x00, 0xff,
    0x28, 0x18, 0x00, 0xff, 0x28, 0x1c, 0x08, 0xff, 0x20, 0x1c, 0x00, 0xff,
    0x28, 0x18, 0x00, 0xff, 0x20, 0x1c, 0x08, 0xff, 0x28, 0x18, 0x00, 0xff,
    0x20, 0x1c, 0x08, 0xff, 0x28, 0x18, 0x00, 0xff, 0x20, 0x1c, 0x00, 0xff,
    0x28, 0x18, 0x08, 0xff, 0x28, 0x1c, 0x00, 0xff, 0x28, 0x1c, 0x00, 0xff,
    0x20, 0x1c, 0x00, 0xff, 0x28, 0x1c, 0x00, 0xff, 0x28, 0x18, 0x08, 0xff,
    0x28, 0x18, 0x00, 0xff, 0x28, 0x1c, 0x00, 0xff, 0x28, 0x1c, 0x08, 0xff,
    0x28, 0x1c, 0x08, 0xff, 0x28, 0x1c, 0x00, 0xff, 0x28, 0x1c, 0x08, 0xff,
    0x28, 0x1c, 0x08, 0xff, 0x28, 0x1c, 0x08, 0xff, 0x28, 0x1c, 0x08, 0xff,
    0x28, 0x1c, 0x08, 0xff, 0x28, 0x20, 0x08, 0xff, 0x28, 0x1c, 0x08, 0xff,
    0x28, 0x20, 0x08, 0xff, 0x30, 0x20, 0x08, 0xff, 0x30, 0x20, 0x08, 0xfb,
    0x28, 0x1c, 0x08, 0xd3, 0x10, 0x10, 0x08, 0x9a, 0x00, 0x00, 0x00, 0x71,
    0x00, 0x00, 0x00, 0x65, 0x00, 0x00, 0x00, 0x5d, 0x00, 0x00, 0x00, 0x55,
    0x00, 0x00, 0x00, 0x4d, 0x00, 0x00, 0x00, 0x45, 0x00, 0x00, 0x00, 0x3c,
    0x00, 0x00, 0x00, 0x34, 0x00, 0x00, 0x00, 0x2c, 0x00, 0x00, 0x00, 0x28,
    0x00, 0x00, 0x00, 0x20, 0x00, 0x00, 0x00, 0x18, 0x00, 0x00, 0x00, 0x14,
    0x00, 0x00, 0x00, 0x10, 0x00, 0x00, 0x00, 0x0c, 0x00, 0x00, 0x00, 0x0c,
    0x00, 0x00, 0x00, 0x08, 0x00, 0x00, 0x00, 0x04, 0x00, 0x00, 0x00, 0x04,
    0x00, 0x00, 0x00, 0x00, 0x00, 0x00, 0x00, 0x00, 0x00, 0x00, 0x00, 0x00,
    0x00, 0x00, 0x00, 0x00, 0x00, 0x00, 0x00, 0x00, 0x00, 0x00, 0x00, 0x00,
    0x00, 0x00, 0x00, 0x00, 0x00, 0x00, 0x00, 0x00, 0x00, 0x00, 0x00, 0x00,
    0x00, 0x00, 0x00, 0x00, 0x00, 0x00, 0x00, 0x00, 0x00, 0x00, 0x00, 0x00,
    0x00, 0x00, 0x00, 0x00, 0x00, 0x00, 0x00, 0x00, 0x00, 0x00, 0x00, 0x00,
    0x00, 0x00, 0x00, 0x00, 0x00, 0x00, 0x00, 0x00, 0x00, 0x00, 0x00, 0x00,
    0x00, 0x00, 0x00, 0x00, 0x00, 0x00, 0x00, 0x00, 0x00, 0x00, 0x00, 0x00,
    0x00, 0x00, 0x00, 0x00, 0x00, 0x00, 0x00, 0x00, 0x00, 0x00, 0x00, 0x00,
    0x00, 0x00, 0x00, 0x00, 0x00, 0x00, 0x00, 0x00, 0x00, 0x00, 0x00, 0x00,
    0x00, 0x00, 0x00, 0x00, 0x00, 0x00, 0x00, 0x00, 0x00, 0x00, 0x00, 0x00,
    0x00, 0x00, 0x00, 0x00, 0x00, 0x00, 0x00, 0x00, 0x00, 0x00, 0x00, 0x00,
    0x00, 0x00, 0x00, 0x00, 0x00, 0x00, 0x00, 0x00, 0x00, 0x00, 0x00, 0x00,
    0x00, 0x00, 0x00, 0x00, 0x00, 0x00, 0x00, 0x00, 0x00, 0x00, 0x00, 0x00,
    0x00, 0x00, 0x00, 0x00, 0x00, 0x00, 0x00, 0x00, 0x00, 0x00, 0x00, 0x00,
    0x00, 0x00, 0x00, 0x00, 0x00, 0x00, 0x00, 0x00, 0x00, 0x00, 0x00, 0x00,
    0x00, 0x00, 0x00, 0x00, 0x00, 0x00, 0x00, 0x00, 0x00, 0x00, 0x00, 0x00,
    0x00, 0x00, 0x00, 0x00, 0x00, 0x00, 0x00, 0x00, 0x00, 0x00, 0x00, 0x00,
    0x00, 0x00, 0x00, 0x00, 0x00, 0x00, 0x00, 0x00, 0x00, 0x00, 0x00, 0x00,
    0x00, 0x00, 0x00, 0x00, 0x00, 0x00, 0x00, 0x00, 0x00, 0x00, 0x00, 0x00,
    0x00, 0x00, 0x00, 0x00, 0x00, 0x00, 0x00, 0x00, 0x00, 0x00, 0x00, 0x00,
    0x00, 0x00, 0x00, 0x00, 0x00, 0x00, 0x00, 0x00, 0x00, 0x00, 0x00, 0x00,
    0x00, 0x00, 0x00, 0x00, 0x00, 0x00, 0x00, 0x00, 0x00, 0x00, 0x00, 0x00,
    0x00, 0x00, 0x00, 0x00, 0x00, 0x00, 0x00, 0x00, 0x00, 0x00, 0x00, 0x00,
    0x00, 0x00, 0x00, 0x00, 0x00, 0x00, 0x00, 0x00, 0x00, 0x00, 0x00, 0x00,
    0x00, 0x00, 0x00, 0x00, 0x00, 0x00, 0x00, 0x00, 0x00, 0x00, 0x00, 0x00,
    0x00, 0x00, 0x00, 0x00, 0x00, 0x00, 0x00, 0x00, 0x00, 0x00, 0x00, 0x00,
    0x00, 0x00, 0x00, 0x00, 0x00, 0x00, 0x00, 0x00, 0x00, 0x00, 0x00, 0x00,
    0x00, 0x00, 0x00, 0x00, 0x00, 0x00, 0x00, 0x00, 0x00, 0x00, 0x00, 0x00,
    0x00, 0x00, 0x00, 0x00, 0x00, 0x00, 0x00, 0x00, 0x00, 0x00, 0x00, 0x00,
    0x00, 0x00, 0x00, 0x00, 0x00, 0x00, 0x00, 0x00, 0x00, 0x00, 0x00, 0x00,
    0x00, 0x00, 0x00, 0x04, 0x00, 0x00, 0x00, 0x04, 0x00, 0x00, 0x00, 0x04,
    0x00, 0x00, 0x00, 0x04, 0x00, 0x00, 0x00, 0x08, 0x00, 0x00, 0x00, 0x0c,
    0x00, 0x00, 0x00, 0x10, 0x00, 0x00, 0x00, 0x10, 0x00, 0x00, 0x00, 0x18,
    0x00, 0x00, 0x00, 0x1c, 0x00, 0x00, 0x00, 0x20, 0x00, 0x00, 0x00, 0x24,
    0x00, 0x00, 0x00, 0x2c, 0x00, 0x00, 0x00, 0x34, 0x00, 0x00, 0x00, 0x3c,
    0x00, 0x00, 0x00, 0x41, 0x00, 0x00, 0x00, 0x49, 0x00, 0x00, 0x00, 0x51,
    0x00, 0x00, 0x00, 0x59, 0x00, 0x00, 0x00, 0x61, 0x00, 0x00, 0x00, 0x69,
    0x08, 0x04, 0x00, 0x79, 0x18, 0x10, 0x08, 0xa6, 0x28, 0x1c, 0x08, 0xd7,
    0x30, 0x20, 0x08, 0xfb, 0x28, 0x20, 0x08, 0xff, 0x28, 0x20, 0x08, 0xff,
    0x28, 0x1c, 0x08, 0xff, 0x28, 0x1c, 0x08, 0xff, 0x28, 0x1c, 0x08, 0xff,
    0x28, 0x1c, 0x08, 0xff, 0x28, 0x1c, 0x08, 0xff, 0x28, 0x1c, 0x08, 0xff,
    0x28, 0x1c, 0x08, 0xff, 0x28, 0x1c, 0x08, 0xff, 0x28, 0x1c, 0x00, 0xff,
    0x28, 0x1c, 0x08, 0xff, 0x28, 0x1c, 0x00, 0xff, 0x28, 0x1c, 0x00, 0xff,
    0x28, 0x18, 0x08, 0xff, 0x28, 0x1c, 0x00, 0xff, 0x28, 0x18, 0x00, 0xff,
    0x28, 0x18, 0x00, 0xff, 0x20, 0x1c, 0x00, 0xff, 0x28, 0x1c, 0x08, 0xff,
    0x28, 0x18, 0x08, 0xff, 0x20, 0x18, 0x00, 0xff, 0x28, 0x18, 0x00, 0xff,
    0x28, 0x1c, 0x00, 0xff, 0x20, 0x18, 0x08, 0xff, 0x28, 0x18, 0x00, 0xff,
    0x28, 0x1c, 0x08, 0xff, 0x28, 0x18, 0x00, 0xff, 0x28, 0x18, 0x00, 0xff,
    0x28, 0x1c, 0x08, 0xff, 0x20, 0x18, 0x00, 0xff, 0x28, 0x18, 0x00, 0xff,
    0x28, 0x18, 0x00, 0xff, 0x28, 0x18, 0x00, 0xff, 0x20, 0x18, 0x08, 0xff,
    0x28, 0x18, 0x08, 0xff, 0x28, 0x1c, 0x08, 0xff, 0x28, 0x1c, 0x08, 0xff,
    0x28, 0x1c, 0x08, 0xff, 0x28, 0x1c, 0x08, 0xff, 0x28, 0x1c, 0x00, 0xff,
    0x28, 0x1c, 0x08, 0xff, 0x28, 0x1c, 0x08, 0xff, 0x28, 0x18, 0x08, 0xff,
    0x28, 0x1c, 0x00, 0xff, 0x28, 0x1c, 0x08, 0xff, 0x28, 0x1c, 0x08, 0xff,
    0x28, 0x20, 0x08, 0xff, 0x28, 0x20, 0x08, 0xff, 0x28, 0x1c, 0x08, 0xff,
    0x30, 0x20, 0x08, 0xff, 0x30, 0x20, 0x08, 0xfb, 0x28, 0x1c, 0x08, 0xd7,
    0x18, 0x10, 0x08, 0xa6, 0x00, 0x04, 0x00, 0x79, 0x00, 0x00, 0x00, 0x69,
    0x00, 0x00, 0x00, 0x61, 0x00, 0x00, 0x00, 0x59, 0x00, 0x00, 0x00, 0x51,
    0x00, 0x00, 0x00, 0x49, 0x00, 0x00, 0x00, 0x45, 0x00, 0x00, 0x00, 0x3c,
    0x00, 0x00, 0x00, 0x34, 0x00, 0x00, 0x00, 0x2c, 0x00, 0x00, 0x00, 0x28,
    0x00, 0x00, 0x00, 0x20, 0x00, 0x00, 0x00, 0x1c, 0x00, 0x00, 0x00, 0x18,
    0x00, 0x00, 0x00, 0x10, 0x00, 0x00, 0x00, 0x10, 0x00, 0x00, 0x00, 0x0c,
    0x00, 0x00, 0x00, 0x08, 0x00, 0x00, 0x00, 0x04, 0x00, 0x00, 0x00, 0x04,
    0x00, 0x00, 0x00, 0x04, 0x00, 0x00, 0x00, 0x00, 0x00, 0x00, 0x00, 0x00,
    0x00, 0x00, 0x00, 0x00, 0x00, 0x00, 0x00, 0x00, 0x00, 0x00, 0x00, 0x00,
    0x00, 0x00, 0x00, 0x00, 0x00, 0x00, 0x00, 0x00, 0x00, 0x00, 0x00, 0x00,
    0x00, 0x00, 0x00, 0x00, 0x00, 0x00, 0x00, 0x00, 0x00, 0x00, 0x00, 0x00,
    0x00, 0x00, 0x00, 0x00, 0x00, 0x00, 0x00, 0x00, 0x00, 0x00, 0x00, 0x00,
    0x00, 0x00, 0x00, 0x00, 0x00, 0x00, 0x00, 0x00, 0x00, 0x00, 0x00, 0x00,
    0x00, 0x00, 0x00, 0x00, 0x00, 0x00, 0x00, 0x00, 0x00, 0x00, 0x00, 0x00,
    0x00, 0x00, 0x00, 0x00, 0x00, 0x00, 0x00, 0x00, 0x00, 0x00, 0x00, 0x00,
    0x00, 0x00, 0x00, 0x00, 0x00, 0x00, 0x00, 0x00, 0x00, 0x00, 0x00, 0x00,
    0x00, 0x00, 0x00, 0x00, 0x00, 0x00, 0x00, 0x00, 0x00, 0x00, 0x00, 0x00,
    0x00, 0x00, 0x00, 0x00, 0x00, 0x00, 0x00, 0x00, 0x00, 0x00, 0x00, 0x00,
    0x00, 0x00, 0x00, 0x00, 0x00, 0x00, 0x00, 0x00, 0x00, 0x00, 0x00, 0x00,
    0x00, 0x00, 0x00, 0x00, 0x00, 0x00, 0x00, 0x00, 0x00, 0x00, 0x00, 0x00,
    0x00, 0x00, 0x00, 0x00, 0x00, 0x00, 0x00, 0x00, 0x00, 0x00, 0x00, 0x00,
    0x00, 0x00, 0x00, 0x00, 0x00, 0x00, 0x00, 0x00, 0x00, 0x00, 0x00, 0x00,
    0x00, 0x00, 0x00, 0x00, 0x00, 0x00, 0x00, 0x00, 0x00, 0x00, 0x00, 0x00,
    0x00, 0x00, 0x00, 0x00, 0x00, 0x00, 0x00, 0x00, 0x00, 0x00, 0x00, 0x00,
    0x00, 0x00, 0x00, 0x00, 0x00, 0x00, 0x00, 0x00, 0x00, 0x00, 0x00, 0x00,
    0x00, 0x00, 0x00, 0x00, 0x00, 0x00, 0x00, 0x00, 0x00, 0x00, 0x00, 0x00,
    0x00, 0x00, 0x00, 0x00, 0x00, 0x00, 0x00, 0x00, 0x00, 0x00, 0x00, 0x00,
    0x00, 0x00, 0x00, 0x00, 0x00, 0x00, 0x00, 0x00, 0x00, 0x00, 0x00, 0x00,
    0x00, 0x00, 0x00, 0x00, 0x00, 0x00, 0x00, 0x00, 0x00, 0x00, 0x00, 0x00,
    0x00, 0x00, 0x00, 0x00, 0x00, 0x00, 0x00, 0x00, 0x00, 0x00, 0x00, 0x00,
    0x00, 0x00, 0x00, 0x00, 0x00, 0x00, 0x00, 0x00, 0x00, 0x00, 0x00, 0x00,
    0x00, 0x00, 0x00, 0x00, 0x00, 0x00, 0x00, 0x00, 0x00, 0x00, 0x00, 0x00,
    0x00, 0x00, 0x00, 0x00, 0x00, 0x00, 0x00, 0x00, 0x00, 0x00, 0x00, 0x00,
    0x00, 0x00, 0x00, 0x00, 0x00, 0x00, 0x00, 0x00, 0x00, 0x00, 0x00, 0x00,
    0x00, 0x00, 0x00, 0x00, 0x00, 0x00, 0x00, 0x00, 0x00, 0x00, 0x00, 0x00,
    0x00, 0x00, 0x00, 0x00, 0x00, 0x00, 0x00, 0x00, 0x00, 0x00, 0x00, 0x00,
    0x00, 0x00, 0x00, 0x00, 0x00, 0x00, 0x00, 0x00, 0x00, 0x00, 0x00, 0x00,
    0x00, 0x00, 0x00, 0x00, 0x00, 0x00, 0x00, 0x00, 0x00, 0x00, 0x00, 0x00,
    0x00, 0x00, 0x00, 0x00, 0x00, 0x00, 0x00, 0x04, 0x00, 0x00, 0x00, 0x04,
    0x00, 0x00, 0x00, 0x04, 0x00, 0x00, 0x00, 0x08, 0x00, 0x00, 0x00, 0x08,
    0x00, 0x00, 0x00, 0x0c, 0x00, 0x00, 0x00, 0x0c, 0x00, 0x00, 0x00, 0x10,
    0x00, 0x00, 0x00, 0x18, 0x00, 0x00, 0x00, 0x1c, 0x00, 0x00, 0x00, 0x20,
    0x00, 0x00, 0x00, 0x24, 0x00, 0x00, 0x00, 0x2c, 0x00, 0x00, 0x00, 0x30,
    0x00, 0x00, 0x00, 0x38, 0x00, 0x00, 0x00, 0x41, 0x00, 0x00, 0x00, 0x45,
    0x00, 0x00, 0x00, 0x4d, 0x00, 0x00, 0x00, 0x55, 0x00, 0x00, 0x00, 0x5d,
    0x00, 0x00, 0x00, 0x61, 0x00, 0x00, 0x00, 0x69, 0x08, 0x04, 0x00, 0x79,
    0x18, 0x10, 0x08, 0xa2, 0x20, 0x18, 0x08, 0xcb, 0x30, 0x20, 0x08, 0xf3,
    0x30, 0x20, 0x08, 0xff, 0x30, 0x20, 0x08, 0xff, 0x28, 0x20, 0x08, 0xff,
    0x28, 0x20, 0x08, 0xff, 0x28, 0x1c, 0x08, 0xff, 0x28, 0x1c, 0x08, 0xff,
    0x28, 0x20, 0x08, 0xff, 0x28, 0x1c, 0x08, 0xff, 0x28, 0x1c, 0x08, 0xff,
    0x28, 0x1c, 0x08, 0xff, 0x28, 0x1c, 0x08, 0xff, 0x28, 0x1c, 0x08, 0xff,
    0x28, 0x1c, 0x08, 0xff, 0x28, 0x1c, 0x08, 0xff, 0x28, 0x1c, 0x08, 0xff,
    0x28, 0x18, 0x08, 0xff, 0x28, 0x1c, 0x00, 0xff, 0x28, 0x1c, 0x00, 0xff,
    0x28, 0x18, 0x08, 0xff, 0x28, 0x1c, 0x00, 0xff, 0x28, 0x1c, 0x08, 0xff,
    0x28, 0x1c, 0x08, 0xff, 0x28, 0x18, 0x00, 0xff, 0x28, 0x1c, 0x08, 0xff,
    0x28, 0x1c, 0x00, 0xff, 0x28, 0x1c, 0x08, 0xff, 0x28, 0x18, 0x00, 0xff,
    0x28, 0x1c, 0x08, 0xff, 0x28, 0x1c, 0x08, 0xff, 0x28, 0x1c, 0x08, 0xff,
    0x28, 0x1c, 0x00, 0xff, 0x28, 0x1c, 0x08, 0xff, 0x28, 0x1c, 0x00, 0xff,
    0x28, 0x1c, 0x00, 0xff, 0x28, 0x18, 0x00, 0xff, 0x28, 0x1c, 0x08, 0xff,
    0x28, 0x1c, 0x08, 0xff, 0x28, 0x1c, 0x00, 0xff, 0x28, 0x1c, 0x08, 0xff,
    0x28, 0x1c, 0x08, 0xff, 0x28, 0x20, 0x08, 0xff, 0x28, 0x1c, 0x08, 0xff,
    0x28, 0x20, 0x08, 0xff, 0x30, 0x20, 0x08, 0xff, 0x30, 0x20, 0x08, 0xff,
    0x28, 0x20, 0x08, 0xf3, 0x20, 0x1c, 0x08, 0xcb, 0x18, 0x10, 0x08, 0xa2,
    0x08, 0x04, 0x00, 0x79, 0x00, 0x00, 0x00, 0x69, 0x00, 0x00, 0x00, 0x65,
    0x00, 0x00, 0x00, 0x5d, 0x00, 0x00, 0x00, 0x55, 0x00, 0x00, 0x00, 0x4d,
    0x00, 0x00, 0x00, 0x45, 0x00, 0x00, 0x00, 0x41, 0x00, 0x00, 0x00, 0x38,
    0x00, 0x00, 0x00, 0x34, 0x00, 0x00, 0x00, 0x2c, 0x00, 0x00, 0x00, 0x24,
    0x00, 0x00, 0x00, 0x20, 0x00, 0x00, 0x00, 0x1c, 0x00, 0x00, 0x00, 0x14,
    0x00, 0x00, 0x00, 0x10, 0x00, 0x00, 0x00, 0x10, 0x00, 0x00, 0x00, 0x0c,
    0x00, 0x00, 0x00, 0x08, 0x00, 0x00, 0x00, 0x08, 0x00, 0x00, 0x00, 0x04,
    0x00, 0x00, 0x00, 0x04, 0x00, 0x00, 0x00, 0x00, 0x00, 0x00, 0x00, 0x00,
    0x00, 0x00, 0x00, 0x00, 0x00, 0x00, 0x00, 0x00, 0x00, 0x00, 0x00, 0x00,
    0x00, 0x00, 0x00, 0x00, 0x00, 0x00, 0x00, 0x00, 0x00, 0x00, 0x00, 0x00,
    0x00, 0x00, 0x00, 0x00, 0x00, 0x00, 0x00, 0x00, 0x00, 0x00, 0x00, 0x00,
    0x00, 0x00, 0x00, 0x00, 0x00, 0x00, 0x00, 0x00, 0x00, 0x00, 0x00, 0x00,
    0x00, 0x00, 0x00, 0x00, 0x00, 0x00, 0x00, 0x00, 0x00, 0x00, 0x00, 0x00,
    0x00, 0x00, 0x00, 0x00, 0x00, 0x00, 0x00, 0x00, 0x00, 0x00, 0x00, 0x00,
    0x00, 0x00, 0x00, 0x00, 0x00, 0x00, 0x00, 0x00, 0x00, 0x00, 0x00, 0x00,
    0x00, 0x00, 0x00, 0x00, 0x00, 0x00, 0x00, 0x00, 0x00, 0x00, 0x00, 0x00,
    0x00, 0x00, 0x00, 0x00, 0x00, 0x00, 0x00, 0x00, 0x00, 0x00, 0x00, 0x00,
    0x00, 0x00, 0x00, 0x00, 0x00, 0x00, 0x00, 0x00, 0x00, 0x00, 0x00, 0x00,
    0x00, 0x00, 0x00, 0x00, 0x00, 0x00, 0x00, 0x00, 0x00, 0x00, 0x00, 0x00,
    0x00, 0x00, 0x00, 0x00, 0x00, 0x00, 0x00, 0x00, 0x00, 0x00, 0x00, 0x00,
    0x00, 0x00, 0x00, 0x00, 0x00, 0x00, 0x00, 0x00, 0x00, 0x00, 0x00, 0x00,
    0x00, 0x00, 0x00, 0x00, 0x00, 0x00, 0x00, 0x00, 0x00, 0x00, 0x00, 0x00,
    0x00, 0x00, 0x00, 0x00, 0x00, 0x00, 0x00, 0x00, 0x00, 0x00, 0x00, 0x00,
    0x00, 0x00, 0x00, 0x00, 0x00, 0x00, 0x00, 0x00, 0x00, 0x00, 0x00, 0x00,
    0x00, 0x00, 0x00, 0x00, 0x00, 0x00, 0x00, 0x00, 0x00, 0x00, 0x00, 0x00,
    0x00, 0x00, 0x00, 0x00, 0x00, 0x00, 0x00, 0x00, 0x00, 0x00, 0x00, 0x00,
    0x00, 0x00, 0x00, 0x00, 0x00, 0x00, 0x00, 0x00, 0x00, 0x00, 0x00, 0x00,
    0x00, 0x00, 0x00, 0x00, 0x00, 0x00, 0x00, 0x00, 0x00, 0x00, 0x00, 0x00,
    0x00, 0x00, 0x00, 0x00, 0x00, 0x00, 0x00, 0x00, 0x00, 0x00, 0x00, 0x00,
    0x00, 0x00, 0x00, 0x00, 0x00, 0x00, 0x00, 0x00, 0x00, 0x00, 0x00, 0x00,
    0x00, 0x00, 0x00, 0x00, 0x00, 0x00, 0x00, 0x00, 0x00, 0x00, 0x00, 0x00,
    0x00, 0x00, 0x00, 0x00, 0x00, 0x00, 0x00, 0x00, 0x00, 0x00, 0x00, 0x00,
    0x00, 0x00, 0x00, 0x00, 0x00, 0x00, 0x00, 0x00, 0x00, 0x00, 0x00, 0x00,
    0x00, 0x00, 0x00, 0x00, 0x00, 0x00, 0x00, 0x00, 0x00, 0x00, 0x00, 0x00,
    0x00, 0x00, 0x00, 0x00, 0x00, 0x00, 0x00, 0x00, 0x00, 0x00, 0x00, 0x00,
    0x00, 0x00, 0x00, 0x00, 0x00, 0x00, 0x00, 0x00, 0x00, 0x00, 0x00, 0x00,
    0x00, 0x00, 0x00, 0x00, 0x00, 0x00, 0x00, 0x00, 0x00, 0x00, 0x00, 0x00,
    0x00, 0x00, 0x00, 0x00, 0x00, 0x00, 0x00, 0x00, 0x00, 0x00, 0x00, 0x00,
    0x00, 0x00, 0x00, 0x00, 0x00, 0x00, 0x00, 0x00, 0x00, 0x00, 0x00, 0x00,
    0x00, 0x00, 0x00, 0x00, 0x00, 0x00, 0x00, 0x00, 0x00, 0x00, 0x00, 0x00,
    0x00, 0x00, 0x00, 0x04, 0x00, 0x00, 0x00, 0x04, 0x00, 0x00, 0x00, 0x04,
    0x00, 0x00, 0x00, 0x08, 0x00, 0x00, 0x00, 0x0c, 0x00, 0x00, 0x00, 0x0c,
    0x00, 0x00, 0x00, 0x10, 0x00, 0x00, 0x00, 0x14, 0x00, 0x00, 0x00, 0x1c,
    0x00, 0x00, 0x00, 0x20, 0x00, 0x00, 0x00, 0x24, 0x00, 0x00, 0x00, 0x28,
    0x00, 0x00, 0x00, 0x30, 0x00, 0x00, 0x00, 0x34, 0x00, 0x00, 0x00, 0x3c,
    0x00, 0x00, 0x00, 0x41, 0x00, 0x00, 0x00, 0x49, 0x00, 0x00, 0x00, 0x51,
    0x00, 0x00, 0x00, 0x55, 0x00, 0x00, 0x00, 0x5d, 0x00, 0x00, 0x00, 0x61,
    0x00, 0x00, 0x00, 0x69, 0x00, 0x00, 0x00, 0x6d, 0x10, 0x0c, 0x00, 0x8e,
    0x18, 0x14, 0x08, 0xb2, 0x28, 0x1c, 0x08, 0xd3, 0x28, 0x20, 0x08, 0xef,
    0x30, 0x20, 0x08, 0xff, 0x30, 0x20, 0x08, 0xff, 0x28, 0x20, 0x08, 0xff,
    0x28, 0x1c, 0x08, 0xff, 0x28, 0x1c, 0x08, 0xff, 0x28, 0x1c, 0x08, 0xff,
    0x28, 0x1c, 0x08, 0xff, 0x28, 0x1c, 0x08, 0xff, 0x28, 0x1c, 0x08, 0xff,
    0x28, 0x20, 0x08, 0xff, 0x28, 0x1c, 0x08, 0xff, 0x28, 0x1c, 0x08, 0xff,
    0x28, 0x1c, 0x08, 0xff, 0x28, 0x1c, 0x08, 0xff, 0x28, 0x1c, 0x08, 0xff,
    0x28, 0x1c, 0x08, 0xff, 0x28, 0x1c, 0x08, 0xff, 0x28, 0x1c, 0x08, 0xff,
    0x28, 0x1c, 0x08, 0xff, 0x28, 0x1c, 0x00, 0xff, 0x28, 0x1c, 0x08, 0xff,
    0x28, 0x1c, 0x08, 0xff, 0x28, 0x1c, 0x08, 0xff, 0x28, 0x1c, 0x08, 0xff,
    0x28, 0x1c, 0x08, 0xff, 0x28, 0x1c, 0x00, 0xff, 0x28, 0x1c, 0x08, 0xff,
    0x28, 0x1c, 0x08, 0xff, 0x28, 0x1c, 0x08, 0xff, 0x28, 0x1c, 0x08, 0xff,
    0x28, 0x20, 0x08, 0xff, 0x28, 0x1c, 0x08, 0xff, 0x28, 0x1c, 0x08, 0xff,
    0x28, 0x20, 0x08, 0xff, 0x28, 0x20, 0x08, 0xff, 0x28, 0x20, 0x08, 0xff,
    0x30, 0x20, 0x08, 0xff, 0x28, 0x20, 0x08, 0xf3, 0x28, 0x1c, 0x08, 0xd3,
    0x18, 0x14, 0x08, 0xb2, 0x10, 0x0c, 0x00, 0x8e, 0x00, 0x00, 0x00, 0x6d,
    0x00, 0x00, 0x00, 0x69, 0x00, 0x00, 0x00, 0x61, 0x00, 0x00, 0x00, 0x5d,
    0x00, 0x00, 0x00, 0x55, 0x00, 0x00, 0x00, 0x4d, 0x00, 0x00, 0x00, 0x49,
    0x00, 0x00, 0x00, 0x41, 0x00, 0x00, 0x00, 0x3c, 0x00, 0x00, 0x00, 0x34,
    0x00, 0x00, 0x00, 0x30, 0x00, 0x00, 0x00, 0x28, 0x00, 0x00, 0x00, 0x24,
    0x00, 0x00, 0x00, 0x20, 0x00, 0x00, 0x00, 0x18, 0x00, 0x00, 0x00, 0x14,
    0x00, 0x00, 0x00, 0x10, 0x00, 0x00, 0x00, 0x10, 0x00, 0x00, 0x00, 0x0c,
    0x00, 0x00, 0x00, 0x08, 0x00, 0x00, 0x00, 0x04, 0x00, 0x00, 0x00, 0x04,
    0x00, 0x00, 0x00, 0x04, 0x00, 0x00, 0x00, 0x00, 0x00, 0x00, 0x00, 0x00,
    0x00, 0x00, 0x00, 0x00, 0x00, 0x00, 0x00, 0x00, 0x00, 0x00, 0x00, 0x00,
    0x00, 0x00, 0x00, 0x00, 0x00, 0x00, 0x00, 0x00, 0x00, 0x00, 0x00, 0x00,
    0x00, 0x00, 0x00, 0x00, 0x00, 0x00, 0x00, 0x00, 0x00, 0x00, 0x00, 0x00,
    0x00, 0x00, 0x00, 0x00, 0x00, 0x00, 0x00, 0x00, 0x00, 0x00, 0x00, 0x00,
    0x00, 0x00, 0x00, 0x00, 0x00, 0x00, 0x00, 0x00, 0x00, 0x00, 0x00, 0x00,
    0x00, 0x00, 0x00, 0x00, 0x00, 0x00, 0x00, 0x00, 0x00, 0x00, 0x00, 0x00,
    0x00, 0x00, 0x00, 0x00, 0x00, 0x00, 0x00, 0x00, 0x00, 0x00, 0x00, 0x00,
    0x00, 0x00, 0x00, 0x00, 0x00, 0x00, 0x00, 0x00, 0x00, 0x00, 0x00, 0x00,
    0x00, 0x00, 0x00, 0x00, 0x00, 0x00, 0x00, 0x00, 0x00, 0x00, 0x00, 0x00,
    0x00, 0x00, 0x00, 0x00, 0x00, 0x00, 0x00, 0x00, 0x00, 0x00, 0x00, 0x00,
    0x00, 0x00, 0x00, 0x00, 0x00, 0x00, 0x00, 0x00, 0x00, 0x00, 0x00, 0x00,
    0x00, 0x00, 0x00, 0x00, 0x00, 0x00, 0x00, 0x00, 0x00, 0x00, 0x00, 0x00,
    0x00, 0x00, 0x00, 0x00, 0x00, 0x00, 0x00, 0x00, 0x00, 0x00, 0x00, 0x00,
    0x00, 0x00, 0x00, 0x00, 0x00, 0x00, 0x00, 0x00, 0x00, 0x00, 0x00, 0x00,
    0x00, 0x00, 0x00, 0x00, 0x00, 0x00, 0x00, 0x00, 0x00, 0x00, 0x00, 0x00,
    0x00, 0x00, 0x00, 0x00, 0x00, 0x00, 0x00, 0x00, 0x00, 0x00, 0x00, 0x00,
    0x00, 0x00, 0x00, 0x00, 0x00, 0x00, 0x00, 0x00, 0x00, 0x00, 0x00, 0x00,
    0x00, 0x00, 0x00, 0x00, 0x00, 0x00, 0x00, 0x00, 0x00, 0x00, 0x00, 0x00,
    0x00, 0x00, 0x00, 0x00, 0x00, 0x00, 0x00, 0x00, 0x00, 0x00, 0x00, 0x00,
    0x00, 0x00, 0x00, 0x00, 0x00, 0x00, 0x00, 0x00, 0x00, 0x00, 0x00, 0x00,
    0x00, 0x00, 0x00, 0x00, 0x00, 0x00, 0x00, 0x00, 0x00, 0x00, 0x00, 0x00,
    0x00, 0x00, 0x00, 0x00, 0x00, 0x00, 0x00, 0x00, 0x00, 0x00, 0x00, 0x00,
    0x00, 0x00, 0x00, 0x00, 0x00, 0x00, 0x00, 0x00, 0x00, 0x00, 0x00, 0x00,
    0x00, 0x00, 0x00, 0x00, 0x00, 0x00, 0x00, 0x00, 0x00, 0x00, 0x00, 0x00,
    0x00, 0x00, 0x00, 0x00, 0x00, 0x00, 0x00, 0x00, 0x00, 0x00, 0x00, 0x00,
    0x00, 0x00, 0x00, 0x00, 0x00, 0x00, 0x00, 0x00, 0x00, 0x00, 0x00, 0x00,
    0x00, 0x00, 0x00, 0x00, 0x00, 0x00, 0x00, 0x00, 0x00, 0x00, 0x00, 0x00,
    0x00, 0x00, 0x00, 0x00, 0x00, 0x00, 0x00, 0x00, 0x00, 0x00, 0x00, 0x00,
    0x00, 0x00, 0x00, 0x00, 0x00, 0x00, 0x00, 0x00, 0x00, 0x00, 0x00, 0x00,
    0x00, 0x00, 0x00, 0x00, 0x00, 0x00, 0x00, 0x00, 0x00, 0x00, 0x00, 0x00,
    0x00, 0x00, 0x00, 0x00, 0x00, 0x00, 0x00, 0x00, 0x00, 0x00, 0x00, 0x00,
    0x00, 0x00, 0x00, 0x00, 0x00, 0x00, 0x00, 0x00, 0x00, 0x00, 0x00, 0x00,
    0x00, 0x00, 0x00, 0x00, 0x00, 0x00, 0x00, 0x00, 0x00, 0x00, 0x00, 0x00,
    0x00, 0x00, 0x00, 0x04, 0x00, 0x00, 0x00, 0x04, 0x00, 0x00, 0x00, 0x04,
    0x00, 0x00, 0x00, 0x08, 0x00, 0x00, 0x00, 0x08, 0x00, 0x00, 0x00, 0x0c,
    0x00, 0x00, 0x00, 0x0c, 0x00, 0x00, 0x00, 0x10, 0x00, 0x00, 0x00, 0x14,
    0x00, 0x00, 0x00, 0x18, 0x00, 0x00, 0x00, 0x1c, 0x00, 0x00, 0x00, 0x20,
    0x00, 0x00, 0x00, 0x28, 0x00, 0x00, 0x00, 0x2c, 0x00, 0x00, 0x00, 0x30,
    0x00, 0x00, 0x00, 0x38, 0x00, 0x00, 0x00, 0x3c, 0x00, 0x00, 0x00, 0x41,
    0x00, 0x00, 0x00, 0x49, 0x00, 0x00, 0x00, 0x4d, 0x00, 0x00, 0x00, 0x55,
    0x00, 0x00, 0x00, 0x59, 0x00, 0x00, 0x00, 0x5d, 0x00, 0x00, 0x00, 0x65,
    0x00, 0x00, 0x00, 0x69, 0x00, 0x00, 0x00, 0x71, 0x08, 0x08, 0x00, 0x82,
    0x18, 0x10, 0x08, 0xa6, 0x20, 0x18, 0x08, 0xbe, 0x28, 0x1c, 0x08, 0xd7,
    0x28, 0x20, 0x08, 0xef, 0x30, 0x20, 0x08, 0xff, 0x30, 0x20, 0x08, 0xff,
    0x28, 0x20, 0x08, 0xff, 0x28, 0x20, 0x08, 0xff, 0x28, 0x1c, 0x08, 0xff,
    0x28, 0x20, 0x08, 0xff, 0x28, 0x1c, 0x08, 0xff, 0x28, 0x20, 0x08, 0xff,
    0x28, 0x20, 0x08, 0xff, 0x28, 0x20, 0x08, 0xff, 0x28, 0x1c, 0x08, 0xff,
    0x28, 0x20, 0x08, 0xff, 0x28, 0x20, 0x08, 0xff, 0x28, 0x1c, 0x08, 0xff,
    0x28, 0x20, 0x08, 0xff, 0x28, 0x20, 0x08, 0xff, 0x28, 0x1c, 0x08, 0xff,
    0x28, 0x20, 0x08, 0xff, 0x28, 0x1c, 0x08, 0xff, 0x28, 0x1c, 0x08, 0xff,
    0x28, 0x20, 0x08, 0xff, 0x28, 0x20, 0x08, 0xff, 0x28, 0x20, 0x08, 0xff,
    0x30, 0x20, 0x08, 0xff, 0x28, 0x20, 0x08, 0xff, 0x30, 0x20, 0x08, 0xff,
    0x30, 0x20, 0x08, 0xff, 0x28, 0x20, 0x08, 0xef, 0x28, 0x1c, 0x08, 0xd7,
    0x20, 0x18, 0x08, 0xbe, 0x18, 0x10, 0x08, 0xa6, 0x08, 0x08, 0x00, 0x82,
    0x00, 0x00, 0x00, 0x6d, 0x00, 0x00, 0x00, 0x69, 0x00, 0x00, 0x00, 0x65,
    0x00, 0x00, 0x00, 0x61, 0x00, 0x00, 0x00, 0x59, 0x00, 0x00, 0x00, 0x55,
    0x00, 0x00, 0x00, 0x4d, 0x00, 0x00, 0x00, 0x49, 0x00, 0x00, 0x00, 0x41,
    0x00, 0x00, 0x00, 0x3c, 0x00, 0x00, 0x00, 0x38, 0x00, 0x00, 0x00, 0x30,
    0x00, 0x00, 0x00, 0x2c, 0x00, 0x00, 0x00, 0x28, 0x00, 0x00, 0x00, 0x20,
    0x00, 0x00, 0x00, 0x1c, 0x00, 0x00, 0x00, 0x18, 0x00, 0x00, 0x00, 0x14,
    0x00, 0x00, 0x00, 0x10, 0x00, 0x00, 0x00, 0x0c, 0x00, 0x00, 0x00, 0x0c,
    0x00, 0x00, 0x00, 0x08, 0x00, 0x00, 0x00, 0x04, 0x00, 0x00, 0x00, 0x04,
    0x00, 0x00, 0x00, 0x04, 0x00, 0x00, 0x00, 0x00, 0x00, 0x00, 0x00, 0x00,
    0x00, 0x00, 0x00, 0x00, 0x00, 0x00, 0x00, 0x00, 0x00, 0x00, 0x00, 0x00,
    0x00, 0x00, 0x00, 0x00, 0x00, 0x00, 0x00, 0x00, 0x00, 0x00, 0x00, 0x00,
    0x00, 0x00, 0x00, 0x00, 0x00, 0x00, 0x00, 0x00, 0x00, 0x00, 0x00, 0x00,
    0x00, 0x00, 0x00, 0x00, 0x00, 0x00, 0x00, 0x00, 0x00, 0x00, 0x00, 0x00,
    0x00, 0x00, 0x00, 0x00, 0x00, 0x00, 0x00, 0x00, 0x00, 0x00, 0x00, 0x00,
    0x00, 0x00, 0x00, 0x00, 0x00, 0x00, 0x00, 0x00, 0x00, 0x00, 0x00, 0x00,
    0x00, 0x00, 0x00, 0x00, 0x00, 0x00, 0x00, 0x00, 0x00, 0x00, 0x00, 0x00,
    0x00, 0x00, 0x00, 0x00, 0x00, 0x00, 0x00, 0x00, 0x00, 0x00, 0x00, 0x00,
    0x00, 0x00, 0x00, 0x00, 0x00, 0x00, 0x00, 0x00, 0x00, 0x00, 0x00, 0x00,
    0x00, 0x00, 0x00, 0x00, 0x00, 0x00, 0x00, 0x00, 0x00, 0x00, 0x00, 0x00,
    0x00, 0x00, 0x00, 0x00, 0x00, 0x00, 0x00, 0x00, 0x00, 0x00, 0x00, 0x00,
    0x00, 0x00, 0x00, 0x00, 0x00, 0x00, 0x00, 0x00, 0x00, 0x00, 0x00, 0x00,
    0x00, 0x00, 0x00, 0x00, 0x00, 0x00, 0x00, 0x00, 0x00, 0x00, 0x00, 0x00,
    0x00, 0x00, 0x00, 0x00, 0x00, 0x00, 0x00, 0x00, 0x00, 0x00, 0x00, 0x00,
    0x00, 0x00, 0x00, 0x00, 0x00, 0x00, 0x00, 0x00, 0x00, 0x00, 0x00, 0x00,
    0x00, 0x00, 0x00, 0x00, 0x00, 0x00, 0x00, 0x00, 0x00, 0x00, 0x00, 0x00,
    0x00, 0x00, 0x00, 0x00, 0x00, 0x00, 0x00, 0x00, 0x00, 0x00, 0x00, 0x00,
    0x00, 0x00, 0x00, 0x00, 0x00, 0x00, 0x00, 0x00, 0x00, 0x00, 0x00, 0x00,
    0x00, 0x00, 0x00, 0x00, 0x00, 0x00, 0x00, 0x00, 0x00, 0x00, 0x00, 0x00,
    0x00, 0x00, 0x00, 0x00, 0x00, 0x00, 0x00, 0x00, 0x00, 0x00, 0x00, 0x00,
    0x00, 0x00, 0x00, 0x00, 0x00, 0x00, 0x00, 0x00, 0x00, 0x00, 0x00, 0x00,
    0x00, 0x00, 0x00, 0x00, 0x00, 0x00, 0x00, 0x00, 0x00, 0x00, 0x00, 0x00,
    0x00, 0x00, 0x00, 0x00, 0x00, 0x00, 0x00, 0x00, 0x00, 0x00, 0x00, 0x00,
    0x00, 0x00, 0x00, 0x00, 0x00, 0x00, 0x00, 0x00, 0x00, 0x00, 0x00, 0x00,
    0x00, 0x00, 0x00, 0x00, 0x00, 0x00, 0x00, 0x00, 0x00, 0x00, 0x00, 0x00,
    0x00, 0x00, 0x00, 0x00, 0x00, 0x00, 0x00, 0x00, 0x00, 0x00, 0x00, 0x00,
    0x00, 0x00, 0x00, 0x00, 0x00, 0x00, 0x00, 0x00, 0x00, 0x00, 0x00, 0x00,
    0x00, 0x00, 0x00, 0x00, 0x00, 0x00, 0x00, 0x00, 0x00, 0x00, 0x00, 0x00,
    0x00, 0x00, 0x00, 0x00, 0x00, 0x00, 0x00, 0x00, 0x00, 0x00, 0x00, 0x00,
    0x00, 0x00, 0x00, 0x00, 0x00, 0x00, 0x00, 0x00, 0x00, 0x00, 0x00, 0x00,
    0x00, 0x00, 0x00, 0x00, 0x00, 0x00, 0x00, 0x00, 0x00, 0x00, 0x00, 0x00,
    0x00, 0x00, 0x00, 0x00, 0x00, 0x00, 0x00, 0x00, 0x00, 0x00, 0x00, 0x00,
    0x00, 0x00, 0x00, 0x00, 0x00, 0x00, 0x00, 0x00, 0x00, 0x00, 0x00, 0x00,
    0x00, 0x00, 0x00, 0x00, 0x00, 0x00, 0x00, 0x00, 0x00, 0x00, 0x00, 0x00,
    0x00, 0x00, 0x00, 0x00, 0x00, 0x00, 0x00, 0x00, 0x00, 0x00, 0x00, 0x04,
    0x00, 0x00, 0x00, 0x04, 0x00, 0x00, 0x00, 0x04, 0x00, 0x00, 0x00, 0x08,
    0x00, 0x00, 0x00, 0x0c, 0x00, 0x00, 0x00, 0x0c, 0x00, 0x00, 0x00, 0x10,
    0x00, 0x00, 0x00, 0x14, 0x00, 0x00, 0x00, 0x18, 0x00, 0x00, 0x00, 0x18,
    0x00, 0x00, 0x00, 0x20, 0x00, 0x00, 0x00, 0x24, 0x00, 0x00, 0x00, 0x28,
    0x00, 0x00, 0x00, 0x2c, 0x00, 0x00, 0x00, 0x30, 0x00, 0x00, 0x00, 0x34,
    0x00, 0x00, 0x00, 0x3c, 0x00, 0x00, 0x00, 0x41, 0x00, 0x00, 0x00, 0x45,
    0x00, 0x00, 0x00, 0x49, 0x00, 0x00, 0x00, 0x51, 0x00, 0x00, 0x00, 0x55,
    0x00, 0x00, 0x00, 0x59, 0x00, 0x00, 0x00, 0x5d, 0x00, 0x00, 0x00, 0x61,
    0x00, 0x00, 0x00, 0x65, 0x00, 0x00, 0x00, 0x69, 0x00, 0x00, 0x00, 0x6d,
    0x00, 0x04, 0x00, 0x75, 0x10, 0x0c, 0x00, 0x8a, 0x18, 0x10, 0x08, 0x9e,
    0x20, 0x14, 0x08, 0xb2, 0x20, 0x18, 0x08, 0xc3, 0x28, 0x1c, 0x08, 0xcf,
    0x28, 0x1c, 0x08, 0xd7, 0x28, 0x1c, 0x08, 0xe3, 0x28, 0x1c, 0x08, 0xeb,
    0x28, 0x20, 0x08, 0xf3, 0x30, 0x20, 0x08, 0xf7, 0x28, 0x20, 0x08, 0xf7,
    0x30, 0x20, 0x08, 0xff, 0x30, 0x20, 0x08, 0xff, 0x30, 0x20, 0x08, 0xff,
    0x28, 0x20, 0x08, 0xf7, 0x28, 0x20, 0x08, 0xf7, 0x30, 0x20, 0x08, 0xf3,
    0x28, 0x20, 0x08, 0xeb, 0x28, 0x1c, 0x08, 0xe3, 0x28, 0x1c, 0x08, 0xdb,
    0x28, 0x1c, 0x08, 0xcf, 0x20, 0x18, 0x08, 0xc3, 0x20, 0x14, 0x08, 0xb2,
    0x18, 0x10, 0x08, 0x9e, 0x08, 0x08, 0x08, 0x8a, 0x00, 0x04, 0x00, 0x75,
    0x00, 0x00, 0x00, 0x6d, 0x00, 0x00, 0x00, 0x69, 0x00, 0x00, 0x00, 0x65,
    0x00, 0x00, 0x00, 0x61, 0x00, 0x00, 0x00, 0x5d, 0x00, 0x00, 0x00, 0x59,
    0x00, 0x00, 0x00, 0x55, 0x00, 0x00, 0x00, 0x4d, 0x00, 0x00, 0x00, 0x49,
    0x00, 0x00, 0x00, 0x45, 0x00, 0x00, 0x00, 0x41, 0x00, 0x00, 0x00, 0x3c,
    0x00, 0x00, 0x00, 0x34, 0x00, 0x00, 0x00, 0x30, 0x00, 0x00, 0x00, 0x2c,
    0x00, 0x00, 0x00, 0x28, 0x00, 0x00, 0x00, 0x24, 0x00, 0x00, 0x00, 0x20,
    0x00, 0x00, 0x00, 0x18, 0x00, 0x00, 0x00, 0x18, 0x00, 0x00, 0x00, 0x14,
    0x00, 0x00, 0x00, 0x10, 0x00, 0x00, 0x00, 0x0c, 0x00, 0x00, 0x00, 0x0c,
    0x00, 0x00, 0x00, 0x08, 0x00, 0x00, 0x00, 0x08, 0x00, 0x00, 0x00, 0x04,
    0x00, 0x00, 0x00, 0x04, 0x00, 0x00, 0x00, 0x00, 0x00, 0x00, 0x00, 0x00,
    0x00, 0x00, 0x00, 0x00, 0x00, 0x00, 0x00, 0x00, 0x00, 0x00, 0x00, 0x00,
    0x00, 0x00, 0x00, 0x00, 0x00, 0x00, 0x00, 0x00, 0x00, 0x00, 0x00, 0x00,
    0x00, 0x00, 0x00, 0x00, 0x00, 0x00, 0x00, 0x00, 0x00, 0x00, 0x00, 0x00,
    0x00, 0x00, 0x00, 0x00, 0x00, 0x00, 0x00, 0x00, 0x00, 0x00, 0x00, 0x00,
    0x00, 0x00, 0x00, 0x00, 0x00, 0x00, 0x00, 0x00, 0x00, 0x00, 0x00, 0x00,
    0x00, 0x00, 0x00, 0x00, 0x00, 0x00, 0x00, 0x00, 0x00, 0x00, 0x00, 0x00,
    0x00, 0x00, 0x00, 0x00, 0x00, 0x00, 0x00, 0x00, 0x00, 0x00, 0x00, 0x00,
    0x00, 0x00, 0x00, 0x00, 0x00, 0x00, 0x00, 0x00, 0x00, 0x00, 0x00, 0x00,
    0x00, 0x00, 0x00, 0x00, 0x00, 0x00, 0x00, 0x00, 0x00, 0x00, 0x00, 0x00,
    0x00, 0x00, 0x00, 0x00, 0x00, 0x00, 0x00, 0x00, 0x00, 0x00, 0x00, 0x00,
    0x00, 0x00, 0x00, 0x00, 0x00, 0x00, 0x00, 0x00, 0x00, 0x00, 0x00, 0x00,
    0x00, 0x00, 0x00, 0x00, 0x00, 0x00, 0x00, 0x00, 0x00, 0x00, 0x00, 0x00,
    0x00, 0x00, 0x00, 0x00, 0x00, 0x00, 0x00, 0x00, 0x00, 0x00, 0x00, 0x00,
    0x00, 0x00, 0x00, 0x00, 0x00, 0x00, 0x00, 0x00, 0x00, 0x00, 0x00, 0x00,
    0x00, 0x00, 0x00, 0x00, 0x00, 0x00, 0x00, 0x00, 0x00, 0x00, 0x00, 0x00,
    0x00, 0x00, 0x00, 0x00, 0x00, 0x00, 0x00, 0x00, 0x00, 0x00, 0x00, 0x00,
    0x00, 0x00, 0x00, 0x00, 0x00, 0x00, 0x00, 0x00, 0x00, 0x00, 0x00, 0x00,
    0x00, 0x00, 0x00, 0x00, 0x00, 0x00, 0x00, 0x00, 0x00, 0x00, 0x00, 0x00,
    0x00, 0x00, 0x00, 0x00, 0x00, 0x00, 0x00, 0x00, 0x00, 0x00, 0x00, 0x00,
    0x00, 0x00, 0x00, 0x00, 0x00, 0x00, 0x00, 0x00, 0x00, 0x00, 0x00, 0x00,
    0x00, 0x00, 0x00, 0x00, 0x00, 0x00, 0x00, 0x00, 0x00, 0x00, 0x00, 0x00,
    0x00, 0x00, 0x00, 0x00, 0x00, 0x00, 0x00, 0x00, 0x00, 0x00, 0x00, 0x00,
    0x00, 0x00, 0x00, 0x00, 0x00, 0x00, 0x00, 0x00, 0x00, 0x00, 0x00, 0x00,
    0x00, 0x00, 0x00, 0x00, 0x00, 0x00, 0x00, 0x00, 0x00, 0x00, 0x00, 0x00,
    0x00, 0x00, 0x00, 0x00, 0x00, 0x00, 0x00, 0x00, 0x00, 0x00, 0x00, 0x00,
    0x00, 0x00, 0x00, 0x00, 0x00, 0x00, 0x00, 0x00, 0x00, 0x00, 0x00, 0x00,
    0x00, 0x00, 0x00, 0x00, 0x00, 0x00, 0x00, 0x00, 0x00, 0x00, 0x00, 0x00,
    0x00, 0x00, 0x00, 0x00, 0x00, 0x00, 0x00, 0x00, 0x00, 0x00, 0x00, 0x00,
    0x00, 0x00, 0x00, 0x00, 0x00, 0x00, 0x00, 0x00, 0x00, 0x00, 0x00, 0x00,
    0x00, 0x00, 0x00, 0x00, 0x00, 0x00, 0x00, 0x00, 0x00, 0x00, 0x00, 0x00,
    0x00, 0x00, 0x00, 0x00, 0x00, 0x00, 0x00, 0x00, 0x00, 0x00, 0x00, 0x00,
    0x00, 0x00, 0x00, 0x00, 0x00, 0x00, 0x00, 0x00, 0x00, 0x00, 0x00, 0x00,
    0x00, 0x00, 0x00, 0x00, 0x00, 0x00, 0x00, 0x00, 0x00, 0x00, 0x00, 0x00,
    0x00, 0x00, 0x00, 0x00, 0x00, 0x00, 0x00, 0x00, 0x00, 0x00, 0x00, 0x00,
    0x00, 0x00, 0x00, 0x00, 0x00, 0x00, 0x00, 0x00, 0x00, 0x00, 0x00, 0x00,
    0x00, 0x00, 0x00, 0x00, 0x00, 0x00, 0x00, 0x00, 0x00, 0x00, 0x00, 0x04,
    0x00, 0x00, 0x00, 0x04, 0x00, 0x00, 0x00, 0x04, 0x00, 0x00, 0x00, 0x04,
    0x00, 0x00, 0x00, 0x08, 0x00, 0x00, 0x00, 0x08, 0x00, 0x00, 0x00, 0x0c,
    0x00, 0x00, 0x00, 0x0c, 0x00, 0x00, 0x00, 0x10, 0x00, 0x00, 0x00, 0x14,
    0x00, 0x00, 0x00, 0x18, 0x00, 0x00, 0x00, 0x1c, 0x00, 0x00, 0x00, 0x20,
    0x00, 0x00, 0x00, 0x24, 0x00, 0x00, 0x00, 0x28, 0x00, 0x00, 0x00, 0x2c,
    0x00, 0x00, 0x00, 0x30, 0x00, 0x00, 0x00, 0x34, 0x00, 0x00, 0x00, 0x38,
    0x00, 0x00, 0x00, 0x3c, 0x00, 0x00, 0x00, 0x41, 0x00, 0x00, 0x00, 0x45,
    0x00, 0x00, 0x00, 0x49, 0x00, 0x00, 0x00, 0x4d, 0x00, 0x00, 0x00, 0x51,
    0x00, 0x00, 0x00, 0x55, 0x00, 0x00, 0x00, 0x55, 0x00, 0x00, 0x00, 0x5d,
    0x00, 0x00, 0x00, 0x5d, 0x00, 0x00, 0x00, 0x61, 0x00, 0x00, 0x00, 0x61,
    0x00, 0x00, 0x00, 0x65, 0x00, 0x00, 0x00, 0x69, 0x00, 0x00, 0x00, 0x69,
    0x00, 0x00, 0x00, 0x6d, 0x00, 0x00, 0x00, 0x6d, 0x00, 0x00, 0x00, 0x6d,
    0x00, 0x00, 0x00, 0x71, 0x00, 0x00, 0x00, 0x71, 0x00, 0x00, 0x00, 0x71,
    0x00, 0x00, 0x00, 0x71, 0x00, 0x00, 0x00, 0x71, 0x00, 0x00, 0x00, 0x71,
    0x00, 0x00, 0x00, 0x6d, 0x00, 0x00, 0x00, 0x6d, 0x00, 0x00, 0x00, 0x6d,
    0x00, 0x00, 0x00, 0x6d, 0x00, 0x00, 0x00, 0x69, 0x00, 0x00, 0x00, 0x69,
    0x00, 0x00, 0x00, 0x65, 0x00, 0x00, 0x00, 0x61, 0x00, 0x00, 0x00, 0x61,
    0x00, 0x00, 0x00, 0x5d, 0x00, 0x00, 0x00, 0x5d, 0x00, 0x00, 0x00, 0x55,
    0x00, 0x00, 0x00, 0x55, 0x00, 0x00, 0x00, 0x51, 0x00, 0x00, 0x00, 0x4d,
    0x00, 0x00, 0x00, 0x49, 0x00, 0x00, 0x00, 0x45, 0x00, 0x00, 0x00, 0x41,
    0x00, 0x00, 0x00, 0x3c, 0x00, 0x00, 0x00, 0x38, 0x00, 0x00, 0x00, 0x34,
    0x00, 0x00, 0x00, 0x30, 0x00, 0x00, 0x00, 0x2c, 0x00, 0x00, 0x00, 0x28,
    0x00, 0x00, 0x00, 0x24, 0x00, 0x00, 0x00, 0x20, 0x00, 0x00, 0x00, 0x1c,
    0x00, 0x00, 0x00, 0x18, 0x00, 0x00, 0x00, 0x14, 0x00, 0x00, 0x00, 0x10,
    0x00, 0x00, 0x00, 0x0c, 0x00, 0x00, 0x00, 0x0c, 0x00, 0x00, 0x00, 0x08,
    0x00, 0x00, 0x00, 0x08, 0x00, 0x00, 0x00, 0x04, 0x00, 0x00, 0x00, 0x04,
    0x00, 0x00, 0x00, 0x04, 0x00, 0x00, 0x00, 0x00, 0x00, 0x00, 0x00, 0x00,
    0x00, 0x00, 0x00, 0x00, 0x00, 0x00, 0x00, 0x00, 0x00, 0x00, 0x00, 0x00,
    0x00, 0x00, 0x00, 0x00, 0x00, 0x00, 0x00, 0x00, 0x00, 0x00, 0x00, 0x00,
    0x00, 0x00, 0x00, 0x00, 0x00, 0x00, 0x00, 0x00, 0x00, 0x00, 0x00, 0x00,
    0x00, 0x00, 0x00, 0x00, 0x00, 0x00, 0x00, 0x00, 0x00, 0x00, 0x00, 0x00,
    0x00, 0x00, 0x00, 0x00, 0x00, 0x00, 0x00, 0x00, 0x00, 0x00, 0x00, 0x00,
    0x00, 0x00, 0x00, 0x00, 0x00, 0x00, 0x00, 0x00, 0x00, 0x00, 0x00, 0x00,
    0x00, 0x00, 0x00, 0x00, 0x00, 0x00, 0x00, 0x00, 0x00, 0x00, 0x00, 0x00,
    0x00, 0x00, 0x00, 0x00, 0x00, 0x00, 0x00, 0x00, 0x00, 0x00, 0x00, 0x00,
    0x00, 0x00, 0x00, 0x00, 0x00, 0x00, 0x00, 0x00, 0x00, 0x00, 0x00, 0x00,
    0x00, 0x00, 0x00, 0x00, 0x00, 0x00, 0x00, 0x00, 0x00, 0x00, 0x00, 0x00,
    0x00, 0x00, 0x00, 0x00, 0x00, 0x00, 0x00, 0x00, 0x00, 0x00, 0x00, 0x00,
    0x00, 0x00, 0x00, 0x00, 0x00, 0x00, 0x00, 0x00, 0x00, 0x00, 0x00, 0x00,
    0x00, 0x00, 0x00, 0x00, 0x00, 0x00, 0x00, 0x00, 0x00, 0x00, 0x00, 0x00,
    0x00, 0x00, 0x00, 0x00, 0x00, 0x00, 0x00, 0x00, 0x00, 0x00, 0x00, 0x00,
    0x00, 0x00, 0x00, 0x00, 0x00, 0x00, 0x00, 0x00, 0x00, 0x00, 0x00, 0x00,
    0x00, 0x00, 0x00, 0x00, 0x00, 0x00, 0x00, 0x00, 0x00, 0x00, 0x00, 0x00,
    0x00, 0x00, 0x00, 0x00, 0x00, 0x00, 0x00, 0x00, 0x00, 0x00, 0x00, 0x00,
    0x00, 0x00, 0x00, 0x00, 0x00, 0x00, 0x00, 0x00, 0x00, 0x00, 0x00, 0x00,
    0x00, 0x00, 0x00, 0x00, 0x00, 0x00, 0x00, 0x00, 0x00, 0x00, 0x00, 0x00,
    0x00, 0x00, 0x00, 0x00, 0x00, 0x00, 0x00, 0x00, 0x00, 0x00, 0x00, 0x00,
    0x00, 0x00, 0x00, 0x00, 0x00, 0x00, 0x00, 0x00, 0x00, 0x00, 0x00, 0x00,
    0x00, 0x00, 0x00, 0x00, 0x00, 0x00, 0x00, 0x00, 0x00, 0x00, 0x00, 0x00,
    0x00, 0x00, 0x00, 0x00, 0x00, 0x00, 0x00, 0x00, 0x00, 0x00, 0x00, 0x00,
    0x00, 0x00, 0x00, 0x00, 0x00, 0x00, 0x00, 0x00, 0x00, 0x00, 0x00, 0x00,
    0x00, 0x00, 0x00, 0x00, 0x00, 0x00, 0x00, 0x00, 0x00, 0x00, 0x00, 0x00,
    0x00, 0x00, 0x00, 0x00, 0x00, 0x00, 0x00, 0x00, 0x00, 0x00, 0x00, 0x00,
    0x00, 0x00, 0x00, 0x00, 0x00, 0x00, 0x00, 0x00, 0x00, 0x00, 0x00, 0x00,
    0x00, 0x00, 0x00, 0x00, 0x00, 0x00, 0x00, 0x00, 0x00, 0x00, 0x00, 0x00,
    0x00, 0x00, 0x00, 0x00, 0x00, 0x00, 0x00, 0x00, 0x00, 0x00, 0x00, 0x00,
    0x00, 0x00, 0x00, 0x00, 0x00, 0x00, 0x00, 0x00, 0x00, 0x00, 0x00, 0x00,
    0x00, 0x00, 0x00, 0x00, 0x00, 0x00, 0x00, 0x00, 0x00, 0x00, 0x00, 0x00,
    0x00, 0x00, 0x00, 0x00, 0x00, 0x00, 0x00, 0x00, 0x00, 0x00, 0x00, 0x00,
    0x00, 0x00, 0x00, 0x00, 0x00, 0x00, 0x00, 0x00, 0x00, 0x00, 0x00, 0x00,
    0x00, 0x00, 0x00, 0x00, 0x00, 0x00, 0x00, 0x00, 0x00, 0x00, 0x00, 0x00,
    0x00, 0x00, 0x00, 0x00, 0x00, 0x00, 0x00, 0x00, 0x00, 0x00, 0x00, 0x00,
    0x00, 0x00, 0x00, 0x00, 0x00, 0x00, 0x00, 0x00, 0x00, 0x00, 0x00, 0x00,
    0x00, 0x00, 0x00, 0x00, 0x00, 0x00, 0x00, 0x00, 0x00, 0x00, 0x00, 0x00,
    0x00, 0x00, 0x00, 0x04, 0x00, 0x00, 0x00, 0x00, 0x00, 0x00, 0x00, 0x04,
    0x00, 0x00, 0x00, 0x04, 0x00, 0x00, 0x00, 0x04, 0x00, 0x00, 0x00, 0x08,
    0x00, 0x00, 0x00, 0x0c, 0x00, 0x00, 0x00, 0x0c, 0x00, 0x00, 0x00, 0x0c,
    0x00, 0x00, 0x00, 0x10, 0x00, 0x00, 0x00, 0x14, 0x00, 0x00, 0x00, 0x18,
    0x00, 0x00, 0x00, 0x1c, 0x00, 0x00, 0x00, 0x1c, 0x00, 0x00, 0x00, 0x20,
    0x00, 0x00, 0x00, 0x24, 0x00, 0x00, 0x00, 0x28, 0x00, 0x00, 0x00, 0x2c,
    0x00, 0x00, 0x00, 0x30, 0x00, 0x00, 0x00, 0x34, 0x00, 0x00, 0x00, 0x38,
    0x00, 0x00, 0x00, 0x38, 0x00, 0x00, 0x00, 0x3c, 0x00, 0x00, 0x00, 0x41,
    0x00, 0x00, 0x00, 0x45, 0x00, 0x00, 0x00, 0x49, 0x00, 0x00, 0x00, 0x49,
    0x00, 0x00, 0x00, 0x4d, 0x00, 0x00, 0x00, 0x4d, 0x00, 0x00, 0x00, 0x51,
    0x00, 0x00, 0x00, 0x51, 0x00, 0x00, 0x00, 0x55, 0x00, 0x00, 0x00, 0x55,
    0x00, 0x00, 0x00, 0x59, 0x00, 0x00, 0x00, 0x59, 0x00, 0x00, 0x00, 0x59,
    0x00, 0x00, 0x00, 0x59, 0x00, 0x00, 0x00, 0x59, 0x00, 0x00, 0x00, 0x59,
    0x00, 0x00, 0x00, 0x59, 0x00, 0x00, 0x00, 0x59, 0x00, 0x00, 0x00, 0x59,
    0x00, 0x00, 0x00, 0x59, 0x00, 0x00, 0x00, 0x59, 0x00, 0x00, 0x00, 0x55,
    0x00, 0x00, 0x00, 0x55, 0x00, 0x00, 0x00, 0x51, 0x00, 0x00, 0x00, 0x51,
    0x00, 0x00, 0x00, 0x4d, 0x00, 0x00, 0x00, 0x4d, 0x00, 0x00, 0x00, 0x49,
    0x00, 0x00, 0x00, 0x49, 0x00, 0x00, 0x00, 0x45, 0x00, 0x00, 0x00, 0x41,
    0x00, 0x00, 0x00, 0x3c, 0x00, 0x00, 0x00, 0x3c, 0x00, 0x00, 0x00, 0x38,
    0x00, 0x00, 0x00, 0x34, 0x00, 0x00, 0x00, 0x30, 0x00, 0x00, 0x00, 0x2c,
    0x00, 0x00, 0x00, 0x28, 0x00, 0x00, 0x00, 0x24, 0x00, 0x00, 0x00, 0x24,
    0x00, 0x00, 0x00, 0x1c, 0x00, 0x00, 0x00, 0x1c, 0x00, 0x00, 0x00, 0x18,
    0x00, 0x00, 0x00, 0x14, 0x00, 0x00, 0x00, 0x10, 0x00, 0x00, 0x00, 0x0c,
    0x00, 0x00, 0x00, 0x0c, 0x00, 0x00, 0x00, 0x0c, 0x00, 0x00, 0x00, 0x08,
    0x00, 0x00, 0x00, 0x04, 0x00, 0x00, 0x00, 0x04, 0x00, 0x00, 0x00, 0x04,
    0x00, 0x00, 0x00, 0x00, 0x00, 0x00, 0x00, 0x00, 0x00, 0x00, 0x00, 0x00,
    0x00, 0x00, 0x00, 0x00, 0x00, 0x00, 0x00, 0x00, 0x00, 0x00, 0x00, 0x00,
    0x00, 0x00, 0x00, 0x00, 0x00, 0x00, 0x00, 0x00, 0x00, 0x00, 0x00, 0x00,
    0x00, 0x00, 0x00, 0x00, 0x00, 0x00, 0x00, 0x00, 0x00, 0x00, 0x00, 0x00,
    0x00, 0x00, 0x00, 0x00, 0x00, 0x00, 0x00, 0x00, 0x00, 0x00, 0x00, 0x00,
    0x00, 0x00, 0x00, 0x00, 0x00, 0x00, 0x00, 0x00, 0x00, 0x00, 0x00, 0x00,
    0x00, 0x00, 0x00, 0x00, 0x00, 0x00, 0x00, 0x00, 0x00, 0x00, 0x00, 0x00,
    0x00, 0x00, 0x00, 0x00, 0x00, 0x00, 0x00, 0x00, 0x00, 0x00, 0x00, 0x00,
    0x00, 0x00, 0x00, 0x00, 0x00, 0x00, 0x00, 0x00, 0x00, 0x00, 0x00, 0x00,
    0x00, 0x00, 0x00, 0x00, 0x00, 0x00, 0x00, 0x00, 0x00, 0x00, 0x00, 0x00,
    0x00, 0x00, 0x00, 0x00, 0x00, 0x00, 0x00, 0x00, 0x00, 0x00, 0x00, 0x00,
    0x00, 0x00, 0x00, 0x00, 0x00, 0x00, 0x00, 0x00, 0x00, 0x00, 0x00, 0x00,
    0x00, 0x00, 0x00, 0x00, 0x00, 0x00, 0x00, 0x00, 0x00, 0x00, 0x00, 0x00,
    0x00, 0x00, 0x00, 0x00, 0x00, 0x00, 0x00, 0x00, 0x00, 0x00, 0x00, 0x00,
    0x00, 0x00, 0x00, 0x00, 0x00, 0x00, 0x00, 0x00, 0x00, 0x00, 0x00, 0x00,
    0x00, 0x00, 0x00, 0x00, 0x00, 0x00, 0x00, 0x00, 0x00, 0x00, 0x00, 0x00,
    0x00, 0x00, 0x00, 0x00, 0x00, 0x00, 0x00, 0x00, 0x00, 0x00, 0x00, 0x00,
    0x00, 0x00, 0x00, 0x00, 0x00, 0x00, 0x00, 0x00, 0x00, 0x00, 0x00, 0x00,
    0x00, 0x00, 0x00, 0x00, 0x00, 0x00, 0x00, 0x00, 0x00, 0x00, 0x00, 0x00,
    0x00, 0x00, 0x00, 0x00, 0x00, 0x00, 0x00, 0x00, 0x00, 0x00, 0x00, 0x00,
    0x00, 0x00, 0x00, 0x00, 0x00, 0x00, 0x00, 0x00, 0x00, 0x00, 0x00, 0x00,
    0x00, 0x00, 0x00, 0x00, 0x00, 0x00, 0x00, 0x00, 0x00, 0x00, 0x00, 0x00,
    0x00, 0x00, 0x00, 0x00, 0x00, 0x00, 0x00, 0x00, 0x00, 0x00, 0x00, 0x00,
    0x00, 0x00, 0x00, 0x00, 0x00, 0x00, 0x00, 0x00, 0x00, 0x00, 0x00, 0x00,
    0x00, 0x00, 0x00, 0x00, 0x00, 0x00, 0x00, 0x00, 0x00, 0x00, 0x00, 0x00,
    0x00, 0x00, 0x00, 0x00, 0x00, 0x00, 0x00, 0x00, 0x00, 0x00, 0x00, 0x00,
    0x00, 0x00, 0x00, 0x00, 0x00, 0x00, 0x00, 0x00, 0x00, 0x00, 0x00, 0x00,
    0x00, 0x00, 0x00, 0x00, 0x00, 0x00, 0x00, 0x00, 0x00, 0x00, 0x00, 0x00,
    0x00, 0x00, 0x00, 0x00, 0x00, 0x00, 0x00, 0x00, 0x00, 0x00, 0x00, 0x00,
    0x00, 0x00, 0x00, 0x00, 0x00, 0x00, 0x00, 0x00, 0x00, 0x00, 0x00, 0x00,
    0x00, 0x00, 0x00, 0x00, 0x00, 0x00, 0x00, 0x00, 0x00, 0x00, 0x00, 0x00,
    0x00, 0x00, 0x00, 0x00, 0x00, 0x00, 0x00, 0x00, 0x00, 0x00, 0x00, 0x00,
    0x00, 0x00, 0x00, 0x00, 0x00, 0x00, 0x00, 0x00, 0x00, 0x00, 0x00, 0x00,
    0x00, 0x00, 0x00, 0x00, 0x00, 0x00, 0x00, 0x00, 0x00, 0x00, 0x00, 0x00,
    0x00, 0x00, 0x00, 0x00, 0x00, 0x00, 0x00, 0x00, 0x00, 0x00, 0x00, 0x00,
    0x00, 0x00, 0x00, 0x00, 0x00, 0x00, 0x00, 0x00, 0x00, 0x00, 0x00, 0x00,
    0x00, 0x00, 0x00, 0x00, 0x00, 0x00, 0x00, 0x00, 0x00, 0x00, 0x00, 0x00,
    0x00, 0x00, 0x00, 0x00, 0x00, 0x00, 0x00, 0x00, 0x00, 0x00, 0x00, 0x00,
    0x00, 0x00, 0x00, 0x00, 0x00, 0x00, 0x00, 0x00, 0x00, 0x00, 0x00, 0x00,
    0x00, 0x00, 0x00, 0x00, 0x00, 0x00, 0x00, 0x00, 0x00, 0x00, 0x00, 0x04,
    0x00, 0x00, 0x00, 0x04, 0x00, 0x00, 0x00, 0x04, 0x00, 0x00, 0x00, 0x04,
    0x00, 0x00, 0x00, 0x08, 0x00, 0x00, 0x00, 0x08, 0x00, 0x00, 0x00, 0x08,
    0x00, 0x00, 0x00, 0x0c, 0x00, 0x00, 0x00, 0x0c, 0x00, 0x00, 0x00, 0x10,
    0x00, 0x00, 0x00, 0x14, 0x00, 0x00, 0x00, 0x18, 0x00, 0x00, 0x00, 0x18,
    0x00, 0x00, 0x00, 0x1c, 0x00, 0x00, 0x00, 0x20, 0x00, 0x00, 0x00, 0x20,
    0x00, 0x00, 0x00, 0x24, 0x00, 0x00, 0x00, 0x28, 0x00, 0x00, 0x00, 0x2c,
    0x00, 0x00, 0x00, 0x2c, 0x00, 0x00, 0x00, 0x30, 0x00, 0x00, 0x00, 0x34,
    0x00, 0x00, 0x00, 0x34, 0x00, 0x00, 0x00, 0x38, 0x00, 0x00, 0x00, 0x38,
    0x00, 0x00, 0x00, 0x3c, 0x00, 0x00, 0x00, 0x3c, 0x00, 0x00, 0x00, 0x41,
    0x00, 0x00, 0x00, 0x41, 0x00, 0x00, 0x00, 0x41, 0x00, 0x00, 0x00, 0x41,
    0x00, 0x00, 0x00, 0x45, 0x00, 0x00, 0x00, 0x45, 0x00, 0x00, 0x00, 0x45,
    0x00, 0x00, 0x00, 0x45, 0x00, 0x00, 0x00, 0x45, 0x00, 0x00, 0x00, 0x45,
    0x00, 0x00, 0x00, 0x45, 0x00, 0x00, 0x00, 0x45, 0x00, 0x00, 0x00, 0x45,
    0x00, 0x00, 0x00, 0x41, 0x00, 0x00, 0x00, 0x41, 0x00, 0x00, 0x00, 0x41,
    0x00, 0x00, 0x00, 0x41, 0x00, 0x00, 0x00, 0x3c, 0x00, 0x00, 0x00, 0x3c,
    0x00, 0x00, 0x00, 0x38, 0x00, 0x00, 0x00, 0x38, 0x00, 0x00, 0x00, 0x34,
    0x00, 0x00, 0x00, 0x30, 0x00, 0x00, 0x00, 0x30, 0x00, 0x00, 0x00, 0x2c,
    0x00, 0x00, 0x00, 0x28, 0x00, 0x00, 0x00, 0x28, 0x00, 0x00, 0x00, 0x24,
    0x00, 0x00, 0x00, 0x24, 0x00, 0x00, 0x00, 0x20, 0x00, 0x00, 0x00, 0x1c,
    0x00, 0x00, 0x00, 0x18, 0x00, 0x00, 0x00, 0x18, 0x00, 0x00, 0x00, 0x14,
    0x00, 0x00, 0x00, 0x10, 0x00, 0x00, 0x00, 0x0c, 0x00, 0x00, 0x00, 0x0c,
    0x00, 0x00, 0x00, 0x08, 0x00, 0x00, 0x00, 0x08, 0x00, 0x00, 0x00, 0x08,
    0x00, 0x00, 0x00, 0x04, 0x00, 0x00, 0x00, 0x04, 0x00, 0x00, 0x00, 0x04,
    0x00, 0x00, 0x00, 0x00, 0x00, 0x00, 0x00, 0x00, 0x00, 0x00, 0x00, 0x00,
    0x00, 0x00, 0x00, 0x00, 0x00, 0x00, 0x00, 0x00, 0x00, 0x00, 0x00, 0x00,
    0x00, 0x00, 0x00, 0x00, 0x00, 0x00, 0x00, 0x00, 0x00, 0x00, 0x00, 0x00,
    0x00, 0x00, 0x00, 0x00, 0x00, 0x00, 0x00, 0x00, 0x00, 0x00, 0x00, 0x00,
    0x00, 0x00, 0x00, 0x00, 0x00, 0x00, 0x00, 0x00, 0x00, 0x00, 0x00, 0x00,
    0x00, 0x00, 0x00, 0x00, 0x00, 0x00, 0x00, 0x00, 0x00, 0x00, 0x00, 0x00,
    0x00, 0x00, 0x00, 0x00, 0x00, 0x00, 0x00, 0x00, 0x00, 0x00, 0x00, 0x00,
    0x00, 0x00, 0x00, 0x00, 0x00, 0x00, 0x00, 0x00, 0x00, 0x00, 0x00, 0x00,
    0x00, 0x00, 0x00, 0x00, 0x00, 0x00, 0x00, 0x00, 0x00, 0x00, 0x00, 0x00,
    0x00, 0x00, 0x00, 0x00, 0x00, 0x00, 0x00, 0x00, 0x00, 0x00, 0x00, 0x00,
    0x00, 0x00, 0x00, 0x00, 0x00, 0x00, 0x00, 0x00, 0x00, 0x00, 0x00, 0x00,
    0x00, 0x00, 0x00, 0x00, 0x00, 0x00, 0x00, 0x00, 0x00, 0x00, 0x00, 0x00,
    0x00, 0x00, 0x00, 0x00, 0x00, 0x00, 0x00, 0x00, 0x00, 0x00, 0x00, 0x00,
    0x00, 0x00, 0x00, 0x00, 0x00, 0x00, 0x00, 0x00, 0x00, 0x00, 0x00, 0x00,
    0x00, 0x00, 0x00, 0x00, 0x00, 0x00, 0x00, 0x00, 0x00, 0x00, 0x00, 0x00,
    0x00, 0x00, 0x00, 0x00, 0x00, 0x00, 0x00, 0x00, 0x00, 0x00, 0x00, 0x00,
    0x00, 0x00, 0x00, 0x00, 0x00, 0x00, 0x00, 0x00, 0x00, 0x00, 0x00, 0x00,
    0x00, 0x00, 0x00, 0x00, 0x00, 0x00, 0x00, 0x00, 0x00, 0x00, 0x00, 0x00,
    0x00, 0x00, 0x00, 0x00, 0x00, 0x00, 0x00, 0x00, 0x00, 0x00, 0x00, 0x00,
    0x00, 0x00, 0x00, 0x00, 0x00, 0x00, 0x00, 0x00, 0x00, 0x00, 0x00, 0x00,
    0x00, 0x00, 0x00, 0x00, 0x00, 0x00, 0x00, 0x00, 0x00, 0x00, 0x00, 0x00,
    0x00, 0x00, 0x00, 0x00, 0x00, 0x00, 0x00, 0x00, 0x00, 0x00, 0x00, 0x00,
    0x00, 0x00, 0x00, 0x00, 0x00, 0x00, 0x00, 0x00, 0x00, 0x00, 0x00, 0x00,
    0x00, 0x00, 0x00, 0x00, 0x00, 0x00, 0x00, 0x00, 0x00, 0x00, 0x00, 0x00,
    0x00, 0x00, 0x00, 0x00, 0x00, 0x00, 0x00, 0x00, 0x00, 0x00, 0x00, 0x00,
    0x00, 0x00, 0x00, 0x00, 0x00, 0x00, 0x00, 0x00, 0x00, 0x00, 0x00, 0x00,
    0x00, 0x00, 0x00, 0x00, 0x00, 0x00, 0x00, 0x00, 0x00, 0x00, 0x00, 0x00,
    0x00, 0x00, 0x00, 0x00, 0x00, 0x00, 0x00, 0x00, 0x00, 0x00, 0x00, 0x00,
    0x00, 0x00, 0x00, 0x00, 0x00, 0x00, 0x00, 0x00, 0x00, 0x00, 0x00, 0x00,
    0x00, 0x00, 0x00, 0x00, 0x00, 0x00, 0x00, 0x00, 0x00, 0x00, 0x00, 0x00,
    0x00, 0x00, 0x00, 0x00, 0x00, 0x00, 0x00, 0x00, 0x00, 0x00, 0x00, 0x00,
    0x00, 0x00, 0x00, 0x00, 0x00, 0x00, 0x00, 0x00, 0x00, 0x00, 0x00, 0x00,
    0x00, 0x00, 0x00, 0x00, 0x00, 0x00, 0x00, 0x00, 0x00, 0x00, 0x00, 0x00,
    0x00, 0x00, 0x00, 0x00, 0x00, 0x00, 0x00, 0x00, 0x00, 0x00, 0x00, 0x00,
    0x00, 0x00, 0x00, 0x00, 0x00, 0x00, 0x00, 0x00, 0x00, 0x00, 0x00, 0x00,
    0x00, 0x00, 0x00, 0x00, 0x00, 0x00, 0x00, 0x00, 0x00, 0x00, 0x00, 0x00,
    0x00, 0x00, 0x00, 0x00, 0x00, 0x00, 0x00, 0x00, 0x00, 0x00, 0x00, 0x00,
    0x00, 0x00, 0x00, 0x00, 0x00, 0x00, 0x00, 0x00, 0x00, 0x00, 0x00, 0x00,
    0x00, 0x00, 0x00, 0x00, 0x00, 0x00, 0x00, 0x00, 0x00, 0x00, 0x00, 0x00,
    0x00, 0x00, 0x00, 0x00, 0x00, 0x00, 0x00, 0x00, 0x00, 0x00, 0x00, 0x00,
    0x00, 0x00, 0x00, 0x00, 0x00, 0x00, 0x00, 0x00, 0x00, 0x00, 0x00, 0x00,
    0x00, 0x00, 0x00, 0x00, 0x00, 0x00, 0x00, 0x04, 0x00, 0x00, 0x00, 0x04,
    0x00, 0x00, 0x00, 0x04, 0x00, 0x00, 0x00, 0x04, 0x00, 0x00, 0x00, 0x08,
    0x00, 0x00, 0x00, 0x08, 0x00, 0x00, 0x00, 0x08, 0x00, 0x00, 0x00, 0x0c,
    0x00, 0x00, 0x00, 0x0c, 0x00, 0x00, 0x00, 0x10, 0x00, 0x00, 0x00, 0x10,
    0x00, 0x00, 0x00, 0x14, 0x00, 0x00, 0x00, 0x18, 0x00, 0x00, 0x00, 0x18,
    0x00, 0x00, 0x00, 0x1c, 0x00, 0x00, 0x00, 0x1c, 0x00, 0x00, 0x00, 0x20,
    0x00, 0x00, 0x00, 0x20, 0x00, 0x00, 0x00, 0x24, 0x00, 0x00, 0x00, 0x24,
    0x00, 0x00, 0x00, 0x28, 0x00, 0x00, 0x00, 0x2c, 0x00, 0x00, 0x00, 0x2c,
    0x00, 0x00, 0x00, 0x2c, 0x00, 0x00, 0x00, 0x2c, 0x00, 0x00, 0x00, 0x30,
    0x00, 0x00, 0x00, 0x30, 0x00, 0x00, 0x00, 0x34, 0x00, 0x00, 0x00, 0x30,
    0x00, 0x00, 0x00, 0x34, 0x00, 0x00, 0x00, 0x34, 0x00, 0x00, 0x00, 0x34,
    0x00, 0x00, 0x00, 0x34, 0x00, 0x00, 0x00, 0x34, 0x00, 0x00, 0x00, 0x34,
    0x00, 0x00, 0x00, 0x34, 0x00, 0x00, 0x00, 0x30, 0x00, 0x00, 0x00, 0x30,
    0x00, 0x00, 0x00, 0x30, 0x00, 0x00, 0x00, 0x30, 0x00, 0x00, 0x00, 0x2c,
    0x00, 0x00, 0x00, 0x2c, 0x00, 0x00, 0x00, 0x2c, 0x00, 0x00, 0x00, 0x28,
    0x00, 0x00, 0x00, 0x28, 0x00, 0x00, 0x00, 0x28, 0x00, 0x00, 0x00, 0x24,
    0x00, 0x00, 0x00, 0x24, 0x00, 0x00, 0x00, 0x20, 0x00, 0x00, 0x00, 0x1c,
    0x00, 0x00, 0x00, 0x1c, 0x00, 0x00, 0x00, 0x18, 0x00, 0x00, 0x00, 0x14,
    0x00, 0x00, 0x00, 0x14, 0x00, 0x00, 0x00, 0x10, 0x00, 0x00, 0x00, 0x10,
    0x00, 0x00, 0x00, 0x0c, 0x00, 0x00, 0x00, 0x0c, 0x00, 0x00, 0x00, 0x08,
    0x00, 0x00, 0x00, 0x08, 0x00, 0x00, 0x00, 0x08, 0x00, 0x00, 0x00, 0x04,
    0x00, 0x00, 0x00, 0x04, 0x00, 0x00, 0x00, 0x04, 0x00, 0x00, 0x00, 0x00,
    0x00, 0x00, 0x00, 0x00, 0x00, 0x00, 0x00, 0x00, 0x00, 0x00, 0x00, 0x00,
    0x00, 0x00, 0x00, 0x00, 0x00, 0x00, 0x00, 0x00, 0x00, 0x00, 0x00, 0x00,
    0x00, 0x00, 0x00, 0x00, 0x00, 0x00, 0x00, 0x00, 0x00, 0x00, 0x00, 0x00,
    0x00, 0x00, 0x00, 0x00, 0x00, 0x00, 0x00, 0x00, 0x00, 0x00, 0x00, 0x00,
    0x00, 0x00, 0x00, 0x00, 0x00, 0x00, 0x00, 0x00, 0x00, 0x00, 0x00, 0x00,
    0x00, 0x00, 0x00, 0x00, 0x00, 0x00, 0x00, 0x00, 0x00, 0x00, 0x00, 0x00,
    0x00, 0x00, 0x00, 0x00, 0x00, 0x00, 0x00, 0x00, 0x00, 0x00, 0x00, 0x00,
    0x00, 0x00, 0x00, 0x00, 0x00, 0x00, 0x00, 0x00, 0x00, 0x00, 0x00, 0x00,
    0x00, 0x00, 0x00, 0x00, 0x00, 0x00, 0x00, 0x00, 0x00, 0x00, 0x00, 0x00,
    0x00, 0x00, 0x00, 0x00, 0x00, 0x00, 0x00, 0x00, 0x00, 0x00, 0x00, 0x00,
    0x00, 0x00, 0x00, 0x00, 0x00, 0x00, 0x00, 0x00, 0x00, 0x00, 0x00, 0x00,
    0x00, 0x00, 0x00, 0x00, 0x00, 0x00, 0x00, 0x00, 0x00, 0x00, 0x00, 0x00,
    0x00, 0x00, 0x00, 0x00, 0x00, 0x00, 0x00, 0x00, 0x00, 0x00, 0x00, 0x00,
    0x00, 0x00, 0x00, 0x00, 0x00, 0x00, 0x00, 0x00, 0x00, 0x00, 0x00, 0x00,
    0x00, 0x00, 0x00, 0x00, 0x00, 0x00, 0x00, 0x00, 0x00, 0x00, 0x00, 0x00,
    0x00, 0x00, 0x00, 0x00, 0x00, 0x00, 0x00, 0x00, 0x00, 0x00, 0x00, 0x00,
    0x00, 0x00, 0x00, 0x00, 0x00, 0x00, 0x00, 0x00, 0x00, 0x00, 0x00, 0x00,
    0x00, 0x00, 0x00, 0x00, 0x00, 0x00, 0x00, 0x00, 0x00, 0x00, 0x00, 0x00,
    0x00, 0x00, 0x00, 0x00, 0x00, 0x00, 0x00, 0x00, 0x00, 0x00, 0x00, 0x00,
    0x00, 0x00, 0x00, 0x00, 0x00, 0x00, 0x00, 0x00, 0x00, 0x00, 0x00, 0x00,
    0x00, 0x00, 0x00, 0x00, 0x00, 0x00, 0x00, 0x00, 0x00, 0x00, 0x00, 0x00,
    0x00, 0x00, 0x00, 0x00, 0x00, 0x00, 0x00, 0x00, 0x00, 0x00, 0x00, 0x00,
    0x00, 0x00, 0x00, 0x00, 0x00, 0x00, 0x00, 0x00, 0x00, 0x00, 0x00, 0x00,
    0x00, 0x00, 0x00, 0x00, 0x00, 0x00, 0x00, 0x00, 0x00, 0x00, 0x00, 0x00,
    0x00, 0x00, 0x00, 0x00, 0x00, 0x00, 0x00, 0x00, 0x00, 0x00, 0x00, 0x00,
    0x00, 0x00, 0x00, 0x00, 0x00, 0x00, 0x00, 0x00, 0x00, 0x00, 0x00, 0x00,
    0x00, 0x00, 0x00, 0x00, 0x00, 0x00, 0x00, 0x00, 0x00, 0x00, 0x00, 0x00,
    0x00, 0x00, 0x00, 0x00, 0x00, 0x00, 0x00, 0x00, 0x00, 0x00, 0x00, 0x00,
    0x00, 0x00, 0x00, 0x00, 0x00, 0x00, 0x00, 0x00, 0x00, 0x00, 0x00, 0x00,
    0x00, 0x00, 0x00, 0x00, 0x00, 0x00, 0x00, 0x00, 0x00, 0x00, 0x00, 0x00,
    0x00, 0x00, 0x00, 0x00, 0x00, 0x00, 0x00, 0x00, 0x00, 0x00, 0x00, 0x00,
    0x00, 0x00, 0x00, 0x00, 0x00, 0x00, 0x00, 0x00, 0x00, 0x00, 0x00, 0x00,
    0x00, 0x00, 0x00, 0x00, 0x00, 0x00, 0x00, 0x00, 0x00, 0x00, 0x00, 0x00,
    0x00, 0x00, 0x00, 0x00, 0x00, 0x00, 0x00, 0x00, 0x00, 0x00, 0x00, 0x00,
    0x00, 0x00, 0x00, 0x00, 0x00, 0x00, 0x00, 0x00, 0x00, 0x00, 0x00, 0x00,
    0x00, 0x00, 0x00, 0x00, 0x00, 0x00, 0x00, 0x00, 0x00, 0x00, 0x00, 0x00,
    0x00, 0x00, 0x00, 0x00, 0x00, 0x00, 0x00, 0x00, 0x00, 0x00, 0x00, 0x00,
    0x00, 0x00, 0x00, 0x00, 0x00, 0x00, 0x00, 0x00, 0x00, 0x00, 0x00, 0x00,
    0x00, 0x00, 0x00, 0x00, 0x00, 0x00, 0x00, 0x00, 0x00, 0x00, 0x00, 0x00,
    0x00, 0x00, 0x00, 0x00, 0x00, 0x00, 0x00, 0x00, 0x00, 0x00, 0x00, 0x00,
    0x00, 0x00, 0x00, 0x00, 0x00, 0x00, 0x00, 0x00, 0x00, 0x00, 0x00, 0x00,
    0x00, 0x00, 0x00, 0x00, 0x00, 0x00, 0x00, 0x00, 0x00, 0x00, 0x00, 0x00,
    0x00, 0x00, 0x00, 0x00, 0x00, 0x00, 0x00, 0x00, 0x00, 0x00, 0x00, 0x00,
    0x00, 0x00, 0x00, 0x04, 0x00, 0x00, 0x00, 0x04, 0x00, 0x00, 0x00, 0x04,
    0x00, 0x00, 0x00, 0x04, 0x00, 0x00, 0x00, 0x04, 0x00, 0x00, 0x00, 0x08,
    0x00, 0x00, 0x00, 0x08, 0x00, 0x00, 0x00, 0x08, 0x00, 0x00, 0x00, 0x0c,
    0x00, 0x00, 0x00, 0x0c, 0x00, 0x00, 0x00, 0x10, 0x00, 0x00, 0x00, 0x10,
    0x00, 0x00, 0x00, 0x10, 0x00, 0x00, 0x00, 0x14, 0x00, 0x00, 0x00, 0x18,
    0x00, 0x00, 0x00, 0x18, 0x00, 0x00, 0x00, 0x18, 0x00, 0x00, 0x00, 0x1c,
    0x00, 0x00, 0x00, 0x1c, 0x00, 0x00, 0x00, 0x1c, 0x00, 0x00, 0x00, 0x20,
    0x00, 0x00, 0x00, 0x20, 0x00, 0x00, 0x00, 0x20, 0x00, 0x00, 0x00, 0x24,
    0x00, 0x00, 0x00, 0x24, 0x00, 0x00, 0x00, 0x24, 0x00, 0x00, 0x00, 0x24,
    0x00, 0x00, 0x00, 0x24, 0x00, 0x00, 0x00, 0x24, 0x00, 0x00, 0x00, 0x24,
    0x00, 0x00, 0x00, 0x24, 0x00, 0x00, 0x00, 0x24, 0x00, 0x00, 0x00, 0x24,
    0x00, 0x00, 0x00, 0x24, 0x00, 0x00, 0x00, 0x24, 0x00, 0x00, 0x00, 0x24,
    0x00, 0x00, 0x00, 0x20, 0x00, 0x00, 0x00, 0x20, 0x00, 0x00, 0x00, 0x20,
    0x00, 0x00, 0x00, 0x20, 0x00, 0x00, 0x00, 0x1c, 0x00, 0x00, 0x00, 0x1c,
    0x00, 0x00, 0x00, 0x18, 0x00, 0x00, 0x00, 0x18, 0x00, 0x00, 0x00, 0x14,
    0x00, 0x00, 0x00, 0x14, 0x00, 0x00, 0x00, 0x14, 0x00, 0x00, 0x00, 0x10,
    0x00, 0x00, 0x00, 0x10, 0x00, 0x00, 0x00, 0x0c, 0x00, 0x00, 0x00, 0x0c,
    0x00, 0x00, 0x00, 0x0c, 0x00, 0x00, 0x00, 0x08, 0x00, 0x00, 0x00, 0x08,
    0x00, 0x00, 0x00, 0x04, 0x00, 0x00, 0x00, 0x04, 0x00, 0x00, 0x00, 0x04,
    0x00, 0x00, 0x00, 0x04, 0x00, 0x00, 0x00, 0x00, 0x00, 0x00, 0x00, 0x00,
    0x00, 0x00, 0x00, 0x00, 0x00, 0x00, 0x00, 0x00, 0x00, 0x00, 0x00, 0x00,
    0x00, 0x00, 0x00, 0x00, 0x00, 0x00, 0x00, 0x00, 0x00, 0x00, 0x00, 0x00,
    0x00, 0x00, 0x00, 0x00, 0x00, 0x00, 0x00, 0x00, 0x00, 0x00, 0x00, 0x00,
    0x00, 0x00, 0x00, 0x00, 0x00, 0x00, 0x00, 0x00, 0x00, 0x00, 0x00, 0x00,
    0x00, 0x00, 0x00, 0x00, 0x00, 0x00, 0x00, 0x00, 0x00, 0x00, 0x00, 0x00,
    0x00, 0x00, 0x00, 0x00, 0x00, 0x00, 0x00, 0x00, 0x00, 0x00, 0x00, 0x00,
    0x00, 0x00, 0x00, 0x00, 0x00, 0x00, 0x00, 0x00, 0x00, 0x00, 0x00, 0x00,
    0x00, 0x00, 0x00, 0x00, 0x00, 0x00, 0x00, 0x00, 0x00, 0x00, 0x00, 0x00,
    0x00, 0x00, 0x00, 0x00, 0x00, 0x00, 0x00, 0x00, 0x00, 0x00, 0x00, 0x00,
    0x00, 0x00, 0x00, 0x00, 0x00, 0x00, 0x00, 0x00, 0x00, 0x00, 0x00, 0x00,
    0x00, 0x00, 0x00, 0x00, 0x00, 0x00, 0x00, 0x00, 0x00, 0x00, 0x00, 0x00,
    0x00, 0x00, 0x00, 0x00, 0x00, 0x00, 0x00, 0x00, 0x00, 0x00, 0x00, 0x00,
    0x00, 0x00, 0x00, 0x00, 0x00, 0x00, 0x00, 0x00, 0x00, 0x00, 0x00, 0x00,
    0x00, 0x00, 0x00, 0x00, 0x00, 0x00, 0x00, 0x00, 0x00, 0x00, 0x00, 0x00,
    0x00, 0x00, 0x00, 0x00, 0x00, 0x00, 0x00, 0x00, 0x00, 0x00, 0x00, 0x00,
    0x00, 0x00, 0x00, 0x00, 0x00, 0x00, 0x00, 0x00, 0x00, 0x00, 0x00, 0x00,
    0x00, 0x00, 0x00, 0x00, 0x00, 0x00, 0x00, 0x00, 0x00, 0x00, 0x00, 0x00,
    0x00, 0x00, 0x00, 0x00, 0x00, 0x00, 0x00, 0x00, 0x00, 0x00, 0x00, 0x00,
    0x00, 0x00, 0x00, 0x00, 0x00, 0x00, 0x00, 0x00, 0x00, 0x00, 0x00, 0x00,
    0x00, 0x00, 0x00, 0x00, 0x00, 0x00, 0x00, 0x00, 0x00, 0x00, 0x00, 0x00,
    0x00, 0x00, 0x00, 0x00, 0x00, 0x00, 0x00, 0x00, 0x00, 0x00, 0x00, 0x00,
    0x00, 0x00, 0x00, 0x00, 0x00, 0x00, 0x00, 0x00, 0x00, 0x00, 0x00, 0x00,
    0x00, 0x00, 0x00, 0x00, 0x00, 0x00, 0x00, 0x00, 0x00, 0x00, 0x00, 0x00,
    0x00, 0x00, 0x00, 0x00, 0x00, 0x00, 0x00, 0x00, 0x00, 0x00, 0x00, 0x00,
    0x00, 0x00, 0x00, 0x00, 0x00, 0x00, 0x00, 0x00, 0x00, 0x00, 0x00, 0x00,
    0x00, 0x00, 0x00, 0x00, 0x00, 0x00, 0x00, 0x00, 0x00, 0x00, 0x00, 0x00,
    0x00, 0x00, 0x00, 0x00, 0x00, 0x00, 0x00, 0x00, 0x00, 0x00, 0x00, 0x00,
    0x00, 0x00, 0x00, 0x00, 0x00, 0x00, 0x00, 0x00, 0x00, 0x00, 0x00, 0x00,
    0x00, 0x00, 0x00, 0x00, 0x00, 0x00, 0x00, 0x00, 0x00, 0x00, 0x00, 0x00,
    0x00, 0x00, 0x00, 0x00, 0x00, 0x00, 0x00, 0x00, 0x00, 0x00, 0x00, 0x00,
    0x00, 0x00, 0x00, 0x00, 0x00, 0x00, 0x00, 0x00, 0x00, 0x00, 0x00, 0x00,
    0x00, 0x00, 0x00, 0x00, 0x00, 0x00, 0x00, 0x00, 0x00, 0x00, 0x00, 0x00,
    0x00, 0x00, 0x00, 0x00, 0x00, 0x00, 0x00, 0x00, 0x00, 0x00, 0x00, 0x00,
    0x00, 0x00, 0x00, 0x00, 0x00, 0x00, 0x00, 0x00, 0x00, 0x00, 0x00, 0x00,
    0x00, 0x00, 0x00, 0x00, 0x00, 0x00, 0x00, 0x00, 0x00, 0x00, 0x00, 0x00,
    0x00, 0x00, 0x00, 0x00, 0x00, 0x00, 0x00, 0x00, 0x00, 0x00, 0x00, 0x00,
    0x00, 0x00, 0x00, 0x00, 0x00, 0x00, 0x00, 0x00, 0x00, 0x00, 0x00, 0x00,
    0x00, 0x00, 0x00, 0x00, 0x00, 0x00, 0x00, 0x00, 0x00, 0x00, 0x00, 0x00,
    0x00, 0x00, 0x00, 0x00, 0x00, 0x00, 0x00, 0x00, 0x00, 0x00, 0x00, 0x00,
    0x00, 0x00, 0x00, 0x00, 0x00, 0x00, 0x00, 0x00, 0x00, 0x00, 0x00, 0x00,
    0x00, 0x00, 0x00, 0x00, 0x00, 0x00, 0x00, 0x00, 0x00, 0x00, 0x00, 0x00,
    0x00, 0x00, 0x00, 0x00, 0x00, 0x00, 0x00, 0x00, 0x00, 0x00, 0x00, 0x00,
    0x00, 0x00, 0x00, 0x00, 0x00, 0x00, 0x00, 0x00, 0x00, 0x00, 0x00, 0x00,
    0x00, 0x00, 0x00, 0x00, 0x00, 0x00, 0x00, 0x00, 0x00, 0x00, 0x00, 0x00,
    0x00, 0x00, 0x00, 0x00, 0x00, 0x00, 0x00, 0x00, 0x00, 0x00, 0x00, 0x00,
    0x00, 0x00, 0x00, 0x04, 0x00, 0x00, 0x00, 0x04, 0x00, 0x00, 0x00, 0x04,
    0x00, 0x00, 0x00, 0x04, 0x00, 0x00, 0x00, 0x04, 0x00, 0x00, 0x00, 0x08,
    0x00, 0x00, 0x00, 0x08, 0x00, 0x00, 0x00, 0x08, 0x00, 0x00, 0x00, 0x0c,
    0x00, 0x00, 0x00, 0x0c, 0x00, 0x00, 0x00, 0x0c, 0x00, 0x00, 0x00, 0x10,
    0x00, 0x00, 0x00, 0x10, 0x00, 0x00, 0x00, 0x10, 0x00, 0x00, 0x00, 0x10,
    0x00, 0x00, 0x00, 0x14, 0x00, 0x00, 0x00, 0x14, 0x00, 0x00, 0x00, 0x14,
    0x00, 0x00, 0x00, 0x18, 0x00, 0x00, 0x00, 0x14, 0x00, 0x00, 0x00, 0x18,
    0x00, 0x00, 0x00, 0x18, 0x00, 0x00, 0x00, 0x18, 0x00, 0x00, 0x00, 0x18,
    0x00, 0x00, 0x00, 0x18, 0x00, 0x00, 0x00, 0x18, 0x00, 0x00, 0x00, 0x18,
    0x00, 0x00, 0x00, 0x18, 0x00, 0x00, 0x00, 0x18, 0x00, 0x00, 0x00, 0x18,
    0x00, 0x00, 0x00, 0x18, 0x00, 0x00, 0x00, 0x14, 0x00, 0x00, 0x00, 0x18,
    0x00, 0x00, 0x00, 0x14, 0x00, 0x00, 0x00, 0x14, 0x00, 0x00, 0x00, 0x14,
    0x00, 0x00, 0x00, 0x10, 0x00, 0x00, 0x00, 0x10, 0x00, 0x00, 0x00, 0x10,
    0x00, 0x00, 0x00, 0x0c, 0x00, 0x00, 0x00, 0x0c, 0x00, 0x00, 0x00, 0x0c,
    0x00, 0x00, 0x00, 0x08, 0x00, 0x00, 0x00, 0x08, 0x00, 0x00, 0x00, 0x08,
    0x00, 0x00, 0x00, 0x08, 0x00, 0x00, 0x00, 0x04, 0x00, 0x00, 0x00, 0x04,
    0x00, 0x00, 0x00, 0x04, 0x00, 0x00, 0x00, 0x04, 0x00, 0x00, 0x00, 0x00,
    0x00, 0x00, 0x00, 0x00, 0x00, 0x00, 0x00, 0x00, 0x00, 0x00, 0x00, 0x00,
    0x00, 0x00, 0x00, 0x00, 0x00, 0x00, 0x00, 0x00, 0x00, 0x00, 0x00, 0x00,
    0x00, 0x00, 0x00, 0x00, 0x00, 0x00, 0x00, 0x00, 0x00, 0x00, 0x00, 0x00,
    0x00, 0x00, 0x00, 0x00, 0x00, 0x00, 0x00, 0x00, 0x00, 0x00, 0x00, 0x00,
    0x00, 0x00, 0x00, 0x00, 0x00, 0x00, 0x00, 0x00, 0x00, 0x00, 0x00, 0x00,
    0x00, 0x00, 0x00, 0x00, 0x00, 0x00, 0x00, 0x00, 0x00, 0x00, 0x00, 0x00,
    0x00, 0x00, 0x00, 0x00, 0x00, 0x00, 0x00, 0x00, 0x00, 0x00, 0x00, 0x00,
    0x00, 0x00, 0x00, 0x00, 0x00, 0x00, 0x00, 0x00, 0x00, 0x00, 0x00, 0x00,
    0x00, 0x00, 0x00, 0x00, 0x00, 0x00, 0x00, 0x00, 0x00, 0x00, 0x00, 0x00,
    0x00, 0x00, 0x00, 0x00, 0x00, 0x00, 0x00, 0x00, 0x00, 0x00, 0x00, 0x00,
    0x00, 0x00, 0x00, 0x00, 0x00, 0x00, 0x00, 0x00, 0x00, 0x00, 0x00, 0x00,
    0x00, 0x00, 0x00, 0x00, 0x00, 0x00, 0x00, 0x00, 0x00, 0x00, 0x00, 0x00,
    0x00, 0x00, 0x00, 0x00, 0x00, 0x00, 0x00, 0x00, 0x00, 0x00, 0x00, 0x00,
    0x00, 0x00, 0x00, 0x00, 0x00, 0x00, 0x00, 0x00, 0x00, 0x00, 0x00, 0x00,
    0x00, 0x00, 0x00, 0x00, 0x00, 0x00, 0x00, 0x00, 0x00, 0x00, 0x00, 0x00,
    0x00, 0x00, 0x00, 0x00, 0x00, 0x00, 0x00, 0x00, 0x00, 0x00, 0x00, 0x00,
    0x00, 0x00, 0x00, 0x00, 0x00, 0x00, 0x00, 0x00, 0x00, 0x00, 0x00, 0x00,
    0x00, 0x00, 0x00, 0x00, 0x00, 0x00, 0x00, 0x00, 0x00, 0x00, 0x00, 0x00,
    0x00, 0x00, 0x00, 0x00, 0x00, 0x00, 0x00, 0x00, 0x00, 0x00, 0x00, 0x00,
    0x00, 0x00, 0x00, 0x00, 0x00, 0x00, 0x00, 0x00, 0x00, 0x00, 0x00, 0x00,
    0x00, 0x00, 0x00, 0x00, 0x00, 0x00, 0x00, 0x00, 0x00, 0x00, 0x00, 0x00,
    0x00, 0x00, 0x00, 0x00, 0x00, 0x00, 0x00, 0x00, 0x00, 0x00, 0x00, 0x00,
    0x00, 0x00, 0x00, 0x00, 0x00, 0x00, 0x00, 0x00, 0x00, 0x00, 0x00, 0x00,
    0x00, 0x00, 0x00, 0x00, 0x00, 0x00, 0x00, 0x00, 0x00, 0x00, 0x00, 0x00,
    0x00, 0x00, 0x00, 0x00, 0x00, 0x00, 0x00, 0x00, 0x00, 0x00, 0x00, 0x00,
    0x00, 0x00, 0x00, 0x00, 0x00, 0x00, 0x00, 0x00, 0x00, 0x00, 0x00, 0x00,
    0x00, 0x00, 0x00, 0x00, 0x00, 0x00, 0x00, 0x00, 0x00, 0x00, 0x00, 0x00,
    0x00, 0x00, 0x00, 0x00, 0x00, 0x00, 0x00, 0x00, 0x00, 0x00, 0x00, 0x00,
    0x00, 0x00, 0x00, 0x00, 0x00, 0x00, 0x00, 0x00, 0x00, 0x00, 0x00, 0x00,
    0x00, 0x00, 0x00, 0x00, 0x00, 0x00, 0x00, 0x00, 0x00, 0x00, 0x00, 0x00,
    0x00, 0x00, 0x00, 0x00, 0x00, 0x00, 0x00, 0x00, 0x00, 0x00, 0x00, 0x00,
    0x00, 0x00, 0x00, 0x00, 0x00, 0x00, 0x00, 0x00, 0x00, 0x00, 0x00, 0x00,
    0x00, 0x00, 0x00, 0x00, 0x00, 0x00, 0x00, 0x00, 0x00, 0x00, 0x00, 0x00,
    0x00, 0x00, 0x00, 0x00, 0x00, 0x00, 0x00, 0x00, 0x00, 0x00, 0x00, 0x00,
    0x00, 0x00, 0x00, 0x00, 0x00, 0x00, 0x00, 0x00, 0x00, 0x00, 0x00, 0x00,
    0x00, 0x00, 0x00, 0x00, 0x00, 0x00, 0x00, 0x00, 0x00, 0x00, 0x00, 0x00,
    0x00, 0x00, 0x00, 0x00, 0x00, 0x00, 0x00, 0x00, 0x00, 0x00, 0x00, 0x00,
    0x00, 0x00, 0x00, 0x00, 0x00, 0x00, 0x00, 0x00, 0x00, 0x00, 0x00, 0x00,
    0x00, 0x00, 0x00, 0x00, 0x00, 0x00, 0x00, 0x00, 0x00, 0x00, 0x00, 0x00,
    0x00, 0x00, 0x00, 0x00, 0x00, 0x00, 0x00, 0x00, 0x00, 0x00, 0x00, 0x00,
    0x00, 0x00, 0x00, 0x00, 0x00, 0x00, 0x00, 0x00, 0x00, 0x00, 0x00, 0x00,
    0x00, 0x00, 0x00, 0x00, 0x00, 0x00, 0x00, 0x00, 0x00, 0x00, 0x00, 0x00,
    0x00, 0x00, 0x00, 0x00, 0x00, 0x00, 0x00, 0x00, 0x00, 0x00, 0x00, 0x00,
    0x00, 0x00, 0x00, 0x00, 0x00, 0x00, 0x00, 0x00, 0x00, 0x00, 0x00, 0x00,
    0x00, 0x00, 0x00, 0x00, 0x00, 0x00, 0x00, 0x00, 0x00, 0x00, 0x00, 0x00,
    0x00, 0x00, 0x00, 0x00, 0x00, 0x00, 0x00, 0x00, 0x00, 0x00, 0x00, 0x00,
    0x00, 0x00, 0x00, 0x00, 0x00, 0x00, 0x00, 0x00, 0x00, 0x00, 0x00, 0x00,
    0x00, 0x00, 0x00, 0x00, 0x00, 0x00, 0x00, 0x00, 0x00, 0x00, 0x00, 0x00,
    0x00, 0x00, 0x00, 0x04, 0x00, 0x00, 0x00, 0x00, 0x00, 0x00, 0x00, 0x04,
    0x00, 0x00, 0x00, 0x04, 0x00, 0x00, 0x00, 0x04, 0x00, 0x00, 0x00, 0x04,
    0x00, 0x00, 0x00, 0x04, 0x00, 0x00, 0x00, 0x08, 0x00, 0x00, 0x00, 0x08,
    0x00, 0x00, 0x00, 0x08, 0x00, 0x00, 0x00, 0x0c, 0x00, 0x00, 0x00, 0x08,
    0x00, 0x00, 0x00, 0x0c, 0x00, 0x00, 0x00, 0x0c, 0x00, 0x00, 0x00, 0x0c,
    0x00, 0x00, 0x00, 0x0c, 0x00, 0x00, 0x00, 0x0c, 0x00, 0x00, 0x00, 0x0c,
    0x00, 0x00, 0x00, 0x0c, 0x00, 0x00, 0x00, 0x10, 0x00, 0x00, 0x00, 0x0c,
    0x00, 0x00, 0x00, 0x10, 0x00, 0x00, 0x00, 0x0c, 0x00, 0x00, 0x00, 0x10,
    0x00, 0x00, 0x00, 0x0c, 0x00, 0x00, 0x00, 0x0c, 0x00, 0x00, 0x00, 0x0c,
    0x00, 0x00, 0x00, 0x0c, 0x00, 0x00, 0x00, 0x0c, 0x00, 0x00, 0x00, 0x0c,
    0x00, 0x00, 0x00, 0x0c, 0x00, 0x00, 0x00, 0x08, 0x00, 0x00, 0x00, 0x08,
    0x00, 0x00, 0x00, 0x08, 0x00, 0x00, 0x00, 0x08, 0x00, 0x00, 0x00, 0x08,
    0x00, 0x00, 0x00, 0x08, 0x00, 0x00, 0x00, 0x04, 0x00, 0x00, 0x00, 0x04,
    0x00, 0x00, 0x00, 0x04, 0x00, 0x00, 0x00, 0x04, 0x00, 0x00, 0x00, 0x00,
    0x00, 0x00, 0x00, 0x00, 0x00, 0x00, 0x00, 0x00, 0x00, 0x00, 0x00, 0x00,
    0x00, 0x00, 0x00, 0x00, 0x00, 0x00, 0x00, 0x00, 0x00, 0x00, 0x00, 0x00,
    0x00, 0x00, 0x00, 0x00, 0x00, 0x00, 0x00, 0x00, 0x00, 0x00, 0x00, 0x00,
    0x00, 0x00, 0x00, 0x00, 0x00, 0x00, 0x00, 0x00, 0x00, 0x00, 0x00, 0x00,
    0x00, 0x00, 0x00, 0x00, 0x00, 0x00, 0x00, 0x00, 0x00, 0x00, 0x00, 0x00,
    0x00, 0x00, 0x00, 0x00, 0x00, 0x00, 0x00, 0x00, 0x00, 0x00, 0x00, 0x00,
    0x00, 0x00, 0x00, 0x00, 0x00, 0x00, 0x00, 0x00, 0x00, 0x00, 0x00, 0x00,
    0x00, 0x00, 0x00, 0x00, 0x00, 0x00, 0x00, 0x00, 0x00, 0x00, 0x00, 0x00,
    0x00, 0x00, 0x00, 0x00, 0x00, 0x00, 0x00, 0x00, 0x00, 0x00, 0x00, 0x00,
    0x00, 0x00, 0x00, 0x00, 0x00, 0x00, 0x00, 0x00, 0x00, 0x00, 0x00, 0x00,
    0x00, 0x00, 0x00, 0x00, 0x00, 0x00, 0x00, 0x00, 0x00, 0x00, 0x00, 0x00,
    0x00, 0x00, 0x00, 0x00, 0x00, 0x00, 0x00, 0x00, 0x00, 0x00, 0x00, 0x00,
    0x00, 0x00, 0x00, 0x00, 0x00, 0x00, 0x00, 0x00, 0x00, 0x00, 0x00, 0x00,
    0x00, 0x00, 0x00, 0x00, 0x00, 0x00, 0x00, 0x00, 0x00, 0x00, 0x00, 0x00,
    0x00, 0x00, 0x00, 0x00, 0x00, 0x00, 0x00, 0x00, 0x00, 0x00, 0x00, 0x00,
    0x00, 0x00, 0x00, 0x00, 0x00, 0x00, 0x00, 0x00, 0x00, 0x00, 0x00, 0x00,
    0x00, 0x00, 0x00, 0x00, 0x00, 0x00, 0x00, 0x00, 0x00, 0x00, 0x00, 0x00,
    0x00, 0x00, 0x00, 0x00, 0x00, 0x00, 0x00, 0x00, 0x00, 0x00, 0x00, 0x00,
    0x00, 0x00, 0x00, 0x00, 0x00, 0x00, 0x00, 0x00, 0x00, 0x00, 0x00, 0x00,
    0x00, 0x00, 0x00, 0x00, 0x00, 0x00, 0x00, 0x00, 0x00, 0x00, 0x00, 0x00,
    0x00, 0x00, 0x00, 0x00, 0x00, 0x00, 0x00, 0x00, 0x00, 0x00, 0x00, 0x00,
    0x00, 0x00, 0x00, 0x00, 0x00, 0x00, 0x00, 0x00, 0x00, 0x00, 0x00, 0x00,
    0x00, 0x00, 0x00, 0x00, 0x00, 0x00, 0x00, 0x00, 0x00, 0x00, 0x00, 0x00,
    0x00, 0x00, 0x00, 0x00, 0x00, 0x00, 0x00, 0x00, 0x00, 0x00, 0x00, 0x00,
    0x00, 0x00, 0x00, 0x00, 0x00, 0x00, 0x00, 0x00, 0x00, 0x00, 0x00, 0x00,
    0x00, 0x00, 0x00, 0x00, 0x00, 0x00, 0x00, 0x00, 0x00, 0x00, 0x00, 0x00,
    0x00, 0x00, 0x00, 0x00, 0x00, 0x00, 0x00, 0x00, 0x00, 0x00, 0x00, 0x00,
    0x00, 0x00, 0x00, 0x00, 0x00, 0x00, 0x00, 0x00, 0x00, 0x00, 0x00, 0x00,
    0x00, 0x00, 0x00, 0x00, 0x00, 0x00, 0x00, 0x00, 0x00, 0x00, 0x00, 0x00,
    0x00, 0x00, 0x00, 0x00, 0x00, 0x00, 0x00, 0x00, 0x00, 0x00, 0x00, 0x00,
    0x00, 0x00, 0x00, 0x00, 0x00, 0x00, 0x00, 0x00, 0x00, 0x00, 0x00, 0x00,
    0x00, 0x00, 0x00, 0x00, 0x00, 0x00, 0x00, 0x00, 0x00, 0x00, 0x00, 0x00,
    0x00, 0x00, 0x00, 0x00, 0x00, 0x00, 0x00, 0x00, 0x00, 0x00, 0x00, 0x00,
    0x00, 0x00, 0x00, 0x00, 0x00, 0x00, 0x00, 0x00, 0x00, 0x00, 0x00, 0x00,
    0x00, 0x00, 0x00, 0x00, 0x00, 0x00, 0x00, 0x00, 0x00, 0x00, 0x00, 0x00,
    0x00, 0x00, 0x00, 0x00, 0x00, 0x00, 0x00, 0x00, 0x00, 0x00, 0x00, 0x00,
    0x00, 0x00, 0x00, 0x00, 0x00, 0x00, 0x00, 0x00, 0x00, 0x00, 0x00, 0x00,
    0x00, 0x00, 0x00, 0x00, 0x00, 0x00, 0x00, 0x00, 0x00, 0x00, 0x00, 0x00,
    0x00, 0x00, 0x00, 0x00, 0x00, 0x00, 0x00, 0x00, 0x00, 0x00, 0x00, 0x00,
    0x00, 0x00, 0x00, 0x00, 0x00, 0x00, 0x00, 0x00, 0x00, 0x00, 0x00, 0x00,
    0x00, 0x00, 0x00, 0x00, 0x00, 0x00, 0x00, 0x00, 0x00, 0x00, 0x00, 0x00,
    0x00, 0x00, 0x00, 0x00, 0x00, 0x00, 0x00, 0x00, 0x00, 0x00, 0x00, 0x00,
    0x00, 0x00, 0x00, 0x00, 0x00, 0x00, 0x00, 0x00, 0x00, 0x00, 0x00, 0x00,
    0x00, 0x00, 0x00, 0x00, 0x00, 0x00, 0x00, 0x00, 0x00, 0x00, 0x00, 0x00,
    0x00, 0x00, 0x00, 0x00, 0x00, 0x00, 0x00, 0x00, 0x00, 0x00, 0x00, 0x00,
    0x00, 0x00, 0x00, 0x00, 0x00, 0x00, 0x00, 0x00, 0x00, 0x00, 0x00, 0x00,
    0x00, 0x00, 0x00, 0x00, 0x00, 0x00, 0x00, 0x00, 0x00, 0x00, 0x00, 0x00,
    0x00, 0x00, 0x00, 0x00, 0x00, 0x00, 0x00, 0x00, 0x00, 0x00, 0x00, 0x00,
    0x00, 0x00, 0x00, 0x00, 0x00, 0x00, 0x00, 0x00, 0x00, 0x00, 0x00, 0x00,
    0x00, 0x00, 0x00, 0x00, 0x00, 0x00, 0x00, 0x00, 0x00, 0x00, 0x00, 0x00,
    0x00, 0x00, 0x00, 0x00, 0x00, 0x00, 0x00, 0x00, 0x00, 0x00, 0x00, 0x00,
    0x00, 0x00, 0x00, 0x00, 0x00, 0x00, 0x00, 0x04, 0x00, 0x00, 0x00, 0x00,
    0x00, 0x00, 0x00, 0x00, 0x00, 0x00, 0x00, 0x04, 0x00, 0x00, 0x00, 0x04,
    0x00, 0x00, 0x00, 0x04, 0x00, 0x00, 0x00, 0x04, 0x00, 0x00, 0x00, 0x04,
    0x00, 0x00, 0x00, 0x04, 0x00, 0x00, 0x00, 0x08, 0x00, 0x00, 0x00, 0x08,
    0x00, 0x00, 0x00, 0x04, 0x00, 0x00, 0x00, 0x08, 0x00, 0x00, 0x00, 0x08,
    0x00, 0x00, 0x00, 0x08, 0x00, 0x00, 0x00, 0x08, 0x00, 0x00, 0x00, 0x08,
    0x00, 0x00, 0x00, 0x08, 0x00, 0x00, 0x00, 0x08, 0x00, 0x00, 0x00, 0x08,
    0x00, 0x00, 0x00, 0x08, 0x00, 0x00, 0x00, 0x08, 0x00, 0x00, 0x00, 0x08,
    0x00, 0x00, 0x00, 0x04, 0x00, 0x00, 0x00, 0x04, 0x00, 0x00, 0x00, 0x04,
    0x00, 0x00, 0x00, 0x04, 0x00, 0x00, 0x00, 0x04, 0x00, 0x00, 0x00, 0x04,
    0x00, 0x00, 0x00, 0x04, 0x00, 0x00, 0x00, 0x04, 0x00, 0x00, 0x00, 0x00,
    0x00, 0x00, 0x00, 0x04, 0x00, 0x00, 0x00, 0x00, 0x00, 0x00, 0x00, 0x00,
    0x00, 0x00, 0x00, 0x00, 0x00, 0x00, 0x00, 0x00, 0x00, 0x00, 0x00, 0x00,
    0x00, 0x00, 0x00, 0x00, 0x00, 0x00, 0x00, 0x00, 0x00, 0x00, 0x00, 0x00,
    0x00, 0x00, 0x00, 0x00, 0x00, 0x00, 0x00, 0x00, 0x00, 0x00, 0x00, 0x00,
    0x00, 0x00, 0x00, 0x00, 0x00, 0x00, 0x00, 0x00, 0x00, 0x00, 0x00, 0x00,
    0x00, 0x00, 0x00, 0x00, 0x00, 0x00, 0x00, 0x00, 0x00, 0x00, 0x00, 0x00,
    0x00, 0x00, 0x00, 0x00, 0x00, 0x00, 0x00, 0x00, 0x00, 0x00, 0x00, 0x00,
    0x00, 0x00, 0x00, 0x00, 0x00, 0x00, 0x00, 0x00, 0x00, 0x00, 0x00, 0x00,
    0x00, 0x00, 0x00, 0x00, 0x00, 0x00, 0x00, 0x00, 0x00, 0x00, 0x00, 0x00,
    0x00, 0x00, 0x00, 0x00, 0x00, 0x00, 0x00, 0x00, 0x00, 0x00, 0x00, 0x00,
    0x00, 0x00, 0x00, 0x00, 0x00, 0x00, 0x00, 0x00, 0x00, 0x00, 0x00, 0x00,
    0x00, 0x00, 0x00, 0x00, 0x00, 0x00, 0x00, 0x00, 0x00, 0x00, 0x00, 0x00,
    0x00, 0x00, 0x00, 0x00, 0x00, 0x00, 0x00, 0x00, 0x00, 0x00, 0x00, 0x00,
    0x00, 0x00, 0x00, 0x00, 0x00, 0x00, 0x00, 0x00, 0x00, 0x00, 0x00, 0x00,
    0x00, 0x00, 0x00, 0x00, 0x00, 0x00, 0x00, 0x00, 0x00, 0x00, 0x00, 0x00,
    0x00, 0x00, 0x00, 0x00, 0x00, 0x00, 0x00, 0x00, 0x00, 0x00, 0x00, 0x00,
    0x00, 0x00, 0x00, 0x00, 0x00, 0x00, 0x00, 0x00, 0x00, 0x00, 0x00, 0x00,
    0x00, 0x00, 0x00, 0x00, 0x00, 0x00, 0x00, 0x00, 0x00, 0x00, 0x00, 0x00,
    0x00, 0x00, 0x00, 0x00, 0x00, 0x00, 0x00, 0x00, 0x00, 0x00, 0x00, 0x00,
    0x00, 0x00, 0x00, 0x00, 0x00, 0x00, 0x00, 0x00, 0x00, 0x00, 0x00, 0x00,
    0x00, 0x00, 0x00, 0x00, 0x00, 0x00, 0x00, 0x00, 0x00, 0x00, 0x00, 0x00,
    0x00, 0x00, 0x00, 0x00, 0x00, 0x00, 0x00, 0x00, 0x00, 0x00, 0x00, 0x00,
    0x00, 0x00, 0x00, 0x00, 0x00, 0x00, 0x00, 0x00, 0x00, 0x00, 0x00, 0x00,
    0x00, 0x00, 0x00, 0x00, 0x00, 0x00, 0x00, 0x00, 0x00, 0x00, 0x00, 0x00,
    0x00, 0x00, 0x00, 0x00, 0x00, 0x00, 0x00, 0x00, 0x00, 0x00, 0x00, 0x00,
    0x00, 0x00, 0x00, 0x00, 0x00, 0x00, 0x00, 0x00, 0x00, 0x00, 0x00, 0x00,
    0x00, 0x00, 0x00, 0x00, 0x00, 0x00, 0x00, 0x00, 0x00, 0x00, 0x00, 0x00,
    0x00, 0x00, 0x00, 0x00, 0x00, 0x00, 0x00, 0x00, 0x00, 0x00, 0x00, 0x00,
    0x00, 0x00, 0x00, 0x00, 0x00, 0x00, 0x00, 0x00, 0x00, 0x00, 0x00, 0x00,
    0x00, 0x00, 0x00, 0x00, 0x00, 0x00, 0x00, 0x00, 0x00, 0x00, 0x00, 0x00,
    0x00, 0x00, 0x00, 0x00, 0x00, 0x00, 0x00, 0x00, 0x00, 0x00, 0x00, 0x00,
    0x00, 0x00, 0x00, 0x00, 0x00, 0x00, 0x00, 0x00, 0x00, 0x00, 0x00, 0x00,
    0x00, 0x00, 0x00, 0x00, 0x00, 0x00, 0x00, 0x00, 0x00, 0x00, 0x00, 0x00,
    0x00, 0x00, 0x00, 0x00, 0x00, 0x00, 0x00, 0x00, 0x00, 0x00, 0x00, 0x00,
    0x00, 0x00, 0x00, 0x00, 0x00, 0x00, 0x00, 0x00, 0x00, 0x00, 0x00, 0x00,
    0x00, 0x00, 0x00, 0x00, 0x00, 0x00, 0x00, 0x00, 0x00, 0x00, 0x00, 0x00,
    0x00, 0x00, 0x00, 0x00, 0x00, 0x00, 0x00, 0x00, 0x00, 0x00, 0x00, 0x00,
    0x00, 0x00, 0x00, 0x00, 0x00, 0x00, 0x00, 0x00, 0x00, 0x00, 0x00, 0x00,
    0x00, 0x00, 0x00, 0x00, 0x00, 0x00, 0x00, 0x00, 0x00, 0x00, 0x00, 0x00,
    0x00, 0x00, 0x00, 0x00, 0x00, 0x00, 0x00, 0x00, 0x00, 0x00, 0x00, 0x00,
    0x00, 0x00, 0x00, 0x00, 0x00, 0x00, 0x00, 0x00, 0x00, 0x00, 0x00, 0x00,
    0x00, 0x00, 0x00, 0x00, 0x00, 0x00, 0x00, 0x00, 0x00, 0x00, 0x00, 0x00,
    0x00, 0x00, 0x00, 0x00, 0x00, 0x00, 0x00, 0x00, 0x00, 0x00, 0x00, 0x00,
    0x00, 0x00, 0x00, 0x00, 0x00, 0x00, 0x00, 0x00, 0x00, 0x00, 0x00, 0x00,
    0x00, 0x00, 0x00, 0x00, 0x00, 0x00, 0x00, 0x00, 0x00, 0x00, 0x00, 0x00,
    0x00, 0x00, 0x00, 0x00, 0x00, 0x00, 0x00, 0x00, 0x00, 0x00, 0x00, 0x00,
    0x00, 0x00, 0x00, 0x00, 0x00, 0x00, 0x00, 0x00, 0x00, 0x00, 0x00, 0x00,
    0x00, 0x00, 0x00, 0x00, 0x00, 0x00, 0x00, 0x00, 0x00, 0x00, 0x00, 0x00,
    0x00, 0x00, 0x00, 0x00, 0x00, 0x00, 0x00, 0x00, 0x00, 0x00, 0x00, 0x00,
    0x00, 0x00, 0x00, 0x00, 0x00, 0x00, 0x00, 0x00, 0x00, 0x00, 0x00, 0x00,
    0x00, 0x00, 0x00, 0x00, 0x00, 0x00, 0x00, 0x00, 0x00, 0x00, 0x00, 0x00,
    0x00, 0x00, 0x00, 0x00, 0x00, 0x00, 0x00, 0x00, 0x00, 0x00, 0x00, 0x00,
    0x00, 0x00, 0x00, 0x00, 0x00, 0x00, 0x00, 0x00, 0x00, 0x00, 0x00, 0x00,
    0x00, 0x00, 0x00, 0x00, 0x00, 0x00, 0x00, 0x00, 0x00, 0x00, 0x00, 0x00,
    0x00, 0x00, 0x00, 0x00, 0x00, 0x00, 0x00, 0x00, 0x00, 0x00, 0x00, 0x00,
    0x00, 0x00, 0x00, 0x00, 0x00, 0x00, 0x00, 0x00, 0x00, 0x00, 0x00, 0x00,
    0x00, 0x00, 0x00, 0x04, 0x00, 0x00, 0x00, 0x00, 0x00, 0x00, 0x00, 0x04,
    0x00, 0x00, 0x00, 0x04, 0x00, 0x00, 0x00, 0x00, 0x00, 0x00, 0x00, 0x00,
    0x00, 0x00, 0x00, 0x00, 0x00, 0x00, 0x00, 0x00, 0x00, 0x00, 0x00, 0x00,
    0x00, 0x00, 0x00, 0x00, 0x00, 0x00, 0x00, 0x04, 0x00, 0x00, 0x00, 0x00,
    0x00, 0x00, 0x00, 0x00, 0x00, 0x00, 0x00, 0x04, 0x00, 0x00, 0x00, 0x04,
    0x00, 0x00, 0x00, 0x00, 0x00, 0x00, 0x00, 0x00, 0x00, 0x00, 0x00, 0x00,
    0x00, 0x00, 0x00, 0x04, 0x00, 0x00, 0x00, 0x00, 0x00, 0x00, 0x00, 0x00,
    0x00, 0x00, 0x00, 0x00, 0x00, 0x00, 0x00, 0x00, 0x00, 0x00, 0x00, 0x00,
    0x00, 0x00, 0x00, 0x00, 0x00, 0x00, 0x00, 0x00, 0x00, 0x00, 0x00, 0x00,
    0x00, 0x00, 0x00, 0x00, 0x00, 0x00, 0x00, 0x00, 0x00, 0x00, 0x00, 0x00,
    0x00, 0x00, 0x00, 0x00, 0x00, 0x00, 0x00, 0x00, 0x00, 0x00, 0x00, 0x00,
    0x00, 0x00, 0x00, 0x00, 0x00, 0x00, 0x00, 0x00, 0x00, 0x00, 0x00, 0x00,
    0x00, 0x00, 0x00, 0x00, 0x00, 0x00, 0x00, 0x00, 0x00, 0x00, 0x00, 0x00,
    0x00, 0x00, 0x00, 0x00, 0x00, 0x00, 0x00, 0x00, 0x00, 0x00, 0x00, 0x00,
    0x00, 0x00, 0x00, 0x00, 0x00, 0x00, 0x00, 0x00, 0x00, 0x00, 0x00, 0x00,
    0x00, 0x00, 0x00, 0x00, 0x00, 0x00, 0x00, 0x00, 0x00, 0x00, 0x00, 0x00,
    0x00, 0x00, 0x00, 0x00, 0x00, 0x00, 0x00, 0x00, 0x00, 0x00, 0x00, 0x00,
    0x00, 0x00, 0x00, 0x00, 0x00, 0x00, 0x00, 0x00, 0x00, 0x00, 0x00, 0x00,
    0x00, 0x00, 0x00, 0x00, 0x00, 0x00, 0x00, 0x00, 0x00, 0x00, 0x00, 0x00,
    0x00, 0x00, 0x00, 0x00, 0x00, 0x00, 0x00, 0x00, 0x00, 0x00, 0x00, 0x00,
    0x00, 0x00, 0x00, 0x00, 0x00, 0x00, 0x00, 0x00, 0x00, 0x00, 0x00, 0x00,
    0x00, 0x00, 0x00, 0x00, 0x00, 0x00, 0x00, 0x00, 0x00, 0x00, 0x00, 0x00,
    0x00, 0x00, 0x00, 0x00, 0x00, 0x00, 0x00, 0x00, 0x00, 0x00, 0x00, 0x00,
    0x00, 0x00, 0x00, 0x00, 0x00, 0x00, 0x00, 0x00, 0x00, 0x00, 0x00, 0x00,
    0x00, 0x00, 0x00, 0x00, 0x00, 0x00, 0x00, 0x00, 0x00, 0x00, 0x00, 0x00,
    0x00, 0x00, 0x00, 0x00, 0x00, 0x00, 0x00, 0x00, 0x00, 0x00, 0x00, 0x00,
    0x00, 0x00, 0x00, 0x00, 0x00, 0x00, 0x00, 0x00, 0x00, 0x00, 0x00, 0x00,
    0x00, 0x00, 0x00, 0x00, 0x00, 0x00, 0x00, 0x00, 0x00, 0x00, 0x00, 0x00,
    0x00, 0x00, 0x00, 0x00, 0x00, 0x00, 0x00, 0x00, 0x00, 0x00, 0x00, 0x00,
    0x00, 0x00, 0x00, 0x00, 0x00, 0x00, 0x00, 0x00, 0x00, 0x00, 0x00, 0x00,
    0x00, 0x00, 0x00, 0x00, 0x00, 0x00, 0x00, 0x00, 0x00, 0x00, 0x00, 0x00,
    0x00, 0x00, 0x00, 0x00, 0x00, 0x00, 0x00, 0x00, 0x00, 0x00, 0x00, 0x00,
    0x00, 0x00, 0x00, 0x00, 0x00, 0x00, 0x00, 0x00, 0x00, 0x00, 0x00, 0x00,
    0x00, 0x00, 0x00, 0x00, 0x00, 0x00, 0x00, 0x00, 0x00, 0x00, 0x00, 0x00,
    0x00, 0x00, 0x00, 0x00
};
